experiment_id,seed,frame,timestamp,target_id,target_x,target_y,target_vx,target_vy,target_ax,target_ay,target_visible,trajectory_type,world_width,world_height,target_size_px,camera_pan_deg,camera_tilt_deg,camera_pan_rate_deg_s,camera_tilt_rate_deg_s,target_theta_x_deg,target_theta_y_deg,target_pixel_u,target_pixel_v,target_in_fov,disturbance_enabled,salt_pepper_enabled,salt_pepper_probability,gaussian_enabled,gaussian_sigma,poisson_enabled,poisson_parameter,camera_jitter_enabled,camera_jitter_x,camera_jitter_y,platform_motion_enabled,platform_model,platform_offset_x,platform_offset_y,platform_velocity_x,platform_velocity_y,atmosphere_enabled,atmosphere_condition,contrast_factor,brightness_factor
EXP_CC2CE078,42,0,0.0,1,1787.646458,1776.764802,80.0,60.0,0.0,0.0,True,straight,2000,2000,10,0.0,0.0,0.0,0.0,4.912716,4.844313,1107.646458,1016.764802,False,False,False,0.0,False,0.0,False,0.0,False,0.0,0.0,False,linear,0.0,0.0,0.0,0.0,False,clear,1.0,0.0
EXP_CC2CE078,42,1,0.016667,1,1788.979791,1777.764802,80.0,60.0,0.0,0.0,True,straight,2000,2000,10,0.0,0.0,0.0,0.0,4.920992,4.85052,1108.979791,1017.764802,False,False,False,0.0,False,0.0,False,0.0,False,0.0,0.0,False,linear,0.0,0.0,0.0,0.0,False,clear,1.0,0.0
EXP_CC2CE078,42,2,0.033333,1,1790.313124,1778.764802,80.0,60.0,0.0,0.0,True,straight,2000,2000,10,0.0,0.0,0.0,0.0,4.929267,4.856727,1110.313124,1018.764802,False,False,False,0.0,False,0.0,False,0.0,False,0.0,0.0,False,linear,0.0,0.0,0.0,0.0,False,clear,1.0,0.0
EXP_CC2CE078,42,3,0.05,1,1791.646458,1779.764802,80.0,60.0,0.0,0.0,True,straight,2000,2000,10,0.0,0.0,0.0,0.0,4.937542,4.862933,1111.646458,1019.764802,False,False,False,0.0,False,0.0,False,0.0,False,0.0,0.0,False,linear,0.0,0.0,0.0,0.0,False,clear,1.0,0.0
EXP_CC2CE078,42,4,0.066667,1,1792.979791,1780.764802,80.0,60.0,0.0,0.0,True,straight,2000,2000,10,0.0,0.0,0.0,0.0,4.945817,4.86914,1112.979791,1020.764802,False,False,False,0.0,False,0.0,False,0.0,False,0.0,0.0,False,linear,0.0,0.0,0.0,0.0,False,clear,1.0,0.0
EXP_CC2CE078,42,5,0.083333,1,1794.313124,1781.764802,80.0,60.0,0.0,0.0,True,straight,2000,2000,10,0.0,0.0,0.0,0.0,4.954091,4.875346,1114.313124,1021.764802,False,False,False,0.0,False,0.0,False,0.0,False,0.0,0.0,False,linear,0.0,0.0,0.0,0.0,False,clear,1.0,0.0
EXP_CC2CE078,42,6,0.1,1,1795.646458,1782.764802,80.0,60.0,0.0,0.0,True,straight,2000,2000,10,0.0,0.0,0.0,0.0,4.962366,4.881552,1115.646458,1022.764802,False,False,False,0.0,False,0.0,False,0.0,False,0.0,0.0,False,linear,0.0,0.0,0.0,0.0,False,clear,1.0,0.0
EXP_CC2CE078,42,7,0.116667,1,1796.979791,1783.764802,80.0,60.0,0.0,0.0,True,straight,2000,2000,10,0.0,0.0,0.0,0.0,4.97064,4.887758,1116.979791,1023.764802,False,False,False,0.0,False,0.0,False,0.0,False,0.0,0.0,False,linear,0.0,0.0,0.0,0.0,False,clear,1.0,0.0
EXP_CC2CE078,42,8,0.133333,1,1798.313124,1784.764802,80.0,60.0,0.0,0.0,True,straight,2000,2000,10,0.0,0.0,0.0,0.0,4.978914,4.893964,1118.313124,1024.764802,False,False,False,0.0,False,0.0,False,0.0,False,0.0,0.0,False,linear,0.0,0.0,0.0,0.0,False,clear,1.0,0.0
EXP_CC2CE078,42,9,0.15,1,1799.646458,1785.764802,80.0,60.0,0.0,0.0,True,straight,2000,2000,10,0.0,0.0,0.0,0.0,4.987188,4.90017,1119.646458,1025.764802,False,False,False,0.0,False,0.0,False,0.0,False,0.0,0.0,False,linear,0.0,0.0,0.0,0.0,False,clear,1.0,0.0
EXP_CC2CE078,42,10,0.166667,1,1800.979791,1786.764802,80.0,60.0,0.0,0.0,True,straight,2000,2000,10,0.0,0.0,0.0,0.0,4.995461,4.906376,1120.979791,1026.764802,False,False,False,0.0,False,0.0,False,0.0,False,0.0,0.0,False,linear,0.0,0.0,0.0,0.0,False,clear,1.0,0.0
EXP_CC2CE078,42,11,0.183333,1,1802.313124,1787.764802,80.0,60.0,0.0,0.0,True,straight,2000,2000,10,0.0,0.0,0.0,0.0,5.003735,4.912581,1122.313124,1027.764802,False,False,False,0.0,False,0.0,False,0.0,False,0.0,0.0,False,linear,0.0,0.0,0.0,0.0,False,clear,1.0,0.0
EXP_CC2CE078,42,12,0.2,1,1803.646458,1788.764802,80.0,60.0,0.0,0.0,True,straight,2000,2000,10,0.0,0.0,0.0,0.0,5.012008,4.918787,1123.646458,1028.764802,False,False,False,0.0,False,0.0,False,0.0,False,0.0,0.0,False,linear,0.0,0.0,0.0,0.0,False,clear,1.0,0.0
EXP_CC2CE078,42,13,0.216667,1,1804.979791,1789.764802,80.0,60.0,0.0,0.0,True,straight,2000,2000,10,0.0,0.0,0.0,0.0,5.020281,4.924992,1124.979791,1029.764802,False,False,False,0.0,False,0.0,False,0.0,False,0.0,0.0,False,linear,0.0,0.0,0.0,0.0,False,clear,1.0,0.0
EXP_CC2CE078,42,14,0.233333,1,1806.313124,1790.764802,80.0,60.0,0.0,0.0,True,straight,2000,2000,10,0.0,0.0,0.0,0.0,5.028554,4.931198,1126.313124,1030.764802,False,False,False,0.0,False,0.0,False,0.0,False,0.0,0.0,False,linear,0.0,0.0,0.0,0.0,False,clear,1.0,0.0
EXP_CC2CE078,42,15,0.25,1,1807.646458,1791.764802,80.0,60.0,0.0,0.0,True,straight,2000,2000,10,0.0,0.0,0.0,0.0,5.036826,4.937403,1127.646458,1031.764802,False,False,False,0.0,False,0.0,False,0.0,False,0.0,0.0,False,linear,0.0,0.0,0.0,0.0,False,clear,1.0,0.0
EXP_CC2CE078,42,16,0.266667,1,1808.979791,1792.764802,80.0,60.0,0.0,0.0,True,straight,2000,2000,10,0.0,0.0,0.0,0.0,5.045099,4.943608,1128.979791,1032.764802,False,False,False,0.0,False,0.0,False,0.0,False,0.0,0.0,False,linear,0.0,0.0,0.0,0.0,False,clear,1.0,0.0
EXP_CC2CE078,42,17,0.283333,1,1810.313124,1793.764802,80.0,60.0,0.0,0.0,True,straight,2000,2000,10,0.0,0.0,0.0,0.0,5.053371,4.949813,1130.313124,1033.764802,False,False,False,0.0,False,0.0,False,0.0,False,0.0,0.0,False,linear,0.0,0.0,0.0,0.0,False,clear,1.0,0.0
EXP_CC2CE078,42,18,0.3,1,1811.646458,1794.764802,80.0,60.0,0.0,0.0,True,straight,2000,2000,10,0.0,0.0,0.0,0.0,5.061643,4.956018,1131.646458,1034.764802,False,False,False,0.0,False,0.0,False,0.0,False,0.0,0.0,False,linear,0.0,0.0,0.0,0.0,False,clear,1.0,0.0
EXP_CC2CE078,42,19,0.316667,1,1812.979791,1795.764802,80.0,60.0,0.0,0.0,True,straight,2000,2000,10,0.0,0.0,0.0,0.0,5.069915,4.962222,1132.979791,1035.764802,False,False,False,0.0,False,0.0,False,0.0,False,0.0,0.0,False,linear,0.0,0.0,0.0,0.0,False,clear,1.0,0.0
EXP_CC2CE078,42,20,0.333333,1,1814.313124,1796.764802,80.0,60.0,0.0,0.0,True,straight,2000,2000,10,0.0,0.0,0.0,0.0,5.078186,4.968427,1134.313124,1036.764802,False,False,False,0.0,False,0.0,False,0.0,False,0.0,0.0,False,linear,0.0,0.0,0.0,0.0,False,clear,1.0,0.0
EXP_CC2CE078,42,21,0.35,1,1815.646458,1797.764802,80.0,60.0,0.0,0.0,True,straight,2000,2000,10,0.0,0.0,0.0,0.0,5.086457,4.974631,1135.646458,1037.764802,False,False,False,0.0,False,0.0,False,0.0,False,0.0,0.0,False,linear,0.0,0.0,0.0,0.0,False,clear,1.0,0.0
EXP_CC2CE078,42,22,0.366667,1,1816.979791,1798.764802,80.0,60.0,0.0,0.0,True,straight,2000,2000,10,0.0,0.0,0.0,0.0,5.094728,4.980836,1136.979791,1038.764802,False,False,False,0.0,False,0.0,False,0.0,False,0.0,0.0,False,linear,0.0,0.0,0.0,0.0,False,clear,1.0,0.0
EXP_CC2CE078,42,23,0.383333,1,1818.313124,1799.764802,80.0,60.0,0.0,0.0,True,straight,2000,2000,10,0.0,0.0,0.0,0.0,5.102999,4.98704,1138.313124,1039.764802,False,False,False,0.0,False,0.0,False,0.0,False,0.0,0.0,False,linear,0.0,0.0,0.0,0.0,False,clear,1.0,0.0
EXP_CC2CE078,42,24,0.4,1,1819.646458,1800.764802,80.0,60.0,0.0,0.0,True,straight,2000,2000,10,0.0,0.0,0.0,0.0,5.11127,4.993244,1139.646458,1040.764802,False,False,False,0.0,False,0.0,False,0.0,False,0.0,0.0,False,linear,0.0,0.0,0.0,0.0,False,clear,1.0,0.0
EXP_CC2CE078,42,25,0.416667,1,1820.979791,1801.764802,80.0,60.0,0.0,0.0,True,straight,2000,2000,10,0.0,0.0,0.0,0.0,5.11954,4.999448,1140.979791,1041.764802,False,False,False,0.0,False,0.0,False,0.0,False,0.0,0.0,False,linear,0.0,0.0,0.0,0.0,False,clear,1.0,0.0
EXP_CC2CE078,42,26,0.433333,1,1822.313124,1802.764802,80.0,60.0,0.0,0.0,True,straight,2000,2000,10,0.0,0.0,0.0,0.0,5.127811,5.005652,1142.313124,1042.764802,False,False,False,0.0,False,0.0,False,0.0,False,0.0,0.0,False,linear,0.0,0.0,0.0,0.0,False,clear,1.0,0.0
EXP_CC2CE078,42,27,0.45,1,1823.646458,1803.764802,80.0,60.0,0.0,0.0,True,straight,2000,2000,10,0.0,0.0,0.0,0.0,5.136081,5.011856,1143.646458,1043.764802,False,False,False,0.0,False,0.0,False,0.0,False,0.0,0.0,False,linear,0.0,0.0,0.0,0.0,False,clear,1.0,0.0
EXP_CC2CE078,42,28,0.466667,1,1824.979791,1804.764802,80.0,60.0,0.0,0.0,True,straight,2000,2000,10,0.0,0.0,0.0,0.0,5.14435,5.01806,1144.979791,1044.764802,False,False,False,0.0,False,0.0,False,0.0,False,0.0,0.0,False,linear,0.0,0.0,0.0,0.0,False,clear,1.0,0.0
EXP_CC2CE078,42,29,0.483333,1,1826.313124,1805.764802,80.0,60.0,0.0,0.0,True,straight,2000,2000,10,0.0,0.0,0.0,0.0,5.15262,5.024263,1146.313124,1045.764802,False,False,False,0.0,False,0.0,False,0.0,False,0.0,0.0,False,linear,0.0,0.0,0.0,0.0,False,clear,1.0,0.0
EXP_CC2CE078,42,30,0.5,1,1827.646458,1806.764802,80.0,60.0,0.0,0.0,True,straight,2000,2000,10,0.0,0.0,0.0,0.0,5.160889,5.030466,1147.646458,1046.764802,False,False,False,0.0,False,0.0,False,0.0,False,0.0,0.0,False,linear,0.0,0.0,0.0,0.0,False,clear,1.0,0.0
EXP_CC2CE078,42,31,0.516667,1,1828.979791,1807.764802,80.0,60.0,0.0,0.0,True,straight,2000,2000,10,0.0,0.0,0.0,0.0,5.169159,5.03667,1148.979791,1047.764802,False,False,False,0.0,False,0.0,False,0.0,False,0.0,0.0,False,linear,0.0,0.0,0.0,0.0,False,clear,1.0,0.0
EXP_CC2CE078,42,32,0.533333,1,1830.313124,1808.764802,80.0,60.0,0.0,0.0,True,straight,2000,2000,10,0.0,0.0,0.0,0.0,5.177428,5.042873,1150.313124,1048.764802,False,False,False,0.0,False,0.0,False,0.0,False,0.0,0.0,False,linear,0.0,0.0,0.0,0.0,False,clear,1.0,0.0
EXP_CC2CE078,42,33,0.55,1,1831.646458,1809.764802,80.0,60.0,0.0,0.0,True,straight,2000,2000,10,0.0,0.0,0.0,0.0,5.185696,5.049076,1151.646458,1049.764802,False,False,False,0.0,False,0.0,False,0.0,False,0.0,0.0,False,linear,0.0,0.0,0.0,0.0,False,clear,1.0,0.0
EXP_CC2CE078,42,34,0.566667,1,1832.979791,1810.764802,80.0,60.0,0.0,0.0,True,straight,2000,2000,10,0.0,0.0,0.0,0.0,5.193965,5.055279,1152.979791,1050.764802,False,False,False,0.0,False,0.0,False,0.0,False,0.0,0.0,False,linear,0.0,0.0,0.0,0.0,False,clear,1.0,0.0
EXP_CC2CE078,42,35,0.583333,1,1834.313124,1811.764802,80.0,60.0,0.0,0.0,True,straight,2000,2000,10,0.0,0.0,0.0,0.0,5.202233,5.061482,1154.313124,1051.764802,False,False,False,0.0,False,0.0,False,0.0,False,0.0,0.0,False,linear,0.0,0.0,0.0,0.0,False,clear,1.0,0.0
EXP_CC2CE078,42,36,0.6,1,1835.646458,1812.764802,80.0,60.0,0.0,0.0,True,straight,2000,2000,10,0.0,0.0,0.0,0.0,5.210501,5.067685,1155.646458,1052.764802,False,False,False,0.0,False,0.0,False,0.0,False,0.0,0.0,False,linear,0.0,0.0,0.0,0.0,False,clear,1.0,0.0
EXP_CC2CE078,42,37,0.616667,1,1836.979791,1813.764802,80.0,60.0,0.0,0.0,True,straight,2000,2000,10,0.0,0.0,0.0,0.0,5.218769,5.073887,1156.979791,1053.764802,False,False,False,0.0,False,0.0,False,0.0,False,0.0,0.0,False,linear,0.0,0.0,0.0,0.0,False,clear,1.0,0.0
EXP_CC2CE078,42,38,0.633333,1,1838.313124,1814.764802,80.0,60.0,0.0,0.0,True,straight,2000,2000,10,0.0,0.0,0.0,0.0,5.227037,5.08009,1158.313124,1054.764802,False,False,False,0.0,False,0.0,False,0.0,False,0.0,0.0,False,linear,0.0,0.0,0.0,0.0,False,clear,1.0,0.0
EXP_CC2CE078,42,39,0.65,1,1839.646458,1815.764802,80.0,60.0,0.0,0.0,True,straight,2000,2000,10,0.0,0.0,0.0,0.0,5.235304,5.086292,1159.646458,1055.764802,False,False,False,0.0,False,0.0,False,0.0,False,0.0,0.0,False,linear,0.0,0.0,0.0,0.0,False,clear,1.0,0.0
EXP_CC2CE078,42,40,0.666667,1,1840.979791,1816.764802,80.0,60.0,0.0,0.0,True,straight,2000,2000,10,0.0,0.0,0.0,0.0,5.243571,5.092494,1160.979791,1056.764802,False,False,False,0.0,False,0.0,False,0.0,False,0.0,0.0,False,linear,0.0,0.0,0.0,0.0,False,clear,1.0,0.0
EXP_CC2CE078,42,41,0.683333,1,1842.313124,1817.764802,80.0,60.0,0.0,0.0,True,straight,2000,2000,10,0.0,0.0,0.0,0.0,5.251838,5.098696,1162.313124,1057.764802,False,False,False,0.0,False,0.0,False,0.0,False,0.0,0.0,False,linear,0.0,0.0,0.0,0.0,False,clear,1.0,0.0
EXP_CC2CE078,42,42,0.7,1,1843.646458,1818.764802,80.0,60.0,0.0,0.0,True,straight,2000,2000,10,0.0,0.0,0.0,0.0,5.260105,5.104898,1163.646458,1058.764802,False,False,False,0.0,False,0.0,False,0.0,False,0.0,0.0,False,linear,0.0,0.0,0.0,0.0,False,clear,1.0,0.0
EXP_CC2CE078,42,43,0.716667,1,1844.979791,1819.764802,80.0,60.0,0.0,0.0,True,straight,2000,2000,10,0.0,0.0,0.0,0.0,5.268371,5.1111,1164.979791,1059.764802,False,False,False,0.0,False,0.0,False,0.0,False,0.0,0.0,False,linear,0.0,0.0,0.0,0.0,False,clear,1.0,0.0
EXP_CC2CE078,42,44,0.733333,1,1846.313124,1820.764802,80.0,60.0,0.0,0.0,True,straight,2000,2000,10,0.0,0.0,0.0,0.0,5.276638,5.117302,1166.313124,1060.764802,False,False,False,0.0,False,0.0,False,0.0,False,0.0,0.0,False,linear,0.0,0.0,0.0,0.0,False,clear,1.0,0.0
EXP_CC2CE078,42,45,0.75,1,1847.646458,1821.764802,80.0,60.0,0.0,0.0,True,straight,2000,2000,10,0.0,0.0,0.0,0.0,5.284904,5.123504,1167.646458,1061.764802,False,False,False,0.0,False,0.0,False,0.0,False,0.0,0.0,False,linear,0.0,0.0,0.0,0.0,False,clear,1.0,0.0
EXP_CC2CE078,42,46,0.766667,1,1848.979791,1822.764802,80.0,60.0,0.0,0.0,True,straight,2000,2000,10,0.0,0.0,0.0,0.0,5.29317,5.129705,1168.979791,1062.764802,False,False,False,0.0,False,0.0,False,0.0,False,0.0,0.0,False,linear,0.0,0.0,0.0,0.0,False,clear,1.0,0.0
EXP_CC2CE078,42,47,0.783333,1,1850.313124,1823.764802,80.0,60.0,0.0,0.0,True,straight,2000,2000,10,0.0,0.0,0.0,0.0,5.301435,5.135906,1170.313124,1063.764802,False,False,False,0.0,False,0.0,False,0.0,False,0.0,0.0,False,linear,0.0,0.0,0.0,0.0,False,clear,1.0,0.0
EXP_CC2CE078,42,48,0.8,1,1851.646458,1824.764802,80.0,60.0,0.0,0.0,True,straight,2000,2000,10,0.0,0.0,0.0,0.0,5.309701,5.142108,1171.646458,1064.764802,False,False,False,0.0,False,0.0,False,0.0,False,0.0,0.0,False,linear,0.0,0.0,0.0,0.0,False,clear,1.0,0.0
EXP_CC2CE078,42,49,0.816667,1,1852.979791,1825.764802,80.0,60.0,0.0,0.0,True,straight,2000,2000,10,0.0,0.0,0.0,0.0,5.317966,5.148309,1172.979791,1065.764802,False,False,False,0.0,False,0.0,False,0.0,False,0.0,0.0,False,linear,0.0,0.0,0.0,0.0,False,clear,1.0,0.0
EXP_CC2CE078,42,50,0.833333,1,1854.313124,1826.764802,80.0,60.0,0.0,0.0,True,straight,2000,2000,10,0.0,0.0,0.0,0.0,5.326231,5.15451,1174.313124,1066.764802,False,False,False,0.0,False,0.0,False,0.0,False,0.0,0.0,False,linear,0.0,0.0,0.0,0.0,False,clear,1.0,0.0
EXP_CC2CE078,42,51,0.85,1,1855.646458,1827.764802,80.0,60.0,0.0,0.0,True,straight,2000,2000,10,0.0,0.0,0.0,0.0,5.334496,5.160711,1175.646458,1067.764802,False,False,False,0.0,False,0.0,False,0.0,False,0.0,0.0,False,linear,0.0,0.0,0.0,0.0,False,clear,1.0,0.0
EXP_CC2CE078,42,52,0.866667,1,1856.979791,1828.764802,80.0,60.0,0.0,0.0,True,straight,2000,2000,10,0.0,0.0,0.0,0.0,5.34276,5.166912,1176.979791,1068.764802,False,False,False,0.0,False,0.0,False,0.0,False,0.0,0.0,False,linear,0.0,0.0,0.0,0.0,False,clear,1.0,0.0
EXP_CC2CE078,42,53,0.883333,1,1858.313124,1829.764802,80.0,60.0,0.0,0.0,True,straight,2000,2000,10,0.0,0.0,0.0,0.0,5.351025,5.173112,1178.313124,1069.764802,False,False,False,0.0,False,0.0,False,0.0,False,0.0,0.0,False,linear,0.0,0.0,0.0,0.0,False,clear,1.0,0.0
EXP_CC2CE078,42,54,0.9,1,1859.646458,1830.764802,80.0,60.0,0.0,0.0,True,straight,2000,2000,10,0.0,0.0,0.0,0.0,5.359289,5.179313,1179.646458,1070.764802,False,False,False,0.0,False,0.0,False,0.0,False,0.0,0.0,False,linear,0.0,0.0,0.0,0.0,False,clear,1.0,0.0
EXP_CC2CE078,42,55,0.916667,1,1860.979791,1831.764802,80.0,60.0,0.0,0.0,True,straight,2000,2000,10,0.0,0.0,0.0,0.0,5.367553,5.185513,1180.979791,1071.764802,False,False,False,0.0,False,0.0,False,0.0,False,0.0,0.0,False,linear,0.0,0.0,0.0,0.0,False,clear,1.0,0.0
EXP_CC2CE078,42,56,0.933333,1,1862.313124,1832.764802,80.0,60.0,0.0,0.0,True,straight,2000,2000,10,0.0,0.0,0.0,0.0,5.375816,5.191714,1182.313124,1072.764802,False,False,False,0.0,False,0.0,False,0.0,False,0.0,0.0,False,linear,0.0,0.0,0.0,0.0,False,clear,1.0,0.0
EXP_CC2CE078,42,57,0.95,1,1863.646458,1833.764802,80.0,60.0,0.0,0.0,True,straight,2000,2000,10,0.0,0.0,0.0,0.0,5.38408,5.197914,1183.646458,1073.764802,False,False,False,0.0,False,0.0,False,0.0,False,0.0,0.0,False,linear,0.0,0.0,0.0,0.0,False,clear,1.0,0.0
EXP_CC2CE078,42,58,0.966667,1,1864.979791,1834.764802,80.0,60.0,0.0,0.0,True,straight,2000,2000,10,0.0,0.0,0.0,0.0,5.392343,5.204114,1184.979791,1074.764802,False,False,False,0.0,False,0.0,False,0.0,False,0.0,0.0,False,linear,0.0,0.0,0.0,0.0,False,clear,1.0,0.0
EXP_CC2CE078,42,59,0.983333,1,1866.313124,1835.764802,80.0,60.0,0.0,0.0,True,straight,2000,2000,10,0.0,0.0,0.0,0.0,5.400606,5.210314,1186.313124,1075.764802,False,False,False,0.0,False,0.0,False,0.0,False,0.0,0.0,False,linear,0.0,0.0,0.0,0.0,False,clear,1.0,0.0
EXP_CC2CE078,42,60,1.0,1,1867.646458,1836.764802,80.0,60.0,0.0,0.0,True,straight,2000,2000,10,0.0,0.0,0.0,0.0,5.408869,5.216514,1187.646458,1076.764802,False,False,False,0.0,False,0.0,False,0.0,False,0.0,0.0,False,linear,0.0,0.0,0.0,0.0,False,clear,1.0,0.0
EXP_CC2CE078,42,61,1.016667,1,1868.979791,1837.764802,80.0,60.0,0.0,0.0,True,straight,2000,2000,10,0.0,0.0,0.0,0.0,5.417131,5.222713,1188.979791,1077.764802,False,False,False,0.0,False,0.0,False,0.0,False,0.0,0.0,False,linear,0.0,0.0,0.0,0.0,False,clear,1.0,0.0
EXP_CC2CE078,42,62,1.033333,1,1870.313124,1838.764802,80.0,60.0,0.0,0.0,True,straight,2000,2000,10,0.0,0.0,0.0,0.0,5.425394,5.228913,1190.313124,1078.764802,False,False,False,0.0,False,0.0,False,0.0,False,0.0,0.0,False,linear,0.0,0.0,0.0,0.0,False,clear,1.0,0.0
EXP_CC2CE078,42,63,1.05,1,1871.646458,1839.764802,80.0,60.0,0.0,0.0,True,straight,2000,2000,10,0.0,0.0,0.0,0.0,5.433656,5.235112,1191.646458,1079.764802,False,False,False,0.0,False,0.0,False,0.0,False,0.0,0.0,False,linear,0.0,0.0,0.0,0.0,False,clear,1.0,0.0
EXP_CC2CE078,42,64,1.066667,1,1872.979791,1840.764802,80.0,60.0,0.0,0.0,True,straight,2000,2000,10,0.0,0.0,0.0,0.0,5.441918,5.241312,1192.979791,1080.764802,False,False,False,0.0,False,0.0,False,0.0,False,0.0,0.0,False,linear,0.0,0.0,0.0,0.0,False,clear,1.0,0.0
EXP_CC2CE078,42,65,1.083333,1,1874.313124,1841.764802,80.0,60.0,0.0,0.0,True,straight,2000,2000,10,0.0,0.0,0.0,0.0,5.450179,5.247511,1194.313124,1081.764802,False,False,False,0.0,False,0.0,False,0.0,False,0.0,0.0,False,linear,0.0,0.0,0.0,0.0,False,clear,1.0,0.0
EXP_CC2CE078,42,66,1.1,1,1875.646458,1842.764802,80.0,60.0,0.0,0.0,True,straight,2000,2000,10,0.0,0.0,0.0,0.0,5.458441,5.25371,1195.646458,1082.764802,False,False,False,0.0,False,0.0,False,0.0,False,0.0,0.0,False,linear,0.0,0.0,0.0,0.0,False,clear,1.0,0.0
EXP_CC2CE078,42,67,1.116667,1,1876.979791,1843.764802,80.0,60.0,0.0,0.0,True,straight,2000,2000,10,0.0,0.0,0.0,0.0,5.466702,5.259909,1196.979791,1083.764802,False,False,False,0.0,False,0.0,False,0.0,False,0.0,0.0,False,linear,0.0,0.0,0.0,0.0,False,clear,1.0,0.0
EXP_CC2CE078,42,68,1.133333,1,1878.313124,1844.764802,80.0,60.0,0.0,0.0,True,straight,2000,2000,10,0.0,0.0,0.0,0.0,5.474963,5.266108,1198.313124,1084.764802,False,False,False,0.0,False,0.0,False,0.0,False,0.0,0.0,False,linear,0.0,0.0,0.0,0.0,False,clear,1.0,0.0
EXP_CC2CE078,42,69,1.15,1,1879.646458,1845.764802,80.0,60.0,0.0,0.0,True,straight,2000,2000,10,0.0,0.0,0.0,0.0,5.483223,5.272306,1199.646458,1085.764802,False,False,False,0.0,False,0.0,False,0.0,False,0.0,0.0,False,linear,0.0,0.0,0.0,0.0,False,clear,1.0,0.0
EXP_CC2CE078,42,70,1.166667,1,1880.979791,1846.764802,80.0,60.0,0.0,0.0,True,straight,2000,2000,10,0.0,0.0,0.0,0.0,5.491484,5.278505,1200.979791,1086.764802,False,False,False,0.0,False,0.0,False,0.0,False,0.0,0.0,False,linear,0.0,0.0,0.0,0.0,False,clear,1.0,0.0
EXP_CC2CE078,42,71,1.183333,1,1882.313124,1847.764802,80.0,60.0,0.0,0.0,True,straight,2000,2000,10,0.0,0.0,0.0,0.0,5.499744,5.284703,1202.313124,1087.764802,False,False,False,0.0,False,0.0,False,0.0,False,0.0,0.0,False,linear,0.0,0.0,0.0,0.0,False,clear,1.0,0.0
EXP_CC2CE078,42,72,1.2,1,1883.646458,1848.764802,80.0,60.0,0.0,0.0,True,straight,2000,2000,10,0.0,0.0,0.0,0.0,5.508004,5.290902,1203.646458,1088.764802,False,False,False,0.0,False,0.0,False,0.0,False,0.0,0.0,False,linear,0.0,0.0,0.0,0.0,False,clear,1.0,0.0
EXP_CC2CE078,42,73,1.216667,1,1884.979791,1849.764802,80.0,60.0,0.0,0.0,True,straight,2000,2000,10,0.0,0.0,0.0,0.0,5.516264,5.2971,1204.979791,1089.764802,False,False,False,0.0,False,0.0,False,0.0,False,0.0,0.0,False,linear,0.0,0.0,0.0,0.0,False,clear,1.0,0.0
EXP_CC2CE078,42,74,1.233333,1,1886.313124,1850.764802,80.0,60.0,0.0,0.0,True,straight,2000,2000,10,0.0,0.0,0.0,0.0,5.524524,5.303298,1206.313124,1090.764802,False,False,False,0.0,False,0.0,False,0.0,False,0.0,0.0,False,linear,0.0,0.0,0.0,0.0,False,clear,1.0,0.0
EXP_CC2CE078,42,75,1.25,1,1887.646458,1851.764802,80.0,60.0,0.0,0.0,True,straight,2000,2000,10,0.0,0.0,0.0,0.0,5.532783,5.309496,1207.646458,1091.764802,False,False,False,0.0,False,0.0,False,0.0,False,0.0,0.0,False,linear,0.0,0.0,0.0,0.0,False,clear,1.0,0.0
EXP_CC2CE078,42,76,1.266667,1,1888.979791,1852.764802,80.0,60.0,0.0,0.0,True,straight,2000,2000,10,0.0,0.0,0.0,0.0,5.541042,5.315694,1208.979791,1092.764802,False,False,False,0.0,False,0.0,False,0.0,False,0.0,0.0,False,linear,0.0,0.0,0.0,0.0,False,clear,1.0,0.0
EXP_CC2CE078,42,77,1.283333,1,1890.313124,1853.764802,80.0,60.0,0.0,0.0,True,straight,2000,2000,10,0.0,0.0,0.0,0.0,5.549301,5.321891,1210.313124,1093.764802,False,False,False,0.0,False,0.0,False,0.0,False,0.0,0.0,False,linear,0.0,0.0,0.0,0.0,False,clear,1.0,0.0
EXP_CC2CE078,42,78,1.3,1,1891.646458,1854.764802,80.0,60.0,0.0,0.0,True,straight,2000,2000,10,0.0,0.0,0.0,0.0,5.55756,5.328089,1211.646458,1094.764802,False,False,False,0.0,False,0.0,False,0.0,False,0.0,0.0,False,linear,0.0,0.0,0.0,0.0,False,clear,1.0,0.0
EXP_CC2CE078,42,79,1.316667,1,1892.979791,1855.764802,80.0,60.0,0.0,0.0,True,straight,2000,2000,10,0.0,0.0,0.0,0.0,5.565818,5.334287,1212.979791,1095.764802,False,False,False,0.0,False,0.0,False,0.0,False,0.0,0.0,False,linear,0.0,0.0,0.0,0.0,False,clear,1.0,0.0
EXP_CC2CE078,42,80,1.333333,1,1894.313124,1856.764802,80.0,60.0,0.0,0.0,True,straight,2000,2000,10,0.0,0.0,0.0,0.0,5.574076,5.340484,1214.313124,1096.764802,False,False,False,0.0,False,0.0,False,0.0,False,0.0,0.0,False,linear,0.0,0.0,0.0,0.0,False,clear,1.0,0.0
EXP_CC2CE078,42,81,1.35,1,1895.646458,1857.764802,80.0,60.0,0.0,0.0,True,straight,2000,2000,10,0.0,0.0,0.0,0.0,5.582334,5.346681,1215.646458,1097.764802,False,False,False,0.0,False,0.0,False,0.0,False,0.0,0.0,False,linear,0.0,0.0,0.0,0.0,False,clear,1.0,0.0
EXP_CC2CE078,42,82,1.366667,1,1896.979791,1858.764802,80.0,60.0,0.0,0.0,True,straight,2000,2000,10,0.0,0.0,0.0,0.0,5.590592,5.352878,1216.979791,1098.764802,False,False,False,0.0,False,0.0,False,0.0,False,0.0,0.0,False,linear,0.0,0.0,0.0,0.0,False,clear,1.0,0.0
EXP_CC2CE078,42,83,1.383333,1,1898.313124,1859.764802,80.0,60.0,0.0,0.0,True,straight,2000,2000,10,0.0,0.0,0.0,0.0,5.598849,5.359075,1218.313124,1099.764802,False,False,False,0.0,False,0.0,False,0.0,False,0.0,0.0,False,linear,0.0,0.0,0.0,0.0,False,clear,1.0,0.0
EXP_CC2CE078,42,84,1.4,1,1899.646458,1860.764802,80.0,60.0,0.0,0.0,True,straight,2000,2000,10,0.0,0.0,0.0,0.0,5.607106,5.365272,1219.646458,1100.764802,False,False,False,0.0,False,0.0,False,0.0,False,0.0,0.0,False,linear,0.0,0.0,0.0,0.0,False,clear,1.0,0.0
EXP_CC2CE078,42,85,1.416667,1,1900.979791,1861.764802,80.0,60.0,0.0,0.0,True,straight,2000,2000,10,0.0,0.0,0.0,0.0,5.615364,5.371469,1220.979791,1101.764802,False,False,False,0.0,False,0.0,False,0.0,False,0.0,0.0,False,linear,0.0,0.0,0.0,0.0,False,clear,1.0,0.0
EXP_CC2CE078,42,86,1.433333,1,1902.313124,1862.764802,80.0,60.0,0.0,0.0,True,straight,2000,2000,10,0.0,0.0,0.0,0.0,5.62362,5.377665,1222.313124,1102.764802,False,False,False,0.0,False,0.0,False,0.0,False,0.0,0.0,False,linear,0.0,0.0,0.0,0.0,False,clear,1.0,0.0
EXP_CC2CE078,42,87,1.45,1,1903.646458,1863.764802,80.0,60.0,0.0,0.0,True,straight,2000,2000,10,0.0,0.0,0.0,0.0,5.631877,5.383862,1223.646458,1103.764802,False,False,False,0.0,False,0.0,False,0.0,False,0.0,0.0,False,linear,0.0,0.0,0.0,0.0,False,clear,1.0,0.0
EXP_CC2CE078,42,88,1.466667,1,1904.979791,1864.764802,80.0,60.0,0.0,0.0,True,straight,2000,2000,10,0.0,0.0,0.0,0.0,5.640133,5.390058,1224.979791,1104.764802,False,False,False,0.0,False,0.0,False,0.0,False,0.0,0.0,False,linear,0.0,0.0,0.0,0.0,False,clear,1.0,0.0
EXP_CC2CE078,42,89,1.483333,1,1906.313124,1865.764802,80.0,60.0,0.0,0.0,True,straight,2000,2000,10,0.0,0.0,0.0,0.0,5.648389,5.396254,1226.313124,1105.764802,False,False,False,0.0,False,0.0,False,0.0,False,0.0,0.0,False,linear,0.0,0.0,0.0,0.0,False,clear,1.0,0.0
EXP_CC2CE078,42,90,1.5,1,1907.646458,1866.764802,80.0,60.0,0.0,0.0,True,straight,2000,2000,10,0.0,0.0,0.0,0.0,5.656645,5.40245,1227.646458,1106.764802,False,False,False,0.0,False,0.0,False,0.0,False,0.0,0.0,False,linear,0.0,0.0,0.0,0.0,False,clear,1.0,0.0
EXP_CC2CE078,42,91,1.516667,1,1908.979791,1867.764802,80.0,60.0,0.0,0.0,True,straight,2000,2000,10,0.0,0.0,0.0,0.0,5.664901,5.408646,1228.979791,1107.764802,False,False,False,0.0,False,0.0,False,0.0,False,0.0,0.0,False,linear,0.0,0.0,0.0,0.0,False,clear,1.0,0.0
EXP_CC2CE078,42,92,1.533333,1,1910.313124,1868.764802,80.0,60.0,0.0,0.0,True,straight,2000,2000,10,0.0,0.0,0.0,0.0,5.673156,5.414842,1230.313124,1108.764802,False,False,False,0.0,False,0.0,False,0.0,False,0.0,0.0,False,linear,0.0,0.0,0.0,0.0,False,clear,1.0,0.0
EXP_CC2CE078,42,93,1.55,1,1911.646458,1869.764802,80.0,60.0,0.0,0.0,True,straight,2000,2000,10,0.0,0.0,0.0,0.0,5.681411,5.421038,1231.646458,1109.764802,False,False,False,0.0,False,0.0,False,0.0,False,0.0,0.0,False,linear,0.0,0.0,0.0,0.0,False,clear,1.0,0.0
EXP_CC2CE078,42,94,1.566667,1,1912.979791,1870.764802,80.0,60.0,0.0,0.0,True,straight,2000,2000,10,0.0,0.0,0.0,0.0,5.689666,5.427233,1232.979791,1110.764802,False,False,False,0.0,False,0.0,False,0.0,False,0.0,0.0,False,linear,0.0,0.0,0.0,0.0,False,clear,1.0,0.0
EXP_CC2CE078,42,95,1.583333,1,1914.313124,1871.764802,80.0,60.0,0.0,0.0,True,straight,2000,2000,10,0.0,0.0,0.0,0.0,5.697921,5.433429,1234.313124,1111.764802,False,False,False,0.0,False,0.0,False,0.0,False,0.0,0.0,False,linear,0.0,0.0,0.0,0.0,False,clear,1.0,0.0
EXP_CC2CE078,42,96,1.6,1,1915.646458,1872.764802,80.0,60.0,0.0,0.0,True,straight,2000,2000,10,0.0,0.0,0.0,0.0,5.706175,5.439624,1235.646458,1112.764802,False,False,False,0.0,False,0.0,False,0.0,False,0.0,0.0,False,linear,0.0,0.0,0.0,0.0,False,clear,1.0,0.0
EXP_CC2CE078,42,97,1.616667,1,1916.979791,1873.764802,80.0,60.0,0.0,0.0,True,straight,2000,2000,10,0.0,0.0,0.0,0.0,5.714429,5.445819,1236.979791,1113.764802,False,False,False,0.0,False,0.0,False,0.0,False,0.0,0.0,False,linear,0.0,0.0,0.0,0.0,False,clear,1.0,0.0
EXP_CC2CE078,42,98,1.633333,1,1918.313124,1874.764802,80.0,60.0,0.0,0.0,True,straight,2000,2000,10,0.0,0.0,0.0,0.0,5.722683,5.452014,1238.313124,1114.764802,False,False,False,0.0,False,0.0,False,0.0,False,0.0,0.0,False,linear,0.0,0.0,0.0,0.0,False,clear,1.0,0.0
EXP_CC2CE078,42,99,1.65,1,1919.646458,1875.764802,80.0,60.0,0.0,0.0,True,straight,2000,2000,10,0.0,0.0,0.0,0.0,5.730937,5.458209,1239.646458,1115.764802,False,False,False,0.0,False,0.0,False,0.0,False,0.0,0.0,False,linear,0.0,0.0,0.0,0.0,False,clear,1.0,0.0
EXP_CC2CE078,42,100,1.666667,1,1920.979791,1876.764802,80.0,60.0,0.0,0.0,True,straight,2000,2000,10,0.0,0.0,0.0,0.0,5.73919,5.464404,1240.979791,1116.764802,False,False,False,0.0,False,0.0,False,0.0,False,0.0,0.0,False,linear,0.0,0.0,0.0,0.0,False,clear,1.0,0.0
EXP_CC2CE078,42,101,1.683333,1,1922.313124,1877.764802,80.0,60.0,0.0,0.0,True,straight,2000,2000,10,0.0,0.0,0.0,0.0,5.747444,5.470599,1242.313124,1117.764802,False,False,False,0.0,False,0.0,False,0.0,False,0.0,0.0,False,linear,0.0,0.0,0.0,0.0,False,clear,1.0,0.0
EXP_CC2CE078,42,102,1.7,1,1923.646458,1878.764802,80.0,60.0,0.0,0.0,True,straight,2000,2000,10,0.0,0.0,0.0,0.0,5.755697,5.476793,1243.646458,1118.764802,False,False,False,0.0,False,0.0,False,0.0,False,0.0,0.0,False,linear,0.0,0.0,0.0,0.0,False,clear,1.0,0.0
EXP_CC2CE078,42,103,1.716667,1,1924.979791,1879.764802,80.0,60.0,0.0,0.0,True,straight,2000,2000,10,0.0,0.0,0.0,0.0,5.763949,5.482988,1244.979791,1119.764802,False,False,False,0.0,False,0.0,False,0.0,False,0.0,0.0,False,linear,0.0,0.0,0.0,0.0,False,clear,1.0,0.0
EXP_CC2CE078,42,104,1.733333,1,1926.313124,1880.764802,80.0,60.0,0.0,0.0,True,straight,2000,2000,10,0.0,0.0,0.0,0.0,5.772202,5.489182,1246.313124,1120.764802,False,False,False,0.0,False,0.0,False,0.0,False,0.0,0.0,False,linear,0.0,0.0,0.0,0.0,False,clear,1.0,0.0
EXP_CC2CE078,42,105,1.75,1,1927.646458,1881.764802,80.0,60.0,0.0,0.0,True,straight,2000,2000,10,0.0,0.0,0.0,0.0,5.780454,5.495376,1247.646458,1121.764802,False,False,False,0.0,False,0.0,False,0.0,False,0.0,0.0,False,linear,0.0,0.0,0.0,0.0,False,clear,1.0,0.0
EXP_CC2CE078,42,106,1.766667,1,1928.979791,1882.764802,80.0,60.0,0.0,0.0,True,straight,2000,2000,10,0.0,0.0,0.0,0.0,5.788706,5.50157,1248.979791,1122.764802,False,False,False,0.0,False,0.0,False,0.0,False,0.0,0.0,False,linear,0.0,0.0,0.0,0.0,False,clear,1.0,0.0
EXP_CC2CE078,42,107,1.783333,1,1930.313124,1883.764802,80.0,60.0,0.0,0.0,True,straight,2000,2000,10,0.0,0.0,0.0,0.0,5.796958,5.507764,1250.313124,1123.764802,False,False,False,0.0,False,0.0,False,0.0,False,0.0,0.0,False,linear,0.0,0.0,0.0,0.0,False,clear,1.0,0.0
EXP_CC2CE078,42,108,1.8,1,1931.646458,1884.764802,80.0,60.0,0.0,0.0,True,straight,2000,2000,10,0.0,0.0,0.0,0.0,5.80521,5.513958,1251.646458,1124.764802,False,False,False,0.0,False,0.0,False,0.0,False,0.0,0.0,False,linear,0.0,0.0,0.0,0.0,False,clear,1.0,0.0
EXP_CC2CE078,42,109,1.816667,1,1932.979791,1885.764802,80.0,60.0,0.0,0.0,True,straight,2000,2000,10,0.0,0.0,0.0,0.0,5.813461,5.520152,1252.979791,1125.764802,False,False,False,0.0,False,0.0,False,0.0,False,0.0,0.0,False,linear,0.0,0.0,0.0,0.0,False,clear,1.0,0.0
EXP_CC2CE078,42,110,1.833333,1,1934.313124,1886.764802,80.0,60.0,0.0,0.0,True,straight,2000,2000,10,0.0,0.0,0.0,0.0,5.821712,5.526345,1254.313124,1126.764802,False,False,False,0.0,False,0.0,False,0.0,False,0.0,0.0,False,linear,0.0,0.0,0.0,0.0,False,clear,1.0,0.0
EXP_CC2CE078,42,111,1.85,1,1935.646458,1887.764802,80.0,60.0,0.0,0.0,True,straight,2000,2000,10,0.0,0.0,0.0,0.0,5.829963,5.532538,1255.646458,1127.764802,False,False,False,0.0,False,0.0,False,0.0,False,0.0,0.0,False,linear,0.0,0.0,0.0,0.0,False,clear,1.0,0.0
EXP_CC2CE078,42,112,1.866667,1,1936.979791,1888.764802,80.0,60.0,0.0,0.0,True,straight,2000,2000,10,0.0,0.0,0.0,0.0,5.838213,5.538732,1256.979791,1128.764802,False,False,False,0.0,False,0.0,False,0.0,False,0.0,0.0,False,linear,0.0,0.0,0.0,0.0,False,clear,1.0,0.0
EXP_CC2CE078,42,113,1.883333,1,1938.313124,1889.764802,80.0,60.0,0.0,0.0,True,straight,2000,2000,10,0.0,0.0,0.0,0.0,5.846464,5.544925,1258.313124,1129.764802,False,False,False,0.0,False,0.0,False,0.0,False,0.0,0.0,False,linear,0.0,0.0,0.0,0.0,False,clear,1.0,0.0
EXP_CC2CE078,42,114,1.9,1,1939.646458,1890.764802,80.0,60.0,0.0,0.0,True,straight,2000,2000,10,0.0,0.0,0.0,0.0,5.854714,5.551118,1259.646458,1130.764802,False,False,False,0.0,False,0.0,False,0.0,False,0.0,0.0,False,linear,0.0,0.0,0.0,0.0,False,clear,1.0,0.0
EXP_CC2CE078,42,115,1.916667,1,1940.979791,1891.764802,80.0,60.0,0.0,0.0,True,straight,2000,2000,10,0.0,0.0,0.0,0.0,5.862964,5.557311,1260.979791,1131.764802,False,False,False,0.0,False,0.0,False,0.0,False,0.0,0.0,False,linear,0.0,0.0,0.0,0.0,False,clear,1.0,0.0
EXP_CC2CE078,42,116,1.933333,1,1942.313124,1892.764802,80.0,60.0,0.0,0.0,True,straight,2000,2000,10,0.0,0.0,0.0,0.0,5.871213,5.563503,1262.313124,1132.764802,False,False,False,0.0,False,0.0,False,0.0,False,0.0,0.0,False,linear,0.0,0.0,0.0,0.0,False,clear,1.0,0.0
EXP_CC2CE078,42,117,1.95,1,1943.646458,1893.764802,80.0,60.0,0.0,0.0,True,straight,2000,2000,10,0.0,0.0,0.0,0.0,5.879463,5.569696,1263.646458,1133.764802,False,False,False,0.0,False,0.0,False,0.0,False,0.0,0.0,False,linear,0.0,0.0,0.0,0.0,False,clear,1.0,0.0
EXP_CC2CE078,42,118,1.966667,1,1944.979791,1894.764802,80.0,60.0,0.0,0.0,True,straight,2000,2000,10,0.0,0.0,0.0,0.0,5.887712,5.575888,1264.979791,1134.764802,False,False,False,0.0,False,0.0,False,0.0,False,0.0,0.0,False,linear,0.0,0.0,0.0,0.0,False,clear,1.0,0.0
EXP_CC2CE078,42,119,1.983333,1,1946.313124,1895.764802,80.0,60.0,0.0,0.0,True,straight,2000,2000,10,0.0,0.0,0.0,0.0,5.895961,5.582081,1266.313124,1135.764802,False,False,False,0.0,False,0.0,False,0.0,False,0.0,0.0,False,linear,0.0,0.0,0.0,0.0,False,clear,1.0,0.0
EXP_CC2CE078,42,120,2.0,1,1947.646458,1896.764802,80.0,60.0,0.0,0.0,True,straight,2000,2000,10,0.0,0.0,0.0,0.0,5.904209,5.588273,1267.646458,1136.764802,False,False,False,0.0,False,0.0,False,0.0,False,0.0,0.0,False,linear,0.0,0.0,0.0,0.0,False,clear,1.0,0.0
EXP_CC2CE078,42,121,2.016667,1,1948.979791,1897.764802,80.0,60.0,0.0,0.0,True,straight,2000,2000,10,0.0,0.0,0.0,0.0,5.912458,5.594465,1268.979791,1137.764802,False,False,False,0.0,False,0.0,False,0.0,False,0.0,0.0,False,linear,0.0,0.0,0.0,0.0,False,clear,1.0,0.0
EXP_CC2CE078,42,122,2.033333,1,1950.313124,1898.764802,80.0,60.0,0.0,0.0,True,straight,2000,2000,10,0.0,0.0,0.0,0.0,5.920706,5.600657,1270.313124,1138.764802,False,False,False,0.0,False,0.0,False,0.0,False,0.0,0.0,False,linear,0.0,0.0,0.0,0.0,False,clear,1.0,0.0
EXP_CC2CE078,42,123,2.05,1,1951.646458,1899.764802,80.0,60.0,0.0,0.0,True,straight,2000,2000,10,0.0,0.0,0.0,0.0,5.928954,5.606849,1271.646458,1139.764802,False,False,False,0.0,False,0.0,False,0.0,False,0.0,0.0,False,linear,0.0,0.0,0.0,0.0,False,clear,1.0,0.0
EXP_CC2CE078,42,124,2.066667,1,1952.979791,1900.764802,80.0,60.0,0.0,0.0,True,straight,2000,2000,10,0.0,0.0,0.0,0.0,5.937201,5.613041,1272.979791,1140.764802,False,False,False,0.0,False,0.0,False,0.0,False,0.0,0.0,False,linear,0.0,0.0,0.0,0.0,False,clear,1.0,0.0
EXP_CC2CE078,42,125,2.083333,1,1954.313124,1901.764802,80.0,60.0,0.0,0.0,True,straight,2000,2000,10,0.0,0.0,0.0,0.0,5.945449,5.619232,1274.313124,1141.764802,False,False,False,0.0,False,0.0,False,0.0,False,0.0,0.0,False,linear,0.0,0.0,0.0,0.0,False,clear,1.0,0.0
EXP_CC2CE078,42,126,2.1,1,1955.646458,1902.764802,80.0,60.0,0.0,0.0,True,straight,2000,2000,10,0.0,0.0,0.0,0.0,5.953696,5.625424,1275.646458,1142.764802,False,False,False,0.0,False,0.0,False,0.0,False,0.0,0.0,False,linear,0.0,0.0,0.0,0.0,False,clear,1.0,0.0
EXP_CC2CE078,42,127,2.116667,1,1956.979791,1903.764802,80.0,60.0,0.0,0.0,True,straight,2000,2000,10,0.0,0.0,0.0,0.0,5.961943,5.631615,1276.979791,1143.764802,False,False,False,0.0,False,0.0,False,0.0,False,0.0,0.0,False,linear,0.0,0.0,0.0,0.0,False,clear,1.0,0.0
EXP_CC2CE078,42,128,2.133333,1,1958.313124,1904.764802,80.0,60.0,0.0,0.0,True,straight,2000,2000,10,0.0,0.0,0.0,0.0,5.970189,5.637806,1278.313124,1144.764802,False,False,False,0.0,False,0.0,False,0.0,False,0.0,0.0,False,linear,0.0,0.0,0.0,0.0,False,clear,1.0,0.0
EXP_CC2CE078,42,129,2.15,1,1959.646458,1905.764802,80.0,60.0,0.0,0.0,True,straight,2000,2000,10,0.0,0.0,0.0,0.0,5.978436,5.643997,1279.646458,1145.764802,False,False,False,0.0,False,0.0,False,0.0,False,0.0,0.0,False,linear,0.0,0.0,0.0,0.0,False,clear,1.0,0.0
EXP_CC2CE078,42,130,2.166667,1,1960.979791,1906.764802,80.0,60.0,0.0,0.0,True,straight,2000,2000,10,0.0,0.0,0.0,0.0,5.986682,5.650188,1280.979791,1146.764802,False,False,False,0.0,False,0.0,False,0.0,False,0.0,0.0,False,linear,0.0,0.0,0.0,0.0,False,clear,1.0,0.0
EXP_CC2CE078,42,131,2.183333,1,1962.313124,1907.764802,80.0,60.0,0.0,0.0,True,straight,2000,2000,10,0.0,0.0,0.0,0.0,5.994928,5.656379,1282.313124,1147.764802,False,False,False,0.0,False,0.0,False,0.0,False,0.0,0.0,False,linear,0.0,0.0,0.0,0.0,False,clear,1.0,0.0
EXP_CC2CE078,42,132,2.2,1,1963.646458,1908.764802,80.0,60.0,0.0,0.0,True,straight,2000,2000,10,0.0,0.0,0.0,0.0,6.003174,5.662569,1283.646458,1148.764802,False,False,False,0.0,False,0.0,False,0.0,False,0.0,0.0,False,linear,0.0,0.0,0.0,0.0,False,clear,1.0,0.0
EXP_CC2CE078,42,133,2.216667,1,1964.979791,1909.764802,80.0,60.0,0.0,0.0,True,straight,2000,2000,10,0.0,0.0,0.0,0.0,6.011419,5.66876,1284.979791,1149.764802,False,False,False,0.0,False,0.0,False,0.0,False,0.0,0.0,False,linear,0.0,0.0,0.0,0.0,False,clear,1.0,0.0
EXP_CC2CE078,42,134,2.233333,1,1966.313124,1910.764802,80.0,60.0,0.0,0.0,True,straight,2000,2000,10,0.0,0.0,0.0,0.0,6.019664,5.67495,1286.313124,1150.764802,False,False,False,0.0,False,0.0,False,0.0,False,0.0,0.0,False,linear,0.0,0.0,0.0,0.0,False,clear,1.0,0.0
EXP_CC2CE078,42,135,2.25,1,1967.646458,1911.764802,80.0,60.0,0.0,0.0,True,straight,2000,2000,10,0.0,0.0,0.0,0.0,6.027909,5.68114,1287.646458,1151.764802,False,False,False,0.0,False,0.0,False,0.0,False,0.0,0.0,False,linear,0.0,0.0,0.0,0.0,False,clear,1.0,0.0
EXP_CC2CE078,42,136,2.266667,1,1968.979791,1912.764802,80.0,60.0,0.0,0.0,True,straight,2000,2000,10,0.0,0.0,0.0,0.0,6.036154,5.687331,1288.979791,1152.764802,False,False,False,0.0,False,0.0,False,0.0,False,0.0,0.0,False,linear,0.0,0.0,0.0,0.0,False,clear,1.0,0.0
EXP_CC2CE078,42,137,2.283333,1,1970.313124,1913.764802,80.0,60.0,0.0,0.0,True,straight,2000,2000,10,0.0,0.0,0.0,0.0,6.044398,5.693521,1290.313124,1153.764802,False,False,False,0.0,False,0.0,False,0.0,False,0.0,0.0,False,linear,0.0,0.0,0.0,0.0,False,clear,1.0,0.0
EXP_CC2CE078,42,138,2.3,1,1971.646458,1914.764802,80.0,60.0,0.0,0.0,True,straight,2000,2000,10,0.0,0.0,0.0,0.0,6.052642,5.69971,1291.646458,1154.764802,False,False,False,0.0,False,0.0,False,0.0,False,0.0,0.0,False,linear,0.0,0.0,0.0,0.0,False,clear,1.0,0.0
EXP_CC2CE078,42,139,2.316667,1,1972.979791,1915.764802,80.0,60.0,0.0,0.0,True,straight,2000,2000,10,0.0,0.0,0.0,0.0,6.060886,5.7059,1292.979791,1155.764802,False,False,False,0.0,False,0.0,False,0.0,False,0.0,0.0,False,linear,0.0,0.0,0.0,0.0,False,clear,1.0,0.0
EXP_CC2CE078,42,140,2.333333,1,1974.313124,1916.764802,80.0,60.0,0.0,0.0,True,straight,2000,2000,10,0.0,0.0,0.0,0.0,6.06913,5.71209,1294.313124,1156.764802,False,False,False,0.0,False,0.0,False,0.0,False,0.0,0.0,False,linear,0.0,0.0,0.0,0.0,False,clear,1.0,0.0
EXP_CC2CE078,42,141,2.35,1,1975.646458,1917.764802,80.0,60.0,0.0,0.0,True,straight,2000,2000,10,0.0,0.0,0.0,0.0,6.077373,5.718279,1295.646458,1157.764802,False,False,False,0.0,False,0.0,False,0.0,False,0.0,0.0,False,linear,0.0,0.0,0.0,0.0,False,clear,1.0,0.0
EXP_CC2CE078,42,142,2.366667,1,1976.979791,1918.764802,80.0,60.0,0.0,0.0,True,straight,2000,2000,10,0.0,0.0,0.0,0.0,6.085616,5.724468,1296.979791,1158.764802,False,False,False,0.0,False,0.0,False,0.0,False,0.0,0.0,False,linear,0.0,0.0,0.0,0.0,False,clear,1.0,0.0
EXP_CC2CE078,42,143,2.383333,1,1978.313124,1919.764802,80.0,60.0,0.0,0.0,True,straight,2000,2000,10,0.0,0.0,0.0,0.0,6.093859,5.730658,1298.313124,1159.764802,False,False,False,0.0,False,0.0,False,0.0,False,0.0,0.0,False,linear,0.0,0.0,0.0,0.0,False,clear,1.0,0.0
EXP_CC2CE078,42,144,2.4,1,1979.646458,1920.764802,80.0,60.0,0.0,0.0,True,straight,2000,2000,10,0.0,0.0,0.0,0.0,6.102102,5.736847,1299.646458,1160.764802,False,False,False,0.0,False,0.0,False,0.0,False,0.0,0.0,False,linear,0.0,0.0,0.0,0.0,False,clear,1.0,0.0
EXP_CC2CE078,42,145,2.416667,1,1980.979791,1921.764802,80.0,60.0,0.0,0.0,True,straight,2000,2000,10,0.0,0.0,0.0,0.0,6.110344,5.743035,1300.979791,1161.764802,False,False,False,0.0,False,0.0,False,0.0,False,0.0,0.0,False,linear,0.0,0.0,0.0,0.0,False,clear,1.0,0.0
EXP_CC2CE078,42,146,2.433333,1,1982.313124,1922.764802,80.0,60.0,0.0,0.0,True,straight,2000,2000,10,0.0,0.0,0.0,0.0,6.118586,5.749224,1302.313124,1162.764802,False,False,False,0.0,False,0.0,False,0.0,False,0.0,0.0,False,linear,0.0,0.0,0.0,0.0,False,clear,1.0,0.0
EXP_CC2CE078,42,147,2.45,1,1983.646458,1923.764802,80.0,60.0,0.0,0.0,True,straight,2000,2000,10,0.0,0.0,0.0,0.0,6.126828,5.755413,1303.646458,1163.764802,False,False,False,0.0,False,0.0,False,0.0,False,0.0,0.0,False,linear,0.0,0.0,0.0,0.0,False,clear,1.0,0.0
EXP_CC2CE078,42,148,2.466667,1,1984.979791,1924.764802,80.0,60.0,0.0,0.0,True,straight,2000,2000,10,0.0,0.0,0.0,0.0,6.13507,5.761601,1304.979791,1164.764802,False,False,False,0.0,False,0.0,False,0.0,False,0.0,0.0,False,linear,0.0,0.0,0.0,0.0,False,clear,1.0,0.0
EXP_CC2CE078,42,149,2.483333,1,1986.313124,1925.764802,80.0,60.0,0.0,0.0,True,straight,2000,2000,10,0.0,0.0,0.0,0.0,6.143311,5.76779,1306.313124,1165.764802,False,False,False,0.0,False,0.0,False,0.0,False,0.0,0.0,False,linear,0.0,0.0,0.0,0.0,False,clear,1.0,0.0
EXP_CC2CE078,42,150,2.5,1,1987.646458,1926.764802,80.0,60.0,0.0,0.0,True,straight,2000,2000,10,0.0,0.0,0.0,0.0,6.151552,5.773978,1307.646458,1166.764802,False,False,False,0.0,False,0.0,False,0.0,False,0.0,0.0,False,linear,0.0,0.0,0.0,0.0,False,clear,1.0,0.0
EXP_CC2CE078,42,151,2.516667,1,1988.979791,1927.764802,80.0,60.0,0.0,0.0,True,straight,2000,2000,10,0.0,0.0,0.0,0.0,6.159793,5.780166,1308.979791,1167.764802,False,False,False,0.0,False,0.0,False,0.0,False,0.0,0.0,False,linear,0.0,0.0,0.0,0.0,False,clear,1.0,0.0
EXP_CC2CE078,42,152,2.533333,1,1990.313124,1928.764802,80.0,60.0,0.0,0.0,True,straight,2000,2000,10,0.0,0.0,0.0,0.0,6.168034,5.786354,1310.313124,1168.764802,False,False,False,0.0,False,0.0,False,0.0,False,0.0,0.0,False,linear,0.0,0.0,0.0,0.0,False,clear,1.0,0.0
EXP_CC2CE078,42,153,2.55,1,1991.646458,1929.764802,80.0,60.0,0.0,0.0,True,straight,2000,2000,10,0.0,0.0,0.0,0.0,6.176274,5.792542,1311.646458,1169.764802,False,False,False,0.0,False,0.0,False,0.0,False,0.0,0.0,False,linear,0.0,0.0,0.0,0.0,False,clear,1.0,0.0
EXP_CC2CE078,42,154,2.566667,1,1992.979791,1930.764802,80.0,60.0,0.0,0.0,True,straight,2000,2000,10,0.0,0.0,0.0,0.0,6.184514,5.798729,1312.979791,1170.764802,False,False,False,0.0,False,0.0,False,0.0,False,0.0,0.0,False,linear,0.0,0.0,0.0,0.0,False,clear,1.0,0.0
EXP_CC2CE078,42,155,2.583333,1,1994.313124,1931.764802,80.0,60.0,0.0,0.0,True,straight,2000,2000,10,0.0,0.0,0.0,0.0,6.192754,5.804917,1314.313124,1171.764802,False,False,False,0.0,False,0.0,False,0.0,False,0.0,0.0,False,linear,0.0,0.0,0.0,0.0,False,clear,1.0,0.0
EXP_CC2CE078,42,156,2.6,1,1994.353542,1932.764802,-80.0,60.0,0.0,0.0,True,straight,2000,2000,10,0.0,0.0,0.0,0.0,6.193004,5.811104,1314.353542,1172.764802,False,False,False,0.0,False,0.0,False,0.0,False,0.0,0.0,False,linear,0.0,0.0,0.0,0.0,False,clear,1.0,0.0
EXP_CC2CE078,42,157,2.616667,1,1993.020209,1933.764802,-80.0,60.0,0.0,0.0,True,straight,2000,2000,10,0.0,0.0,0.0,0.0,6.184764,5.817292,1313.020209,1173.764802,False,False,False,0.0,False,0.0,False,0.0,False,0.0,0.0,False,linear,0.0,0.0,0.0,0.0,False,clear,1.0,0.0
EXP_CC2CE078,42,158,2.633333,1,1991.686876,1934.764802,-80.0,60.0,0.0,0.0,True,straight,2000,2000,10,0.0,0.0,0.0,0.0,6.176524,5.823479,1311.686876,1174.764802,False,False,False,0.0,False,0.0,False,0.0,False,0.0,0.0,False,linear,0.0,0.0,0.0,0.0,False,clear,1.0,0.0
EXP_CC2CE078,42,159,2.65,1,1990.353542,1935.764802,-80.0,60.0,0.0,0.0,True,straight,2000,2000,10,0.0,0.0,0.0,0.0,6.168284,5.829666,1310.353542,1175.764802,False,False,False,0.0,False,0.0,False,0.0,False,0.0,0.0,False,linear,0.0,0.0,0.0,0.0,False,clear,1.0,0.0
EXP_CC2CE078,42,160,2.666667,1,1989.020209,1936.764802,-80.0,60.0,0.0,0.0,True,straight,2000,2000,10,0.0,0.0,0.0,0.0,6.160043,5.835853,1309.020209,1176.764802,False,False,False,0.0,False,0.0,False,0.0,False,0.0,0.0,False,linear,0.0,0.0,0.0,0.0,False,clear,1.0,0.0
EXP_CC2CE078,42,161,2.683333,1,1987.686876,1937.764802,-80.0,60.0,0.0,0.0,True,straight,2000,2000,10,0.0,0.0,0.0,0.0,6.151802,5.842039,1307.686876,1177.764802,False,False,False,0.0,False,0.0,False,0.0,False,0.0,0.0,False,linear,0.0,0.0,0.0,0.0,False,clear,1.0,0.0
EXP_CC2CE078,42,162,2.7,1,1986.353542,1938.764802,-80.0,60.0,0.0,0.0,True,straight,2000,2000,10,0.0,0.0,0.0,0.0,6.143561,5.848226,1306.353542,1178.764802,False,False,False,0.0,False,0.0,False,0.0,False,0.0,0.0,False,linear,0.0,0.0,0.0,0.0,False,clear,1.0,0.0
EXP_CC2CE078,42,163,2.716667,1,1985.020209,1939.764802,-80.0,60.0,0.0,0.0,True,straight,2000,2000,10,0.0,0.0,0.0,0.0,6.13532,5.854412,1305.020209,1179.764802,False,False,False,0.0,False,0.0,False,0.0,False,0.0,0.0,False,linear,0.0,0.0,0.0,0.0,False,clear,1.0,0.0
EXP_CC2CE078,42,164,2.733333,1,1983.686876,1940.764802,-80.0,60.0,0.0,0.0,True,straight,2000,2000,10,0.0,0.0,0.0,0.0,6.127078,5.860599,1303.686876,1180.764802,False,False,False,0.0,False,0.0,False,0.0,False,0.0,0.0,False,linear,0.0,0.0,0.0,0.0,False,clear,1.0,0.0
EXP_CC2CE078,42,165,2.75,1,1982.353542,1941.764802,-80.0,60.0,0.0,0.0,True,straight,2000,2000,10,0.0,0.0,0.0,0.0,6.118836,5.866785,1302.353542,1181.764802,False,False,False,0.0,False,0.0,False,0.0,False,0.0,0.0,False,linear,0.0,0.0,0.0,0.0,False,clear,1.0,0.0
EXP_CC2CE078,42,166,2.766667,1,1981.020209,1942.764802,-80.0,60.0,0.0,0.0,True,straight,2000,2000,10,0.0,0.0,0.0,0.0,6.110594,5.872971,1301.020209,1182.764802,False,False,False,0.0,False,0.0,False,0.0,False,0.0,0.0,False,linear,0.0,0.0,0.0,0.0,False,clear,1.0,0.0
EXP_CC2CE078,42,167,2.783333,1,1979.686876,1943.764802,-80.0,60.0,0.0,0.0,True,straight,2000,2000,10,0.0,0.0,0.0,0.0,6.102352,5.879157,1299.686876,1183.764802,False,False,False,0.0,False,0.0,False,0.0,False,0.0,0.0,False,linear,0.0,0.0,0.0,0.0,False,clear,1.0,0.0
EXP_CC2CE078,42,168,2.8,1,1978.353542,1944.764802,-80.0,60.0,0.0,0.0,True,straight,2000,2000,10,0.0,0.0,0.0,0.0,6.094109,5.885343,1298.353542,1184.764802,False,False,False,0.0,False,0.0,False,0.0,False,0.0,0.0,False,linear,0.0,0.0,0.0,0.0,False,clear,1.0,0.0
EXP_CC2CE078,42,169,2.816667,1,1977.020209,1945.764802,-80.0,60.0,0.0,0.0,True,straight,2000,2000,10,0.0,0.0,0.0,0.0,6.085866,5.891528,1297.020209,1185.764802,False,False,False,0.0,False,0.0,False,0.0,False,0.0,0.0,False,linear,0.0,0.0,0.0,0.0,False,clear,1.0,0.0
EXP_CC2CE078,42,170,2.833333,1,1975.686876,1946.764802,-80.0,60.0,0.0,0.0,True,straight,2000,2000,10,0.0,0.0,0.0,0.0,6.077623,5.897714,1295.686876,1186.764802,False,False,False,0.0,False,0.0,False,0.0,False,0.0,0.0,False,linear,0.0,0.0,0.0,0.0,False,clear,1.0,0.0
EXP_CC2CE078,42,171,2.85,1,1974.353542,1947.764802,-80.0,60.0,0.0,0.0,True,straight,2000,2000,10,0.0,0.0,0.0,0.0,6.06938,5.903899,1294.353542,1187.764802,False,False,False,0.0,False,0.0,False,0.0,False,0.0,0.0,False,linear,0.0,0.0,0.0,0.0,False,clear,1.0,0.0
EXP_CC2CE078,42,172,2.866667,1,1973.020209,1948.764802,-80.0,60.0,0.0,0.0,True,straight,2000,2000,10,0.0,0.0,0.0,0.0,6.061136,5.910084,1293.020209,1188.764802,False,False,False,0.0,False,0.0,False,0.0,False,0.0,0.0,False,linear,0.0,0.0,0.0,0.0,False,clear,1.0,0.0
EXP_CC2CE078,42,173,2.883333,1,1971.686876,1949.764802,-80.0,60.0,0.0,0.0,True,straight,2000,2000,10,0.0,0.0,0.0,0.0,6.052892,5.916269,1291.686876,1189.764802,False,False,False,0.0,False,0.0,False,0.0,False,0.0,0.0,False,linear,0.0,0.0,0.0,0.0,False,clear,1.0,0.0
EXP_CC2CE078,42,174,2.9,1,1970.353542,1950.764802,-80.0,60.0,0.0,0.0,True,straight,2000,2000,10,0.0,0.0,0.0,0.0,6.044648,5.922454,1290.353542,1190.764802,False,False,False,0.0,False,0.0,False,0.0,False,0.0,0.0,False,linear,0.0,0.0,0.0,0.0,False,clear,1.0,0.0
EXP_CC2CE078,42,175,2.916667,1,1969.020209,1951.764802,-80.0,60.0,0.0,0.0,True,straight,2000,2000,10,0.0,0.0,0.0,0.0,6.036404,5.928639,1289.020209,1191.764802,False,False,False,0.0,False,0.0,False,0.0,False,0.0,0.0,False,linear,0.0,0.0,0.0,0.0,False,clear,1.0,0.0
EXP_CC2CE078,42,176,2.933333,1,1967.686876,1952.764802,-80.0,60.0,0.0,0.0,True,straight,2000,2000,10,0.0,0.0,0.0,0.0,6.028159,5.934824,1287.686876,1192.764802,False,False,False,0.0,False,0.0,False,0.0,False,0.0,0.0,False,linear,0.0,0.0,0.0,0.0,False,clear,1.0,0.0
EXP_CC2CE078,42,177,2.95,1,1966.353542,1953.764802,-80.0,60.0,0.0,0.0,True,straight,2000,2000,10,0.0,0.0,0.0,0.0,6.019914,5.941008,1286.353542,1193.764802,False,False,False,0.0,False,0.0,False,0.0,False,0.0,0.0,False,linear,0.0,0.0,0.0,0.0,False,clear,1.0,0.0
EXP_CC2CE078,42,178,2.966667,1,1965.020209,1954.764802,-80.0,60.0,0.0,0.0,True,straight,2000,2000,10,0.0,0.0,0.0,0.0,6.011669,5.947193,1285.020209,1194.764802,False,False,False,0.0,False,0.0,False,0.0,False,0.0,0.0,False,linear,0.0,0.0,0.0,0.0,False,clear,1.0,0.0
EXP_CC2CE078,42,179,2.983333,1,1963.686876,1955.764802,-80.0,60.0,0.0,0.0,True,straight,2000,2000,10,0.0,0.0,0.0,0.0,6.003424,5.953377,1283.686876,1195.764802,False,False,False,0.0,False,0.0,False,0.0,False,0.0,0.0,False,linear,0.0,0.0,0.0,0.0,False,clear,1.0,0.0
EXP_CC2CE078,42,180,3.0,1,1962.353542,1956.764802,-80.0,60.0,0.0,0.0,True,straight,2000,2000,10,0.0,0.0,0.0,0.0,5.995178,5.959561,1282.353542,1196.764802,False,False,False,0.0,False,0.0,False,0.0,False,0.0,0.0,False,linear,0.0,0.0,0.0,0.0,False,clear,1.0,0.0
EXP_CC2CE078,42,181,3.016667,1,1961.020209,1957.764802,-80.0,60.0,0.0,0.0,True,straight,2000,2000,10,0.0,0.0,0.0,0.0,5.986932,5.965745,1281.020209,1197.764802,False,False,False,0.0,False,0.0,False,0.0,False,0.0,0.0,False,linear,0.0,0.0,0.0,0.0,False,clear,1.0,0.0
EXP_CC2CE078,42,182,3.033333,1,1959.686876,1958.764802,-80.0,60.0,0.0,0.0,True,straight,2000,2000,10,0.0,0.0,0.0,0.0,5.978686,5.971929,1279.686876,1198.764802,False,False,False,0.0,False,0.0,False,0.0,False,0.0,0.0,False,linear,0.0,0.0,0.0,0.0,False,clear,1.0,0.0
EXP_CC2CE078,42,183,3.05,1,1958.353542,1959.764802,-80.0,60.0,0.0,0.0,True,straight,2000,2000,10,0.0,0.0,0.0,0.0,5.970439,5.978113,1278.353542,1199.764802,False,False,False,0.0,False,0.0,False,0.0,False,0.0,0.0,False,linear,0.0,0.0,0.0,0.0,False,clear,1.0,0.0
EXP_CC2CE078,42,184,3.066667,1,1957.020209,1960.764802,-80.0,60.0,0.0,0.0,True,straight,2000,2000,10,0.0,0.0,0.0,0.0,5.962193,5.984296,1277.020209,1200.764802,False,False,False,0.0,False,0.0,False,0.0,False,0.0,0.0,False,linear,0.0,0.0,0.0,0.0,False,clear,1.0,0.0
EXP_CC2CE078,42,185,3.083333,1,1955.686876,1961.764802,-80.0,60.0,0.0,0.0,True,straight,2000,2000,10,0.0,0.0,0.0,0.0,5.953946,5.99048,1275.686876,1201.764802,False,False,False,0.0,False,0.0,False,0.0,False,0.0,0.0,False,linear,0.0,0.0,0.0,0.0,False,clear,1.0,0.0
EXP_CC2CE078,42,186,3.1,1,1954.353542,1962.764802,-80.0,60.0,0.0,0.0,True,straight,2000,2000,10,0.0,0.0,0.0,0.0,5.945699,5.996663,1274.353542,1202.764802,False,False,False,0.0,False,0.0,False,0.0,False,0.0,0.0,False,linear,0.0,0.0,0.0,0.0,False,clear,1.0,0.0
EXP_CC2CE078,42,187,3.116667,1,1953.020209,1963.764802,-80.0,60.0,0.0,0.0,True,straight,2000,2000,10,0.0,0.0,0.0,0.0,5.937451,6.002846,1273.020209,1203.764802,False,False,False,0.0,False,0.0,False,0.0,False,0.0,0.0,False,linear,0.0,0.0,0.0,0.0,False,clear,1.0,0.0
EXP_CC2CE078,42,188,3.133333,1,1951.686876,1964.764802,-80.0,60.0,0.0,0.0,True,straight,2000,2000,10,0.0,0.0,0.0,0.0,5.929204,6.009029,1271.686876,1204.764802,False,False,False,0.0,False,0.0,False,0.0,False,0.0,0.0,False,linear,0.0,0.0,0.0,0.0,False,clear,1.0,0.0
EXP_CC2CE078,42,189,3.15,1,1950.353542,1965.764802,-80.0,60.0,0.0,0.0,True,straight,2000,2000,10,0.0,0.0,0.0,0.0,5.920956,6.015212,1270.353542,1205.764802,False,False,False,0.0,False,0.0,False,0.0,False,0.0,0.0,False,linear,0.0,0.0,0.0,0.0,False,clear,1.0,0.0
EXP_CC2CE078,42,190,3.166667,1,1949.020209,1966.764802,-80.0,60.0,0.0,0.0,True,straight,2000,2000,10,0.0,0.0,0.0,0.0,5.912708,6.021395,1269.020209,1206.764802,False,False,False,0.0,False,0.0,False,0.0,False,0.0,0.0,False,linear,0.0,0.0,0.0,0.0,False,clear,1.0,0.0
EXP_CC2CE078,42,191,3.183333,1,1947.686876,1967.764802,-80.0,60.0,0.0,0.0,True,straight,2000,2000,10,0.0,0.0,0.0,0.0,5.904459,6.027577,1267.686876,1207.764802,False,False,False,0.0,False,0.0,False,0.0,False,0.0,0.0,False,linear,0.0,0.0,0.0,0.0,False,clear,1.0,0.0
EXP_CC2CE078,42,192,3.2,1,1946.353542,1968.764802,-80.0,60.0,0.0,0.0,True,straight,2000,2000,10,0.0,0.0,0.0,0.0,5.896211,6.03376,1266.353542,1208.764802,False,False,False,0.0,False,0.0,False,0.0,False,0.0,0.0,False,linear,0.0,0.0,0.0,0.0,False,clear,1.0,0.0
EXP_CC2CE078,42,193,3.216667,1,1945.020209,1969.764802,-80.0,60.0,0.0,0.0,True,straight,2000,2000,10,0.0,0.0,0.0,0.0,5.887962,6.039942,1265.020209,1209.764802,False,False,False,0.0,False,0.0,False,0.0,False,0.0,0.0,False,linear,0.0,0.0,0.0,0.0,False,clear,1.0,0.0
EXP_CC2CE078,42,194,3.233333,1,1943.686876,1970.764802,-80.0,60.0,0.0,0.0,True,straight,2000,2000,10,0.0,0.0,0.0,0.0,5.879713,6.046124,1263.686876,1210.764802,False,False,False,0.0,False,0.0,False,0.0,False,0.0,0.0,False,linear,0.0,0.0,0.0,0.0,False,clear,1.0,0.0
EXP_CC2CE078,42,195,3.25,1,1942.353542,1971.764802,-80.0,60.0,0.0,0.0,True,straight,2000,2000,10,0.0,0.0,0.0,0.0,5.871463,6.052306,1262.353542,1211.764802,False,False,False,0.0,False,0.0,False,0.0,False,0.0,0.0,False,linear,0.0,0.0,0.0,0.0,False,clear,1.0,0.0
EXP_CC2CE078,42,196,3.266667,1,1941.020209,1972.764802,-80.0,60.0,0.0,0.0,True,straight,2000,2000,10,0.0,0.0,0.0,0.0,5.863214,6.058488,1261.020209,1212.764802,False,False,False,0.0,False,0.0,False,0.0,False,0.0,0.0,False,linear,0.0,0.0,0.0,0.0,False,clear,1.0,0.0
EXP_CC2CE078,42,197,3.283333,1,1939.686876,1973.764802,-80.0,60.0,0.0,0.0,True,straight,2000,2000,10,0.0,0.0,0.0,0.0,5.854964,6.06467,1259.686876,1213.764802,False,False,False,0.0,False,0.0,False,0.0,False,0.0,0.0,False,linear,0.0,0.0,0.0,0.0,False,clear,1.0,0.0
EXP_CC2CE078,42,198,3.3,1,1938.353542,1974.764802,-80.0,60.0,0.0,0.0,True,straight,2000,2000,10,0.0,0.0,0.0,0.0,5.846714,6.070851,1258.353542,1214.764802,False,False,False,0.0,False,0.0,False,0.0,False,0.0,0.0,False,linear,0.0,0.0,0.0,0.0,False,clear,1.0,0.0
EXP_CC2CE078,42,199,3.316667,1,1937.020209,1975.764802,-80.0,60.0,0.0,0.0,True,straight,2000,2000,10,0.0,0.0,0.0,0.0,5.838464,6.077033,1257.020209,1215.764802,False,False,False,0.0,False,0.0,False,0.0,False,0.0,0.0,False,linear,0.0,0.0,0.0,0.0,False,clear,1.0,0.0
EXP_CC2CE078,42,200,3.333333,1,1935.686876,1976.764802,-80.0,60.0,0.0,0.0,True,straight,2000,2000,10,0.0,0.0,0.0,0.0,5.830213,6.083214,1255.686876,1216.764802,False,False,False,0.0,False,0.0,False,0.0,False,0.0,0.0,False,linear,0.0,0.0,0.0,0.0,False,clear,1.0,0.0
EXP_CC2CE078,42,201,3.35,1,1934.353542,1977.764802,-80.0,60.0,0.0,0.0,True,straight,2000,2000,10,0.0,0.0,0.0,0.0,5.821962,6.089395,1254.353542,1217.764802,False,False,False,0.0,False,0.0,False,0.0,False,0.0,0.0,False,linear,0.0,0.0,0.0,0.0,False,clear,1.0,0.0
EXP_CC2CE078,42,202,3.366667,1,1933.020209,1978.764802,-80.0,60.0,0.0,0.0,True,straight,2000,2000,10,0.0,0.0,0.0,0.0,5.813711,6.095576,1253.020209,1218.764802,False,False,False,0.0,False,0.0,False,0.0,False,0.0,0.0,False,linear,0.0,0.0,0.0,0.0,False,clear,1.0,0.0
EXP_CC2CE078,42,203,3.383333,1,1931.686876,1979.764802,-80.0,60.0,0.0,0.0,True,straight,2000,2000,10,0.0,0.0,0.0,0.0,5.80546,6.101757,1251.686876,1219.764802,False,False,False,0.0,False,0.0,False,0.0,False,0.0,0.0,False,linear,0.0,0.0,0.0,0.0,False,clear,1.0,0.0
EXP_CC2CE078,42,204,3.4,1,1930.353542,1980.764802,-80.0,60.0,0.0,0.0,True,straight,2000,2000,10,0.0,0.0,0.0,0.0,5.797208,6.107938,1250.353542,1220.764802,False,False,False,0.0,False,0.0,False,0.0,False,0.0,0.0,False,linear,0.0,0.0,0.0,0.0,False,clear,1.0,0.0
EXP_CC2CE078,42,205,3.416667,1,1929.020209,1981.764802,-80.0,60.0,0.0,0.0,True,straight,2000,2000,10,0.0,0.0,0.0,0.0,5.788956,6.114118,1249.020209,1221.764802,False,False,False,0.0,False,0.0,False,0.0,False,0.0,0.0,False,linear,0.0,0.0,0.0,0.0,False,clear,1.0,0.0
EXP_CC2CE078,42,206,3.433333,1,1927.686876,1982.764802,-80.0,60.0,0.0,0.0,True,straight,2000,2000,10,0.0,0.0,0.0,0.0,5.780704,6.120299,1247.686876,1222.764802,False,False,False,0.0,False,0.0,False,0.0,False,0.0,0.0,False,linear,0.0,0.0,0.0,0.0,False,clear,1.0,0.0
EXP_CC2CE078,42,207,3.45,1,1926.353542,1983.764802,-80.0,60.0,0.0,0.0,True,straight,2000,2000,10,0.0,0.0,0.0,0.0,5.772452,6.126479,1246.353542,1223.764802,False,False,False,0.0,False,0.0,False,0.0,False,0.0,0.0,False,linear,0.0,0.0,0.0,0.0,False,clear,1.0,0.0
EXP_CC2CE078,42,208,3.466667,1,1925.020209,1984.764802,-80.0,60.0,0.0,0.0,True,straight,2000,2000,10,0.0,0.0,0.0,0.0,5.7642,6.132659,1245.020209,1224.764802,False,False,False,0.0,False,0.0,False,0.0,False,0.0,0.0,False,linear,0.0,0.0,0.0,0.0,False,clear,1.0,0.0
EXP_CC2CE078,42,209,3.483333,1,1923.686876,1985.764802,-80.0,60.0,0.0,0.0,True,straight,2000,2000,10,0.0,0.0,0.0,0.0,5.755947,6.138839,1243.686876,1225.764802,False,False,False,0.0,False,0.0,False,0.0,False,0.0,0.0,False,linear,0.0,0.0,0.0,0.0,False,clear,1.0,0.0
EXP_CC2CE078,42,210,3.5,1,1922.353542,1986.764802,-80.0,60.0,0.0,0.0,True,straight,2000,2000,10,0.0,0.0,0.0,0.0,5.747694,6.145019,1242.353542,1226.764802,False,False,False,0.0,False,0.0,False,0.0,False,0.0,0.0,False,linear,0.0,0.0,0.0,0.0,False,clear,1.0,0.0
EXP_CC2CE078,42,211,3.516667,1,1921.020209,1987.764802,-80.0,60.0,0.0,0.0,True,straight,2000,2000,10,0.0,0.0,0.0,0.0,5.739441,6.151199,1241.020209,1227.764802,False,False,False,0.0,False,0.0,False,0.0,False,0.0,0.0,False,linear,0.0,0.0,0.0,0.0,False,clear,1.0,0.0
EXP_CC2CE078,42,212,3.533333,1,1919.686876,1988.764802,-80.0,60.0,0.0,0.0,True,straight,2000,2000,10,0.0,0.0,0.0,0.0,5.731187,6.157378,1239.686876,1228.764802,False,False,False,0.0,False,0.0,False,0.0,False,0.0,0.0,False,linear,0.0,0.0,0.0,0.0,False,clear,1.0,0.0
EXP_CC2CE078,42,213,3.55,1,1918.353542,1989.764802,-80.0,60.0,0.0,0.0,True,straight,2000,2000,10,0.0,0.0,0.0,0.0,5.722934,6.163558,1238.353542,1229.764802,False,False,False,0.0,False,0.0,False,0.0,False,0.0,0.0,False,linear,0.0,0.0,0.0,0.0,False,clear,1.0,0.0
EXP_CC2CE078,42,214,3.566667,1,1917.020209,1990.764802,-80.0,60.0,0.0,0.0,True,straight,2000,2000,10,0.0,0.0,0.0,0.0,5.71468,6.169737,1237.020209,1230.764802,False,False,False,0.0,False,0.0,False,0.0,False,0.0,0.0,False,linear,0.0,0.0,0.0,0.0,False,clear,1.0,0.0
EXP_CC2CE078,42,215,3.583333,1,1915.686876,1991.764802,-80.0,60.0,0.0,0.0,True,straight,2000,2000,10,0.0,0.0,0.0,0.0,5.706425,6.175916,1235.686876,1231.764802,False,False,False,0.0,False,0.0,False,0.0,False,0.0,0.0,False,linear,0.0,0.0,0.0,0.0,False,clear,1.0,0.0
EXP_CC2CE078,42,216,3.6,1,1914.353542,1992.764802,-80.0,60.0,0.0,0.0,True,straight,2000,2000,10,0.0,0.0,0.0,0.0,5.698171,6.182095,1234.353542,1232.764802,False,False,False,0.0,False,0.0,False,0.0,False,0.0,0.0,False,linear,0.0,0.0,0.0,0.0,False,clear,1.0,0.0
EXP_CC2CE078,42,217,3.616667,1,1913.020209,1993.764802,-80.0,60.0,0.0,0.0,True,straight,2000,2000,10,0.0,0.0,0.0,0.0,5.689916,6.188274,1233.020209,1233.764802,False,False,False,0.0,False,0.0,False,0.0,False,0.0,0.0,False,linear,0.0,0.0,0.0,0.0,False,clear,1.0,0.0
EXP_CC2CE078,42,218,3.633333,1,1911.686876,1994.764802,-80.0,60.0,0.0,0.0,True,straight,2000,2000,10,0.0,0.0,0.0,0.0,5.681661,6.194453,1231.686876,1234.764802,False,False,False,0.0,False,0.0,False,0.0,False,0.0,0.0,False,linear,0.0,0.0,0.0,0.0,False,clear,1.0,0.0
EXP_CC2CE078,42,219,3.65,1,1910.353542,1994.235198,-80.0,-60.0,0.0,0.0,True,straight,2000,2000,10,0.0,0.0,0.0,0.0,5.673406,6.19118,1230.353542,1234.235198,False,False,False,0.0,False,0.0,False,0.0,False,0.0,0.0,False,linear,0.0,0.0,0.0,0.0,False,clear,1.0,0.0
EXP_CC2CE078,42,220,3.666667,1,1909.020209,1993.235198,-80.0,-60.0,0.0,0.0,True,straight,2000,2000,10,0.0,0.0,0.0,0.0,5.665151,6.185002,1229.020209,1233.235198,False,False,False,0.0,False,0.0,False,0.0,False,0.0,0.0,False,linear,0.0,0.0,0.0,0.0,False,clear,1.0,0.0
EXP_CC2CE078,42,221,3.683333,1,1907.686876,1992.235198,-80.0,-60.0,0.0,0.0,True,straight,2000,2000,10,0.0,0.0,0.0,0.0,5.656895,6.178823,1227.686876,1232.235198,False,False,False,0.0,False,0.0,False,0.0,False,0.0,0.0,False,linear,0.0,0.0,0.0,0.0,False,clear,1.0,0.0
EXP_CC2CE078,42,222,3.7,1,1906.353542,1991.235198,-80.0,-60.0,0.0,0.0,True,straight,2000,2000,10,0.0,0.0,0.0,0.0,5.64864,6.172644,1226.353542,1231.235198,False,False,False,0.0,False,0.0,False,0.0,False,0.0,0.0,False,linear,0.0,0.0,0.0,0.0,False,clear,1.0,0.0
EXP_CC2CE078,42,223,3.716667,1,1905.020209,1990.235198,-80.0,-60.0,0.0,0.0,True,straight,2000,2000,10,0.0,0.0,0.0,0.0,5.640383,6.166464,1225.020209,1230.235198,False,False,False,0.0,False,0.0,False,0.0,False,0.0,0.0,False,linear,0.0,0.0,0.0,0.0,False,clear,1.0,0.0
EXP_CC2CE078,42,224,3.733333,1,1903.686876,1989.235198,-80.0,-60.0,0.0,0.0,True,straight,2000,2000,10,0.0,0.0,0.0,0.0,5.632127,6.160285,1223.686876,1229.235198,False,False,False,0.0,False,0.0,False,0.0,False,0.0,0.0,False,linear,0.0,0.0,0.0,0.0,False,clear,1.0,0.0
EXP_CC2CE078,42,225,3.75,1,1902.353542,1988.235198,-80.0,-60.0,0.0,0.0,True,straight,2000,2000,10,0.0,0.0,0.0,0.0,5.623871,6.154106,1222.353542,1228.235198,False,False,False,0.0,False,0.0,False,0.0,False,0.0,0.0,False,linear,0.0,0.0,0.0,0.0,False,clear,1.0,0.0
EXP_CC2CE078,42,226,3.766667,1,1901.020209,1987.235198,-80.0,-60.0,0.0,0.0,True,straight,2000,2000,10,0.0,0.0,0.0,0.0,5.615614,6.147926,1221.020209,1227.235198,False,False,False,0.0,False,0.0,False,0.0,False,0.0,0.0,False,linear,0.0,0.0,0.0,0.0,False,clear,1.0,0.0
EXP_CC2CE078,42,227,3.783333,1,1899.686876,1986.235198,-80.0,-60.0,0.0,0.0,True,straight,2000,2000,10,0.0,0.0,0.0,0.0,5.607357,6.141746,1219.686876,1226.235198,False,False,False,0.0,False,0.0,False,0.0,False,0.0,0.0,False,linear,0.0,0.0,0.0,0.0,False,clear,1.0,0.0
EXP_CC2CE078,42,228,3.8,1,1898.353542,1985.235198,-80.0,-60.0,0.0,0.0,True,straight,2000,2000,10,0.0,0.0,0.0,0.0,5.5991,6.135566,1218.353542,1225.235198,False,False,False,0.0,False,0.0,False,0.0,False,0.0,0.0,False,linear,0.0,0.0,0.0,0.0,False,clear,1.0,0.0
EXP_CC2CE078,42,229,3.816667,1,1897.020209,1984.235198,-80.0,-60.0,0.0,0.0,True,straight,2000,2000,10,0.0,0.0,0.0,0.0,5.590842,6.129386,1217.020209,1224.235198,False,False,False,0.0,False,0.0,False,0.0,False,0.0,0.0,False,linear,0.0,0.0,0.0,0.0,False,clear,1.0,0.0
EXP_CC2CE078,42,230,3.833333,1,1895.686876,1983.235198,-80.0,-60.0,0.0,0.0,True,straight,2000,2000,10,0.0,0.0,0.0,0.0,5.582584,6.123206,1215.686876,1223.235198,False,False,False,0.0,False,0.0,False,0.0,False,0.0,0.0,False,linear,0.0,0.0,0.0,0.0,False,clear,1.0,0.0
EXP_CC2CE078,42,231,3.85,1,1894.353542,1982.235198,-80.0,-60.0,0.0,0.0,True,straight,2000,2000,10,0.0,0.0,0.0,0.0,5.574326,6.117025,1214.353542,1222.235198,False,False,False,0.0,False,0.0,False,0.0,False,0.0,0.0,False,linear,0.0,0.0,0.0,0.0,False,clear,1.0,0.0
EXP_CC2CE078,42,232,3.866667,1,1893.020209,1981.235198,-80.0,-60.0,0.0,0.0,True,straight,2000,2000,10,0.0,0.0,0.0,0.0,5.566068,6.110845,1213.020209,1221.235198,False,False,False,0.0,False,0.0,False,0.0,False,0.0,0.0,False,linear,0.0,0.0,0.0,0.0,False,clear,1.0,0.0
EXP_CC2CE078,42,233,3.883333,1,1891.686876,1980.235198,-80.0,-60.0,0.0,0.0,True,straight,2000,2000,10,0.0,0.0,0.0,0.0,5.55781,6.104664,1211.686876,1220.235198,False,False,False,0.0,False,0.0,False,0.0,False,0.0,0.0,False,linear,0.0,0.0,0.0,0.0,False,clear,1.0,0.0
EXP_CC2CE078,42,234,3.9,1,1890.353542,1979.235198,-80.0,-60.0,0.0,0.0,True,straight,2000,2000,10,0.0,0.0,0.0,0.0,5.549551,6.098483,1210.353542,1219.235198,False,False,False,0.0,False,0.0,False,0.0,False,0.0,0.0,False,linear,0.0,0.0,0.0,0.0,False,clear,1.0,0.0
EXP_CC2CE078,42,235,3.916667,1,1889.020209,1978.235198,-80.0,-60.0,0.0,0.0,True,straight,2000,2000,10,0.0,0.0,0.0,0.0,5.541292,6.092303,1209.020209,1218.235198,False,False,False,0.0,False,0.0,False,0.0,False,0.0,0.0,False,linear,0.0,0.0,0.0,0.0,False,clear,1.0,0.0
EXP_CC2CE078,42,236,3.933333,1,1887.686876,1977.235198,-80.0,-60.0,0.0,0.0,True,straight,2000,2000,10,0.0,0.0,0.0,0.0,5.533033,6.086121,1207.686876,1217.235198,False,False,False,0.0,False,0.0,False,0.0,False,0.0,0.0,False,linear,0.0,0.0,0.0,0.0,False,clear,1.0,0.0
EXP_CC2CE078,42,237,3.95,1,1886.353542,1976.235198,-80.0,-60.0,0.0,0.0,True,straight,2000,2000,10,0.0,0.0,0.0,0.0,5.524774,6.07994,1206.353542,1216.235198,False,False,False,0.0,False,0.0,False,0.0,False,0.0,0.0,False,linear,0.0,0.0,0.0,0.0,False,clear,1.0,0.0
EXP_CC2CE078,42,238,3.966667,1,1885.020209,1975.235198,-80.0,-60.0,0.0,0.0,True,straight,2000,2000,10,0.0,0.0,0.0,0.0,5.516514,6.073759,1205.020209,1215.235198,False,False,False,0.0,False,0.0,False,0.0,False,0.0,0.0,False,linear,0.0,0.0,0.0,0.0,False,clear,1.0,0.0
EXP_CC2CE078,42,239,3.983333,1,1883.686876,1974.235198,-80.0,-60.0,0.0,0.0,True,straight,2000,2000,10,0.0,0.0,0.0,0.0,5.508255,6.067577,1203.686876,1214.235198,False,False,False,0.0,False,0.0,False,0.0,False,0.0,0.0,False,linear,0.0,0.0,0.0,0.0,False,clear,1.0,0.0
EXP_CC2CE078,42,240,4.0,1,1882.353542,1973.235198,-80.0,-60.0,0.0,0.0,True,straight,2000,2000,10,0.0,0.0,0.0,0.0,5.499995,6.061396,1202.353542,1213.235198,False,False,False,0.0,False,0.0,False,0.0,False,0.0,0.0,False,linear,0.0,0.0,0.0,0.0,False,clear,1.0,0.0
EXP_CC2CE078,42,241,4.016667,1,1881.020209,1972.235198,-80.0,-60.0,0.0,0.0,True,straight,2000,2000,10,0.0,0.0,0.0,0.0,5.491734,6.055214,1201.020209,1212.235198,False,False,False,0.0,False,0.0,False,0.0,False,0.0,0.0,False,linear,0.0,0.0,0.0,0.0,False,clear,1.0,0.0
EXP_CC2CE078,42,242,4.033333,1,1879.686876,1971.235198,-80.0,-60.0,0.0,0.0,True,straight,2000,2000,10,0.0,0.0,0.0,0.0,5.483474,6.049032,1199.686876,1211.235198,False,False,False,0.0,False,0.0,False,0.0,False,0.0,0.0,False,linear,0.0,0.0,0.0,0.0,False,clear,1.0,0.0
EXP_CC2CE078,42,243,4.05,1,1878.353542,1970.235198,-80.0,-60.0,0.0,0.0,True,straight,2000,2000,10,0.0,0.0,0.0,0.0,5.475213,6.04285,1198.353542,1210.235198,False,False,False,0.0,False,0.0,False,0.0,False,0.0,0.0,False,linear,0.0,0.0,0.0,0.0,False,clear,1.0,0.0
EXP_CC2CE078,42,244,4.066667,1,1877.020209,1969.235198,-80.0,-60.0,0.0,0.0,True,straight,2000,2000,10,0.0,0.0,0.0,0.0,5.466952,6.036668,1197.020209,1209.235198,False,False,False,0.0,False,0.0,False,0.0,False,0.0,0.0,False,linear,0.0,0.0,0.0,0.0,False,clear,1.0,0.0
EXP_CC2CE078,42,245,4.083333,1,1875.686876,1968.235198,-80.0,-60.0,0.0,0.0,True,straight,2000,2000,10,0.0,0.0,0.0,0.0,5.458691,6.030485,1195.686876,1208.235198,False,False,False,0.0,False,0.0,False,0.0,False,0.0,0.0,False,linear,0.0,0.0,0.0,0.0,False,clear,1.0,0.0
EXP_CC2CE078,42,246,4.1,1,1874.353542,1967.235198,-80.0,-60.0,0.0,0.0,True,straight,2000,2000,10,0.0,0.0,0.0,0.0,5.45043,6.024303,1194.353542,1207.235198,False,False,False,0.0,False,0.0,False,0.0,False,0.0,0.0,False,linear,0.0,0.0,0.0,0.0,False,clear,1.0,0.0
EXP_CC2CE078,42,247,4.116667,1,1873.020209,1966.235198,-80.0,-60.0,0.0,0.0,True,straight,2000,2000,10,0.0,0.0,0.0,0.0,5.442168,6.01812,1193.020209,1206.235198,False,False,False,0.0,False,0.0,False,0.0,False,0.0,0.0,False,linear,0.0,0.0,0.0,0.0,False,clear,1.0,0.0
EXP_CC2CE078,42,248,4.133333,1,1871.686876,1965.235198,-80.0,-60.0,0.0,0.0,True,straight,2000,2000,10,0.0,0.0,0.0,0.0,5.433906,6.011937,1191.686876,1205.235198,False,False,False,0.0,False,0.0,False,0.0,False,0.0,0.0,False,linear,0.0,0.0,0.0,0.0,False,clear,1.0,0.0
EXP_CC2CE078,42,249,4.15,1,1870.353542,1964.235198,-80.0,-60.0,0.0,0.0,True,straight,2000,2000,10,0.0,0.0,0.0,0.0,5.425644,6.005754,1190.353542,1204.235198,False,False,False,0.0,False,0.0,False,0.0,False,0.0,0.0,False,linear,0.0,0.0,0.0,0.0,False,clear,1.0,0.0
EXP_CC2CE078,42,250,4.166667,1,1869.020209,1963.235198,-80.0,-60.0,0.0,0.0,True,straight,2000,2000,10,0.0,0.0,0.0,0.0,5.417382,5.999571,1189.020209,1203.235198,False,False,False,0.0,False,0.0,False,0.0,False,0.0,0.0,False,linear,0.0,0.0,0.0,0.0,False,clear,1.0,0.0
EXP_CC2CE078,42,251,4.183333,1,1867.686876,1962.235198,-80.0,-60.0,0.0,0.0,True,straight,2000,2000,10,0.0,0.0,0.0,0.0,5.409119,5.993388,1187.686876,1202.235198,False,False,False,0.0,False,0.0,False,0.0,False,0.0,0.0,False,linear,0.0,0.0,0.0,0.0,False,clear,1.0,0.0
EXP_CC2CE078,42,252,4.2,1,1866.353542,1961.235198,-80.0,-60.0,0.0,0.0,True,straight,2000,2000,10,0.0,0.0,0.0,0.0,5.400857,5.987205,1186.353542,1201.235198,False,False,False,0.0,False,0.0,False,0.0,False,0.0,0.0,False,linear,0.0,0.0,0.0,0.0,False,clear,1.0,0.0
EXP_CC2CE078,42,253,4.216667,1,1865.020209,1960.235198,-80.0,-60.0,0.0,0.0,True,straight,2000,2000,10,0.0,0.0,0.0,0.0,5.392594,5.981021,1185.020209,1200.235198,False,False,False,0.0,False,0.0,False,0.0,False,0.0,0.0,False,linear,0.0,0.0,0.0,0.0,False,clear,1.0,0.0
EXP_CC2CE078,42,254,4.233333,1,1863.686876,1959.235198,-80.0,-60.0,0.0,0.0,True,straight,2000,2000,10,0.0,0.0,0.0,0.0,5.38433,5.974838,1183.686876,1199.235198,False,False,False,0.0,False,0.0,False,0.0,False,0.0,0.0,False,linear,0.0,0.0,0.0,0.0,False,clear,1.0,0.0
EXP_CC2CE078,42,255,4.25,1,1862.353542,1958.235198,-80.0,-60.0,0.0,0.0,True,straight,2000,2000,10,0.0,0.0,0.0,0.0,5.376067,5.968654,1182.353542,1198.235198,False,False,False,0.0,False,0.0,False,0.0,False,0.0,0.0,False,linear,0.0,0.0,0.0,0.0,False,clear,1.0,0.0
EXP_CC2CE078,42,256,4.266667,1,1861.020209,1957.235198,-80.0,-60.0,0.0,0.0,True,straight,2000,2000,10,0.0,0.0,0.0,0.0,5.367803,5.96247,1181.020209,1197.235198,False,False,False,0.0,False,0.0,False,0.0,False,0.0,0.0,False,linear,0.0,0.0,0.0,0.0,False,clear,1.0,0.0
EXP_CC2CE078,42,257,4.283333,1,1859.686876,1956.235198,-80.0,-60.0,0.0,0.0,True,straight,2000,2000,10,0.0,0.0,0.0,0.0,5.359539,5.956286,1179.686876,1196.235198,False,False,False,0.0,False,0.0,False,0.0,False,0.0,0.0,False,linear,0.0,0.0,0.0,0.0,False,clear,1.0,0.0
EXP_CC2CE078,42,258,4.3,1,1858.353542,1955.235198,-80.0,-60.0,0.0,0.0,True,straight,2000,2000,10,0.0,0.0,0.0,0.0,5.351275,5.950102,1178.353542,1195.235198,False,False,False,0.0,False,0.0,False,0.0,False,0.0,0.0,False,linear,0.0,0.0,0.0,0.0,False,clear,1.0,0.0
EXP_CC2CE078,42,259,4.316667,1,1857.020209,1954.235198,-80.0,-60.0,0.0,0.0,True,straight,2000,2000,10,0.0,0.0,0.0,0.0,5.343011,5.943918,1177.020209,1194.235198,False,False,False,0.0,False,0.0,False,0.0,False,0.0,0.0,False,linear,0.0,0.0,0.0,0.0,False,clear,1.0,0.0
EXP_CC2CE078,42,260,4.333333,1,1855.686876,1953.235198,-80.0,-60.0,0.0,0.0,True,straight,2000,2000,10,0.0,0.0,0.0,0.0,5.334746,5.937733,1175.686876,1193.235198,False,False,False,0.0,False,0.0,False,0.0,False,0.0,0.0,False,linear,0.0,0.0,0.0,0.0,False,clear,1.0,0.0
EXP_CC2CE078,42,261,4.35,1,1854.353542,1952.235198,-80.0,-60.0,0.0,0.0,True,straight,2000,2000,10,0.0,0.0,0.0,0.0,5.326482,5.931548,1174.353542,1192.235198,False,False,False,0.0,False,0.0,False,0.0,False,0.0,0.0,False,linear,0.0,0.0,0.0,0.0,False,clear,1.0,0.0
EXP_CC2CE078,42,262,4.366667,1,1853.020209,1951.235198,-80.0,-60.0,0.0,0.0,True,straight,2000,2000,10,0.0,0.0,0.0,0.0,5.318217,5.925364,1173.020209,1191.235198,False,False,False,0.0,False,0.0,False,0.0,False,0.0,0.0,False,linear,0.0,0.0,0.0,0.0,False,clear,1.0,0.0
EXP_CC2CE078,42,263,4.383333,1,1851.686876,1950.235198,-80.0,-60.0,0.0,0.0,True,straight,2000,2000,10,0.0,0.0,0.0,0.0,5.309951,5.919179,1171.686876,1190.235198,False,False,False,0.0,False,0.0,False,0.0,False,0.0,0.0,False,linear,0.0,0.0,0.0,0.0,False,clear,1.0,0.0
EXP_CC2CE078,42,264,4.4,1,1850.353542,1949.235198,-80.0,-60.0,0.0,0.0,True,straight,2000,2000,10,0.0,0.0,0.0,0.0,5.301686,5.912994,1170.353542,1189.235198,False,False,False,0.0,False,0.0,False,0.0,False,0.0,0.0,False,linear,0.0,0.0,0.0,0.0,False,clear,1.0,0.0
EXP_CC2CE078,42,265,4.416667,1,1849.020209,1948.235198,-80.0,-60.0,0.0,0.0,True,straight,2000,2000,10,0.0,0.0,0.0,0.0,5.29342,5.906809,1169.020209,1188.235198,False,False,False,0.0,False,0.0,False,0.0,False,0.0,0.0,False,linear,0.0,0.0,0.0,0.0,False,clear,1.0,0.0
EXP_CC2CE078,42,266,4.433333,1,1847.686876,1947.235198,-80.0,-60.0,0.0,0.0,True,straight,2000,2000,10,0.0,0.0,0.0,0.0,5.285154,5.900623,1167.686876,1187.235198,False,False,False,0.0,False,0.0,False,0.0,False,0.0,0.0,False,linear,0.0,0.0,0.0,0.0,False,clear,1.0,0.0
EXP_CC2CE078,42,267,4.45,1,1846.353542,1946.235198,-80.0,-60.0,0.0,0.0,True,straight,2000,2000,10,0.0,0.0,0.0,0.0,5.276888,5.894438,1166.353542,1186.235198,False,False,False,0.0,False,0.0,False,0.0,False,0.0,0.0,False,linear,0.0,0.0,0.0,0.0,False,clear,1.0,0.0
EXP_CC2CE078,42,268,4.466667,1,1845.020209,1945.235198,-80.0,-60.0,0.0,0.0,True,straight,2000,2000,10,0.0,0.0,0.0,0.0,5.268622,5.888252,1165.020209,1185.235198,False,False,False,0.0,False,0.0,False,0.0,False,0.0,0.0,False,linear,0.0,0.0,0.0,0.0,False,clear,1.0,0.0
EXP_CC2CE078,42,269,4.483333,1,1843.686876,1944.235198,-80.0,-60.0,0.0,0.0,True,straight,2000,2000,10,0.0,0.0,0.0,0.0,5.260356,5.882067,1163.686876,1184.235198,False,False,False,0.0,False,0.0,False,0.0,False,0.0,0.0,False,linear,0.0,0.0,0.0,0.0,False,clear,1.0,0.0
EXP_CC2CE078,42,270,4.5,1,1842.353542,1943.235198,-80.0,-60.0,0.0,0.0,True,straight,2000,2000,10,0.0,0.0,0.0,0.0,5.252089,5.875881,1162.353542,1183.235198,False,False,False,0.0,False,0.0,False,0.0,False,0.0,0.0,False,linear,0.0,0.0,0.0,0.0,False,clear,1.0,0.0
EXP_CC2CE078,42,271,4.516667,1,1841.020209,1942.235198,-80.0,-60.0,0.0,0.0,True,straight,2000,2000,10,0.0,0.0,0.0,0.0,5.243822,5.869695,1161.020209,1182.235198,False,False,False,0.0,False,0.0,False,0.0,False,0.0,0.0,False,linear,0.0,0.0,0.0,0.0,False,clear,1.0,0.0
EXP_CC2CE078,42,272,4.533333,1,1839.686876,1941.235198,-80.0,-60.0,0.0,0.0,True,straight,2000,2000,10,0.0,0.0,0.0,0.0,5.235555,5.863509,1159.686876,1181.235198,False,False,False,0.0,False,0.0,False,0.0,False,0.0,0.0,False,linear,0.0,0.0,0.0,0.0,False,clear,1.0,0.0
EXP_CC2CE078,42,273,4.55,1,1838.353542,1940.235198,-80.0,-60.0,0.0,0.0,True,straight,2000,2000,10,0.0,0.0,0.0,0.0,5.227287,5.857323,1158.353542,1180.235198,False,False,False,0.0,False,0.0,False,0.0,False,0.0,0.0,False,linear,0.0,0.0,0.0,0.0,False,clear,1.0,0.0
EXP_CC2CE078,42,274,4.566667,1,1837.020209,1939.235198,-80.0,-60.0,0.0,0.0,True,straight,2000,2000,10,0.0,0.0,0.0,0.0,5.21902,5.851136,1157.020209,1179.235198,False,False,False,0.0,False,0.0,False,0.0,False,0.0,0.0,False,linear,0.0,0.0,0.0,0.0,False,clear,1.0,0.0
EXP_CC2CE078,42,275,4.583333,1,1835.686876,1938.235198,-80.0,-60.0,0.0,0.0,True,straight,2000,2000,10,0.0,0.0,0.0,0.0,5.210752,5.84495,1155.686876,1178.235198,False,False,False,0.0,False,0.0,False,0.0,False,0.0,0.0,False,linear,0.0,0.0,0.0,0.0,False,clear,1.0,0.0
EXP_CC2CE078,42,276,4.6,1,1834.353542,1937.235198,-80.0,-60.0,0.0,0.0,True,straight,2000,2000,10,0.0,0.0,0.0,0.0,5.202484,5.838763,1154.353542,1177.235198,False,False,False,0.0,False,0.0,False,0.0,False,0.0,0.0,False,linear,0.0,0.0,0.0,0.0,False,clear,1.0,0.0
EXP_CC2CE078,42,277,4.616667,1,1833.020209,1936.235198,-80.0,-60.0,0.0,0.0,True,straight,2000,2000,10,0.0,0.0,0.0,0.0,5.194215,5.832576,1153.020209,1176.235198,False,False,False,0.0,False,0.0,False,0.0,False,0.0,0.0,False,linear,0.0,0.0,0.0,0.0,False,clear,1.0,0.0
EXP_CC2CE078,42,278,4.633333,1,1831.686876,1935.235198,-80.0,-60.0,0.0,0.0,True,straight,2000,2000,10,0.0,0.0,0.0,0.0,5.185947,5.826389,1151.686876,1175.235198,False,False,False,0.0,False,0.0,False,0.0,False,0.0,0.0,False,linear,0.0,0.0,0.0,0.0,False,clear,1.0,0.0
EXP_CC2CE078,42,279,4.65,1,1830.353542,1934.235198,-80.0,-60.0,0.0,0.0,True,straight,2000,2000,10,0.0,0.0,0.0,0.0,5.177678,5.820202,1150.353542,1174.235198,False,False,False,0.0,False,0.0,False,0.0,False,0.0,0.0,False,linear,0.0,0.0,0.0,0.0,False,clear,1.0,0.0
EXP_CC2CE078,42,280,4.666667,1,1829.020209,1933.235198,-80.0,-60.0,0.0,0.0,True,straight,2000,2000,10,0.0,0.0,0.0,0.0,5.169409,5.814015,1149.020209,1173.235198,False,False,False,0.0,False,0.0,False,0.0,False,0.0,0.0,False,linear,0.0,0.0,0.0,0.0,False,clear,1.0,0.0
EXP_CC2CE078,42,281,4.683333,1,1827.686876,1932.235198,-80.0,-60.0,0.0,0.0,True,straight,2000,2000,10,0.0,0.0,0.0,0.0,5.16114,5.807828,1147.686876,1172.235198,False,False,False,0.0,False,0.0,False,0.0,False,0.0,0.0,False,linear,0.0,0.0,0.0,0.0,False,clear,1.0,0.0
EXP_CC2CE078,42,282,4.7,1,1826.353542,1931.235198,-80.0,-60.0,0.0,0.0,True,straight,2000,2000,10,0.0,0.0,0.0,0.0,5.152871,5.80164,1146.353542,1171.235198,False,False,False,0.0,False,0.0,False,0.0,False,0.0,0.0,False,linear,0.0,0.0,0.0,0.0,False,clear,1.0,0.0
EXP_CC2CE078,42,283,4.716667,1,1825.020209,1930.235198,-80.0,-60.0,0.0,0.0,True,straight,2000,2000,10,0.0,0.0,0.0,0.0,5.144601,5.795452,1145.020209,1170.235198,False,False,False,0.0,False,0.0,False,0.0,False,0.0,0.0,False,linear,0.0,0.0,0.0,0.0,False,clear,1.0,0.0
EXP_CC2CE078,42,284,4.733333,1,1823.686876,1929.235198,-80.0,-60.0,0.0,0.0,True,straight,2000,2000,10,0.0,0.0,0.0,0.0,5.136331,5.789265,1143.686876,1169.235198,False,False,False,0.0,False,0.0,False,0.0,False,0.0,0.0,False,linear,0.0,0.0,0.0,0.0,False,clear,1.0,0.0
EXP_CC2CE078,42,285,4.75,1,1822.353542,1928.235198,-80.0,-60.0,0.0,0.0,True,straight,2000,2000,10,0.0,0.0,0.0,0.0,5.128061,5.783077,1142.353542,1168.235198,False,False,False,0.0,False,0.0,False,0.0,False,0.0,0.0,False,linear,0.0,0.0,0.0,0.0,False,clear,1.0,0.0
EXP_CC2CE078,42,286,4.766667,1,1821.020209,1927.235198,-80.0,-60.0,0.0,0.0,True,straight,2000,2000,10,0.0,0.0,0.0,0.0,5.119791,5.776889,1141.020209,1167.235198,False,False,False,0.0,False,0.0,False,0.0,False,0.0,0.0,False,linear,0.0,0.0,0.0,0.0,False,clear,1.0,0.0
EXP_CC2CE078,42,287,4.783333,1,1819.686876,1926.235198,-80.0,-60.0,0.0,0.0,True,straight,2000,2000,10,0.0,0.0,0.0,0.0,5.111521,5.770701,1139.686876,1166.235198,False,False,False,0.0,False,0.0,False,0.0,False,0.0,0.0,False,linear,0.0,0.0,0.0,0.0,False,clear,1.0,0.0
EXP_CC2CE078,42,288,4.8,1,1818.353542,1925.235198,-80.0,-60.0,0.0,0.0,True,straight,2000,2000,10,0.0,0.0,0.0,0.0,5.10325,5.764512,1138.353542,1165.235198,False,False,False,0.0,False,0.0,False,0.0,False,0.0,0.0,False,linear,0.0,0.0,0.0,0.0,False,clear,1.0,0.0
EXP_CC2CE078,42,289,4.816667,1,1817.020209,1924.235198,-80.0,-60.0,0.0,0.0,True,straight,2000,2000,10,0.0,0.0,0.0,0.0,5.094979,5.758324,1137.020209,1164.235198,False,False,False,0.0,False,0.0,False,0.0,False,0.0,0.0,False,linear,0.0,0.0,0.0,0.0,False,clear,1.0,0.0
EXP_CC2CE078,42,290,4.833333,1,1815.686876,1923.235198,-80.0,-60.0,0.0,0.0,True,straight,2000,2000,10,0.0,0.0,0.0,0.0,5.086708,5.752135,1135.686876,1163.235198,False,False,False,0.0,False,0.0,False,0.0,False,0.0,0.0,False,linear,0.0,0.0,0.0,0.0,False,clear,1.0,0.0
EXP_CC2CE078,42,291,4.85,1,1814.353542,1922.235198,-80.0,-60.0,0.0,0.0,True,straight,2000,2000,10,0.0,0.0,0.0,0.0,5.078437,5.745947,1134.353542,1162.235198,False,False,False,0.0,False,0.0,False,0.0,False,0.0,0.0,False,linear,0.0,0.0,0.0,0.0,False,clear,1.0,0.0
EXP_CC2CE078,42,292,4.866667,1,1813.020209,1921.235198,-80.0,-60.0,0.0,0.0,True,straight,2000,2000,10,0.0,0.0,0.0,0.0,5.070165,5.739758,1133.020209,1161.235198,False,False,False,0.0,False,0.0,False,0.0,False,0.0,0.0,False,linear,0.0,0.0,0.0,0.0,False,clear,1.0,0.0
EXP_CC2CE078,42,293,4.883333,1,1811.686876,1920.235198,-80.0,-60.0,0.0,0.0,True,straight,2000,2000,10,0.0,0.0,0.0,0.0,5.061894,5.733569,1131.686876,1160.235198,False,False,False,0.0,False,0.0,False,0.0,False,0.0,0.0,False,linear,0.0,0.0,0.0,0.0,False,clear,1.0,0.0
EXP_CC2CE078,42,294,4.9,1,1810.353542,1919.235198,-80.0,-60.0,0.0,0.0,True,straight,2000,2000,10,0.0,0.0,0.0,0.0,5.053622,5.72738,1130.353542,1159.235198,False,False,False,0.0,False,0.0,False,0.0,False,0.0,0.0,False,linear,0.0,0.0,0.0,0.0,False,clear,1.0,0.0
EXP_CC2CE078,42,295,4.916667,1,1809.020209,1918.235198,-80.0,-60.0,0.0,0.0,True,straight,2000,2000,10,0.0,0.0,0.0,0.0,5.04535,5.721191,1129.020209,1158.235198,False,False,False,0.0,False,0.0,False,0.0,False,0.0,0.0,False,linear,0.0,0.0,0.0,0.0,False,clear,1.0,0.0
EXP_CC2CE078,42,296,4.933333,1,1807.686876,1917.235198,-80.0,-60.0,0.0,0.0,True,straight,2000,2000,10,0.0,0.0,0.0,0.0,5.037077,5.715001,1127.686876,1157.235198,False,False,False,0.0,False,0.0,False,0.0,False,0.0,0.0,False,linear,0.0,0.0,0.0,0.0,False,clear,1.0,0.0
EXP_CC2CE078,42,297,4.95,1,1806.353542,1916.235198,-80.0,-60.0,0.0,0.0,True,straight,2000,2000,10,0.0,0.0,0.0,0.0,5.028805,5.708812,1126.353542,1156.235198,False,False,False,0.0,False,0.0,False,0.0,False,0.0,0.0,False,linear,0.0,0.0,0.0,0.0,False,clear,1.0,0.0
EXP_CC2CE078,42,298,4.966667,1,1805.020209,1915.235198,-80.0,-60.0,0.0,0.0,True,straight,2000,2000,10,0.0,0.0,0.0,0.0,5.020532,5.702622,1125.020209,1155.235198,False,False,False,0.0,False,0.0,False,0.0,False,0.0,0.0,False,linear,0.0,0.0,0.0,0.0,False,clear,1.0,0.0
EXP_CC2CE078,42,299,4.983333,1,1803.686876,1914.235198,-80.0,-60.0,0.0,0.0,True,straight,2000,2000,10,0.0,0.0,0.0,0.0,5.012259,5.696432,1123.686876,1154.235198,False,False,False,0.0,False,0.0,False,0.0,False,0.0,0.0,False,linear,0.0,0.0,0.0,0.0,False,clear,1.0,0.0
EXP_CC2CE078,42,300,5.0,1,1802.353542,1913.235198,-80.0,-60.0,0.0,0.0,True,straight,2000,2000,10,0.0,0.0,0.0,0.0,5.003986,5.690242,1122.353542,1153.235198,False,False,False,0.0,False,0.0,False,0.0,False,0.0,0.0,False,linear,0.0,0.0,0.0,0.0,False,clear,1.0,0.0
EXP_CC2CE078,42,301,5.016667,1,1801.020209,1912.235198,-80.0,-60.0,0.0,0.0,True,straight,2000,2000,10,0.0,0.0,0.0,0.0,4.995712,5.684052,1121.020209,1152.235198,False,False,False,0.0,False,0.0,False,0.0,False,0.0,0.0,False,linear,0.0,0.0,0.0,0.0,False,clear,1.0,0.0
EXP_CC2CE078,42,302,5.033333,1,1799.686876,1911.235198,-80.0,-60.0,0.0,0.0,True,straight,2000,2000,10,0.0,0.0,0.0,0.0,4.987439,5.677862,1119.686876,1151.235198,False,False,False,0.0,False,0.0,False,0.0,False,0.0,0.0,False,linear,0.0,0.0,0.0,0.0,False,clear,1.0,0.0
EXP_CC2CE078,42,303,5.05,1,1798.353542,1910.235198,-80.0,-60.0,0.0,0.0,True,straight,2000,2000,10,0.0,0.0,0.0,0.0,4.979165,5.671672,1118.353542,1150.235198,False,False,False,0.0,False,0.0,False,0.0,False,0.0,0.0,False,linear,0.0,0.0,0.0,0.0,False,clear,1.0,0.0
EXP_CC2CE078,42,304,5.066667,1,1797.020209,1909.235198,-80.0,-60.0,0.0,0.0,True,straight,2000,2000,10,0.0,0.0,0.0,0.0,4.970891,5.665481,1117.020209,1149.235198,False,False,False,0.0,False,0.0,False,0.0,False,0.0,0.0,False,linear,0.0,0.0,0.0,0.0,False,clear,1.0,0.0
EXP_CC2CE078,42,305,5.083333,1,1795.686876,1908.235198,-80.0,-60.0,0.0,0.0,True,straight,2000,2000,10,0.0,0.0,0.0,0.0,4.962617,5.659291,1115.686876,1148.235198,False,False,False,0.0,False,0.0,False,0.0,False,0.0,0.0,False,linear,0.0,0.0,0.0,0.0,False,clear,1.0,0.0
EXP_CC2CE078,42,306,5.1,1,1794.353542,1907.235198,-80.0,-60.0,0.0,0.0,True,straight,2000,2000,10,0.0,0.0,0.0,0.0,4.954342,5.6531,1114.353542,1147.235198,False,False,False,0.0,False,0.0,False,0.0,False,0.0,0.0,False,linear,0.0,0.0,0.0,0.0,False,clear,1.0,0.0
EXP_CC2CE078,42,307,5.116667,1,1793.020209,1906.235198,-80.0,-60.0,0.0,0.0,True,straight,2000,2000,10,0.0,0.0,0.0,0.0,4.946068,5.646909,1113.020209,1146.235198,False,False,False,0.0,False,0.0,False,0.0,False,0.0,0.0,False,linear,0.0,0.0,0.0,0.0,False,clear,1.0,0.0
EXP_CC2CE078,42,308,5.133333,1,1791.686876,1905.235198,-80.0,-60.0,0.0,0.0,True,straight,2000,2000,10,0.0,0.0,0.0,0.0,4.937793,5.640718,1111.686876,1145.235198,False,False,False,0.0,False,0.0,False,0.0,False,0.0,0.0,False,linear,0.0,0.0,0.0,0.0,False,clear,1.0,0.0
EXP_CC2CE078,42,309,5.15,1,1790.353542,1904.235198,-80.0,-60.0,0.0,0.0,True,straight,2000,2000,10,0.0,0.0,0.0,0.0,4.929518,5.634527,1110.353542,1144.235198,False,False,False,0.0,False,0.0,False,0.0,False,0.0,0.0,False,linear,0.0,0.0,0.0,0.0,False,clear,1.0,0.0
EXP_CC2CE078,42,310,5.166667,1,1789.020209,1903.235198,-80.0,-60.0,0.0,0.0,True,straight,2000,2000,10,0.0,0.0,0.0,0.0,4.921242,5.628336,1109.020209,1143.235198,False,False,False,0.0,False,0.0,False,0.0,False,0.0,0.0,False,linear,0.0,0.0,0.0,0.0,False,clear,1.0,0.0
EXP_CC2CE078,42,311,5.183333,1,1787.686876,1902.235198,-80.0,-60.0,0.0,0.0,True,straight,2000,2000,10,0.0,0.0,0.0,0.0,4.912967,5.622145,1107.686876,1142.235198,False,False,False,0.0,False,0.0,False,0.0,False,0.0,0.0,False,linear,0.0,0.0,0.0,0.0,False,clear,1.0,0.0
EXP_CC2CE078,42,312,5.2,1,1786.353542,1901.235198,-80.0,-60.0,0.0,0.0,True,straight,2000,2000,10,0.0,0.0,0.0,0.0,4.904691,5.615953,1106.353542,1141.235198,False,False,False,0.0,False,0.0,False,0.0,False,0.0,0.0,False,linear,0.0,0.0,0.0,0.0,False,clear,1.0,0.0
EXP_CC2CE078,42,313,5.216667,1,1785.020209,1900.235198,-80.0,-60.0,0.0,0.0,True,straight,2000,2000,10,0.0,0.0,0.0,0.0,4.896415,5.609761,1105.020209,1140.235198,False,False,False,0.0,False,0.0,False,0.0,False,0.0,0.0,False,linear,0.0,0.0,0.0,0.0,False,clear,1.0,0.0
EXP_CC2CE078,42,314,5.233333,1,1783.686876,1899.235198,-80.0,-60.0,0.0,0.0,True,straight,2000,2000,10,0.0,0.0,0.0,0.0,4.888139,5.60357,1103.686876,1139.235198,False,False,False,0.0,False,0.0,False,0.0,False,0.0,0.0,False,linear,0.0,0.0,0.0,0.0,False,clear,1.0,0.0
EXP_CC2CE078,42,315,5.25,1,1782.353542,1898.235198,-80.0,-60.0,0.0,0.0,True,straight,2000,2000,10,0.0,0.0,0.0,0.0,4.879863,5.597378,1102.353542,1138.235198,False,False,False,0.0,False,0.0,False,0.0,False,0.0,0.0,False,linear,0.0,0.0,0.0,0.0,False,clear,1.0,0.0
EXP_CC2CE078,42,316,5.266667,1,1781.020209,1897.235198,-80.0,-60.0,0.0,0.0,True,straight,2000,2000,10,0.0,0.0,0.0,0.0,4.871586,5.591186,1101.020209,1137.235198,False,False,False,0.0,False,0.0,False,0.0,False,0.0,0.0,False,linear,0.0,0.0,0.0,0.0,False,clear,1.0,0.0
EXP_CC2CE078,42,317,5.283333,1,1779.686876,1896.235198,-80.0,-60.0,0.0,0.0,True,straight,2000,2000,10,0.0,0.0,0.0,0.0,4.86331,5.584994,1099.686876,1136.235198,False,False,False,0.0,False,0.0,False,0.0,False,0.0,0.0,False,linear,0.0,0.0,0.0,0.0,False,clear,1.0,0.0
EXP_CC2CE078,42,318,5.3,1,1778.353542,1895.235198,-80.0,-60.0,0.0,0.0,True,straight,2000,2000,10,0.0,0.0,0.0,0.0,4.855033,5.578801,1098.353542,1135.235198,False,False,False,0.0,False,0.0,False,0.0,False,0.0,0.0,False,linear,0.0,0.0,0.0,0.0,False,clear,1.0,0.0
EXP_CC2CE078,42,319,5.316667,1,1777.020209,1894.235198,-80.0,-60.0,0.0,0.0,True,straight,2000,2000,10,0.0,0.0,0.0,0.0,4.846756,5.572609,1097.020209,1134.235198,False,False,False,0.0,False,0.0,False,0.0,False,0.0,0.0,False,linear,0.0,0.0,0.0,0.0,False,clear,1.0,0.0
EXP_CC2CE078,42,320,5.333333,1,1775.686876,1893.235198,-80.0,-60.0,0.0,0.0,True,straight,2000,2000,10,0.0,0.0,0.0,0.0,4.838478,5.566416,1095.686876,1133.235198,False,False,False,0.0,False,0.0,False,0.0,False,0.0,0.0,False,linear,0.0,0.0,0.0,0.0,False,clear,1.0,0.0
EXP_CC2CE078,42,321,5.35,1,1774.353542,1892.235198,-80.0,-60.0,0.0,0.0,True,straight,2000,2000,10,0.0,0.0,0.0,0.0,4.830201,5.560224,1094.353542,1132.235198,False,False,False,0.0,False,0.0,False,0.0,False,0.0,0.0,False,linear,0.0,0.0,0.0,0.0,False,clear,1.0,0.0
EXP_CC2CE078,42,322,5.366667,1,1773.020209,1891.235198,-80.0,-60.0,0.0,0.0,True,straight,2000,2000,10,0.0,0.0,0.0,0.0,4.821923,5.554031,1093.020209,1131.235198,False,False,False,0.0,False,0.0,False,0.0,False,0.0,0.0,False,linear,0.0,0.0,0.0,0.0,False,clear,1.0,0.0
EXP_CC2CE078,42,323,5.383333,1,1771.686876,1890.235198,-80.0,-60.0,0.0,0.0,True,straight,2000,2000,10,0.0,0.0,0.0,0.0,4.813645,5.547838,1091.686876,1130.235198,False,False,False,0.0,False,0.0,False,0.0,False,0.0,0.0,False,linear,0.0,0.0,0.0,0.0,False,clear,1.0,0.0
EXP_CC2CE078,42,324,5.4,1,1770.353542,1889.235198,-80.0,-60.0,0.0,0.0,True,straight,2000,2000,10,0.0,0.0,0.0,0.0,4.805367,5.541645,1090.353542,1129.235198,False,False,False,0.0,False,0.0,False,0.0,False,0.0,0.0,False,linear,0.0,0.0,0.0,0.0,False,clear,1.0,0.0
EXP_CC2CE078,42,325,5.416667,1,1769.020209,1888.235198,-80.0,-60.0,0.0,0.0,True,straight,2000,2000,10,0.0,0.0,0.0,0.0,4.797089,5.535452,1089.020209,1128.235198,False,False,False,0.0,False,0.0,False,0.0,False,0.0,0.0,False,linear,0.0,0.0,0.0,0.0,False,clear,1.0,0.0
EXP_CC2CE078,42,326,5.433333,1,1767.686876,1887.235198,-80.0,-60.0,0.0,0.0,True,straight,2000,2000,10,0.0,0.0,0.0,0.0,4.78881,5.529258,1087.686876,1127.235198,False,False,False,0.0,False,0.0,False,0.0,False,0.0,0.0,False,linear,0.0,0.0,0.0,0.0,False,clear,1.0,0.0
EXP_CC2CE078,42,327,5.45,1,1766.353542,1886.235198,-80.0,-60.0,0.0,0.0,True,straight,2000,2000,10,0.0,0.0,0.0,0.0,4.780532,5.523065,1086.353542,1126.235198,False,False,False,0.0,False,0.0,False,0.0,False,0.0,0.0,False,linear,0.0,0.0,0.0,0.0,False,clear,1.0,0.0
EXP_CC2CE078,42,328,5.466667,1,1765.020209,1885.235198,-80.0,-60.0,0.0,0.0,True,straight,2000,2000,10,0.0,0.0,0.0,0.0,4.772253,5.516871,1085.020209,1125.235198,False,False,False,0.0,False,0.0,False,0.0,False,0.0,0.0,False,linear,0.0,0.0,0.0,0.0,False,clear,1.0,0.0
EXP_CC2CE078,42,329,5.483333,1,1763.686876,1884.235198,-80.0,-60.0,0.0,0.0,True,straight,2000,2000,10,0.0,0.0,0.0,0.0,4.763974,5.510678,1083.686876,1124.235198,False,False,False,0.0,False,0.0,False,0.0,False,0.0,0.0,False,linear,0.0,0.0,0.0,0.0,False,clear,1.0,0.0
EXP_CC2CE078,42,330,5.5,1,1762.353542,1883.235198,-80.0,-60.0,0.0,0.0,True,straight,2000,2000,10,0.0,0.0,0.0,0.0,4.755694,5.504484,1082.353542,1123.235198,False,False,False,0.0,False,0.0,False,0.0,False,0.0,0.0,False,linear,0.0,0.0,0.0,0.0,False,clear,1.0,0.0
EXP_CC2CE078,42,331,5.516667,1,1761.020209,1882.235198,-80.0,-60.0,0.0,0.0,True,straight,2000,2000,10,0.0,0.0,0.0,0.0,4.747415,5.49829,1081.020209,1122.235198,False,False,False,0.0,False,0.0,False,0.0,False,0.0,0.0,False,linear,0.0,0.0,0.0,0.0,False,clear,1.0,0.0
EXP_CC2CE078,42,332,5.533333,1,1759.686876,1881.235198,-80.0,-60.0,0.0,0.0,True,straight,2000,2000,10,0.0,0.0,0.0,0.0,4.739135,5.492096,1079.686876,1121.235198,False,False,False,0.0,False,0.0,False,0.0,False,0.0,0.0,False,linear,0.0,0.0,0.0,0.0,False,clear,1.0,0.0
EXP_CC2CE078,42,333,5.55,1,1758.353542,1880.235198,-80.0,-60.0,0.0,0.0,True,straight,2000,2000,10,0.0,0.0,0.0,0.0,4.730855,5.485902,1078.353542,1120.235198,False,False,False,0.0,False,0.0,False,0.0,False,0.0,0.0,False,linear,0.0,0.0,0.0,0.0,False,clear,1.0,0.0
EXP_CC2CE078,42,334,5.566667,1,1757.020209,1879.235198,-80.0,-60.0,0.0,0.0,True,straight,2000,2000,10,0.0,0.0,0.0,0.0,4.722575,5.479707,1077.020209,1119.235198,False,False,False,0.0,False,0.0,False,0.0,False,0.0,0.0,False,linear,0.0,0.0,0.0,0.0,False,clear,1.0,0.0
EXP_CC2CE078,42,335,5.583333,1,1755.686876,1878.235198,-80.0,-60.0,0.0,0.0,True,straight,2000,2000,10,0.0,0.0,0.0,0.0,4.714295,5.473513,1075.686876,1118.235198,False,False,False,0.0,False,0.0,False,0.0,False,0.0,0.0,False,linear,0.0,0.0,0.0,0.0,False,clear,1.0,0.0
EXP_CC2CE078,42,336,5.6,1,1754.353542,1877.235198,-80.0,-60.0,0.0,0.0,True,straight,2000,2000,10,0.0,0.0,0.0,0.0,4.706014,5.467318,1074.353542,1117.235198,False,False,False,0.0,False,0.0,False,0.0,False,0.0,0.0,False,linear,0.0,0.0,0.0,0.0,False,clear,1.0,0.0
EXP_CC2CE078,42,337,5.616667,1,1753.020209,1876.235198,-80.0,-60.0,0.0,0.0,True,straight,2000,2000,10,0.0,0.0,0.0,0.0,4.697734,5.461123,1073.020209,1116.235198,False,False,False,0.0,False,0.0,False,0.0,False,0.0,0.0,False,linear,0.0,0.0,0.0,0.0,False,clear,1.0,0.0
EXP_CC2CE078,42,338,5.633333,1,1751.686876,1875.235198,-80.0,-60.0,0.0,0.0,True,straight,2000,2000,10,0.0,0.0,0.0,0.0,4.689453,5.454928,1071.686876,1115.235198,False,False,False,0.0,False,0.0,False,0.0,False,0.0,0.0,False,linear,0.0,0.0,0.0,0.0,False,clear,1.0,0.0
EXP_CC2CE078,42,339,5.65,1,1750.353542,1874.235198,-80.0,-60.0,0.0,0.0,True,straight,2000,2000,10,0.0,0.0,0.0,0.0,4.681172,5.448733,1070.353542,1114.235198,False,False,False,0.0,False,0.0,False,0.0,False,0.0,0.0,False,linear,0.0,0.0,0.0,0.0,False,clear,1.0,0.0
EXP_CC2CE078,42,340,5.666667,1,1749.020209,1873.235198,-80.0,-60.0,0.0,0.0,True,straight,2000,2000,10,0.0,0.0,0.0,0.0,4.67289,5.442538,1069.020209,1113.235198,False,False,False,0.0,False,0.0,False,0.0,False,0.0,0.0,False,linear,0.0,0.0,0.0,0.0,False,clear,1.0,0.0
EXP_CC2CE078,42,341,5.683333,1,1747.686876,1872.235198,-80.0,-60.0,0.0,0.0,True,straight,2000,2000,10,0.0,0.0,0.0,0.0,4.664609,5.436343,1067.686876,1112.235198,False,False,False,0.0,False,0.0,False,0.0,False,0.0,0.0,False,linear,0.0,0.0,0.0,0.0,False,clear,1.0,0.0
EXP_CC2CE078,42,342,5.7,1,1746.353542,1871.235198,-80.0,-60.0,0.0,0.0,True,straight,2000,2000,10,0.0,0.0,0.0,0.0,4.656327,5.430148,1066.353542,1111.235198,False,False,False,0.0,False,0.0,False,0.0,False,0.0,0.0,False,linear,0.0,0.0,0.0,0.0,False,clear,1.0,0.0
EXP_CC2CE078,42,343,5.716667,1,1745.020209,1870.235198,-80.0,-60.0,0.0,0.0,True,straight,2000,2000,10,0.0,0.0,0.0,0.0,4.648045,5.423952,1065.020209,1110.235198,False,False,False,0.0,False,0.0,False,0.0,False,0.0,0.0,False,linear,0.0,0.0,0.0,0.0,False,clear,1.0,0.0
EXP_CC2CE078,42,344,5.733333,1,1743.686876,1869.235198,-80.0,-60.0,0.0,0.0,True,straight,2000,2000,10,0.0,0.0,0.0,0.0,4.639763,5.417757,1063.686876,1109.235198,False,False,False,0.0,False,0.0,False,0.0,False,0.0,0.0,False,linear,0.0,0.0,0.0,0.0,False,clear,1.0,0.0
EXP_CC2CE078,42,345,5.75,1,1742.353542,1868.235198,-80.0,-60.0,0.0,0.0,True,straight,2000,2000,10,0.0,0.0,0.0,0.0,4.631481,5.411561,1062.353542,1108.235198,False,False,False,0.0,False,0.0,False,0.0,False,0.0,0.0,False,linear,0.0,0.0,0.0,0.0,False,clear,1.0,0.0
EXP_CC2CE078,42,346,5.766667,1,1741.020209,1867.235198,-80.0,-60.0,0.0,0.0,True,straight,2000,2000,10,0.0,0.0,0.0,0.0,4.623198,5.405365,1061.020209,1107.235198,False,False,False,0.0,False,0.0,False,0.0,False,0.0,0.0,False,linear,0.0,0.0,0.0,0.0,False,clear,1.0,0.0
EXP_CC2CE078,42,347,5.783333,1,1739.686876,1866.235198,-80.0,-60.0,0.0,0.0,True,straight,2000,2000,10,0.0,0.0,0.0,0.0,4.614916,5.399169,1059.686876,1106.235198,False,False,False,0.0,False,0.0,False,0.0,False,0.0,0.0,False,linear,0.0,0.0,0.0,0.0,False,clear,1.0,0.0
EXP_CC2CE078,42,348,5.8,1,1738.353542,1865.235198,-80.0,-60.0,0.0,0.0,True,straight,2000,2000,10,0.0,0.0,0.0,0.0,4.606633,5.392973,1058.353542,1105.235198,False,False,False,0.0,False,0.0,False,0.0,False,0.0,0.0,False,linear,0.0,0.0,0.0,0.0,False,clear,1.0,0.0
EXP_CC2CE078,42,349,5.816667,1,1737.020209,1864.235198,-80.0,-60.0,0.0,0.0,True,straight,2000,2000,10,0.0,0.0,0.0,0.0,4.59835,5.386776,1057.020209,1104.235198,False,False,False,0.0,False,0.0,False,0.0,False,0.0,0.0,False,linear,0.0,0.0,0.0,0.0,False,clear,1.0,0.0
EXP_CC2CE078,42,350,5.833333,1,1735.686876,1863.235198,-80.0,-60.0,0.0,0.0,True,straight,2000,2000,10,0.0,0.0,0.0,0.0,4.590067,5.38058,1055.686876,1103.235198,False,False,False,0.0,False,0.0,False,0.0,False,0.0,0.0,False,linear,0.0,0.0,0.0,0.0,False,clear,1.0,0.0
EXP_CC2CE078,42,351,5.85,1,1734.353542,1862.235198,-80.0,-60.0,0.0,0.0,True,straight,2000,2000,10,0.0,0.0,0.0,0.0,4.581783,5.374384,1054.353542,1102.235198,False,False,False,0.0,False,0.0,False,0.0,False,0.0,0.0,False,linear,0.0,0.0,0.0,0.0,False,clear,1.0,0.0
EXP_CC2CE078,42,352,5.866667,1,1733.020209,1861.235198,-80.0,-60.0,0.0,0.0,True,straight,2000,2000,10,0.0,0.0,0.0,0.0,4.5735,5.368187,1053.020209,1101.235198,False,False,False,0.0,False,0.0,False,0.0,False,0.0,0.0,False,linear,0.0,0.0,0.0,0.0,False,clear,1.0,0.0
EXP_CC2CE078,42,353,5.883333,1,1731.686876,1860.235198,-80.0,-60.0,0.0,0.0,True,straight,2000,2000,10,0.0,0.0,0.0,0.0,4.565216,5.36199,1051.686876,1100.235198,False,False,False,0.0,False,0.0,False,0.0,False,0.0,0.0,False,linear,0.0,0.0,0.0,0.0,False,clear,1.0,0.0
EXP_CC2CE078,42,354,5.9,1,1730.353542,1859.235198,-80.0,-60.0,0.0,0.0,True,straight,2000,2000,10,0.0,0.0,0.0,0.0,4.556932,5.355793,1050.353542,1099.235198,False,False,False,0.0,False,0.0,False,0.0,False,0.0,0.0,False,linear,0.0,0.0,0.0,0.0,False,clear,1.0,0.0
EXP_CC2CE078,42,355,5.916667,1,1729.020209,1858.235198,-80.0,-60.0,0.0,0.0,True,straight,2000,2000,10,0.0,0.0,0.0,0.0,4.548648,5.349596,1049.020209,1098.235198,False,False,False,0.0,False,0.0,False,0.0,False,0.0,0.0,False,linear,0.0,0.0,0.0,0.0,False,clear,1.0,0.0
EXP_CC2CE078,42,356,5.933333,1,1727.686876,1857.235198,-80.0,-60.0,0.0,0.0,True,straight,2000,2000,10,0.0,0.0,0.0,0.0,4.540363,5.343399,1047.686876,1097.235198,False,False,False,0.0,False,0.0,False,0.0,False,0.0,0.0,False,linear,0.0,0.0,0.0,0.0,False,clear,1.0,0.0
EXP_CC2CE078,42,357,5.95,1,1726.353542,1856.235198,-80.0,-60.0,0.0,0.0,True,straight,2000,2000,10,0.0,0.0,0.0,0.0,4.532079,5.337202,1046.353542,1096.235198,False,False,False,0.0,False,0.0,False,0.0,False,0.0,0.0,False,linear,0.0,0.0,0.0,0.0,False,clear,1.0,0.0
EXP_CC2CE078,42,358,5.966667,1,1725.020209,1855.235198,-80.0,-60.0,0.0,0.0,True,straight,2000,2000,10,0.0,0.0,0.0,0.0,4.523794,5.331004,1045.020209,1095.235198,False,False,False,0.0,False,0.0,False,0.0,False,0.0,0.0,False,linear,0.0,0.0,0.0,0.0,False,clear,1.0,0.0
EXP_CC2CE078,42,359,5.983333,1,1723.686876,1854.235198,-80.0,-60.0,0.0,0.0,True,straight,2000,2000,10,0.0,0.0,0.0,0.0,4.515509,5.324807,1043.686876,1094.235198,False,False,False,0.0,False,0.0,False,0.0,False,0.0,0.0,False,linear,0.0,0.0,0.0,0.0,False,clear,1.0,0.0
EXP_CC2CE078,42,360,6.0,1,1722.353542,1853.235198,-80.0,-60.0,0.0,0.0,True,straight,2000,2000,10,0.0,0.0,0.0,0.0,4.507224,5.318609,1042.353542,1093.235198,False,False,False,0.0,False,0.0,False,0.0,False,0.0,0.0,False,linear,0.0,0.0,0.0,0.0,False,clear,1.0,0.0
EXP_CC2CE078,42,361,6.016667,1,1721.020209,1852.235198,-80.0,-60.0,0.0,0.0,True,straight,2000,2000,10,0.0,0.0,0.0,0.0,4.498938,5.312411,1041.020209,1092.235198,False,False,False,0.0,False,0.0,False,0.0,False,0.0,0.0,False,linear,0.0,0.0,0.0,0.0,False,clear,1.0,0.0
EXP_CC2CE078,42,362,6.033333,1,1719.686876,1851.235198,-80.0,-60.0,0.0,0.0,True,straight,2000,2000,10,0.0,0.0,0.0,0.0,4.490653,5.306213,1039.686876,1091.235198,False,False,False,0.0,False,0.0,False,0.0,False,0.0,0.0,False,linear,0.0,0.0,0.0,0.0,False,clear,1.0,0.0
EXP_CC2CE078,42,363,6.05,1,1718.353542,1850.235198,-80.0,-60.0,0.0,0.0,True,straight,2000,2000,10,0.0,0.0,0.0,0.0,4.482367,5.300015,1038.353542,1090.235198,False,False,False,0.0,False,0.0,False,0.0,False,0.0,0.0,False,linear,0.0,0.0,0.0,0.0,False,clear,1.0,0.0
EXP_CC2CE078,42,364,6.066667,1,1717.020209,1849.235198,-80.0,-60.0,0.0,0.0,True,straight,2000,2000,10,0.0,0.0,0.0,0.0,4.474081,5.293817,1037.020209,1089.235198,False,False,False,0.0,False,0.0,False,0.0,False,0.0,0.0,False,linear,0.0,0.0,0.0,0.0,False,clear,1.0,0.0
EXP_CC2CE078,42,365,6.083333,1,1715.686876,1848.235198,-80.0,-60.0,0.0,0.0,True,straight,2000,2000,10,0.0,0.0,0.0,0.0,4.465795,5.287619,1035.686876,1088.235198,False,False,False,0.0,False,0.0,False,0.0,False,0.0,0.0,False,linear,0.0,0.0,0.0,0.0,False,clear,1.0,0.0
EXP_CC2CE078,42,366,6.1,1,1714.353542,1847.235198,-80.0,-60.0,0.0,0.0,True,straight,2000,2000,10,0.0,0.0,0.0,0.0,4.457509,5.281421,1034.353542,1087.235198,False,False,False,0.0,False,0.0,False,0.0,False,0.0,0.0,False,linear,0.0,0.0,0.0,0.0,False,clear,1.0,0.0
EXP_CC2CE078,42,367,6.116667,1,1713.020209,1846.235198,-80.0,-60.0,0.0,0.0,True,straight,2000,2000,10,0.0,0.0,0.0,0.0,4.449222,5.275222,1033.020209,1086.235198,False,False,False,0.0,False,0.0,False,0.0,False,0.0,0.0,False,linear,0.0,0.0,0.0,0.0,False,clear,1.0,0.0
EXP_CC2CE078,42,368,6.133333,1,1711.686876,1845.235198,-80.0,-60.0,0.0,0.0,True,straight,2000,2000,10,0.0,0.0,0.0,0.0,4.440936,5.269023,1031.686876,1085.235198,False,False,False,0.0,False,0.0,False,0.0,False,0.0,0.0,False,linear,0.0,0.0,0.0,0.0,False,clear,1.0,0.0
EXP_CC2CE078,42,369,6.15,1,1710.353542,1844.235198,-80.0,-60.0,0.0,0.0,True,straight,2000,2000,10,0.0,0.0,0.0,0.0,4.432649,5.262825,1030.353542,1084.235198,False,False,False,0.0,False,0.0,False,0.0,False,0.0,0.0,False,linear,0.0,0.0,0.0,0.0,False,clear,1.0,0.0
EXP_CC2CE078,42,370,6.166667,1,1709.020209,1843.235198,-80.0,-60.0,0.0,0.0,True,straight,2000,2000,10,0.0,0.0,0.0,0.0,4.424362,5.256626,1029.020209,1083.235198,False,False,False,0.0,False,0.0,False,0.0,False,0.0,0.0,False,linear,0.0,0.0,0.0,0.0,False,clear,1.0,0.0
EXP_CC2CE078,42,371,6.183333,1,1707.686876,1842.235198,-80.0,-60.0,0.0,0.0,True,straight,2000,2000,10,0.0,0.0,0.0,0.0,4.416075,5.250427,1027.686876,1082.235198,False,False,False,0.0,False,0.0,False,0.0,False,0.0,0.0,False,linear,0.0,0.0,0.0,0.0,False,clear,1.0,0.0
EXP_CC2CE078,42,372,6.2,1,1706.353542,1841.235198,-80.0,-60.0,0.0,0.0,True,straight,2000,2000,10,0.0,0.0,0.0,0.0,4.407787,5.244228,1026.353542,1081.235198,False,False,False,0.0,False,0.0,False,0.0,False,0.0,0.0,False,linear,0.0,0.0,0.0,0.0,False,clear,1.0,0.0
EXP_CC2CE078,42,373,6.216667,1,1705.020209,1840.235198,-80.0,-60.0,0.0,0.0,True,straight,2000,2000,10,0.0,0.0,0.0,0.0,4.3995,5.238028,1025.020209,1080.235198,False,False,False,0.0,False,0.0,False,0.0,False,0.0,0.0,False,linear,0.0,0.0,0.0,0.0,False,clear,1.0,0.0
EXP_CC2CE078,42,374,6.233333,1,1703.686876,1839.235198,-80.0,-60.0,0.0,0.0,True,straight,2000,2000,10,0.0,0.0,0.0,0.0,4.391212,5.231829,1023.686876,1079.235198,False,False,False,0.0,False,0.0,False,0.0,False,0.0,0.0,False,linear,0.0,0.0,0.0,0.0,False,clear,1.0,0.0
EXP_CC2CE078,42,375,6.25,1,1702.353542,1838.235198,-80.0,-60.0,0.0,0.0,True,straight,2000,2000,10,0.0,0.0,0.0,0.0,4.382924,5.225629,1022.353542,1078.235198,False,False,False,0.0,False,0.0,False,0.0,False,0.0,0.0,False,linear,0.0,0.0,0.0,0.0,False,clear,1.0,0.0
EXP_CC2CE078,42,376,6.266667,1,1701.020209,1837.235198,-80.0,-60.0,0.0,0.0,True,straight,2000,2000,10,0.0,0.0,0.0,0.0,4.374636,5.21943,1021.020209,1077.235198,False,False,False,0.0,False,0.0,False,0.0,False,0.0,0.0,False,linear,0.0,0.0,0.0,0.0,False,clear,1.0,0.0
EXP_CC2CE078,42,377,6.283333,1,1699.686876,1836.235198,-80.0,-60.0,0.0,0.0,True,straight,2000,2000,10,0.0,0.0,0.0,0.0,4.366348,5.21323,1019.686876,1076.235198,False,False,False,0.0,False,0.0,False,0.0,False,0.0,0.0,False,linear,0.0,0.0,0.0,0.0,False,clear,1.0,0.0
EXP_CC2CE078,42,378,6.3,1,1698.353542,1835.235198,-80.0,-60.0,0.0,0.0,True,straight,2000,2000,10,0.0,0.0,0.0,0.0,4.358059,5.20703,1018.353542,1075.235198,False,False,False,0.0,False,0.0,False,0.0,False,0.0,0.0,False,linear,0.0,0.0,0.0,0.0,False,clear,1.0,0.0
EXP_CC2CE078,42,379,6.316667,1,1697.020209,1834.235198,-80.0,-60.0,0.0,0.0,True,straight,2000,2000,10,0.0,0.0,0.0,0.0,4.349771,5.20083,1017.020209,1074.235198,False,False,False,0.0,False,0.0,False,0.0,False,0.0,0.0,False,linear,0.0,0.0,0.0,0.0,False,clear,1.0,0.0
EXP_CC2CE078,42,380,6.333333,1,1695.686876,1833.235198,-80.0,-60.0,0.0,0.0,True,straight,2000,2000,10,0.0,0.0,0.0,0.0,4.341482,5.19463,1015.686876,1073.235198,False,False,False,0.0,False,0.0,False,0.0,False,0.0,0.0,False,linear,0.0,0.0,0.0,0.0,False,clear,1.0,0.0
EXP_CC2CE078,42,381,6.35,1,1694.353542,1832.235198,-80.0,-60.0,0.0,0.0,True,straight,2000,2000,10,0.0,0.0,0.0,0.0,4.333193,5.18843,1014.353542,1072.235198,False,False,False,0.0,False,0.0,False,0.0,False,0.0,0.0,False,linear,0.0,0.0,0.0,0.0,False,clear,1.0,0.0
EXP_CC2CE078,42,382,6.366667,1,1693.020209,1831.235198,-80.0,-60.0,0.0,0.0,True,straight,2000,2000,10,0.0,0.0,0.0,0.0,4.324903,5.182229,1013.020209,1071.235198,False,False,False,0.0,False,0.0,False,0.0,False,0.0,0.0,False,linear,0.0,0.0,0.0,0.0,False,clear,1.0,0.0
EXP_CC2CE078,42,383,6.383333,1,1691.686876,1830.235198,-80.0,-60.0,0.0,0.0,True,straight,2000,2000,10,0.0,0.0,0.0,0.0,4.316614,5.176029,1011.686876,1070.235198,False,False,False,0.0,False,0.0,False,0.0,False,0.0,0.0,False,linear,0.0,0.0,0.0,0.0,False,clear,1.0,0.0
EXP_CC2CE078,42,384,6.4,1,1690.353542,1829.235198,-80.0,-60.0,0.0,0.0,True,straight,2000,2000,10,0.0,0.0,0.0,0.0,4.308324,5.169828,1010.353542,1069.235198,False,False,False,0.0,False,0.0,False,0.0,False,0.0,0.0,False,linear,0.0,0.0,0.0,0.0,False,clear,1.0,0.0
EXP_CC2CE078,42,385,6.416667,1,1689.020209,1828.235198,-80.0,-60.0,0.0,0.0,True,straight,2000,2000,10,0.0,0.0,0.0,0.0,4.300035,5.163628,1009.020209,1068.235198,False,False,False,0.0,False,0.0,False,0.0,False,0.0,0.0,False,linear,0.0,0.0,0.0,0.0,False,clear,1.0,0.0
EXP_CC2CE078,42,386,6.433333,1,1687.686876,1827.235198,-80.0,-60.0,0.0,0.0,True,straight,2000,2000,10,0.0,0.0,0.0,0.0,4.291745,5.157427,1007.686876,1067.235198,False,False,False,0.0,False,0.0,False,0.0,False,0.0,0.0,False,linear,0.0,0.0,0.0,0.0,False,clear,1.0,0.0
EXP_CC2CE078,42,387,6.45,1,1686.353542,1826.235198,-80.0,-60.0,0.0,0.0,True,straight,2000,2000,10,0.0,0.0,0.0,0.0,4.283455,5.151226,1006.353542,1066.235198,False,False,False,0.0,False,0.0,False,0.0,False,0.0,0.0,False,linear,0.0,0.0,0.0,0.0,False,clear,1.0,0.0
EXP_CC2CE078,42,388,6.466667,1,1685.020209,1825.235198,-80.0,-60.0,0.0,0.0,True,straight,2000,2000,10,0.0,0.0,0.0,0.0,4.275164,5.145025,1005.020209,1065.235198,False,False,False,0.0,False,0.0,False,0.0,False,0.0,0.0,False,linear,0.0,0.0,0.0,0.0,False,clear,1.0,0.0
EXP_CC2CE078,42,389,6.483333,1,1683.686876,1824.235198,-80.0,-60.0,0.0,0.0,True,straight,2000,2000,10,0.0,0.0,0.0,0.0,4.266874,5.138824,1003.686876,1064.235198,False,False,False,0.0,False,0.0,False,0.0,False,0.0,0.0,False,linear,0.0,0.0,0.0,0.0,False,clear,1.0,0.0
EXP_CC2CE078,42,390,6.5,1,1682.353542,1823.235198,-80.0,-60.0,0.0,0.0,True,straight,2000,2000,10,0.0,0.0,0.0,0.0,4.258583,5.132622,1002.353542,1063.235198,False,False,False,0.0,False,0.0,False,0.0,False,0.0,0.0,False,linear,0.0,0.0,0.0,0.0,False,clear,1.0,0.0
EXP_CC2CE078,42,391,6.516667,1,1681.020209,1822.235198,-80.0,-60.0,0.0,0.0,True,straight,2000,2000,10,0.0,0.0,0.0,0.0,4.250292,5.126421,1001.020209,1062.235198,False,False,False,0.0,False,0.0,False,0.0,False,0.0,0.0,False,linear,0.0,0.0,0.0,0.0,False,clear,1.0,0.0
EXP_CC2CE078,42,392,6.533333,1,1679.686876,1821.235198,-80.0,-60.0,0.0,0.0,True,straight,2000,2000,10,0.0,0.0,0.0,0.0,4.242001,5.120219,999.686876,1061.235198,False,False,False,0.0,False,0.0,False,0.0,False,0.0,0.0,False,linear,0.0,0.0,0.0,0.0,False,clear,1.0,0.0
EXP_CC2CE078,42,393,6.55,1,1678.353542,1820.235198,-80.0,-60.0,0.0,0.0,True,straight,2000,2000,10,0.0,0.0,0.0,0.0,4.23371,5.114017,998.353542,1060.235198,False,False,False,0.0,False,0.0,False,0.0,False,0.0,0.0,False,linear,0.0,0.0,0.0,0.0,False,clear,1.0,0.0
EXP_CC2CE078,42,394,6.566667,1,1677.020209,1819.235198,-80.0,-60.0,0.0,0.0,True,straight,2000,2000,10,0.0,0.0,0.0,0.0,4.225419,5.107816,997.020209,1059.235198,False,False,False,0.0,False,0.0,False,0.0,False,0.0,0.0,False,linear,0.0,0.0,0.0,0.0,False,clear,1.0,0.0
EXP_CC2CE078,42,395,6.583333,1,1675.686876,1818.235198,-80.0,-60.0,0.0,0.0,True,straight,2000,2000,10,0.0,0.0,0.0,0.0,4.217127,5.101614,995.686876,1058.235198,False,False,False,0.0,False,0.0,False,0.0,False,0.0,0.0,False,linear,0.0,0.0,0.0,0.0,False,clear,1.0,0.0
EXP_CC2CE078,42,396,6.6,1,1674.353542,1817.235198,-80.0,-60.0,0.0,0.0,True,straight,2000,2000,10,0.0,0.0,0.0,0.0,4.208836,5.095412,994.353542,1057.235198,False,False,False,0.0,False,0.0,False,0.0,False,0.0,0.0,False,linear,0.0,0.0,0.0,0.0,False,clear,1.0,0.0
EXP_CC2CE078,42,397,6.616667,1,1673.020209,1816.235198,-80.0,-60.0,0.0,0.0,True,straight,2000,2000,10,0.0,0.0,0.0,0.0,4.200544,5.089209,993.020209,1056.235198,False,False,False,0.0,False,0.0,False,0.0,False,0.0,0.0,False,linear,0.0,0.0,0.0,0.0,False,clear,1.0,0.0
EXP_CC2CE078,42,398,6.633333,1,1671.686876,1815.235198,-80.0,-60.0,0.0,0.0,True,straight,2000,2000,10,0.0,0.0,0.0,0.0,4.192252,5.083007,991.686876,1055.235198,False,False,False,0.0,False,0.0,False,0.0,False,0.0,0.0,False,linear,0.0,0.0,0.0,0.0,False,clear,1.0,0.0
EXP_CC2CE078,42,399,6.65,1,1670.353542,1814.235198,-80.0,-60.0,0.0,0.0,True,straight,2000,2000,10,0.0,0.0,0.0,0.0,4.183959,5.076805,990.353542,1054.235198,False,False,False,0.0,False,0.0,False,0.0,False,0.0,0.0,False,linear,0.0,0.0,0.0,0.0,False,clear,1.0,0.0
EXP_CC2CE078,42,400,6.666667,1,1669.020209,1813.235198,-80.0,-60.0,0.0,0.0,True,straight,2000,2000,10,0.0,0.0,0.0,0.0,4.175667,5.070602,989.020209,1053.235198,False,False,False,0.0,False,0.0,False,0.0,False,0.0,0.0,False,linear,0.0,0.0,0.0,0.0,False,clear,1.0,0.0
EXP_CC2CE078,42,401,6.683333,1,1667.686876,1812.235198,-80.0,-60.0,0.0,0.0,True,straight,2000,2000,10,0.0,0.0,0.0,0.0,4.167374,5.0644,987.686876,1052.235198,False,False,False,0.0,False,0.0,False,0.0,False,0.0,0.0,False,linear,0.0,0.0,0.0,0.0,False,clear,1.0,0.0
EXP_CC2CE078,42,402,6.7,1,1666.353542,1811.235198,-80.0,-60.0,0.0,0.0,True,straight,2000,2000,10,0.0,0.0,0.0,0.0,4.159081,5.058197,986.353542,1051.235198,False,False,False,0.0,False,0.0,False,0.0,False,0.0,0.0,False,linear,0.0,0.0,0.0,0.0,False,clear,1.0,0.0
EXP_CC2CE078,42,403,6.716667,1,1665.020209,1810.235198,-80.0,-60.0,0.0,0.0,True,straight,2000,2000,10,0.0,0.0,0.0,0.0,4.150789,5.051994,985.020209,1050.235198,False,False,False,0.0,False,0.0,False,0.0,False,0.0,0.0,False,linear,0.0,0.0,0.0,0.0,False,clear,1.0,0.0
EXP_CC2CE078,42,404,6.733333,1,1663.686876,1809.235198,-80.0,-60.0,0.0,0.0,True,straight,2000,2000,10,0.0,0.0,0.0,0.0,4.142495,5.045791,983.686876,1049.235198,False,False,False,0.0,False,0.0,False,0.0,False,0.0,0.0,False,linear,0.0,0.0,0.0,0.0,False,clear,1.0,0.0
EXP_CC2CE078,42,405,6.75,1,1662.353542,1808.235198,-80.0,-60.0,0.0,0.0,True,straight,2000,2000,10,0.0,0.0,0.0,0.0,4.134202,5.039588,982.353542,1048.235198,False,False,False,0.0,False,0.0,False,0.0,False,0.0,0.0,False,linear,0.0,0.0,0.0,0.0,False,clear,1.0,0.0
EXP_CC2CE078,42,406,6.766667,1,1661.020209,1807.235198,-80.0,-60.0,0.0,0.0,True,straight,2000,2000,10,0.0,0.0,0.0,0.0,4.125909,5.033385,981.020209,1047.235198,False,False,False,0.0,False,0.0,False,0.0,False,0.0,0.0,False,linear,0.0,0.0,0.0,0.0,False,clear,1.0,0.0
EXP_CC2CE078,42,407,6.783333,1,1659.686876,1806.235198,-80.0,-60.0,0.0,0.0,True,straight,2000,2000,10,0.0,0.0,0.0,0.0,4.117615,5.027181,979.686876,1046.235198,False,False,False,0.0,False,0.0,False,0.0,False,0.0,0.0,False,linear,0.0,0.0,0.0,0.0,False,clear,1.0,0.0
EXP_CC2CE078,42,408,6.8,1,1658.353542,1805.235198,-80.0,-60.0,0.0,0.0,True,straight,2000,2000,10,0.0,0.0,0.0,0.0,4.109321,5.020978,978.353542,1045.235198,False,False,False,0.0,False,0.0,False,0.0,False,0.0,0.0,False,linear,0.0,0.0,0.0,0.0,False,clear,1.0,0.0
EXP_CC2CE078,42,409,6.816667,1,1657.020209,1804.235198,-80.0,-60.0,0.0,0.0,True,straight,2000,2000,10,0.0,0.0,0.0,0.0,4.101027,5.014774,977.020209,1044.235198,False,False,False,0.0,False,0.0,False,0.0,False,0.0,0.0,False,linear,0.0,0.0,0.0,0.0,False,clear,1.0,0.0
EXP_CC2CE078,42,410,6.833333,1,1655.686876,1803.235198,-80.0,-60.0,0.0,0.0,True,straight,2000,2000,10,0.0,0.0,0.0,0.0,4.092733,5.00857,975.686876,1043.235198,False,False,False,0.0,False,0.0,False,0.0,False,0.0,0.0,False,linear,0.0,0.0,0.0,0.0,False,clear,1.0,0.0
EXP_CC2CE078,42,411,6.85,1,1654.353542,1802.235198,-80.0,-60.0,0.0,0.0,True,straight,2000,2000,10,0.0,0.0,0.0,0.0,4.084439,5.002367,974.353542,1042.235198,False,False,False,0.0,False,0.0,False,0.0,False,0.0,0.0,False,linear,0.0,0.0,0.0,0.0,False,clear,1.0,0.0
EXP_CC2CE078,42,412,6.866667,1,1653.020209,1801.235198,-80.0,-60.0,0.0,0.0,True,straight,2000,2000,10,0.0,0.0,0.0,0.0,4.076144,4.996163,973.020209,1041.235198,False,False,False,0.0,False,0.0,False,0.0,False,0.0,0.0,False,linear,0.0,0.0,0.0,0.0,False,clear,1.0,0.0
EXP_CC2CE078,42,413,6.883333,1,1651.686876,1800.235198,-80.0,-60.0,0.0,0.0,True,straight,2000,2000,10,0.0,0.0,0.0,0.0,4.067849,4.989958,971.686876,1040.235198,False,False,False,0.0,False,0.0,False,0.0,False,0.0,0.0,False,linear,0.0,0.0,0.0,0.0,False,clear,1.0,0.0
EXP_CC2CE078,42,414,6.9,1,1650.353542,1799.235198,-80.0,-60.0,0.0,0.0,True,straight,2000,2000,10,0.0,0.0,0.0,0.0,4.059555,4.983754,970.353542,1039.235198,False,False,False,0.0,False,0.0,False,0.0,False,0.0,0.0,False,linear,0.0,0.0,0.0,0.0,False,clear,1.0,0.0
EXP_CC2CE078,42,415,6.916667,1,1649.020209,1798.235198,-80.0,-60.0,0.0,0.0,True,straight,2000,2000,10,0.0,0.0,0.0,0.0,4.05126,4.97755,969.020209,1038.235198,False,False,False,0.0,False,0.0,False,0.0,False,0.0,0.0,False,linear,0.0,0.0,0.0,0.0,False,clear,1.0,0.0
EXP_CC2CE078,42,416,6.933333,1,1647.686876,1797.235198,-80.0,-60.0,0.0,0.0,True,straight,2000,2000,10,0.0,0.0,0.0,0.0,4.042964,4.971346,967.686876,1037.235198,False,False,False,0.0,False,0.0,False,0.0,False,0.0,0.0,False,linear,0.0,0.0,0.0,0.0,False,clear,1.0,0.0
EXP_CC2CE078,42,417,6.95,1,1646.353542,1796.235198,-80.0,-60.0,0.0,0.0,True,straight,2000,2000,10,0.0,0.0,0.0,0.0,4.034669,4.965141,966.353542,1036.235198,False,False,False,0.0,False,0.0,False,0.0,False,0.0,0.0,False,linear,0.0,0.0,0.0,0.0,False,clear,1.0,0.0
EXP_CC2CE078,42,418,6.966667,1,1645.020209,1795.235198,-80.0,-60.0,0.0,0.0,True,straight,2000,2000,10,0.0,0.0,0.0,0.0,4.026373,4.958936,965.020209,1035.235198,False,False,False,0.0,False,0.0,False,0.0,False,0.0,0.0,False,linear,0.0,0.0,0.0,0.0,False,clear,1.0,0.0
EXP_CC2CE078,42,419,6.983333,1,1643.686876,1794.235198,-80.0,-60.0,0.0,0.0,True,straight,2000,2000,10,0.0,0.0,0.0,0.0,4.018078,4.952732,963.686876,1034.235198,False,False,False,0.0,False,0.0,False,0.0,False,0.0,0.0,False,linear,0.0,0.0,0.0,0.0,False,clear,1.0,0.0
EXP_CC2CE078,42,420,7.0,1,1642.353542,1793.235198,-80.0,-60.0,0.0,0.0,True,straight,2000,2000,10,0.0,0.0,0.0,0.0,4.009782,4.946527,962.353542,1033.235198,False,False,False,0.0,False,0.0,False,0.0,False,0.0,0.0,False,linear,0.0,0.0,0.0,0.0,False,clear,1.0,0.0
EXP_CC2CE078,42,421,7.016667,1,1641.020209,1792.235198,-80.0,-60.0,0.0,0.0,True,straight,2000,2000,10,0.0,0.0,0.0,0.0,4.001486,4.940322,961.020209,1032.235198,False,False,False,0.0,False,0.0,False,0.0,False,0.0,0.0,False,linear,0.0,0.0,0.0,0.0,False,clear,1.0,0.0
EXP_CC2CE078,42,422,7.033333,1,1639.686876,1791.235198,-80.0,-60.0,0.0,0.0,True,straight,2000,2000,10,0.0,0.0,0.0,0.0,3.99319,4.934117,959.686876,1031.235198,False,False,False,0.0,False,0.0,False,0.0,False,0.0,0.0,False,linear,0.0,0.0,0.0,0.0,False,clear,1.0,0.0
EXP_CC2CE078,42,423,7.05,1,1638.353542,1790.235198,-80.0,-60.0,0.0,0.0,True,straight,2000,2000,10,0.0,0.0,0.0,0.0,3.984893,4.927911,958.353542,1030.235198,False,False,False,0.0,False,0.0,False,0.0,False,0.0,0.0,False,linear,0.0,0.0,0.0,0.0,False,clear,1.0,0.0
EXP_CC2CE078,42,424,7.066667,1,1637.020209,1789.235198,-80.0,-60.0,0.0,0.0,True,straight,2000,2000,10,0.0,0.0,0.0,0.0,3.976597,4.921706,957.020209,1029.235198,False,False,False,0.0,False,0.0,False,0.0,False,0.0,0.0,False,linear,0.0,0.0,0.0,0.0,False,clear,1.0,0.0
EXP_CC2CE078,42,425,7.083333,1,1635.686876,1788.235198,-80.0,-60.0,0.0,0.0,True,straight,2000,2000,10,0.0,0.0,0.0,0.0,3.9683,4.9155,955.686876,1028.235198,False,False,False,0.0,False,0.0,False,0.0,False,0.0,0.0,False,linear,0.0,0.0,0.0,0.0,False,clear,1.0,0.0
EXP_CC2CE078,42,426,7.1,1,1634.353542,1787.235198,-80.0,-60.0,0.0,0.0,True,straight,2000,2000,10,0.0,0.0,0.0,0.0,3.960003,4.909295,954.353542,1027.235198,False,False,False,0.0,False,0.0,False,0.0,False,0.0,0.0,False,linear,0.0,0.0,0.0,0.0,False,clear,1.0,0.0
EXP_CC2CE078,42,427,7.116667,1,1633.020209,1786.235198,-80.0,-60.0,0.0,0.0,True,straight,2000,2000,10,0.0,0.0,0.0,0.0,3.951706,4.903089,953.020209,1026.235198,False,False,False,0.0,False,0.0,False,0.0,False,0.0,0.0,False,linear,0.0,0.0,0.0,0.0,False,clear,1.0,0.0
EXP_CC2CE078,42,428,7.133333,1,1631.686876,1785.235198,-80.0,-60.0,0.0,0.0,True,straight,2000,2000,10,0.0,0.0,0.0,0.0,3.943409,4.896883,951.686876,1025.235198,False,False,False,0.0,False,0.0,False,0.0,False,0.0,0.0,False,linear,0.0,0.0,0.0,0.0,False,clear,1.0,0.0
EXP_CC2CE078,42,429,7.15,1,1630.353542,1784.235198,-80.0,-60.0,0.0,0.0,True,straight,2000,2000,10,0.0,0.0,0.0,0.0,3.935112,4.890677,950.353542,1024.235198,False,False,False,0.0,False,0.0,False,0.0,False,0.0,0.0,False,linear,0.0,0.0,0.0,0.0,False,clear,1.0,0.0
EXP_CC2CE078,42,430,7.166667,1,1629.020209,1783.235198,-80.0,-60.0,0.0,0.0,True,straight,2000,2000,10,0.0,0.0,0.0,0.0,3.926814,4.884471,949.020209,1023.235198,False,False,False,0.0,False,0.0,False,0.0,False,0.0,0.0,False,linear,0.0,0.0,0.0,0.0,False,clear,1.0,0.0
EXP_CC2CE078,42,431,7.183333,1,1627.686876,1782.235198,-80.0,-60.0,0.0,0.0,True,straight,2000,2000,10,0.0,0.0,0.0,0.0,3.918516,4.878265,947.686876,1022.235198,False,False,False,0.0,False,0.0,False,0.0,False,0.0,0.0,False,linear,0.0,0.0,0.0,0.0,False,clear,1.0,0.0
EXP_CC2CE078,42,432,7.2,1,1626.353542,1781.235198,-80.0,-60.0,0.0,0.0,True,straight,2000,2000,10,0.0,0.0,0.0,0.0,3.910218,4.872059,946.353542,1021.235198,False,False,False,0.0,False,0.0,False,0.0,False,0.0,0.0,False,linear,0.0,0.0,0.0,0.0,False,clear,1.0,0.0
EXP_CC2CE078,42,433,7.216667,1,1625.020209,1780.235198,-80.0,-60.0,0.0,0.0,True,straight,2000,2000,10,0.0,0.0,0.0,0.0,3.90192,4.865853,945.020209,1020.235198,False,False,False,0.0,False,0.0,False,0.0,False,0.0,0.0,False,linear,0.0,0.0,0.0,0.0,False,clear,1.0,0.0
EXP_CC2CE078,42,434,7.233333,1,1623.686876,1779.235198,-80.0,-60.0,0.0,0.0,True,straight,2000,2000,10,0.0,0.0,0.0,0.0,3.893622,4.859646,943.686876,1019.235198,False,False,False,0.0,False,0.0,False,0.0,False,0.0,0.0,False,linear,0.0,0.0,0.0,0.0,False,clear,1.0,0.0
EXP_CC2CE078,42,435,7.25,1,1622.353542,1778.235198,-80.0,-60.0,0.0,0.0,True,straight,2000,2000,10,0.0,0.0,0.0,0.0,3.885324,4.853439,942.353542,1018.235198,False,False,False,0.0,False,0.0,False,0.0,False,0.0,0.0,False,linear,0.0,0.0,0.0,0.0,False,clear,1.0,0.0
EXP_CC2CE078,42,436,7.266667,1,1621.020209,1777.235198,-80.0,-60.0,0.0,0.0,True,straight,2000,2000,10,0.0,0.0,0.0,0.0,3.877025,4.847233,941.020209,1017.235198,False,False,False,0.0,False,0.0,False,0.0,False,0.0,0.0,False,linear,0.0,0.0,0.0,0.0,False,clear,1.0,0.0
EXP_CC2CE078,42,437,7.283333,1,1619.686876,1776.235198,-80.0,-60.0,0.0,0.0,True,straight,2000,2000,10,0.0,0.0,0.0,0.0,3.868727,4.841026,939.686876,1016.235198,False,False,False,0.0,False,0.0,False,0.0,False,0.0,0.0,False,linear,0.0,0.0,0.0,0.0,False,clear,1.0,0.0
EXP_CC2CE078,42,438,7.3,1,1618.353542,1775.235198,-80.0,-60.0,0.0,0.0,True,straight,2000,2000,10,0.0,0.0,0.0,0.0,3.860428,4.834819,938.353542,1015.235198,False,False,False,0.0,False,0.0,False,0.0,False,0.0,0.0,False,linear,0.0,0.0,0.0,0.0,False,clear,1.0,0.0
EXP_CC2CE078,42,439,7.316667,1,1617.020209,1774.235198,-80.0,-60.0,0.0,0.0,True,straight,2000,2000,10,0.0,0.0,0.0,0.0,3.852129,4.828612,937.020209,1014.235198,False,False,False,0.0,False,0.0,False,0.0,False,0.0,0.0,False,linear,0.0,0.0,0.0,0.0,False,clear,1.0,0.0
EXP_CC2CE078,42,440,7.333333,1,1615.686876,1773.235198,-80.0,-60.0,0.0,0.0,True,straight,2000,2000,10,0.0,0.0,0.0,0.0,3.84383,4.822405,935.686876,1013.235198,False,False,False,0.0,False,0.0,False,0.0,False,0.0,0.0,False,linear,0.0,0.0,0.0,0.0,False,clear,1.0,0.0
EXP_CC2CE078,42,441,7.35,1,1614.353542,1772.235198,-80.0,-60.0,0.0,0.0,True,straight,2000,2000,10,0.0,0.0,0.0,0.0,3.83553,4.816197,934.353542,1012.235198,False,False,False,0.0,False,0.0,False,0.0,False,0.0,0.0,False,linear,0.0,0.0,0.0,0.0,False,clear,1.0,0.0
EXP_CC2CE078,42,442,7.366667,1,1613.020209,1771.235198,-80.0,-60.0,0.0,0.0,True,straight,2000,2000,10,0.0,0.0,0.0,0.0,3.827231,4.80999,933.020209,1011.235198,False,False,False,0.0,False,0.0,False,0.0,False,0.0,0.0,False,linear,0.0,0.0,0.0,0.0,False,clear,1.0,0.0
EXP_CC2CE078,42,443,7.383333,1,1611.686876,1770.235198,-80.0,-60.0,0.0,0.0,True,straight,2000,2000,10,0.0,0.0,0.0,0.0,3.818931,4.803782,931.686876,1010.235198,False,False,False,0.0,False,0.0,False,0.0,False,0.0,0.0,False,linear,0.0,0.0,0.0,0.0,False,clear,1.0,0.0
EXP_CC2CE078,42,444,7.4,1,1610.353542,1769.235198,-80.0,-60.0,0.0,0.0,True,straight,2000,2000,10,0.0,0.0,0.0,0.0,3.810631,4.797575,930.353542,1009.235198,False,False,False,0.0,False,0.0,False,0.0,False,0.0,0.0,False,linear,0.0,0.0,0.0,0.0,False,clear,1.0,0.0
EXP_CC2CE078,42,445,7.416667,1,1609.020209,1768.235198,-80.0,-60.0,0.0,0.0,True,straight,2000,2000,10,0.0,0.0,0.0,0.0,3.802331,4.791367,929.020209,1008.235198,False,False,False,0.0,False,0.0,False,0.0,False,0.0,0.0,False,linear,0.0,0.0,0.0,0.0,False,clear,1.0,0.0
EXP_CC2CE078,42,446,7.433333,1,1607.686876,1767.235198,-80.0,-60.0,0.0,0.0,True,straight,2000,2000,10,0.0,0.0,0.0,0.0,3.794031,4.785159,927.686876,1007.235198,False,False,False,0.0,False,0.0,False,0.0,False,0.0,0.0,False,linear,0.0,0.0,0.0,0.0,False,clear,1.0,0.0
EXP_CC2CE078,42,447,7.45,1,1606.353542,1766.235198,-80.0,-60.0,0.0,0.0,True,straight,2000,2000,10,0.0,0.0,0.0,0.0,3.785731,4.778951,926.353542,1006.235198,False,False,False,0.0,False,0.0,False,0.0,False,0.0,0.0,False,linear,0.0,0.0,0.0,0.0,False,clear,1.0,0.0
EXP_CC2CE078,42,448,7.466667,1,1605.020209,1765.235198,-80.0,-60.0,0.0,0.0,True,straight,2000,2000,10,0.0,0.0,0.0,0.0,3.77743,4.772743,925.020209,1005.235198,False,False,False,0.0,False,0.0,False,0.0,False,0.0,0.0,False,linear,0.0,0.0,0.0,0.0,False,clear,1.0,0.0
EXP_CC2CE078,42,449,7.483333,1,1603.686876,1764.235198,-80.0,-60.0,0.0,0.0,True,straight,2000,2000,10,0.0,0.0,0.0,0.0,3.76913,4.766535,923.686876,1004.235198,False,False,False,0.0,False,0.0,False,0.0,False,0.0,0.0,False,linear,0.0,0.0,0.0,0.0,False,clear,1.0,0.0
EXP_CC2CE078,42,450,7.5,1,1602.353542,1763.235198,-80.0,-60.0,0.0,0.0,True,straight,2000,2000,10,0.0,0.0,0.0,0.0,3.760829,4.760327,922.353542,1003.235198,False,False,False,0.0,False,0.0,False,0.0,False,0.0,0.0,False,linear,0.0,0.0,0.0,0.0,False,clear,1.0,0.0
EXP_CC2CE078,42,451,7.516667,1,1601.020209,1762.235198,-80.0,-60.0,0.0,0.0,True,straight,2000,2000,10,0.0,0.0,0.0,0.0,3.752528,4.754118,921.020209,1002.235198,False,False,False,0.0,False,0.0,False,0.0,False,0.0,0.0,False,linear,0.0,0.0,0.0,0.0,False,clear,1.0,0.0
EXP_CC2CE078,42,452,7.533333,1,1599.686876,1761.235198,-80.0,-60.0,0.0,0.0,True,straight,2000,2000,10,0.0,0.0,0.0,0.0,3.744227,4.74791,919.686876,1001.235198,False,False,False,0.0,False,0.0,False,0.0,False,0.0,0.0,False,linear,0.0,0.0,0.0,0.0,False,clear,1.0,0.0
EXP_CC2CE078,42,453,7.55,1,1598.353542,1760.235198,-80.0,-60.0,0.0,0.0,True,straight,2000,2000,10,0.0,0.0,0.0,0.0,3.735926,4.741701,918.353542,1000.235198,False,False,False,0.0,False,0.0,False,0.0,False,0.0,0.0,False,linear,0.0,0.0,0.0,0.0,False,clear,1.0,0.0
EXP_CC2CE078,42,454,7.566667,1,1597.020209,1759.235198,-80.0,-60.0,0.0,0.0,True,straight,2000,2000,10,0.0,0.0,0.0,0.0,3.727624,4.735492,917.020209,999.235198,False,False,False,0.0,False,0.0,False,0.0,False,0.0,0.0,False,linear,0.0,0.0,0.0,0.0,False,clear,1.0,0.0
EXP_CC2CE078,42,455,7.583333,1,1595.686876,1758.235198,-80.0,-60.0,0.0,0.0,True,straight,2000,2000,10,0.0,0.0,0.0,0.0,3.719323,4.729283,915.686876,998.235198,False,False,False,0.0,False,0.0,False,0.0,False,0.0,0.0,False,linear,0.0,0.0,0.0,0.0,False,clear,1.0,0.0
EXP_CC2CE078,42,456,7.6,1,1594.353542,1757.235198,-80.0,-60.0,0.0,0.0,True,straight,2000,2000,10,0.0,0.0,0.0,0.0,3.711021,4.723074,914.353542,997.235198,False,False,False,0.0,False,0.0,False,0.0,False,0.0,0.0,False,linear,0.0,0.0,0.0,0.0,False,clear,1.0,0.0
EXP_CC2CE078,42,457,7.616667,1,1593.020209,1756.235198,-80.0,-60.0,0.0,0.0,True,straight,2000,2000,10,0.0,0.0,0.0,0.0,3.702719,4.716865,913.020209,996.235198,False,False,False,0.0,False,0.0,False,0.0,False,0.0,0.0,False,linear,0.0,0.0,0.0,0.0,False,clear,1.0,0.0
EXP_CC2CE078,42,458,7.633333,1,1591.686876,1755.235198,-80.0,-60.0,0.0,0.0,True,straight,2000,2000,10,0.0,0.0,0.0,0.0,3.694417,4.710656,911.686876,995.235198,False,False,False,0.0,False,0.0,False,0.0,False,0.0,0.0,False,linear,0.0,0.0,0.0,0.0,False,clear,1.0,0.0
EXP_CC2CE078,42,459,7.65,1,1590.353542,1754.235198,-80.0,-60.0,0.0,0.0,True,straight,2000,2000,10,0.0,0.0,0.0,0.0,3.686115,4.704447,910.353542,994.235198,False,False,False,0.0,False,0.0,False,0.0,False,0.0,0.0,False,linear,0.0,0.0,0.0,0.0,False,clear,1.0,0.0
EXP_CC2CE078,42,460,7.666667,1,1589.020209,1753.235198,-80.0,-60.0,0.0,0.0,True,straight,2000,2000,10,0.0,0.0,0.0,0.0,3.677813,4.698237,909.020209,993.235198,False,False,False,0.0,False,0.0,False,0.0,False,0.0,0.0,False,linear,0.0,0.0,0.0,0.0,False,clear,1.0,0.0
EXP_CC2CE078,42,461,7.683333,1,1587.686876,1752.235198,-80.0,-60.0,0.0,0.0,True,straight,2000,2000,10,0.0,0.0,0.0,0.0,3.66951,4.692028,907.686876,992.235198,False,False,False,0.0,False,0.0,False,0.0,False,0.0,0.0,False,linear,0.0,0.0,0.0,0.0,False,clear,1.0,0.0
EXP_CC2CE078,42,462,7.7,1,1586.353542,1751.235198,-80.0,-60.0,0.0,0.0,True,straight,2000,2000,10,0.0,0.0,0.0,0.0,3.661207,4.685818,906.353542,991.235198,False,False,False,0.0,False,0.0,False,0.0,False,0.0,0.0,False,linear,0.0,0.0,0.0,0.0,False,clear,1.0,0.0
EXP_CC2CE078,42,463,7.716667,1,1585.020209,1750.235198,-80.0,-60.0,0.0,0.0,True,straight,2000,2000,10,0.0,0.0,0.0,0.0,3.652905,4.679608,905.020209,990.235198,False,False,False,0.0,False,0.0,False,0.0,False,0.0,0.0,False,linear,0.0,0.0,0.0,0.0,False,clear,1.0,0.0
EXP_CC2CE078,42,464,7.733333,1,1583.686876,1749.235198,-80.0,-60.0,0.0,0.0,True,straight,2000,2000,10,0.0,0.0,0.0,0.0,3.644602,4.673398,903.686876,989.235198,False,False,False,0.0,False,0.0,False,0.0,False,0.0,0.0,False,linear,0.0,0.0,0.0,0.0,False,clear,1.0,0.0
EXP_CC2CE078,42,465,7.75,1,1582.353542,1748.235198,-80.0,-60.0,0.0,0.0,True,straight,2000,2000,10,0.0,0.0,0.0,0.0,3.636299,4.667188,902.353542,988.235198,False,False,False,0.0,False,0.0,False,0.0,False,0.0,0.0,False,linear,0.0,0.0,0.0,0.0,False,clear,1.0,0.0
EXP_CC2CE078,42,466,7.766667,1,1581.020209,1747.235198,-80.0,-60.0,0.0,0.0,True,straight,2000,2000,10,0.0,0.0,0.0,0.0,3.627995,4.660978,901.020209,987.235198,False,False,False,0.0,False,0.0,False,0.0,False,0.0,0.0,False,linear,0.0,0.0,0.0,0.0,False,clear,1.0,0.0
EXP_CC2CE078,42,467,7.783333,1,1579.686876,1746.235198,-80.0,-60.0,0.0,0.0,True,straight,2000,2000,10,0.0,0.0,0.0,0.0,3.619692,4.654768,899.686876,986.235198,False,False,False,0.0,False,0.0,False,0.0,False,0.0,0.0,False,linear,0.0,0.0,0.0,0.0,False,clear,1.0,0.0
EXP_CC2CE078,42,468,7.8,1,1578.353542,1745.235198,-80.0,-60.0,0.0,0.0,True,straight,2000,2000,10,0.0,0.0,0.0,0.0,3.611388,4.648558,898.353542,985.235198,False,False,False,0.0,False,0.0,False,0.0,False,0.0,0.0,False,linear,0.0,0.0,0.0,0.0,False,clear,1.0,0.0
EXP_CC2CE078,42,469,7.816667,1,1577.020209,1744.235198,-80.0,-60.0,0.0,0.0,True,straight,2000,2000,10,0.0,0.0,0.0,0.0,3.603085,4.642347,897.020209,984.235198,False,False,False,0.0,False,0.0,False,0.0,False,0.0,0.0,False,linear,0.0,0.0,0.0,0.0,False,clear,1.0,0.0
EXP_CC2CE078,42,470,7.833333,1,1575.686876,1743.235198,-80.0,-60.0,0.0,0.0,True,straight,2000,2000,10,0.0,0.0,0.0,0.0,3.594781,4.636137,895.686876,983.235198,False,False,False,0.0,False,0.0,False,0.0,False,0.0,0.0,False,linear,0.0,0.0,0.0,0.0,False,clear,1.0,0.0
EXP_CC2CE078,42,471,7.85,1,1574.353542,1742.235198,-80.0,-60.0,0.0,0.0,True,straight,2000,2000,10,0.0,0.0,0.0,0.0,3.586477,4.629926,894.353542,982.235198,False,False,False,0.0,False,0.0,False,0.0,False,0.0,0.0,False,linear,0.0,0.0,0.0,0.0,False,clear,1.0,0.0
EXP_CC2CE078,42,472,7.866667,1,1573.020209,1741.235198,-80.0,-60.0,0.0,0.0,True,straight,2000,2000,10,0.0,0.0,0.0,0.0,3.578173,4.623715,893.020209,981.235198,False,False,False,0.0,False,0.0,False,0.0,False,0.0,0.0,False,linear,0.0,0.0,0.0,0.0,False,clear,1.0,0.0
EXP_CC2CE078,42,473,7.883333,1,1571.686876,1740.235198,-80.0,-60.0,0.0,0.0,True,straight,2000,2000,10,0.0,0.0,0.0,0.0,3.569868,4.617505,891.686876,980.235198,False,False,False,0.0,False,0.0,False,0.0,False,0.0,0.0,False,linear,0.0,0.0,0.0,0.0,False,clear,1.0,0.0
EXP_CC2CE078,42,474,7.9,1,1570.353542,1739.235198,-80.0,-60.0,0.0,0.0,True,straight,2000,2000,10,0.0,0.0,0.0,0.0,3.561564,4.611294,890.353542,979.235198,False,False,False,0.0,False,0.0,False,0.0,False,0.0,0.0,False,linear,0.0,0.0,0.0,0.0,False,clear,1.0,0.0
EXP_CC2CE078,42,475,7.916667,1,1569.020209,1738.235198,-80.0,-60.0,0.0,0.0,True,straight,2000,2000,10,0.0,0.0,0.0,0.0,3.553259,4.605082,889.020209,978.235198,False,False,False,0.0,False,0.0,False,0.0,False,0.0,0.0,False,linear,0.0,0.0,0.0,0.0,False,clear,1.0,0.0
EXP_CC2CE078,42,476,7.933333,1,1567.686876,1737.235198,-80.0,-60.0,0.0,0.0,True,straight,2000,2000,10,0.0,0.0,0.0,0.0,3.544954,4.598871,887.686876,977.235198,False,False,False,0.0,False,0.0,False,0.0,False,0.0,0.0,False,linear,0.0,0.0,0.0,0.0,False,clear,1.0,0.0
EXP_CC2CE078,42,477,7.95,1,1566.353542,1736.235198,-80.0,-60.0,0.0,0.0,True,straight,2000,2000,10,0.0,0.0,0.0,0.0,3.536649,4.59266,886.353542,976.235198,False,False,False,0.0,False,0.0,False,0.0,False,0.0,0.0,False,linear,0.0,0.0,0.0,0.0,False,clear,1.0,0.0
EXP_CC2CE078,42,478,7.966667,1,1565.020209,1735.235198,-80.0,-60.0,0.0,0.0,True,straight,2000,2000,10,0.0,0.0,0.0,0.0,3.528344,4.586449,885.020209,975.235198,False,False,False,0.0,False,0.0,False,0.0,False,0.0,0.0,False,linear,0.0,0.0,0.0,0.0,False,clear,1.0,0.0
EXP_CC2CE078,42,479,7.983333,1,1563.686876,1734.235198,-80.0,-60.0,0.0,0.0,True,straight,2000,2000,10,0.0,0.0,0.0,0.0,3.520039,4.580237,883.686876,974.235198,False,False,False,0.0,False,0.0,False,0.0,False,0.0,0.0,False,linear,0.0,0.0,0.0,0.0,False,clear,1.0,0.0
EXP_CC2CE078,42,480,8.0,1,1562.353542,1733.235198,-80.0,-60.0,0.0,0.0,True,straight,2000,2000,10,0.0,0.0,0.0,0.0,3.511734,4.574025,882.353542,973.235198,False,False,False,0.0,False,0.0,False,0.0,False,0.0,0.0,False,linear,0.0,0.0,0.0,0.0,False,clear,1.0,0.0
EXP_CC2CE078,42,481,8.016667,1,1561.020209,1732.235198,-80.0,-60.0,0.0,0.0,True,straight,2000,2000,10,0.0,0.0,0.0,0.0,3.503428,4.567814,881.020209,972.235198,False,False,False,0.0,False,0.0,False,0.0,False,0.0,0.0,False,linear,0.0,0.0,0.0,0.0,False,clear,1.0,0.0
EXP_CC2CE078,42,482,8.033333,1,1559.686876,1731.235198,-80.0,-60.0,0.0,0.0,True,straight,2000,2000,10,0.0,0.0,0.0,0.0,3.495123,4.561602,879.686876,971.235198,False,False,False,0.0,False,0.0,False,0.0,False,0.0,0.0,False,linear,0.0,0.0,0.0,0.0,False,clear,1.0,0.0
EXP_CC2CE078,42,483,8.05,1,1558.353542,1730.235198,-80.0,-60.0,0.0,0.0,True,straight,2000,2000,10,0.0,0.0,0.0,0.0,3.486817,4.55539,878.353542,970.235198,False,False,False,0.0,False,0.0,False,0.0,False,0.0,0.0,False,linear,0.0,0.0,0.0,0.0,False,clear,1.0,0.0
EXP_CC2CE078,42,484,8.066667,1,1557.020209,1729.235198,-80.0,-60.0,0.0,0.0,True,straight,2000,2000,10,0.0,0.0,0.0,0.0,3.478511,4.549178,877.020209,969.235198,False,False,False,0.0,False,0.0,False,0.0,False,0.0,0.0,False,linear,0.0,0.0,0.0,0.0,False,clear,1.0,0.0
EXP_CC2CE078,42,485,8.083333,1,1555.686876,1728.235198,-80.0,-60.0,0.0,0.0,True,straight,2000,2000,10,0.0,0.0,0.0,0.0,3.470205,4.542966,875.686876,968.235198,False,False,False,0.0,False,0.0,False,0.0,False,0.0,0.0,False,linear,0.0,0.0,0.0,0.0,False,clear,1.0,0.0
EXP_CC2CE078,42,486,8.1,1,1554.353542,1727.235198,-80.0,-60.0,0.0,0.0,True,straight,2000,2000,10,0.0,0.0,0.0,0.0,3.461899,4.536754,874.353542,967.235198,False,False,False,0.0,False,0.0,False,0.0,False,0.0,0.0,False,linear,0.0,0.0,0.0,0.0,False,clear,1.0,0.0
EXP_CC2CE078,42,487,8.116667,1,1553.020209,1726.235198,-80.0,-60.0,0.0,0.0,True,straight,2000,2000,10,0.0,0.0,0.0,0.0,3.453592,4.530541,873.020209,966.235198,False,False,False,0.0,False,0.0,False,0.0,False,0.0,0.0,False,linear,0.0,0.0,0.0,0.0,False,clear,1.0,0.0
EXP_CC2CE078,42,488,8.133333,1,1551.686876,1725.235198,-80.0,-60.0,0.0,0.0,True,straight,2000,2000,10,0.0,0.0,0.0,0.0,3.445286,4.524329,871.686876,965.235198,False,False,False,0.0,False,0.0,False,0.0,False,0.0,0.0,False,linear,0.0,0.0,0.0,0.0,False,clear,1.0,0.0
EXP_CC2CE078,42,489,8.15,1,1550.353542,1724.235198,-80.0,-60.0,0.0,0.0,True,straight,2000,2000,10,0.0,0.0,0.0,0.0,3.436979,4.518116,870.353542,964.235198,False,False,False,0.0,False,0.0,False,0.0,False,0.0,0.0,False,linear,0.0,0.0,0.0,0.0,False,clear,1.0,0.0
EXP_CC2CE078,42,490,8.166667,1,1549.020209,1723.235198,-80.0,-60.0,0.0,0.0,True,straight,2000,2000,10,0.0,0.0,0.0,0.0,3.428672,4.511903,869.020209,963.235198,False,False,False,0.0,False,0.0,False,0.0,False,0.0,0.0,False,linear,0.0,0.0,0.0,0.0,False,clear,1.0,0.0
EXP_CC2CE078,42,491,8.183333,1,1547.686876,1722.235198,-80.0,-60.0,0.0,0.0,True,straight,2000,2000,10,0.0,0.0,0.0,0.0,3.420365,4.505691,867.686876,962.235198,False,False,False,0.0,False,0.0,False,0.0,False,0.0,0.0,False,linear,0.0,0.0,0.0,0.0,False,clear,1.0,0.0
EXP_CC2CE078,42,492,8.2,1,1546.353542,1721.235198,-80.0,-60.0,0.0,0.0,True,straight,2000,2000,10,0.0,0.0,0.0,0.0,3.412058,4.499478,866.353542,961.235198,False,False,False,0.0,False,0.0,False,0.0,False,0.0,0.0,False,linear,0.0,0.0,0.0,0.0,False,clear,1.0,0.0
EXP_CC2CE078,42,493,8.216667,1,1545.020209,1720.235198,-80.0,-60.0,0.0,0.0,True,straight,2000,2000,10,0.0,0.0,0.0,0.0,3.403751,4.493265,865.020209,960.235198,False,False,False,0.0,False,0.0,False,0.0,False,0.0,0.0,False,linear,0.0,0.0,0.0,0.0,False,clear,1.0,0.0
EXP_CC2CE078,42,494,8.233333,1,1543.686876,1719.235198,-80.0,-60.0,0.0,0.0,True,straight,2000,2000,10,0.0,0.0,0.0,0.0,3.395443,4.487052,863.686876,959.235198,False,False,False,0.0,False,0.0,False,0.0,False,0.0,0.0,False,linear,0.0,0.0,0.0,0.0,False,clear,1.0,0.0
EXP_CC2CE078,42,495,8.25,1,1542.353542,1718.235198,-80.0,-60.0,0.0,0.0,True,straight,2000,2000,10,0.0,0.0,0.0,0.0,3.387136,4.480838,862.353542,958.235198,False,False,False,0.0,False,0.0,False,0.0,False,0.0,0.0,False,linear,0.0,0.0,0.0,0.0,False,clear,1.0,0.0
EXP_CC2CE078,42,496,8.266667,1,1541.020209,1717.235198,-80.0,-60.0,0.0,0.0,True,straight,2000,2000,10,0.0,0.0,0.0,0.0,3.378828,4.474625,861.020209,957.235198,False,False,False,0.0,False,0.0,False,0.0,False,0.0,0.0,False,linear,0.0,0.0,0.0,0.0,False,clear,1.0,0.0
EXP_CC2CE078,42,497,8.283333,1,1539.686876,1716.235198,-80.0,-60.0,0.0,0.0,True,straight,2000,2000,10,0.0,0.0,0.0,0.0,3.37052,4.468412,859.686876,956.235198,False,False,False,0.0,False,0.0,False,0.0,False,0.0,0.0,False,linear,0.0,0.0,0.0,0.0,False,clear,1.0,0.0
EXP_CC2CE078,42,498,8.3,1,1538.353542,1715.235198,-80.0,-60.0,0.0,0.0,True,straight,2000,2000,10,0.0,0.0,0.0,0.0,3.362212,4.462198,858.353542,955.235198,False,False,False,0.0,False,0.0,False,0.0,False,0.0,0.0,False,linear,0.0,0.0,0.0,0.0,False,clear,1.0,0.0
EXP_CC2CE078,42,499,8.316667,1,1537.020209,1714.235198,-80.0,-60.0,0.0,0.0,True,straight,2000,2000,10,0.0,0.0,0.0,0.0,3.353904,4.455984,857.020209,954.235198,False,False,False,0.0,False,0.0,False,0.0,False,0.0,0.0,False,linear,0.0,0.0,0.0,0.0,False,clear,1.0,0.0
EXP_CC2CE078,42,500,8.333333,1,1535.686876,1713.235198,-80.0,-60.0,0.0,0.0,True,straight,2000,2000,10,0.0,0.0,0.0,0.0,3.345596,4.449771,855.686876,953.235198,False,False,False,0.0,False,0.0,False,0.0,False,0.0,0.0,False,linear,0.0,0.0,0.0,0.0,False,clear,1.0,0.0
EXP_CC2CE078,42,501,8.35,1,1534.353542,1712.235198,-80.0,-60.0,0.0,0.0,True,straight,2000,2000,10,0.0,0.0,0.0,0.0,3.337288,4.443557,854.353542,952.235198,False,False,False,0.0,False,0.0,False,0.0,False,0.0,0.0,False,linear,0.0,0.0,0.0,0.0,False,clear,1.0,0.0
EXP_CC2CE078,42,502,8.366667,1,1533.020209,1711.235198,-80.0,-60.0,0.0,0.0,True,straight,2000,2000,10,0.0,0.0,0.0,0.0,3.328979,4.437343,853.020209,951.235198,False,False,False,0.0,False,0.0,False,0.0,False,0.0,0.0,False,linear,0.0,0.0,0.0,0.0,False,clear,1.0,0.0
EXP_CC2CE078,42,503,8.383333,1,1531.686876,1710.235198,-80.0,-60.0,0.0,0.0,True,straight,2000,2000,10,0.0,0.0,0.0,0.0,3.32067,4.431129,851.686876,950.235198,False,False,False,0.0,False,0.0,False,0.0,False,0.0,0.0,False,linear,0.0,0.0,0.0,0.0,False,clear,1.0,0.0
EXP_CC2CE078,42,504,8.4,1,1530.353542,1709.235198,-80.0,-60.0,0.0,0.0,True,straight,2000,2000,10,0.0,0.0,0.0,0.0,3.312361,4.424915,850.353542,949.235198,False,False,False,0.0,False,0.0,False,0.0,False,0.0,0.0,False,linear,0.0,0.0,0.0,0.0,False,clear,1.0,0.0
EXP_CC2CE078,42,505,8.416667,1,1529.020209,1708.235198,-80.0,-60.0,0.0,0.0,True,straight,2000,2000,10,0.0,0.0,0.0,0.0,3.304053,4.4187,849.020209,948.235198,False,False,False,0.0,False,0.0,False,0.0,False,0.0,0.0,False,linear,0.0,0.0,0.0,0.0,False,clear,1.0,0.0
EXP_CC2CE078,42,506,8.433333,1,1527.686876,1707.235198,-80.0,-60.0,0.0,0.0,True,straight,2000,2000,10,0.0,0.0,0.0,0.0,3.295743,4.412486,847.686876,947.235198,False,False,False,0.0,False,0.0,False,0.0,False,0.0,0.0,False,linear,0.0,0.0,0.0,0.0,False,clear,1.0,0.0
EXP_CC2CE078,42,507,8.45,1,1526.353542,1706.235198,-80.0,-60.0,0.0,0.0,True,straight,2000,2000,10,0.0,0.0,0.0,0.0,3.287434,4.406272,846.353542,946.235198,False,False,False,0.0,False,0.0,False,0.0,False,0.0,0.0,False,linear,0.0,0.0,0.0,0.0,False,clear,1.0,0.0
EXP_CC2CE078,42,508,8.466667,1,1525.020209,1705.235198,-80.0,-60.0,0.0,0.0,True,straight,2000,2000,10,0.0,0.0,0.0,0.0,3.279125,4.400057,845.020209,945.235198,False,False,False,0.0,False,0.0,False,0.0,False,0.0,0.0,False,linear,0.0,0.0,0.0,0.0,False,clear,1.0,0.0
EXP_CC2CE078,42,509,8.483333,1,1523.686876,1704.235198,-80.0,-60.0,0.0,0.0,True,straight,2000,2000,10,0.0,0.0,0.0,0.0,3.270815,4.393842,843.686876,944.235198,False,False,False,0.0,False,0.0,False,0.0,False,0.0,0.0,False,linear,0.0,0.0,0.0,0.0,False,clear,1.0,0.0
EXP_CC2CE078,42,510,8.5,1,1522.353542,1703.235198,-80.0,-60.0,0.0,0.0,True,straight,2000,2000,10,0.0,0.0,0.0,0.0,3.262506,4.387627,842.353542,943.235198,False,False,False,0.0,False,0.0,False,0.0,False,0.0,0.0,False,linear,0.0,0.0,0.0,0.0,False,clear,1.0,0.0
EXP_CC2CE078,42,511,8.516667,1,1521.020209,1702.235198,-80.0,-60.0,0.0,0.0,True,straight,2000,2000,10,0.0,0.0,0.0,0.0,3.254196,4.381413,841.020209,942.235198,False,False,False,0.0,False,0.0,False,0.0,False,0.0,0.0,False,linear,0.0,0.0,0.0,0.0,False,clear,1.0,0.0
EXP_CC2CE078,42,512,8.533333,1,1519.686876,1701.235198,-80.0,-60.0,0.0,0.0,True,straight,2000,2000,10,0.0,0.0,0.0,0.0,3.245886,4.375198,839.686876,941.235198,False,False,False,0.0,False,0.0,False,0.0,False,0.0,0.0,False,linear,0.0,0.0,0.0,0.0,False,clear,1.0,0.0
EXP_CC2CE078,42,513,8.55,1,1518.353542,1700.235198,-80.0,-60.0,0.0,0.0,True,straight,2000,2000,10,0.0,0.0,0.0,0.0,3.237576,4.368983,838.353542,940.235198,False,False,False,0.0,False,0.0,False,0.0,False,0.0,0.0,False,linear,0.0,0.0,0.0,0.0,False,clear,1.0,0.0
EXP_CC2CE078,42,514,8.566667,1,1517.020209,1699.235198,-80.0,-60.0,0.0,0.0,True,straight,2000,2000,10,0.0,0.0,0.0,0.0,3.229266,4.362767,837.020209,939.235198,False,False,False,0.0,False,0.0,False,0.0,False,0.0,0.0,False,linear,0.0,0.0,0.0,0.0,False,clear,1.0,0.0
EXP_CC2CE078,42,515,8.583333,1,1515.686876,1698.235198,-80.0,-60.0,0.0,0.0,True,straight,2000,2000,10,0.0,0.0,0.0,0.0,3.220955,4.356552,835.686876,938.235198,False,False,False,0.0,False,0.0,False,0.0,False,0.0,0.0,False,linear,0.0,0.0,0.0,0.0,False,clear,1.0,0.0
EXP_CC2CE078,42,516,8.6,1,1514.353542,1697.235198,-80.0,-60.0,0.0,0.0,True,straight,2000,2000,10,0.0,0.0,0.0,0.0,3.212645,4.350337,834.353542,937.235198,False,False,False,0.0,False,0.0,False,0.0,False,0.0,0.0,False,linear,0.0,0.0,0.0,0.0,False,clear,1.0,0.0
EXP_CC2CE078,42,517,8.616667,1,1513.020209,1696.235198,-80.0,-60.0,0.0,0.0,True,straight,2000,2000,10,0.0,0.0,0.0,0.0,3.204334,4.344121,833.020209,936.235198,False,False,False,0.0,False,0.0,False,0.0,False,0.0,0.0,False,linear,0.0,0.0,0.0,0.0,False,clear,1.0,0.0
EXP_CC2CE078,42,518,8.633333,1,1511.686876,1695.235198,-80.0,-60.0,0.0,0.0,True,straight,2000,2000,10,0.0,0.0,0.0,0.0,3.196024,4.337905,831.686876,935.235198,False,False,False,0.0,False,0.0,False,0.0,False,0.0,0.0,False,linear,0.0,0.0,0.0,0.0,False,clear,1.0,0.0
EXP_CC2CE078,42,519,8.65,1,1510.353542,1694.235198,-80.0,-60.0,0.0,0.0,True,straight,2000,2000,10,0.0,0.0,0.0,0.0,3.187713,4.33169,830.353542,934.235198,False,False,False,0.0,False,0.0,False,0.0,False,0.0,0.0,False,linear,0.0,0.0,0.0,0.0,False,clear,1.0,0.0
EXP_CC2CE078,42,520,8.666667,1,1509.020209,1693.235198,-80.0,-60.0,0.0,0.0,True,straight,2000,2000,10,0.0,0.0,0.0,0.0,3.179402,4.325474,829.020209,933.235198,False,False,False,0.0,False,0.0,False,0.0,False,0.0,0.0,False,linear,0.0,0.0,0.0,0.0,False,clear,1.0,0.0
EXP_CC2CE078,42,521,8.683333,1,1507.686876,1692.235198,-80.0,-60.0,0.0,0.0,True,straight,2000,2000,10,0.0,0.0,0.0,0.0,3.171091,4.319258,827.686876,932.235198,False,False,False,0.0,False,0.0,False,0.0,False,0.0,0.0,False,linear,0.0,0.0,0.0,0.0,False,clear,1.0,0.0
EXP_CC2CE078,42,522,8.7,1,1506.353542,1691.235198,-80.0,-60.0,0.0,0.0,True,straight,2000,2000,10,0.0,0.0,0.0,0.0,3.162779,4.313042,826.353542,931.235198,False,False,False,0.0,False,0.0,False,0.0,False,0.0,0.0,False,linear,0.0,0.0,0.0,0.0,False,clear,1.0,0.0
EXP_CC2CE078,42,523,8.716667,1,1505.020209,1690.235198,-80.0,-60.0,0.0,0.0,True,straight,2000,2000,10,0.0,0.0,0.0,0.0,3.154468,4.306826,825.020209,930.235198,False,False,False,0.0,False,0.0,False,0.0,False,0.0,0.0,False,linear,0.0,0.0,0.0,0.0,False,clear,1.0,0.0
EXP_CC2CE078,42,524,8.733333,1,1503.686876,1689.235198,-80.0,-60.0,0.0,0.0,True,straight,2000,2000,10,0.0,0.0,0.0,0.0,3.146156,4.30061,823.686876,929.235198,False,False,False,0.0,False,0.0,False,0.0,False,0.0,0.0,False,linear,0.0,0.0,0.0,0.0,False,clear,1.0,0.0
EXP_CC2CE078,42,525,8.75,1,1502.353542,1688.235198,-80.0,-60.0,0.0,0.0,True,straight,2000,2000,10,0.0,0.0,0.0,0.0,3.137845,4.294393,822.353542,928.235198,False,False,False,0.0,False,0.0,False,0.0,False,0.0,0.0,False,linear,0.0,0.0,0.0,0.0,False,clear,1.0,0.0
EXP_CC2CE078,42,526,8.766667,1,1501.020209,1687.235198,-80.0,-60.0,0.0,0.0,True,straight,2000,2000,10,0.0,0.0,0.0,0.0,3.129533,4.288177,821.020209,927.235198,False,False,False,0.0,False,0.0,False,0.0,False,0.0,0.0,False,linear,0.0,0.0,0.0,0.0,False,clear,1.0,0.0
EXP_CC2CE078,42,527,8.783333,1,1499.686876,1686.235198,-80.0,-60.0,0.0,0.0,True,straight,2000,2000,10,0.0,0.0,0.0,0.0,3.121221,4.28196,819.686876,926.235198,False,False,False,0.0,False,0.0,False,0.0,False,0.0,0.0,False,linear,0.0,0.0,0.0,0.0,False,clear,1.0,0.0
EXP_CC2CE078,42,528,8.8,1,1498.353542,1685.235198,-80.0,-60.0,0.0,0.0,True,straight,2000,2000,10,0.0,0.0,0.0,0.0,3.112909,4.275744,818.353542,925.235198,False,False,False,0.0,False,0.0,False,0.0,False,0.0,0.0,False,linear,0.0,0.0,0.0,0.0,False,clear,1.0,0.0
EXP_CC2CE078,42,529,8.816667,1,1497.020209,1684.235198,-80.0,-60.0,0.0,0.0,True,straight,2000,2000,10,0.0,0.0,0.0,0.0,3.104597,4.269527,817.020209,924.235198,False,False,False,0.0,False,0.0,False,0.0,False,0.0,0.0,False,linear,0.0,0.0,0.0,0.0,False,clear,1.0,0.0
EXP_CC2CE078,42,530,8.833333,1,1495.686876,1683.235198,-80.0,-60.0,0.0,0.0,True,straight,2000,2000,10,0.0,0.0,0.0,0.0,3.096284,4.26331,815.686876,923.235198,False,False,False,0.0,False,0.0,False,0.0,False,0.0,0.0,False,linear,0.0,0.0,0.0,0.0,False,clear,1.0,0.0
EXP_CC2CE078,42,531,8.85,1,1494.353542,1682.235198,-80.0,-60.0,0.0,0.0,True,straight,2000,2000,10,0.0,0.0,0.0,0.0,3.087972,4.257093,814.353542,922.235198,False,False,False,0.0,False,0.0,False,0.0,False,0.0,0.0,False,linear,0.0,0.0,0.0,0.0,False,clear,1.0,0.0
EXP_CC2CE078,42,532,8.866667,1,1493.020209,1681.235198,-80.0,-60.0,0.0,0.0,True,straight,2000,2000,10,0.0,0.0,0.0,0.0,3.079659,4.250876,813.020209,921.235198,False,False,False,0.0,False,0.0,False,0.0,False,0.0,0.0,False,linear,0.0,0.0,0.0,0.0,False,clear,1.0,0.0
EXP_CC2CE078,42,533,8.883333,1,1491.686876,1680.235198,-80.0,-60.0,0.0,0.0,True,straight,2000,2000,10,0.0,0.0,0.0,0.0,3.071346,4.244659,811.686876,920.235198,False,False,False,0.0,False,0.0,False,0.0,False,0.0,0.0,False,linear,0.0,0.0,0.0,0.0,False,clear,1.0,0.0
EXP_CC2CE078,42,534,8.9,1,1490.353542,1679.235198,-80.0,-60.0,0.0,0.0,True,straight,2000,2000,10,0.0,0.0,0.0,0.0,3.063034,4.238442,810.353542,919.235198,False,False,False,0.0,False,0.0,False,0.0,False,0.0,0.0,False,linear,0.0,0.0,0.0,0.0,False,clear,1.0,0.0
EXP_CC2CE078,42,535,8.916667,1,1489.020209,1678.235198,-80.0,-60.0,0.0,0.0,True,straight,2000,2000,10,0.0,0.0,0.0,0.0,3.054721,4.232225,809.020209,918.235198,False,False,False,0.0,False,0.0,False,0.0,False,0.0,0.0,False,linear,0.0,0.0,0.0,0.0,False,clear,1.0,0.0
EXP_CC2CE078,42,536,8.933333,1,1487.686876,1677.235198,-80.0,-60.0,0.0,0.0,True,straight,2000,2000,10,0.0,0.0,0.0,0.0,3.046408,4.226007,807.686876,917.235198,False,False,False,0.0,False,0.0,False,0.0,False,0.0,0.0,False,linear,0.0,0.0,0.0,0.0,False,clear,1.0,0.0
EXP_CC2CE078,42,537,8.95,1,1486.353542,1676.235198,-80.0,-60.0,0.0,0.0,True,straight,2000,2000,10,0.0,0.0,0.0,0.0,3.038094,4.21979,806.353542,916.235198,False,False,False,0.0,False,0.0,False,0.0,False,0.0,0.0,False,linear,0.0,0.0,0.0,0.0,False,clear,1.0,0.0
EXP_CC2CE078,42,538,8.966667,1,1485.020209,1675.235198,-80.0,-60.0,0.0,0.0,True,straight,2000,2000,10,0.0,0.0,0.0,0.0,3.029781,4.213572,805.020209,915.235198,False,False,False,0.0,False,0.0,False,0.0,False,0.0,0.0,False,linear,0.0,0.0,0.0,0.0,False,clear,1.0,0.0
EXP_CC2CE078,42,539,8.983333,1,1483.686876,1674.235198,-80.0,-60.0,0.0,0.0,True,straight,2000,2000,10,0.0,0.0,0.0,0.0,3.021467,4.207354,803.686876,914.235198,False,False,False,0.0,False,0.0,False,0.0,False,0.0,0.0,False,linear,0.0,0.0,0.0,0.0,False,clear,1.0,0.0
EXP_CC2CE078,42,540,9.0,1,1482.353542,1673.235198,-80.0,-60.0,0.0,0.0,True,straight,2000,2000,10,0.0,0.0,0.0,0.0,3.013154,4.201136,802.353542,913.235198,False,False,False,0.0,False,0.0,False,0.0,False,0.0,0.0,False,linear,0.0,0.0,0.0,0.0,False,clear,1.0,0.0
EXP_CC2CE078,42,541,9.016667,1,1481.020209,1672.235198,-80.0,-60.0,0.0,0.0,True,straight,2000,2000,10,0.0,0.0,0.0,0.0,3.00484,4.194918,801.020209,912.235198,False,False,False,0.0,False,0.0,False,0.0,False,0.0,0.0,False,linear,0.0,0.0,0.0,0.0,False,clear,1.0,0.0
EXP_CC2CE078,42,542,9.033333,1,1479.686876,1671.235198,-80.0,-60.0,0.0,0.0,True,straight,2000,2000,10,0.0,0.0,0.0,0.0,2.996526,4.1887,799.686876,911.235198,False,False,False,0.0,False,0.0,False,0.0,False,0.0,0.0,False,linear,0.0,0.0,0.0,0.0,False,clear,1.0,0.0
EXP_CC2CE078,42,543,9.05,1,1478.353542,1670.235198,-80.0,-60.0,0.0,0.0,True,straight,2000,2000,10,0.0,0.0,0.0,0.0,2.988212,4.182482,798.353542,910.235198,False,False,False,0.0,False,0.0,False,0.0,False,0.0,0.0,False,linear,0.0,0.0,0.0,0.0,False,clear,1.0,0.0
EXP_CC2CE078,42,544,9.066667,1,1477.020209,1669.235198,-80.0,-60.0,0.0,0.0,True,straight,2000,2000,10,0.0,0.0,0.0,0.0,2.979898,4.176264,797.020209,909.235198,False,False,False,0.0,False,0.0,False,0.0,False,0.0,0.0,False,linear,0.0,0.0,0.0,0.0,False,clear,1.0,0.0
EXP_CC2CE078,42,545,9.083333,1,1475.686876,1668.235198,-80.0,-60.0,0.0,0.0,True,straight,2000,2000,10,0.0,0.0,0.0,0.0,2.971584,4.170046,795.686876,908.235198,False,False,False,0.0,False,0.0,False,0.0,False,0.0,0.0,False,linear,0.0,0.0,0.0,0.0,False,clear,1.0,0.0
EXP_CC2CE078,42,546,9.1,1,1474.353542,1667.235198,-80.0,-60.0,0.0,0.0,True,straight,2000,2000,10,0.0,0.0,0.0,0.0,2.963269,4.163827,794.353542,907.235198,False,False,False,0.0,False,0.0,False,0.0,False,0.0,0.0,False,linear,0.0,0.0,0.0,0.0,False,clear,1.0,0.0
EXP_CC2CE078,42,547,9.116667,1,1473.020209,1666.235198,-80.0,-60.0,0.0,0.0,True,straight,2000,2000,10,0.0,0.0,0.0,0.0,2.954955,4.157609,793.020209,906.235198,False,False,False,0.0,False,0.0,False,0.0,False,0.0,0.0,False,linear,0.0,0.0,0.0,0.0,False,clear,1.0,0.0
EXP_CC2CE078,42,548,9.133333,1,1471.686876,1665.235198,-80.0,-60.0,0.0,0.0,True,straight,2000,2000,10,0.0,0.0,0.0,0.0,2.94664,4.15139,791.686876,905.235198,False,False,False,0.0,False,0.0,False,0.0,False,0.0,0.0,False,linear,0.0,0.0,0.0,0.0,False,clear,1.0,0.0
EXP_CC2CE078,42,549,9.15,1,1470.353542,1664.235198,-80.0,-60.0,0.0,0.0,True,straight,2000,2000,10,0.0,0.0,0.0,0.0,2.938326,4.145171,790.353542,904.235198,False,False,False,0.0,False,0.0,False,0.0,False,0.0,0.0,False,linear,0.0,0.0,0.0,0.0,False,clear,1.0,0.0
EXP_CC2CE078,42,550,9.166667,1,1469.020209,1663.235198,-80.0,-60.0,0.0,0.0,True,straight,2000,2000,10,0.0,0.0,0.0,0.0,2.930011,4.138953,789.020209,903.235198,False,False,False,0.0,False,0.0,False,0.0,False,0.0,0.0,False,linear,0.0,0.0,0.0,0.0,False,clear,1.0,0.0
EXP_CC2CE078,42,551,9.183333,1,1467.686876,1662.235198,-80.0,-60.0,0.0,0.0,True,straight,2000,2000,10,0.0,0.0,0.0,0.0,2.921696,4.132734,787.686876,902.235198,False,False,False,0.0,False,0.0,False,0.0,False,0.0,0.0,False,linear,0.0,0.0,0.0,0.0,False,clear,1.0,0.0
EXP_CC2CE078,42,552,9.2,1,1466.353542,1661.235198,-80.0,-60.0,0.0,0.0,True,straight,2000,2000,10,0.0,0.0,0.0,0.0,2.913381,4.126515,786.353542,901.235198,False,False,False,0.0,False,0.0,False,0.0,False,0.0,0.0,False,linear,0.0,0.0,0.0,0.0,False,clear,1.0,0.0
EXP_CC2CE078,42,553,9.216667,1,1465.020209,1660.235198,-80.0,-60.0,0.0,0.0,True,straight,2000,2000,10,0.0,0.0,0.0,0.0,2.905065,4.120296,785.020209,900.235198,False,False,False,0.0,False,0.0,False,0.0,False,0.0,0.0,False,linear,0.0,0.0,0.0,0.0,False,clear,1.0,0.0
EXP_CC2CE078,42,554,9.233333,1,1463.686876,1659.235198,-80.0,-60.0,0.0,0.0,True,straight,2000,2000,10,0.0,0.0,0.0,0.0,2.89675,4.114076,783.686876,899.235198,False,False,False,0.0,False,0.0,False,0.0,False,0.0,0.0,False,linear,0.0,0.0,0.0,0.0,False,clear,1.0,0.0
EXP_CC2CE078,42,555,9.25,1,1462.353542,1658.235198,-80.0,-60.0,0.0,0.0,True,straight,2000,2000,10,0.0,0.0,0.0,0.0,2.888434,4.107857,782.353542,898.235198,False,False,False,0.0,False,0.0,False,0.0,False,0.0,0.0,False,linear,0.0,0.0,0.0,0.0,False,clear,1.0,0.0
EXP_CC2CE078,42,556,9.266667,1,1461.020209,1657.235198,-80.0,-60.0,0.0,0.0,True,straight,2000,2000,10,0.0,0.0,0.0,0.0,2.880119,4.101638,781.020209,897.235198,False,False,False,0.0,False,0.0,False,0.0,False,0.0,0.0,False,linear,0.0,0.0,0.0,0.0,False,clear,1.0,0.0
EXP_CC2CE078,42,557,9.283333,1,1459.686876,1656.235198,-80.0,-60.0,0.0,0.0,True,straight,2000,2000,10,0.0,0.0,0.0,0.0,2.871803,4.095418,779.686876,896.235198,False,False,False,0.0,False,0.0,False,0.0,False,0.0,0.0,False,linear,0.0,0.0,0.0,0.0,False,clear,1.0,0.0
EXP_CC2CE078,42,558,9.3,1,1458.353542,1655.235198,-80.0,-60.0,0.0,0.0,True,straight,2000,2000,10,0.0,0.0,0.0,0.0,2.863487,4.089199,778.353542,895.235198,False,False,False,0.0,False,0.0,False,0.0,False,0.0,0.0,False,linear,0.0,0.0,0.0,0.0,False,clear,1.0,0.0
EXP_CC2CE078,42,559,9.316667,1,1457.020209,1654.235198,-80.0,-60.0,0.0,0.0,True,straight,2000,2000,10,0.0,0.0,0.0,0.0,2.855171,4.082979,777.020209,894.235198,False,False,False,0.0,False,0.0,False,0.0,False,0.0,0.0,False,linear,0.0,0.0,0.0,0.0,False,clear,1.0,0.0
EXP_CC2CE078,42,560,9.333333,1,1455.686876,1653.235198,-80.0,-60.0,0.0,0.0,True,straight,2000,2000,10,0.0,0.0,0.0,0.0,2.846855,4.076759,775.686876,893.235198,False,False,False,0.0,False,0.0,False,0.0,False,0.0,0.0,False,linear,0.0,0.0,0.0,0.0,False,clear,1.0,0.0
EXP_CC2CE078,42,561,9.35,1,1454.353542,1652.235198,-80.0,-60.0,0.0,0.0,True,straight,2000,2000,10,0.0,0.0,0.0,0.0,2.838539,4.070539,774.353542,892.235198,False,False,False,0.0,False,0.0,False,0.0,False,0.0,0.0,False,linear,0.0,0.0,0.0,0.0,False,clear,1.0,0.0
EXP_CC2CE078,42,562,9.366667,1,1453.020209,1651.235198,-80.0,-60.0,0.0,0.0,True,straight,2000,2000,10,0.0,0.0,0.0,0.0,2.830223,4.064319,773.020209,891.235198,False,False,False,0.0,False,0.0,False,0.0,False,0.0,0.0,False,linear,0.0,0.0,0.0,0.0,False,clear,1.0,0.0
EXP_CC2CE078,42,563,9.383333,1,1451.686876,1650.235198,-80.0,-60.0,0.0,0.0,True,straight,2000,2000,10,0.0,0.0,0.0,0.0,2.821906,4.058099,771.686876,890.235198,False,False,False,0.0,False,0.0,False,0.0,False,0.0,0.0,False,linear,0.0,0.0,0.0,0.0,False,clear,1.0,0.0
EXP_CC2CE078,42,564,9.4,1,1450.353542,1649.235198,-80.0,-60.0,0.0,0.0,True,straight,2000,2000,10,0.0,0.0,0.0,0.0,2.81359,4.051879,770.353542,889.235198,False,False,False,0.0,False,0.0,False,0.0,False,0.0,0.0,False,linear,0.0,0.0,0.0,0.0,False,clear,1.0,0.0
EXP_CC2CE078,42,565,9.416667,1,1449.020209,1648.235198,-80.0,-60.0,0.0,0.0,True,straight,2000,2000,10,0.0,0.0,0.0,0.0,2.805273,4.045659,769.020209,888.235198,False,False,False,0.0,False,0.0,False,0.0,False,0.0,0.0,False,linear,0.0,0.0,0.0,0.0,False,clear,1.0,0.0
EXP_CC2CE078,42,566,9.433333,1,1447.686876,1647.235198,-80.0,-60.0,0.0,0.0,True,straight,2000,2000,10,0.0,0.0,0.0,0.0,2.796956,4.039438,767.686876,887.235198,False,False,False,0.0,False,0.0,False,0.0,False,0.0,0.0,False,linear,0.0,0.0,0.0,0.0,False,clear,1.0,0.0
EXP_CC2CE078,42,567,9.45,1,1446.353542,1646.235198,-80.0,-60.0,0.0,0.0,True,straight,2000,2000,10,0.0,0.0,0.0,0.0,2.788639,4.033218,766.353542,886.235198,False,False,False,0.0,False,0.0,False,0.0,False,0.0,0.0,False,linear,0.0,0.0,0.0,0.0,False,clear,1.0,0.0
EXP_CC2CE078,42,568,9.466667,1,1445.020209,1645.235198,-80.0,-60.0,0.0,0.0,True,straight,2000,2000,10,0.0,0.0,0.0,0.0,2.780322,4.026997,765.020209,885.235198,False,False,False,0.0,False,0.0,False,0.0,False,0.0,0.0,False,linear,0.0,0.0,0.0,0.0,False,clear,1.0,0.0
EXP_CC2CE078,42,569,9.483333,1,1443.686876,1644.235198,-80.0,-60.0,0.0,0.0,True,straight,2000,2000,10,0.0,0.0,0.0,0.0,2.772005,4.020777,763.686876,884.235198,False,False,False,0.0,False,0.0,False,0.0,False,0.0,0.0,False,linear,0.0,0.0,0.0,0.0,False,clear,1.0,0.0
EXP_CC2CE078,42,570,9.5,1,1442.353542,1643.235198,-80.0,-60.0,0.0,0.0,True,straight,2000,2000,10,0.0,0.0,0.0,0.0,2.763688,4.014556,762.353542,883.235198,False,False,False,0.0,False,0.0,False,0.0,False,0.0,0.0,False,linear,0.0,0.0,0.0,0.0,False,clear,1.0,0.0
EXP_CC2CE078,42,571,9.516667,1,1441.020209,1642.235198,-80.0,-60.0,0.0,0.0,True,straight,2000,2000,10,0.0,0.0,0.0,0.0,2.75537,4.008335,761.020209,882.235198,False,False,False,0.0,False,0.0,False,0.0,False,0.0,0.0,False,linear,0.0,0.0,0.0,0.0,False,clear,1.0,0.0
EXP_CC2CE078,42,572,9.533333,1,1439.686876,1641.235198,-80.0,-60.0,0.0,0.0,True,straight,2000,2000,10,0.0,0.0,0.0,0.0,2.747053,4.002114,759.686876,881.235198,False,False,False,0.0,False,0.0,False,0.0,False,0.0,0.0,False,linear,0.0,0.0,0.0,0.0,False,clear,1.0,0.0
EXP_CC2CE078,42,573,9.55,1,1438.353542,1640.235198,-80.0,-60.0,0.0,0.0,True,straight,2000,2000,10,0.0,0.0,0.0,0.0,2.738735,3.995893,758.353542,880.235198,False,False,False,0.0,False,0.0,False,0.0,False,0.0,0.0,False,linear,0.0,0.0,0.0,0.0,False,clear,1.0,0.0
EXP_CC2CE078,42,574,9.566667,1,1437.020209,1639.235198,-80.0,-60.0,0.0,0.0,True,straight,2000,2000,10,0.0,0.0,0.0,0.0,2.730417,3.989672,757.020209,879.235198,False,False,False,0.0,False,0.0,False,0.0,False,0.0,0.0,False,linear,0.0,0.0,0.0,0.0,False,clear,1.0,0.0
EXP_CC2CE078,42,575,9.583333,1,1435.686876,1638.235198,-80.0,-60.0,0.0,0.0,True,straight,2000,2000,10,0.0,0.0,0.0,0.0,2.7221,3.983451,755.686876,878.235198,False,False,False,0.0,False,0.0,False,0.0,False,0.0,0.0,False,linear,0.0,0.0,0.0,0.0,False,clear,1.0,0.0
EXP_CC2CE078,42,576,9.6,1,1434.353542,1637.235198,-80.0,-60.0,0.0,0.0,True,straight,2000,2000,10,0.0,0.0,0.0,0.0,2.713782,3.97723,754.353542,877.235198,False,False,False,0.0,False,0.0,False,0.0,False,0.0,0.0,False,linear,0.0,0.0,0.0,0.0,False,clear,1.0,0.0
EXP_CC2CE078,42,577,9.616667,1,1433.020209,1636.235198,-80.0,-60.0,0.0,0.0,True,straight,2000,2000,10,0.0,0.0,0.0,0.0,2.705464,3.971008,753.020209,876.235198,False,False,False,0.0,False,0.0,False,0.0,False,0.0,0.0,False,linear,0.0,0.0,0.0,0.0,False,clear,1.0,0.0
EXP_CC2CE078,42,578,9.633333,1,1431.686876,1635.235198,-80.0,-60.0,0.0,0.0,True,straight,2000,2000,10,0.0,0.0,0.0,0.0,2.697145,3.964787,751.686876,875.235198,False,False,False,0.0,False,0.0,False,0.0,False,0.0,0.0,False,linear,0.0,0.0,0.0,0.0,False,clear,1.0,0.0
EXP_CC2CE078,42,579,9.65,1,1430.353542,1634.235198,-80.0,-60.0,0.0,0.0,True,straight,2000,2000,10,0.0,0.0,0.0,0.0,2.688827,3.958565,750.353542,874.235198,False,False,False,0.0,False,0.0,False,0.0,False,0.0,0.0,False,linear,0.0,0.0,0.0,0.0,False,clear,1.0,0.0
EXP_CC2CE078,42,580,9.666667,1,1429.020209,1633.235198,-80.0,-60.0,0.0,0.0,True,straight,2000,2000,10,0.0,0.0,0.0,0.0,2.680509,3.952343,749.020209,873.235198,False,False,False,0.0,False,0.0,False,0.0,False,0.0,0.0,False,linear,0.0,0.0,0.0,0.0,False,clear,1.0,0.0
EXP_CC2CE078,42,581,9.683333,1,1427.686876,1632.235198,-80.0,-60.0,0.0,0.0,True,straight,2000,2000,10,0.0,0.0,0.0,0.0,2.67219,3.946122,747.686876,872.235198,False,False,False,0.0,False,0.0,False,0.0,False,0.0,0.0,False,linear,0.0,0.0,0.0,0.0,False,clear,1.0,0.0
EXP_CC2CE078,42,582,9.7,1,1426.353542,1631.235198,-80.0,-60.0,0.0,0.0,True,straight,2000,2000,10,0.0,0.0,0.0,0.0,2.663871,3.9399,746.353542,871.235198,False,False,False,0.0,False,0.0,False,0.0,False,0.0,0.0,False,linear,0.0,0.0,0.0,0.0,False,clear,1.0,0.0
EXP_CC2CE078,42,583,9.716667,1,1425.020209,1630.235198,-80.0,-60.0,0.0,0.0,True,straight,2000,2000,10,0.0,0.0,0.0,0.0,2.655553,3.933678,745.020209,870.235198,False,False,False,0.0,False,0.0,False,0.0,False,0.0,0.0,False,linear,0.0,0.0,0.0,0.0,False,clear,1.0,0.0
EXP_CC2CE078,42,584,9.733333,1,1423.686876,1629.235198,-80.0,-60.0,0.0,0.0,True,straight,2000,2000,10,0.0,0.0,0.0,0.0,2.647234,3.927456,743.686876,869.235198,False,False,False,0.0,False,0.0,False,0.0,False,0.0,0.0,False,linear,0.0,0.0,0.0,0.0,False,clear,1.0,0.0
EXP_CC2CE078,42,585,9.75,1,1422.353542,1628.235198,-80.0,-60.0,0.0,0.0,True,straight,2000,2000,10,0.0,0.0,0.0,0.0,2.638915,3.921234,742.353542,868.235198,False,False,False,0.0,False,0.0,False,0.0,False,0.0,0.0,False,linear,0.0,0.0,0.0,0.0,False,clear,1.0,0.0
EXP_CC2CE078,42,586,9.766667,1,1421.020209,1627.235198,-80.0,-60.0,0.0,0.0,True,straight,2000,2000,10,0.0,0.0,0.0,0.0,2.630596,3.915011,741.020209,867.235198,False,False,False,0.0,False,0.0,False,0.0,False,0.0,0.0,False,linear,0.0,0.0,0.0,0.0,False,clear,1.0,0.0
EXP_CC2CE078,42,587,9.783333,1,1419.686876,1626.235198,-80.0,-60.0,0.0,0.0,True,straight,2000,2000,10,0.0,0.0,0.0,0.0,2.622276,3.908789,739.686876,866.235198,False,False,False,0.0,False,0.0,False,0.0,False,0.0,0.0,False,linear,0.0,0.0,0.0,0.0,False,clear,1.0,0.0
EXP_CC2CE078,42,588,9.8,1,1418.353542,1625.235198,-80.0,-60.0,0.0,0.0,True,straight,2000,2000,10,0.0,0.0,0.0,0.0,2.613957,3.902567,738.353542,865.235198,False,False,False,0.0,False,0.0,False,0.0,False,0.0,0.0,False,linear,0.0,0.0,0.0,0.0,False,clear,1.0,0.0
EXP_CC2CE078,42,589,9.816667,1,1417.020209,1624.235198,-80.0,-60.0,0.0,0.0,True,straight,2000,2000,10,0.0,0.0,0.0,0.0,2.605638,3.896344,737.020209,864.235198,False,False,False,0.0,False,0.0,False,0.0,False,0.0,0.0,False,linear,0.0,0.0,0.0,0.0,False,clear,1.0,0.0
EXP_CC2CE078,42,590,9.833333,1,1415.686876,1623.235198,-80.0,-60.0,0.0,0.0,True,straight,2000,2000,10,0.0,0.0,0.0,0.0,2.597318,3.890122,735.686876,863.235198,False,False,False,0.0,False,0.0,False,0.0,False,0.0,0.0,False,linear,0.0,0.0,0.0,0.0,False,clear,1.0,0.0
EXP_CC2CE078,42,591,9.85,1,1414.353542,1622.235198,-80.0,-60.0,0.0,0.0,True,straight,2000,2000,10,0.0,0.0,0.0,0.0,2.588998,3.883899,734.353542,862.235198,False,False,False,0.0,False,0.0,False,0.0,False,0.0,0.0,False,linear,0.0,0.0,0.0,0.0,False,clear,1.0,0.0
EXP_CC2CE078,42,592,9.866667,1,1413.020209,1621.235198,-80.0,-60.0,0.0,0.0,True,straight,2000,2000,10,0.0,0.0,0.0,0.0,2.580679,3.877676,733.020209,861.235198,False,False,False,0.0,False,0.0,False,0.0,False,0.0,0.0,False,linear,0.0,0.0,0.0,0.0,False,clear,1.0,0.0
EXP_CC2CE078,42,593,9.883333,1,1411.686876,1620.235198,-80.0,-60.0,0.0,0.0,True,straight,2000,2000,10,0.0,0.0,0.0,0.0,2.572359,3.871453,731.686876,860.235198,False,False,False,0.0,False,0.0,False,0.0,False,0.0,0.0,False,linear,0.0,0.0,0.0,0.0,False,clear,1.0,0.0
EXP_CC2CE078,42,594,9.9,1,1410.353542,1619.235198,-80.0,-60.0,0.0,0.0,True,straight,2000,2000,10,0.0,0.0,0.0,0.0,2.564039,3.86523,730.353542,859.235198,False,False,False,0.0,False,0.0,False,0.0,False,0.0,0.0,False,linear,0.0,0.0,0.0,0.0,False,clear,1.0,0.0
EXP_CC2CE078,42,595,9.916667,1,1409.020209,1618.235198,-80.0,-60.0,0.0,0.0,True,straight,2000,2000,10,0.0,0.0,0.0,0.0,2.555719,3.859007,729.020209,858.235198,False,False,False,0.0,False,0.0,False,0.0,False,0.0,0.0,False,linear,0.0,0.0,0.0,0.0,False,clear,1.0,0.0
EXP_CC2CE078,42,596,9.933333,1,1407.686876,1617.235198,-80.0,-60.0,0.0,0.0,True,straight,2000,2000,10,0.0,0.0,0.0,0.0,2.547399,3.852784,727.686876,857.235198,False,False,False,0.0,False,0.0,False,0.0,False,0.0,0.0,False,linear,0.0,0.0,0.0,0.0,False,clear,1.0,0.0
EXP_CC2CE078,42,597,9.95,1,1406.353542,1616.235198,-80.0,-60.0,0.0,0.0,True,straight,2000,2000,10,0.0,0.0,0.0,0.0,2.539078,3.846561,726.353542,856.235198,False,False,False,0.0,False,0.0,False,0.0,False,0.0,0.0,False,linear,0.0,0.0,0.0,0.0,False,clear,1.0,0.0
EXP_CC2CE078,42,598,9.966667,1,1405.020209,1615.235198,-80.0,-60.0,0.0,0.0,True,straight,2000,2000,10,0.0,0.0,0.0,0.0,2.530758,3.840337,725.020209,855.235198,False,False,False,0.0,False,0.0,False,0.0,False,0.0,0.0,False,linear,0.0,0.0,0.0,0.0,False,clear,1.0,0.0
EXP_CC2CE078,42,599,9.983333,1,1403.686876,1614.235198,-80.0,-60.0,0.0,0.0,True,straight,2000,2000,10,0.0,0.0,0.0,0.0,2.522437,3.834114,723.686876,854.235198,False,False,False,0.0,False,0.0,False,0.0,False,0.0,0.0,False,linear,0.0,0.0,0.0,0.0,False,clear,1.0,0.0
EXP_CC2CE078,42,600,10.0,1,1402.353542,1613.235198,-80.0,-60.0,0.0,0.0,True,straight,2000,2000,10,0.0,0.0,0.0,0.0,2.514117,3.82789,722.353542,853.235198,False,False,False,0.0,False,0.0,False,0.0,False,0.0,0.0,False,linear,0.0,0.0,0.0,0.0,False,clear,1.0,0.0
EXP_CC2CE078,42,601,10.016667,1,1401.020209,1612.235198,-80.0,-60.0,0.0,0.0,True,straight,2000,2000,10,0.0,0.0,0.0,0.0,2.505796,3.821667,721.020209,852.235198,False,False,False,0.0,False,0.0,False,0.0,False,0.0,0.0,False,linear,0.0,0.0,0.0,0.0,False,clear,1.0,0.0
EXP_CC2CE078,42,602,10.033333,1,1399.686876,1611.235198,-80.0,-60.0,0.0,0.0,True,straight,2000,2000,10,0.0,0.0,0.0,0.0,2.497475,3.815443,719.686876,851.235198,False,False,False,0.0,False,0.0,False,0.0,False,0.0,0.0,False,linear,0.0,0.0,0.0,0.0,False,clear,1.0,0.0
EXP_CC2CE078,42,603,10.05,1,1398.353542,1610.235198,-80.0,-60.0,0.0,0.0,True,straight,2000,2000,10,0.0,0.0,0.0,0.0,2.489154,3.809219,718.353542,850.235198,False,False,False,0.0,False,0.0,False,0.0,False,0.0,0.0,False,linear,0.0,0.0,0.0,0.0,False,clear,1.0,0.0
EXP_CC2CE078,42,604,10.066667,1,1397.020209,1609.235198,-80.0,-60.0,0.0,0.0,True,straight,2000,2000,10,0.0,0.0,0.0,0.0,2.480833,3.802995,717.020209,849.235198,False,False,False,0.0,False,0.0,False,0.0,False,0.0,0.0,False,linear,0.0,0.0,0.0,0.0,False,clear,1.0,0.0
EXP_CC2CE078,42,605,10.083333,1,1395.686876,1608.235198,-80.0,-60.0,0.0,0.0,True,straight,2000,2000,10,0.0,0.0,0.0,0.0,2.472512,3.796771,715.686876,848.235198,False,False,False,0.0,False,0.0,False,0.0,False,0.0,0.0,False,linear,0.0,0.0,0.0,0.0,False,clear,1.0,0.0
EXP_CC2CE078,42,606,10.1,1,1394.353542,1607.235198,-80.0,-60.0,0.0,0.0,True,straight,2000,2000,10,0.0,0.0,0.0,0.0,2.464191,3.790547,714.353542,847.235198,False,False,False,0.0,False,0.0,False,0.0,False,0.0,0.0,False,linear,0.0,0.0,0.0,0.0,False,clear,1.0,0.0
EXP_CC2CE078,42,607,10.116667,1,1393.020209,1606.235198,-80.0,-60.0,0.0,0.0,True,straight,2000,2000,10,0.0,0.0,0.0,0.0,2.455869,3.784323,713.020209,846.235198,False,False,False,0.0,False,0.0,False,0.0,False,0.0,0.0,False,linear,0.0,0.0,0.0,0.0,False,clear,1.0,0.0
EXP_CC2CE078,42,608,10.133333,1,1391.686876,1605.235198,-80.0,-60.0,0.0,0.0,True,straight,2000,2000,10,0.0,0.0,0.0,0.0,2.447548,3.778099,711.686876,845.235198,False,False,False,0.0,False,0.0,False,0.0,False,0.0,0.0,False,linear,0.0,0.0,0.0,0.0,False,clear,1.0,0.0
EXP_CC2CE078,42,609,10.15,1,1390.353542,1604.235198,-80.0,-60.0,0.0,0.0,True,straight,2000,2000,10,0.0,0.0,0.0,0.0,2.439226,3.771875,710.353542,844.235198,False,False,False,0.0,False,0.0,False,0.0,False,0.0,0.0,False,linear,0.0,0.0,0.0,0.0,False,clear,1.0,0.0
EXP_CC2CE078,42,610,10.166667,1,1389.020209,1603.235198,-80.0,-60.0,0.0,0.0,True,straight,2000,2000,10,0.0,0.0,0.0,0.0,2.430905,3.76565,709.020209,843.235198,False,False,False,0.0,False,0.0,False,0.0,False,0.0,0.0,False,linear,0.0,0.0,0.0,0.0,False,clear,1.0,0.0
EXP_CC2CE078,42,611,10.183333,1,1387.686876,1602.235198,-80.0,-60.0,0.0,0.0,True,straight,2000,2000,10,0.0,0.0,0.0,0.0,2.422583,3.759426,707.686876,842.235198,False,False,False,0.0,False,0.0,False,0.0,False,0.0,0.0,False,linear,0.0,0.0,0.0,0.0,False,clear,1.0,0.0
EXP_CC2CE078,42,612,10.2,1,1386.353542,1601.235198,-80.0,-60.0,0.0,0.0,True,straight,2000,2000,10,0.0,0.0,0.0,0.0,2.414261,3.753201,706.353542,841.235198,False,False,False,0.0,False,0.0,False,0.0,False,0.0,0.0,False,linear,0.0,0.0,0.0,0.0,False,clear,1.0,0.0
EXP_CC2CE078,42,613,10.216667,1,1385.020209,1600.235198,-80.0,-60.0,0.0,0.0,True,straight,2000,2000,10,0.0,0.0,0.0,0.0,2.405939,3.746976,705.020209,840.235198,False,False,False,0.0,False,0.0,False,0.0,False,0.0,0.0,False,linear,0.0,0.0,0.0,0.0,False,clear,1.0,0.0
EXP_CC2CE078,42,614,10.233333,1,1383.686876,1599.235198,-80.0,-60.0,0.0,0.0,True,straight,2000,2000,10,0.0,0.0,0.0,0.0,2.397617,3.740752,703.686876,839.235198,False,False,False,0.0,False,0.0,False,0.0,False,0.0,0.0,False,linear,0.0,0.0,0.0,0.0,False,clear,1.0,0.0
EXP_CC2CE078,42,615,10.25,1,1382.353542,1598.235198,-80.0,-60.0,0.0,0.0,True,straight,2000,2000,10,0.0,0.0,0.0,0.0,2.389295,3.734527,702.353542,838.235198,False,False,False,0.0,False,0.0,False,0.0,False,0.0,0.0,False,linear,0.0,0.0,0.0,0.0,False,clear,1.0,0.0
EXP_CC2CE078,42,616,10.266667,1,1381.020209,1597.235198,-80.0,-60.0,0.0,0.0,True,straight,2000,2000,10,0.0,0.0,0.0,0.0,2.380972,3.728302,701.020209,837.235198,False,False,False,0.0,False,0.0,False,0.0,False,0.0,0.0,False,linear,0.0,0.0,0.0,0.0,False,clear,1.0,0.0
EXP_CC2CE078,42,617,10.283333,1,1379.686876,1596.235198,-80.0,-60.0,0.0,0.0,True,straight,2000,2000,10,0.0,0.0,0.0,0.0,2.37265,3.722077,699.686876,836.235198,False,False,False,0.0,False,0.0,False,0.0,False,0.0,0.0,False,linear,0.0,0.0,0.0,0.0,False,clear,1.0,0.0
EXP_CC2CE078,42,618,10.3,1,1378.353542,1595.235198,-80.0,-60.0,0.0,0.0,True,straight,2000,2000,10,0.0,0.0,0.0,0.0,2.364328,3.715852,698.353542,835.235198,False,False,False,0.0,False,0.0,False,0.0,False,0.0,0.0,False,linear,0.0,0.0,0.0,0.0,False,clear,1.0,0.0
EXP_CC2CE078,42,619,10.316667,1,1377.020209,1594.235198,-80.0,-60.0,0.0,0.0,True,straight,2000,2000,10,0.0,0.0,0.0,0.0,2.356005,3.709627,697.020209,834.235198,False,False,False,0.0,False,0.0,False,0.0,False,0.0,0.0,False,linear,0.0,0.0,0.0,0.0,False,clear,1.0,0.0
EXP_CC2CE078,42,620,10.333333,1,1375.686876,1593.235198,-80.0,-60.0,0.0,0.0,True,straight,2000,2000,10,0.0,0.0,0.0,0.0,2.347682,3.703401,695.686876,833.235198,False,False,False,0.0,False,0.0,False,0.0,False,0.0,0.0,False,linear,0.0,0.0,0.0,0.0,False,clear,1.0,0.0
EXP_CC2CE078,42,621,10.35,1,1374.353542,1592.235198,-80.0,-60.0,0.0,0.0,True,straight,2000,2000,10,0.0,0.0,0.0,0.0,2.33936,3.697176,694.353542,832.235198,False,False,False,0.0,False,0.0,False,0.0,False,0.0,0.0,False,linear,0.0,0.0,0.0,0.0,False,clear,1.0,0.0
EXP_CC2CE078,42,622,10.366667,1,1373.020209,1591.235198,-80.0,-60.0,0.0,0.0,True,straight,2000,2000,10,0.0,0.0,0.0,0.0,2.331037,3.69095,693.020209,831.235198,False,False,False,0.0,False,0.0,False,0.0,False,0.0,0.0,False,linear,0.0,0.0,0.0,0.0,False,clear,1.0,0.0
EXP_CC2CE078,42,623,10.383333,1,1371.686876,1590.235198,-80.0,-60.0,0.0,0.0,True,straight,2000,2000,10,0.0,0.0,0.0,0.0,2.322714,3.684725,691.686876,830.235198,False,False,False,0.0,False,0.0,False,0.0,False,0.0,0.0,False,linear,0.0,0.0,0.0,0.0,False,clear,1.0,0.0
EXP_CC2CE078,42,624,10.4,1,1370.353542,1589.235198,-80.0,-60.0,0.0,0.0,True,straight,2000,2000,10,0.0,0.0,0.0,0.0,2.314391,3.678499,690.353542,829.235198,False,False,False,0.0,False,0.0,False,0.0,False,0.0,0.0,False,linear,0.0,0.0,0.0,0.0,False,clear,1.0,0.0
EXP_CC2CE078,42,625,10.416667,1,1369.020209,1588.235198,-80.0,-60.0,0.0,0.0,True,straight,2000,2000,10,0.0,0.0,0.0,0.0,2.306067,3.672273,689.020209,828.235198,False,False,False,0.0,False,0.0,False,0.0,False,0.0,0.0,False,linear,0.0,0.0,0.0,0.0,False,clear,1.0,0.0
EXP_CC2CE078,42,626,10.433333,1,1367.686876,1587.235198,-80.0,-60.0,0.0,0.0,True,straight,2000,2000,10,0.0,0.0,0.0,0.0,2.297744,3.666048,687.686876,827.235198,False,False,False,0.0,False,0.0,False,0.0,False,0.0,0.0,False,linear,0.0,0.0,0.0,0.0,False,clear,1.0,0.0
EXP_CC2CE078,42,627,10.45,1,1366.353542,1586.235198,-80.0,-60.0,0.0,0.0,True,straight,2000,2000,10,0.0,0.0,0.0,0.0,2.289421,3.659822,686.353542,826.235198,False,False,False,0.0,False,0.0,False,0.0,False,0.0,0.0,False,linear,0.0,0.0,0.0,0.0,False,clear,1.0,0.0
EXP_CC2CE078,42,628,10.466667,1,1365.020209,1585.235198,-80.0,-60.0,0.0,0.0,True,straight,2000,2000,10,0.0,0.0,0.0,0.0,2.281097,3.653596,685.020209,825.235198,False,False,False,0.0,False,0.0,False,0.0,False,0.0,0.0,False,linear,0.0,0.0,0.0,0.0,False,clear,1.0,0.0
EXP_CC2CE078,42,629,10.483333,1,1363.686876,1584.235198,-80.0,-60.0,0.0,0.0,True,straight,2000,2000,10,0.0,0.0,0.0,0.0,2.272774,3.64737,683.686876,824.235198,False,False,False,0.0,False,0.0,False,0.0,False,0.0,0.0,False,linear,0.0,0.0,0.0,0.0,False,clear,1.0,0.0
EXP_CC2CE078,42,630,10.5,1,1362.353542,1583.235198,-80.0,-60.0,0.0,0.0,True,straight,2000,2000,10,0.0,0.0,0.0,0.0,2.26445,3.641143,682.353542,823.235198,False,False,False,0.0,False,0.0,False,0.0,False,0.0,0.0,False,linear,0.0,0.0,0.0,0.0,False,clear,1.0,0.0
EXP_CC2CE078,42,631,10.516667,1,1361.020209,1582.235198,-80.0,-60.0,0.0,0.0,True,straight,2000,2000,10,0.0,0.0,0.0,0.0,2.256126,3.634917,681.020209,822.235198,False,False,False,0.0,False,0.0,False,0.0,False,0.0,0.0,False,linear,0.0,0.0,0.0,0.0,False,clear,1.0,0.0
EXP_CC2CE078,42,632,10.533333,1,1359.686876,1581.235198,-80.0,-60.0,0.0,0.0,True,straight,2000,2000,10,0.0,0.0,0.0,0.0,2.247803,3.628691,679.686876,821.235198,False,False,False,0.0,False,0.0,False,0.0,False,0.0,0.0,False,linear,0.0,0.0,0.0,0.0,False,clear,1.0,0.0
EXP_CC2CE078,42,633,10.55,1,1358.353542,1580.235198,-80.0,-60.0,0.0,0.0,True,straight,2000,2000,10,0.0,0.0,0.0,0.0,2.239479,3.622464,678.353542,820.235198,False,False,False,0.0,False,0.0,False,0.0,False,0.0,0.0,False,linear,0.0,0.0,0.0,0.0,False,clear,1.0,0.0
EXP_CC2CE078,42,634,10.566667,1,1357.020209,1579.235198,-80.0,-60.0,0.0,0.0,True,straight,2000,2000,10,0.0,0.0,0.0,0.0,2.231155,3.616238,677.020209,819.235198,False,False,False,0.0,False,0.0,False,0.0,False,0.0,0.0,False,linear,0.0,0.0,0.0,0.0,False,clear,1.0,0.0
EXP_CC2CE078,42,635,10.583333,1,1355.686876,1578.235198,-80.0,-60.0,0.0,0.0,True,straight,2000,2000,10,0.0,0.0,0.0,0.0,2.22283,3.610011,675.686876,818.235198,False,False,False,0.0,False,0.0,False,0.0,False,0.0,0.0,False,linear,0.0,0.0,0.0,0.0,False,clear,1.0,0.0
EXP_CC2CE078,42,636,10.6,1,1354.353542,1577.235198,-80.0,-60.0,0.0,0.0,True,straight,2000,2000,10,0.0,0.0,0.0,0.0,2.214506,3.603785,674.353542,817.235198,False,False,False,0.0,False,0.0,False,0.0,False,0.0,0.0,False,linear,0.0,0.0,0.0,0.0,False,clear,1.0,0.0
EXP_CC2CE078,42,637,10.616667,1,1353.020209,1576.235198,-80.0,-60.0,0.0,0.0,True,straight,2000,2000,10,0.0,0.0,0.0,0.0,2.206182,3.597558,673.020209,816.235198,False,False,False,0.0,False,0.0,False,0.0,False,0.0,0.0,False,linear,0.0,0.0,0.0,0.0,False,clear,1.0,0.0
EXP_CC2CE078,42,638,10.633333,1,1351.686876,1575.235198,-80.0,-60.0,0.0,0.0,True,straight,2000,2000,10,0.0,0.0,0.0,0.0,2.197857,3.591331,671.686876,815.235198,False,False,False,0.0,False,0.0,False,0.0,False,0.0,0.0,False,linear,0.0,0.0,0.0,0.0,False,clear,1.0,0.0
EXP_CC2CE078,42,639,10.65,1,1350.353542,1574.235198,-80.0,-60.0,0.0,0.0,True,straight,2000,2000,10,0.0,0.0,0.0,0.0,2.189533,3.585104,670.353542,814.235198,False,False,False,0.0,False,0.0,False,0.0,False,0.0,0.0,False,linear,0.0,0.0,0.0,0.0,False,clear,1.0,0.0
EXP_CC2CE078,42,640,10.666667,1,1349.020209,1573.235198,-80.0,-60.0,0.0,0.0,True,straight,2000,2000,10,0.0,0.0,0.0,0.0,2.181208,3.578877,669.020209,813.235198,False,False,False,0.0,False,0.0,False,0.0,False,0.0,0.0,False,linear,0.0,0.0,0.0,0.0,False,clear,1.0,0.0
EXP_CC2CE078,42,641,10.683333,1,1347.686876,1572.235198,-80.0,-60.0,0.0,0.0,True,straight,2000,2000,10,0.0,0.0,0.0,0.0,2.172884,3.57265,667.686876,812.235198,False,False,False,0.0,False,0.0,False,0.0,False,0.0,0.0,False,linear,0.0,0.0,0.0,0.0,False,clear,1.0,0.0
EXP_CC2CE078,42,642,10.7,1,1346.353542,1571.235198,-80.0,-60.0,0.0,0.0,True,straight,2000,2000,10,0.0,0.0,0.0,0.0,2.164559,3.566423,666.353542,811.235198,False,False,False,0.0,False,0.0,False,0.0,False,0.0,0.0,False,linear,0.0,0.0,0.0,0.0,False,clear,1.0,0.0
EXP_CC2CE078,42,643,10.716667,1,1345.020209,1570.235198,-80.0,-60.0,0.0,0.0,True,straight,2000,2000,10,0.0,0.0,0.0,0.0,2.156234,3.560195,665.020209,810.235198,False,False,False,0.0,False,0.0,False,0.0,False,0.0,0.0,False,linear,0.0,0.0,0.0,0.0,False,clear,1.0,0.0
EXP_CC2CE078,42,644,10.733333,1,1343.686876,1569.235198,-80.0,-60.0,0.0,0.0,True,straight,2000,2000,10,0.0,0.0,0.0,0.0,2.147909,3.553968,663.686876,809.235198,False,False,False,0.0,False,0.0,False,0.0,False,0.0,0.0,False,linear,0.0,0.0,0.0,0.0,False,clear,1.0,0.0
EXP_CC2CE078,42,645,10.75,1,1342.353542,1568.235198,-80.0,-60.0,0.0,0.0,True,straight,2000,2000,10,0.0,0.0,0.0,0.0,2.139584,3.547741,662.353542,808.235198,False,False,False,0.0,False,0.0,False,0.0,False,0.0,0.0,False,linear,0.0,0.0,0.0,0.0,False,clear,1.0,0.0
EXP_CC2CE078,42,646,10.766667,1,1341.020209,1567.235198,-80.0,-60.0,0.0,0.0,True,straight,2000,2000,10,0.0,0.0,0.0,0.0,2.131259,3.541513,661.020209,807.235198,False,False,False,0.0,False,0.0,False,0.0,False,0.0,0.0,False,linear,0.0,0.0,0.0,0.0,False,clear,1.0,0.0
EXP_CC2CE078,42,647,10.783333,1,1339.686876,1566.235198,-80.0,-60.0,0.0,0.0,True,straight,2000,2000,10,0.0,0.0,0.0,0.0,2.122934,3.535285,659.686876,806.235198,False,False,False,0.0,False,0.0,False,0.0,False,0.0,0.0,False,linear,0.0,0.0,0.0,0.0,False,clear,1.0,0.0
EXP_CC2CE078,42,648,10.8,1,1338.353542,1565.235198,-80.0,-60.0,0.0,0.0,True,straight,2000,2000,10,0.0,0.0,0.0,0.0,2.114608,3.529058,658.353542,805.235198,False,False,False,0.0,False,0.0,False,0.0,False,0.0,0.0,False,linear,0.0,0.0,0.0,0.0,False,clear,1.0,0.0
EXP_CC2CE078,42,649,10.816667,1,1337.020209,1564.235198,-80.0,-60.0,0.0,0.0,True,straight,2000,2000,10,0.0,0.0,0.0,0.0,2.106283,3.52283,657.020209,804.235198,False,False,False,0.0,False,0.0,False,0.0,False,0.0,0.0,False,linear,0.0,0.0,0.0,0.0,False,clear,1.0,0.0
EXP_CC2CE078,42,650,10.833333,1,1335.686876,1563.235198,-80.0,-60.0,0.0,0.0,True,straight,2000,2000,10,0.0,0.0,0.0,0.0,2.097957,3.516602,655.686876,803.235198,False,False,False,0.0,False,0.0,False,0.0,False,0.0,0.0,False,linear,0.0,0.0,0.0,0.0,False,clear,1.0,0.0
EXP_CC2CE078,42,651,10.85,1,1334.353542,1562.235198,-80.0,-60.0,0.0,0.0,True,straight,2000,2000,10,0.0,0.0,0.0,0.0,2.089632,3.510374,654.353542,802.235198,False,False,False,0.0,False,0.0,False,0.0,False,0.0,0.0,False,linear,0.0,0.0,0.0,0.0,False,clear,1.0,0.0
EXP_CC2CE078,42,652,10.866667,1,1333.020209,1561.235198,-80.0,-60.0,0.0,0.0,True,straight,2000,2000,10,0.0,0.0,0.0,0.0,2.081306,3.504146,653.020209,801.235198,False,False,False,0.0,False,0.0,False,0.0,False,0.0,0.0,False,linear,0.0,0.0,0.0,0.0,False,clear,1.0,0.0
EXP_CC2CE078,42,653,10.883333,1,1331.686876,1560.235198,-80.0,-60.0,0.0,0.0,True,straight,2000,2000,10,0.0,0.0,0.0,0.0,2.07298,3.497918,651.686876,800.235198,False,False,False,0.0,False,0.0,False,0.0,False,0.0,0.0,False,linear,0.0,0.0,0.0,0.0,False,clear,1.0,0.0
EXP_CC2CE078,42,654,10.9,1,1330.353542,1559.235198,-80.0,-60.0,0.0,0.0,True,straight,2000,2000,10,0.0,0.0,0.0,0.0,2.064655,3.49169,650.353542,799.235198,False,False,False,0.0,False,0.0,False,0.0,False,0.0,0.0,False,linear,0.0,0.0,0.0,0.0,False,clear,1.0,0.0
EXP_CC2CE078,42,655,10.916667,1,1329.020209,1558.235198,-80.0,-60.0,0.0,0.0,True,straight,2000,2000,10,0.0,0.0,0.0,0.0,2.056329,3.485461,649.020209,798.235198,False,False,False,0.0,False,0.0,False,0.0,False,0.0,0.0,False,linear,0.0,0.0,0.0,0.0,False,clear,1.0,0.0
EXP_CC2CE078,42,656,10.933333,1,1327.686876,1557.235198,-80.0,-60.0,0.0,0.0,True,straight,2000,2000,10,0.0,0.0,0.0,0.0,2.048003,3.479233,647.686876,797.235198,False,False,False,0.0,False,0.0,False,0.0,False,0.0,0.0,False,linear,0.0,0.0,0.0,0.0,False,clear,1.0,0.0
EXP_CC2CE078,42,657,10.95,1,1326.353542,1556.235198,-80.0,-60.0,0.0,0.0,True,straight,2000,2000,10,0.0,0.0,0.0,0.0,2.039676,3.473005,646.353542,796.235198,False,False,False,0.0,False,0.0,False,0.0,False,0.0,0.0,False,linear,0.0,0.0,0.0,0.0,False,clear,1.0,0.0
EXP_CC2CE078,42,658,10.966667,1,1325.020209,1555.235198,-80.0,-60.0,0.0,0.0,True,straight,2000,2000,10,0.0,0.0,0.0,0.0,2.03135,3.466776,645.020209,795.235198,False,False,False,0.0,False,0.0,False,0.0,False,0.0,0.0,False,linear,0.0,0.0,0.0,0.0,False,clear,1.0,0.0
EXP_CC2CE078,42,659,10.983333,1,1323.686876,1554.235198,-80.0,-60.0,0.0,0.0,True,straight,2000,2000,10,0.0,0.0,0.0,0.0,2.023024,3.460548,643.686876,794.235198,False,False,False,0.0,False,0.0,False,0.0,False,0.0,0.0,False,linear,0.0,0.0,0.0,0.0,False,clear,1.0,0.0
EXP_CC2CE078,42,660,11.0,1,1322.353542,1553.235198,-80.0,-60.0,0.0,0.0,True,straight,2000,2000,10,0.0,0.0,0.0,0.0,2.014698,3.454319,642.353542,793.235198,False,False,False,0.0,False,0.0,False,0.0,False,0.0,0.0,False,linear,0.0,0.0,0.0,0.0,False,clear,1.0,0.0
EXP_CC2CE078,42,661,11.016667,1,1321.020209,1552.235198,-80.0,-60.0,0.0,0.0,True,straight,2000,2000,10,0.0,0.0,0.0,0.0,2.006371,3.44809,641.020209,792.235198,False,False,False,0.0,False,0.0,False,0.0,False,0.0,0.0,False,linear,0.0,0.0,0.0,0.0,False,clear,1.0,0.0
EXP_CC2CE078,42,662,11.033333,1,1319.686876,1551.235198,-80.0,-60.0,0.0,0.0,True,straight,2000,2000,10,0.0,0.0,0.0,0.0,1.998045,3.441861,639.686876,791.235198,False,False,False,0.0,False,0.0,False,0.0,False,0.0,0.0,False,linear,0.0,0.0,0.0,0.0,False,clear,1.0,0.0
EXP_CC2CE078,42,663,11.05,1,1318.353542,1550.235198,-80.0,-60.0,0.0,0.0,True,straight,2000,2000,10,0.0,0.0,0.0,0.0,1.989718,3.435632,638.353542,790.235198,False,False,False,0.0,False,0.0,False,0.0,False,0.0,0.0,False,linear,0.0,0.0,0.0,0.0,False,clear,1.0,0.0
EXP_CC2CE078,42,664,11.066667,1,1317.020209,1549.235198,-80.0,-60.0,0.0,0.0,True,straight,2000,2000,10,0.0,0.0,0.0,0.0,1.981391,3.429403,637.020209,789.235198,False,False,False,0.0,False,0.0,False,0.0,False,0.0,0.0,False,linear,0.0,0.0,0.0,0.0,False,clear,1.0,0.0
EXP_CC2CE078,42,665,11.083333,1,1315.686876,1548.235198,-80.0,-60.0,0.0,0.0,True,straight,2000,2000,10,0.0,0.0,0.0,0.0,1.973064,3.423174,635.686876,788.235198,False,False,False,0.0,False,0.0,False,0.0,False,0.0,0.0,False,linear,0.0,0.0,0.0,0.0,False,clear,1.0,0.0
EXP_CC2CE078,42,666,11.1,1,1314.353542,1547.235198,-80.0,-60.0,0.0,0.0,True,straight,2000,2000,10,0.0,0.0,0.0,0.0,1.964738,3.416945,634.353542,787.235198,False,False,False,0.0,False,0.0,False,0.0,False,0.0,0.0,False,linear,0.0,0.0,0.0,0.0,False,clear,1.0,0.0
EXP_CC2CE078,42,667,11.116667,1,1313.020209,1546.235198,-80.0,-60.0,0.0,0.0,True,straight,2000,2000,10,0.0,0.0,0.0,0.0,1.956411,3.410716,633.020209,786.235198,False,False,False,0.0,False,0.0,False,0.0,False,0.0,0.0,False,linear,0.0,0.0,0.0,0.0,False,clear,1.0,0.0
EXP_CC2CE078,42,668,11.133333,1,1311.686876,1545.235198,-80.0,-60.0,0.0,0.0,True,straight,2000,2000,10,0.0,0.0,0.0,0.0,1.948084,3.404486,631.686876,785.235198,False,False,False,0.0,False,0.0,False,0.0,False,0.0,0.0,False,linear,0.0,0.0,0.0,0.0,False,clear,1.0,0.0
EXP_CC2CE078,42,669,11.15,1,1310.353542,1544.235198,-80.0,-60.0,0.0,0.0,True,straight,2000,2000,10,0.0,0.0,0.0,0.0,1.939756,3.398257,630.353542,784.235198,False,False,False,0.0,False,0.0,False,0.0,False,0.0,0.0,False,linear,0.0,0.0,0.0,0.0,False,clear,1.0,0.0
EXP_CC2CE078,42,670,11.166667,1,1309.020209,1543.235198,-80.0,-60.0,0.0,0.0,True,straight,2000,2000,10,0.0,0.0,0.0,0.0,1.931429,3.392027,629.020209,783.235198,False,False,False,0.0,False,0.0,False,0.0,False,0.0,0.0,False,linear,0.0,0.0,0.0,0.0,False,clear,1.0,0.0
EXP_CC2CE078,42,671,11.183333,1,1307.686876,1542.235198,-80.0,-60.0,0.0,0.0,True,straight,2000,2000,10,0.0,0.0,0.0,0.0,1.923102,3.385798,627.686876,782.235198,False,False,False,0.0,False,0.0,False,0.0,False,0.0,0.0,False,linear,0.0,0.0,0.0,0.0,False,clear,1.0,0.0
EXP_CC2CE078,42,672,11.2,1,1306.353542,1541.235198,-80.0,-60.0,0.0,0.0,True,straight,2000,2000,10,0.0,0.0,0.0,0.0,1.914775,3.379568,626.353542,781.235198,False,False,False,0.0,False,0.0,False,0.0,False,0.0,0.0,False,linear,0.0,0.0,0.0,0.0,False,clear,1.0,0.0
EXP_CC2CE078,42,673,11.216667,1,1305.020209,1540.235198,-80.0,-60.0,0.0,0.0,True,straight,2000,2000,10,0.0,0.0,0.0,0.0,1.906447,3.373338,625.020209,780.235198,False,False,False,0.0,False,0.0,False,0.0,False,0.0,0.0,False,linear,0.0,0.0,0.0,0.0,False,clear,1.0,0.0
EXP_CC2CE078,42,674,11.233333,1,1303.686876,1539.235198,-80.0,-60.0,0.0,0.0,True,straight,2000,2000,10,0.0,0.0,0.0,0.0,1.89812,3.367109,623.686876,779.235198,False,False,False,0.0,False,0.0,False,0.0,False,0.0,0.0,False,linear,0.0,0.0,0.0,0.0,False,clear,1.0,0.0
EXP_CC2CE078,42,675,11.25,1,1302.353542,1538.235198,-80.0,-60.0,0.0,0.0,True,straight,2000,2000,10,0.0,0.0,0.0,0.0,1.889792,3.360879,622.353542,778.235198,False,False,False,0.0,False,0.0,False,0.0,False,0.0,0.0,False,linear,0.0,0.0,0.0,0.0,False,clear,1.0,0.0
EXP_CC2CE078,42,676,11.266667,1,1301.020209,1537.235198,-80.0,-60.0,0.0,0.0,True,straight,2000,2000,10,0.0,0.0,0.0,0.0,1.881464,3.354649,621.020209,777.235198,False,False,False,0.0,False,0.0,False,0.0,False,0.0,0.0,False,linear,0.0,0.0,0.0,0.0,False,clear,1.0,0.0
EXP_CC2CE078,42,677,11.283333,1,1299.686876,1536.235198,-80.0,-60.0,0.0,0.0,True,straight,2000,2000,10,0.0,0.0,0.0,0.0,1.873136,3.348419,619.686876,776.235198,False,False,False,0.0,False,0.0,False,0.0,False,0.0,0.0,False,linear,0.0,0.0,0.0,0.0,False,clear,1.0,0.0
EXP_CC2CE078,42,678,11.3,1,1298.353542,1535.235198,-80.0,-60.0,0.0,0.0,True,straight,2000,2000,10,0.0,0.0,0.0,0.0,1.864809,3.342189,618.353542,775.235198,False,False,False,0.0,False,0.0,False,0.0,False,0.0,0.0,False,linear,0.0,0.0,0.0,0.0,False,clear,1.0,0.0
EXP_CC2CE078,42,679,11.316667,1,1297.020209,1534.235198,-80.0,-60.0,0.0,0.0,True,straight,2000,2000,10,0.0,0.0,0.0,0.0,1.856481,3.335958,617.020209,774.235198,False,False,False,0.0,False,0.0,False,0.0,False,0.0,0.0,False,linear,0.0,0.0,0.0,0.0,False,clear,1.0,0.0
EXP_CC2CE078,42,680,11.333333,1,1295.686876,1533.235198,-80.0,-60.0,0.0,0.0,True,straight,2000,2000,10,0.0,0.0,0.0,0.0,1.848153,3.329728,615.686876,773.235198,False,False,False,0.0,False,0.0,False,0.0,False,0.0,0.0,False,linear,0.0,0.0,0.0,0.0,False,clear,1.0,0.0
EXP_CC2CE078,42,681,11.35,1,1294.353542,1532.235198,-80.0,-60.0,0.0,0.0,True,straight,2000,2000,10,0.0,0.0,0.0,0.0,1.839825,3.323498,614.353542,772.235198,False,False,False,0.0,False,0.0,False,0.0,False,0.0,0.0,False,linear,0.0,0.0,0.0,0.0,False,clear,1.0,0.0
EXP_CC2CE078,42,682,11.366667,1,1293.020209,1531.235198,-80.0,-60.0,0.0,0.0,True,straight,2000,2000,10,0.0,0.0,0.0,0.0,1.831496,3.317267,613.020209,771.235198,False,False,False,0.0,False,0.0,False,0.0,False,0.0,0.0,False,linear,0.0,0.0,0.0,0.0,False,clear,1.0,0.0
EXP_CC2CE078,42,683,11.383333,1,1291.686876,1530.235198,-80.0,-60.0,0.0,0.0,True,straight,2000,2000,10,0.0,0.0,0.0,0.0,1.823168,3.311037,611.686876,770.235198,False,False,False,0.0,False,0.0,False,0.0,False,0.0,0.0,False,linear,0.0,0.0,0.0,0.0,False,clear,1.0,0.0
EXP_CC2CE078,42,684,11.4,1,1290.353542,1529.235198,-80.0,-60.0,0.0,0.0,True,straight,2000,2000,10,0.0,0.0,0.0,0.0,1.81484,3.304806,610.353542,769.235198,False,False,False,0.0,False,0.0,False,0.0,False,0.0,0.0,False,linear,0.0,0.0,0.0,0.0,False,clear,1.0,0.0
EXP_CC2CE078,42,685,11.416667,1,1289.020209,1528.235198,-80.0,-60.0,0.0,0.0,True,straight,2000,2000,10,0.0,0.0,0.0,0.0,1.806511,3.298575,609.020209,768.235198,False,False,False,0.0,False,0.0,False,0.0,False,0.0,0.0,False,linear,0.0,0.0,0.0,0.0,False,clear,1.0,0.0
EXP_CC2CE078,42,686,11.433333,1,1287.686876,1527.235198,-80.0,-60.0,0.0,0.0,True,straight,2000,2000,10,0.0,0.0,0.0,0.0,1.798183,3.292345,607.686876,767.235198,False,False,False,0.0,False,0.0,False,0.0,False,0.0,0.0,False,linear,0.0,0.0,0.0,0.0,False,clear,1.0,0.0
EXP_CC2CE078,42,687,11.45,1,1286.353542,1526.235198,-80.0,-60.0,0.0,0.0,True,straight,2000,2000,10,0.0,0.0,0.0,0.0,1.789854,3.286114,606.353542,766.235198,False,False,False,0.0,False,0.0,False,0.0,False,0.0,0.0,False,linear,0.0,0.0,0.0,0.0,False,clear,1.0,0.0
EXP_CC2CE078,42,688,11.466667,1,1285.020209,1525.235198,-80.0,-60.0,0.0,0.0,True,straight,2000,2000,10,0.0,0.0,0.0,0.0,1.781526,3.279883,605.020209,765.235198,False,False,False,0.0,False,0.0,False,0.0,False,0.0,0.0,False,linear,0.0,0.0,0.0,0.0,False,clear,1.0,0.0
EXP_CC2CE078,42,689,11.483333,1,1283.686876,1524.235198,-80.0,-60.0,0.0,0.0,True,straight,2000,2000,10,0.0,0.0,0.0,0.0,1.773197,3.273652,603.686876,764.235198,False,False,False,0.0,False,0.0,False,0.0,False,0.0,0.0,False,linear,0.0,0.0,0.0,0.0,False,clear,1.0,0.0
EXP_CC2CE078,42,690,11.5,1,1282.353542,1523.235198,-80.0,-60.0,0.0,0.0,True,straight,2000,2000,10,0.0,0.0,0.0,0.0,1.764868,3.267421,602.353542,763.235198,False,False,False,0.0,False,0.0,False,0.0,False,0.0,0.0,False,linear,0.0,0.0,0.0,0.0,False,clear,1.0,0.0
EXP_CC2CE078,42,691,11.516667,1,1281.020209,1522.235198,-80.0,-60.0,0.0,0.0,True,straight,2000,2000,10,0.0,0.0,0.0,0.0,1.75654,3.26119,601.020209,762.235198,False,False,False,0.0,False,0.0,False,0.0,False,0.0,0.0,False,linear,0.0,0.0,0.0,0.0,False,clear,1.0,0.0
EXP_CC2CE078,42,692,11.533333,1,1279.686876,1521.235198,-80.0,-60.0,0.0,0.0,True,straight,2000,2000,10,0.0,0.0,0.0,0.0,1.748211,3.254958,599.686876,761.235198,False,False,False,0.0,False,0.0,False,0.0,False,0.0,0.0,False,linear,0.0,0.0,0.0,0.0,False,clear,1.0,0.0
EXP_CC2CE078,42,693,11.55,1,1278.353542,1520.235198,-80.0,-60.0,0.0,0.0,True,straight,2000,2000,10,0.0,0.0,0.0,0.0,1.739882,3.248727,598.353542,760.235198,False,False,False,0.0,False,0.0,False,0.0,False,0.0,0.0,False,linear,0.0,0.0,0.0,0.0,False,clear,1.0,0.0
EXP_CC2CE078,42,694,11.566667,1,1277.020209,1519.235198,-80.0,-60.0,0.0,0.0,True,straight,2000,2000,10,0.0,0.0,0.0,0.0,1.731553,3.242496,597.020209,759.235198,False,False,False,0.0,False,0.0,False,0.0,False,0.0,0.0,False,linear,0.0,0.0,0.0,0.0,False,clear,1.0,0.0
EXP_CC2CE078,42,695,11.583333,1,1275.686876,1518.235198,-80.0,-60.0,0.0,0.0,True,straight,2000,2000,10,0.0,0.0,0.0,0.0,1.723223,3.236264,595.686876,758.235198,False,False,False,0.0,False,0.0,False,0.0,False,0.0,0.0,False,linear,0.0,0.0,0.0,0.0,False,clear,1.0,0.0
EXP_CC2CE078,42,696,11.6,1,1274.353542,1517.235198,-80.0,-60.0,0.0,0.0,True,straight,2000,2000,10,0.0,0.0,0.0,0.0,1.714894,3.230033,594.353542,757.235198,False,False,False,0.0,False,0.0,False,0.0,False,0.0,0.0,False,linear,0.0,0.0,0.0,0.0,False,clear,1.0,0.0
EXP_CC2CE078,42,697,11.616667,1,1273.020209,1516.235198,-80.0,-60.0,0.0,0.0,True,straight,2000,2000,10,0.0,0.0,0.0,0.0,1.706565,3.223801,593.020209,756.235198,False,False,False,0.0,False,0.0,False,0.0,False,0.0,0.0,False,linear,0.0,0.0,0.0,0.0,False,clear,1.0,0.0
EXP_CC2CE078,42,698,11.633333,1,1271.686876,1515.235198,-80.0,-60.0,0.0,0.0,True,straight,2000,2000,10,0.0,0.0,0.0,0.0,1.698235,3.217569,591.686876,755.235198,False,False,False,0.0,False,0.0,False,0.0,False,0.0,0.0,False,linear,0.0,0.0,0.0,0.0,False,clear,1.0,0.0
EXP_CC2CE078,42,699,11.65,1,1270.353542,1514.235198,-80.0,-60.0,0.0,0.0,True,straight,2000,2000,10,0.0,0.0,0.0,0.0,1.689906,3.211338,590.353542,754.235198,False,False,False,0.0,False,0.0,False,0.0,False,0.0,0.0,False,linear,0.0,0.0,0.0,0.0,False,clear,1.0,0.0
EXP_CC2CE078,42,700,11.666667,1,1269.020209,1513.235198,-80.0,-60.0,0.0,0.0,True,straight,2000,2000,10,0.0,0.0,0.0,0.0,1.681577,3.205106,589.020209,753.235198,False,False,False,0.0,False,0.0,False,0.0,False,0.0,0.0,False,linear,0.0,0.0,0.0,0.0,False,clear,1.0,0.0
EXP_CC2CE078,42,701,11.683333,1,1267.686876,1512.235198,-80.0,-60.0,0.0,0.0,True,straight,2000,2000,10,0.0,0.0,0.0,0.0,1.673247,3.198874,587.686876,752.235198,False,False,False,0.0,False,0.0,False,0.0,False,0.0,0.0,False,linear,0.0,0.0,0.0,0.0,False,clear,1.0,0.0
EXP_CC2CE078,42,702,11.7,1,1266.353542,1511.235198,-80.0,-60.0,0.0,0.0,True,straight,2000,2000,10,0.0,0.0,0.0,0.0,1.664917,3.192642,586.353542,751.235198,False,False,False,0.0,False,0.0,False,0.0,False,0.0,0.0,False,linear,0.0,0.0,0.0,0.0,False,clear,1.0,0.0
EXP_CC2CE078,42,703,11.716667,1,1265.020209,1510.235198,-80.0,-60.0,0.0,0.0,True,straight,2000,2000,10,0.0,0.0,0.0,0.0,1.656588,3.18641,585.020209,750.235198,False,False,False,0.0,False,0.0,False,0.0,False,0.0,0.0,False,linear,0.0,0.0,0.0,0.0,False,clear,1.0,0.0
EXP_CC2CE078,42,704,11.733333,1,1263.686876,1509.235198,-80.0,-60.0,0.0,0.0,True,straight,2000,2000,10,0.0,0.0,0.0,0.0,1.648258,3.180178,583.686876,749.235198,False,False,False,0.0,False,0.0,False,0.0,False,0.0,0.0,False,linear,0.0,0.0,0.0,0.0,False,clear,1.0,0.0
EXP_CC2CE078,42,705,11.75,1,1262.353542,1508.235198,-80.0,-60.0,0.0,0.0,True,straight,2000,2000,10,0.0,0.0,0.0,0.0,1.639928,3.173945,582.353542,748.235198,False,False,False,0.0,False,0.0,False,0.0,False,0.0,0.0,False,linear,0.0,0.0,0.0,0.0,False,clear,1.0,0.0
EXP_CC2CE078,42,706,11.766667,1,1261.020209,1507.235198,-80.0,-60.0,0.0,0.0,True,straight,2000,2000,10,0.0,0.0,0.0,0.0,1.631598,3.167713,581.020209,747.235198,False,False,False,0.0,False,0.0,False,0.0,False,0.0,0.0,False,linear,0.0,0.0,0.0,0.0,False,clear,1.0,0.0
EXP_CC2CE078,42,707,11.783333,1,1259.686876,1506.235198,-80.0,-60.0,0.0,0.0,True,straight,2000,2000,10,0.0,0.0,0.0,0.0,1.623268,3.161481,579.686876,746.235198,False,False,False,0.0,False,0.0,False,0.0,False,0.0,0.0,False,linear,0.0,0.0,0.0,0.0,False,clear,1.0,0.0
EXP_CC2CE078,42,708,11.8,1,1258.353542,1505.235198,-80.0,-60.0,0.0,0.0,True,straight,2000,2000,10,0.0,0.0,0.0,0.0,1.614938,3.155248,578.353542,745.235198,False,False,False,0.0,False,0.0,False,0.0,False,0.0,0.0,False,linear,0.0,0.0,0.0,0.0,False,clear,1.0,0.0
EXP_CC2CE078,42,709,11.816667,1,1257.020209,1504.235198,-80.0,-60.0,0.0,0.0,True,straight,2000,2000,10,0.0,0.0,0.0,0.0,1.606608,3.149016,577.020209,744.235198,False,False,False,0.0,False,0.0,False,0.0,False,0.0,0.0,False,linear,0.0,0.0,0.0,0.0,False,clear,1.0,0.0
EXP_CC2CE078,42,710,11.833333,1,1255.686876,1503.235198,-80.0,-60.0,0.0,0.0,True,straight,2000,2000,10,0.0,0.0,0.0,0.0,1.598278,3.142783,575.686876,743.235198,False,False,False,0.0,False,0.0,False,0.0,False,0.0,0.0,False,linear,0.0,0.0,0.0,0.0,False,clear,1.0,0.0
EXP_CC2CE078,42,711,11.85,1,1254.353542,1502.235198,-80.0,-60.0,0.0,0.0,True,straight,2000,2000,10,0.0,0.0,0.0,0.0,1.589947,3.13655,574.353542,742.235198,False,False,False,0.0,False,0.0,False,0.0,False,0.0,0.0,False,linear,0.0,0.0,0.0,0.0,False,clear,1.0,0.0
EXP_CC2CE078,42,712,11.866667,1,1253.020209,1501.235198,-80.0,-60.0,0.0,0.0,True,straight,2000,2000,10,0.0,0.0,0.0,0.0,1.581617,3.130318,573.020209,741.235198,False,False,False,0.0,False,0.0,False,0.0,False,0.0,0.0,False,linear,0.0,0.0,0.0,0.0,False,clear,1.0,0.0
EXP_CC2CE078,42,713,11.883333,1,1251.686876,1500.235198,-80.0,-60.0,0.0,0.0,True,straight,2000,2000,10,0.0,0.0,0.0,0.0,1.573287,3.124085,571.686876,740.235198,False,False,False,0.0,False,0.0,False,0.0,False,0.0,0.0,False,linear,0.0,0.0,0.0,0.0,False,clear,1.0,0.0
EXP_CC2CE078,42,714,11.9,1,1250.353542,1499.235198,-80.0,-60.0,0.0,0.0,True,straight,2000,2000,10,0.0,0.0,0.0,0.0,1.564956,3.117852,570.353542,739.235198,False,False,False,0.0,False,0.0,False,0.0,False,0.0,0.0,False,linear,0.0,0.0,0.0,0.0,False,clear,1.0,0.0
EXP_CC2CE078,42,715,11.916667,1,1249.020209,1498.235198,-80.0,-60.0,0.0,0.0,True,straight,2000,2000,10,0.0,0.0,0.0,0.0,1.556626,3.111619,569.020209,738.235198,False,False,False,0.0,False,0.0,False,0.0,False,0.0,0.0,False,linear,0.0,0.0,0.0,0.0,False,clear,1.0,0.0
EXP_CC2CE078,42,716,11.933333,1,1247.686876,1497.235198,-80.0,-60.0,0.0,0.0,True,straight,2000,2000,10,0.0,0.0,0.0,0.0,1.548295,3.105386,567.686876,737.235198,False,False,False,0.0,False,0.0,False,0.0,False,0.0,0.0,False,linear,0.0,0.0,0.0,0.0,False,clear,1.0,0.0
EXP_CC2CE078,42,717,11.95,1,1246.353542,1496.235198,-80.0,-60.0,0.0,0.0,True,straight,2000,2000,10,0.0,0.0,0.0,0.0,1.539964,3.099153,566.353542,736.235198,False,False,False,0.0,False,0.0,False,0.0,False,0.0,0.0,False,linear,0.0,0.0,0.0,0.0,False,clear,1.0,0.0
EXP_CC2CE078,42,718,11.966667,1,1245.020209,1495.235198,-80.0,-60.0,0.0,0.0,True,straight,2000,2000,10,0.0,0.0,0.0,0.0,1.531634,3.09292,565.020209,735.235198,False,False,False,0.0,False,0.0,False,0.0,False,0.0,0.0,False,linear,0.0,0.0,0.0,0.0,False,clear,1.0,0.0
EXP_CC2CE078,42,719,11.983333,1,1243.686876,1494.235198,-80.0,-60.0,0.0,0.0,True,straight,2000,2000,10,0.0,0.0,0.0,0.0,1.523303,3.086686,563.686876,734.235198,False,False,False,0.0,False,0.0,False,0.0,False,0.0,0.0,False,linear,0.0,0.0,0.0,0.0,False,clear,1.0,0.0
EXP_CC2CE078,42,720,12.0,1,1242.353542,1493.235198,-80.0,-60.0,0.0,0.0,True,straight,2000,2000,10,0.0,0.0,0.0,0.0,1.514972,3.080453,562.353542,733.235198,False,False,False,0.0,False,0.0,False,0.0,False,0.0,0.0,False,linear,0.0,0.0,0.0,0.0,False,clear,1.0,0.0
EXP_CC2CE078,42,721,12.016667,1,1241.020209,1492.235198,-80.0,-60.0,0.0,0.0,True,straight,2000,2000,10,0.0,0.0,0.0,0.0,1.506641,3.07422,561.020209,732.235198,False,False,False,0.0,False,0.0,False,0.0,False,0.0,0.0,False,linear,0.0,0.0,0.0,0.0,False,clear,1.0,0.0
EXP_CC2CE078,42,722,12.033333,1,1239.686876,1491.235198,-80.0,-60.0,0.0,0.0,True,straight,2000,2000,10,0.0,0.0,0.0,0.0,1.49831,3.067986,559.686876,731.235198,False,False,False,0.0,False,0.0,False,0.0,False,0.0,0.0,False,linear,0.0,0.0,0.0,0.0,False,clear,1.0,0.0
EXP_CC2CE078,42,723,12.05,1,1238.353542,1490.235198,-80.0,-60.0,0.0,0.0,True,straight,2000,2000,10,0.0,0.0,0.0,0.0,1.489979,3.061752,558.353542,730.235198,False,False,False,0.0,False,0.0,False,0.0,False,0.0,0.0,False,linear,0.0,0.0,0.0,0.0,False,clear,1.0,0.0
EXP_CC2CE078,42,724,12.066667,1,1237.020209,1489.235198,-80.0,-60.0,0.0,0.0,True,straight,2000,2000,10,0.0,0.0,0.0,0.0,1.481648,3.055519,557.020209,729.235198,False,False,False,0.0,False,0.0,False,0.0,False,0.0,0.0,False,linear,0.0,0.0,0.0,0.0,False,clear,1.0,0.0
EXP_CC2CE078,42,725,12.083333,1,1235.686876,1488.235198,-80.0,-60.0,0.0,0.0,True,straight,2000,2000,10,0.0,0.0,0.0,0.0,1.473317,3.049285,555.686876,728.235198,False,False,False,0.0,False,0.0,False,0.0,False,0.0,0.0,False,linear,0.0,0.0,0.0,0.0,False,clear,1.0,0.0
EXP_CC2CE078,42,726,12.1,1,1234.353542,1487.235198,-80.0,-60.0,0.0,0.0,True,straight,2000,2000,10,0.0,0.0,0.0,0.0,1.464985,3.043051,554.353542,727.235198,False,False,False,0.0,False,0.0,False,0.0,False,0.0,0.0,False,linear,0.0,0.0,0.0,0.0,False,clear,1.0,0.0
EXP_CC2CE078,42,727,12.116667,1,1233.020209,1486.235198,-80.0,-60.0,0.0,0.0,True,straight,2000,2000,10,0.0,0.0,0.0,0.0,1.456654,3.036818,553.020209,726.235198,False,False,False,0.0,False,0.0,False,0.0,False,0.0,0.0,False,linear,0.0,0.0,0.0,0.0,False,clear,1.0,0.0
EXP_CC2CE078,42,728,12.133333,1,1231.686876,1485.235198,-80.0,-60.0,0.0,0.0,True,straight,2000,2000,10,0.0,0.0,0.0,0.0,1.448323,3.030584,551.686876,725.235198,False,False,False,0.0,False,0.0,False,0.0,False,0.0,0.0,False,linear,0.0,0.0,0.0,0.0,False,clear,1.0,0.0
EXP_CC2CE078,42,729,12.15,1,1230.353542,1484.235198,-80.0,-60.0,0.0,0.0,True,straight,2000,2000,10,0.0,0.0,0.0,0.0,1.439991,3.02435,550.353542,724.235198,False,False,False,0.0,False,0.0,False,0.0,False,0.0,0.0,False,linear,0.0,0.0,0.0,0.0,False,clear,1.0,0.0
EXP_CC2CE078,42,730,12.166667,1,1229.020209,1483.235198,-80.0,-60.0,0.0,0.0,True,straight,2000,2000,10,0.0,0.0,0.0,0.0,1.43166,3.018116,549.020209,723.235198,False,False,False,0.0,False,0.0,False,0.0,False,0.0,0.0,False,linear,0.0,0.0,0.0,0.0,False,clear,1.0,0.0
EXP_CC2CE078,42,731,12.183333,1,1227.686876,1482.235198,-80.0,-60.0,0.0,0.0,True,straight,2000,2000,10,0.0,0.0,0.0,0.0,1.423328,3.011881,547.686876,722.235198,False,False,False,0.0,False,0.0,False,0.0,False,0.0,0.0,False,linear,0.0,0.0,0.0,0.0,False,clear,1.0,0.0
EXP_CC2CE078,42,732,12.2,1,1226.353542,1481.235198,-80.0,-60.0,0.0,0.0,True,straight,2000,2000,10,0.0,0.0,0.0,0.0,1.414997,3.005647,546.353542,721.235198,False,False,False,0.0,False,0.0,False,0.0,False,0.0,0.0,False,linear,0.0,0.0,0.0,0.0,False,clear,1.0,0.0
EXP_CC2CE078,42,733,12.216667,1,1225.020209,1480.235198,-80.0,-60.0,0.0,0.0,True,straight,2000,2000,10,0.0,0.0,0.0,0.0,1.406665,2.999413,545.020209,720.235198,False,False,False,0.0,False,0.0,False,0.0,False,0.0,0.0,False,linear,0.0,0.0,0.0,0.0,False,clear,1.0,0.0
EXP_CC2CE078,42,734,12.233333,1,1223.686876,1479.235198,-80.0,-60.0,0.0,0.0,True,straight,2000,2000,10,0.0,0.0,0.0,0.0,1.398333,2.993179,543.686876,719.235198,False,False,False,0.0,False,0.0,False,0.0,False,0.0,0.0,False,linear,0.0,0.0,0.0,0.0,False,clear,1.0,0.0
EXP_CC2CE078,42,735,12.25,1,1222.353542,1478.235198,-80.0,-60.0,0.0,0.0,True,straight,2000,2000,10,0.0,0.0,0.0,0.0,1.390002,2.986944,542.353542,718.235198,False,False,False,0.0,False,0.0,False,0.0,False,0.0,0.0,False,linear,0.0,0.0,0.0,0.0,False,clear,1.0,0.0
EXP_CC2CE078,42,736,12.266667,1,1221.020209,1477.235198,-80.0,-60.0,0.0,0.0,True,straight,2000,2000,10,0.0,0.0,0.0,0.0,1.38167,2.98071,541.020209,717.235198,False,False,False,0.0,False,0.0,False,0.0,False,0.0,0.0,False,linear,0.0,0.0,0.0,0.0,False,clear,1.0,0.0
EXP_CC2CE078,42,737,12.283333,1,1219.686876,1476.235198,-80.0,-60.0,0.0,0.0,True,straight,2000,2000,10,0.0,0.0,0.0,0.0,1.373338,2.974475,539.686876,716.235198,False,False,False,0.0,False,0.0,False,0.0,False,0.0,0.0,False,linear,0.0,0.0,0.0,0.0,False,clear,1.0,0.0
EXP_CC2CE078,42,738,12.3,1,1218.353542,1475.235198,-80.0,-60.0,0.0,0.0,True,straight,2000,2000,10,0.0,0.0,0.0,0.0,1.365006,2.968241,538.353542,715.235198,False,False,False,0.0,False,0.0,False,0.0,False,0.0,0.0,False,linear,0.0,0.0,0.0,0.0,False,clear,1.0,0.0
EXP_CC2CE078,42,739,12.316667,1,1217.020209,1474.235198,-80.0,-60.0,0.0,0.0,True,straight,2000,2000,10,0.0,0.0,0.0,0.0,1.356674,2.962006,537.020209,714.235198,False,False,False,0.0,False,0.0,False,0.0,False,0.0,0.0,False,linear,0.0,0.0,0.0,0.0,False,clear,1.0,0.0
EXP_CC2CE078,42,740,12.333333,1,1215.686876,1473.235198,-80.0,-60.0,0.0,0.0,True,straight,2000,2000,10,0.0,0.0,0.0,0.0,1.348342,2.955771,535.686876,713.235198,False,False,False,0.0,False,0.0,False,0.0,False,0.0,0.0,False,linear,0.0,0.0,0.0,0.0,False,clear,1.0,0.0
EXP_CC2CE078,42,741,12.35,1,1214.353542,1472.235198,-80.0,-60.0,0.0,0.0,True,straight,2000,2000,10,0.0,0.0,0.0,0.0,1.34001,2.949536,534.353542,712.235198,False,False,False,0.0,False,0.0,False,0.0,False,0.0,0.0,False,linear,0.0,0.0,0.0,0.0,False,clear,1.0,0.0
EXP_CC2CE078,42,742,12.366667,1,1213.020209,1471.235198,-80.0,-60.0,0.0,0.0,True,straight,2000,2000,10,0.0,0.0,0.0,0.0,1.331677,2.943301,533.020209,711.235198,False,False,False,0.0,False,0.0,False,0.0,False,0.0,0.0,False,linear,0.0,0.0,0.0,0.0,False,clear,1.0,0.0
EXP_CC2CE078,42,743,12.383333,1,1211.686876,1470.235198,-80.0,-60.0,0.0,0.0,True,straight,2000,2000,10,0.0,0.0,0.0,0.0,1.323345,2.937066,531.686876,710.235198,False,False,False,0.0,False,0.0,False,0.0,False,0.0,0.0,False,linear,0.0,0.0,0.0,0.0,False,clear,1.0,0.0
EXP_CC2CE078,42,744,12.4,1,1210.353542,1469.235198,-80.0,-60.0,0.0,0.0,True,straight,2000,2000,10,0.0,0.0,0.0,0.0,1.315013,2.930831,530.353542,709.235198,False,False,False,0.0,False,0.0,False,0.0,False,0.0,0.0,False,linear,0.0,0.0,0.0,0.0,False,clear,1.0,0.0
EXP_CC2CE078,42,745,12.416667,1,1209.020209,1468.235198,-80.0,-60.0,0.0,0.0,True,straight,2000,2000,10,0.0,0.0,0.0,0.0,1.306681,2.924596,529.020209,708.235198,False,False,False,0.0,False,0.0,False,0.0,False,0.0,0.0,False,linear,0.0,0.0,0.0,0.0,False,clear,1.0,0.0
EXP_CC2CE078,42,746,12.433333,1,1207.686876,1467.235198,-80.0,-60.0,0.0,0.0,True,straight,2000,2000,10,0.0,0.0,0.0,0.0,1.298348,2.918361,527.686876,707.235198,False,False,False,0.0,False,0.0,False,0.0,False,0.0,0.0,False,linear,0.0,0.0,0.0,0.0,False,clear,1.0,0.0
EXP_CC2CE078,42,747,12.45,1,1206.353542,1466.235198,-80.0,-60.0,0.0,0.0,True,straight,2000,2000,10,0.0,0.0,0.0,0.0,1.290016,2.912126,526.353542,706.235198,False,False,False,0.0,False,0.0,False,0.0,False,0.0,0.0,False,linear,0.0,0.0,0.0,0.0,False,clear,1.0,0.0
EXP_CC2CE078,42,748,12.466667,1,1205.020209,1465.235198,-80.0,-60.0,0.0,0.0,True,straight,2000,2000,10,0.0,0.0,0.0,0.0,1.281683,2.90589,525.020209,705.235198,False,False,False,0.0,False,0.0,False,0.0,False,0.0,0.0,False,linear,0.0,0.0,0.0,0.0,False,clear,1.0,0.0
EXP_CC2CE078,42,749,12.483333,1,1203.686876,1464.235198,-80.0,-60.0,0.0,0.0,True,straight,2000,2000,10,0.0,0.0,0.0,0.0,1.273351,2.899655,523.686876,704.235198,False,False,False,0.0,False,0.0,False,0.0,False,0.0,0.0,False,linear,0.0,0.0,0.0,0.0,False,clear,1.0,0.0
EXP_CC2CE078,42,750,12.5,1,1202.353542,1463.235198,-80.0,-60.0,0.0,0.0,True,straight,2000,2000,10,0.0,0.0,0.0,0.0,1.265018,2.893419,522.353542,703.235198,False,False,False,0.0,False,0.0,False,0.0,False,0.0,0.0,False,linear,0.0,0.0,0.0,0.0,False,clear,1.0,0.0
EXP_CC2CE078,42,751,12.516667,1,1201.020209,1462.235198,-80.0,-60.0,0.0,0.0,True,straight,2000,2000,10,0.0,0.0,0.0,0.0,1.256685,2.887184,521.020209,702.235198,False,False,False,0.0,False,0.0,False,0.0,False,0.0,0.0,False,linear,0.0,0.0,0.0,0.0,False,clear,1.0,0.0
EXP_CC2CE078,42,752,12.533333,1,1199.686876,1461.235198,-80.0,-60.0,0.0,0.0,True,straight,2000,2000,10,0.0,0.0,0.0,0.0,1.248353,2.880948,519.686876,701.235198,False,False,False,0.0,False,0.0,False,0.0,False,0.0,0.0,False,linear,0.0,0.0,0.0,0.0,False,clear,1.0,0.0
EXP_CC2CE078,42,753,12.55,1,1198.353542,1460.235198,-80.0,-60.0,0.0,0.0,True,straight,2000,2000,10,0.0,0.0,0.0,0.0,1.24002,2.874713,518.353542,700.235198,False,False,False,0.0,False,0.0,False,0.0,False,0.0,0.0,False,linear,0.0,0.0,0.0,0.0,False,clear,1.0,0.0
EXP_CC2CE078,42,754,12.566667,1,1197.020209,1459.235198,-80.0,-60.0,0.0,0.0,True,straight,2000,2000,10,0.0,0.0,0.0,0.0,1.231687,2.868477,517.020209,699.235198,False,False,False,0.0,False,0.0,False,0.0,False,0.0,0.0,False,linear,0.0,0.0,0.0,0.0,False,clear,1.0,0.0
EXP_CC2CE078,42,755,12.583333,1,1195.686876,1458.235198,-80.0,-60.0,0.0,0.0,True,straight,2000,2000,10,0.0,0.0,0.0,0.0,1.223354,2.862241,515.686876,698.235198,False,False,False,0.0,False,0.0,False,0.0,False,0.0,0.0,False,linear,0.0,0.0,0.0,0.0,False,clear,1.0,0.0
EXP_CC2CE078,42,756,12.6,1,1194.353542,1457.235198,-80.0,-60.0,0.0,0.0,True,straight,2000,2000,10,0.0,0.0,0.0,0.0,1.215021,2.856005,514.353542,697.235198,False,False,False,0.0,False,0.0,False,0.0,False,0.0,0.0,False,linear,0.0,0.0,0.0,0.0,False,clear,1.0,0.0
EXP_CC2CE078,42,757,12.616667,1,1193.020209,1456.235198,-80.0,-60.0,0.0,0.0,True,straight,2000,2000,10,0.0,0.0,0.0,0.0,1.206688,2.849769,513.020209,696.235198,False,False,False,0.0,False,0.0,False,0.0,False,0.0,0.0,False,linear,0.0,0.0,0.0,0.0,False,clear,1.0,0.0
EXP_CC2CE078,42,758,12.633333,1,1191.686876,1455.235198,-80.0,-60.0,0.0,0.0,True,straight,2000,2000,10,0.0,0.0,0.0,0.0,1.198355,2.843533,511.686876,695.235198,False,False,False,0.0,False,0.0,False,0.0,False,0.0,0.0,False,linear,0.0,0.0,0.0,0.0,False,clear,1.0,0.0
EXP_CC2CE078,42,759,12.65,1,1190.353542,1454.235198,-80.0,-60.0,0.0,0.0,True,straight,2000,2000,10,0.0,0.0,0.0,0.0,1.190022,2.837297,510.353542,694.235198,False,False,False,0.0,False,0.0,False,0.0,False,0.0,0.0,False,linear,0.0,0.0,0.0,0.0,False,clear,1.0,0.0
EXP_CC2CE078,42,760,12.666667,1,1189.020209,1453.235198,-80.0,-60.0,0.0,0.0,True,straight,2000,2000,10,0.0,0.0,0.0,0.0,1.181689,2.831061,509.020209,693.235198,False,False,False,0.0,False,0.0,False,0.0,False,0.0,0.0,False,linear,0.0,0.0,0.0,0.0,False,clear,1.0,0.0
EXP_CC2CE078,42,761,12.683333,1,1187.686876,1452.235198,-80.0,-60.0,0.0,0.0,True,straight,2000,2000,10,0.0,0.0,0.0,0.0,1.173356,2.824825,507.686876,692.235198,False,False,False,0.0,False,0.0,False,0.0,False,0.0,0.0,False,linear,0.0,0.0,0.0,0.0,False,clear,1.0,0.0
EXP_CC2CE078,42,762,12.7,1,1186.353542,1451.235198,-80.0,-60.0,0.0,0.0,True,straight,2000,2000,10,0.0,0.0,0.0,0.0,1.165022,2.818589,506.353542,691.235198,False,False,False,0.0,False,0.0,False,0.0,False,0.0,0.0,False,linear,0.0,0.0,0.0,0.0,False,clear,1.0,0.0
EXP_CC2CE078,42,763,12.716667,1,1185.020209,1450.235198,-80.0,-60.0,0.0,0.0,True,straight,2000,2000,10,0.0,0.0,0.0,0.0,1.156689,2.812352,505.020209,690.235198,False,False,False,0.0,False,0.0,False,0.0,False,0.0,0.0,False,linear,0.0,0.0,0.0,0.0,False,clear,1.0,0.0
EXP_CC2CE078,42,764,12.733333,1,1183.686876,1449.235198,-80.0,-60.0,0.0,0.0,True,straight,2000,2000,10,0.0,0.0,0.0,0.0,1.148356,2.806116,503.686876,689.235198,False,False,False,0.0,False,0.0,False,0.0,False,0.0,0.0,False,linear,0.0,0.0,0.0,0.0,False,clear,1.0,0.0
EXP_CC2CE078,42,765,12.75,1,1182.353542,1448.235198,-80.0,-60.0,0.0,0.0,True,straight,2000,2000,10,0.0,0.0,0.0,0.0,1.140022,2.799879,502.353542,688.235198,False,False,False,0.0,False,0.0,False,0.0,False,0.0,0.0,False,linear,0.0,0.0,0.0,0.0,False,clear,1.0,0.0
EXP_CC2CE078,42,766,12.766667,1,1181.020209,1447.235198,-80.0,-60.0,0.0,0.0,True,straight,2000,2000,10,0.0,0.0,0.0,0.0,1.131689,2.793643,501.020209,687.235198,False,False,False,0.0,False,0.0,False,0.0,False,0.0,0.0,False,linear,0.0,0.0,0.0,0.0,False,clear,1.0,0.0
EXP_CC2CE078,42,767,12.783333,1,1179.686876,1446.235198,-80.0,-60.0,0.0,0.0,True,straight,2000,2000,10,0.0,0.0,0.0,0.0,1.123355,2.787406,499.686876,686.235198,False,False,False,0.0,False,0.0,False,0.0,False,0.0,0.0,False,linear,0.0,0.0,0.0,0.0,False,clear,1.0,0.0
EXP_CC2CE078,42,768,12.8,1,1178.353542,1445.235198,-80.0,-60.0,0.0,0.0,True,straight,2000,2000,10,0.0,0.0,0.0,0.0,1.115022,2.78117,498.353542,685.235198,False,False,False,0.0,False,0.0,False,0.0,False,0.0,0.0,False,linear,0.0,0.0,0.0,0.0,False,clear,1.0,0.0
EXP_CC2CE078,42,769,12.816667,1,1177.020209,1444.235198,-80.0,-60.0,0.0,0.0,True,straight,2000,2000,10,0.0,0.0,0.0,0.0,1.106688,2.774933,497.020209,684.235198,False,False,False,0.0,False,0.0,False,0.0,False,0.0,0.0,False,linear,0.0,0.0,0.0,0.0,False,clear,1.0,0.0
EXP_CC2CE078,42,770,12.833333,1,1175.686876,1443.235198,-80.0,-60.0,0.0,0.0,True,straight,2000,2000,10,0.0,0.0,0.0,0.0,1.098355,2.768696,495.686876,683.235198,False,False,False,0.0,False,0.0,False,0.0,False,0.0,0.0,False,linear,0.0,0.0,0.0,0.0,False,clear,1.0,0.0
EXP_CC2CE078,42,771,12.85,1,1174.353542,1442.235198,-80.0,-60.0,0.0,0.0,True,straight,2000,2000,10,0.0,0.0,0.0,0.0,1.090021,2.762459,494.353542,682.235198,False,False,False,0.0,False,0.0,False,0.0,False,0.0,0.0,False,linear,0.0,0.0,0.0,0.0,False,clear,1.0,0.0
EXP_CC2CE078,42,772,12.866667,1,1173.020209,1441.235198,-80.0,-60.0,0.0,0.0,True,straight,2000,2000,10,0.0,0.0,0.0,0.0,1.081687,2.756222,493.020209,681.235198,False,False,False,0.0,False,0.0,False,0.0,False,0.0,0.0,False,linear,0.0,0.0,0.0,0.0,False,clear,1.0,0.0
EXP_CC2CE078,42,773,12.883333,1,1171.686876,1440.235198,-80.0,-60.0,0.0,0.0,True,straight,2000,2000,10,0.0,0.0,0.0,0.0,1.073353,2.749985,491.686876,680.235198,False,False,False,0.0,False,0.0,False,0.0,False,0.0,0.0,False,linear,0.0,0.0,0.0,0.0,False,clear,1.0,0.0
EXP_CC2CE078,42,774,12.9,1,1170.353542,1439.235198,-80.0,-60.0,0.0,0.0,True,straight,2000,2000,10,0.0,0.0,0.0,0.0,1.06502,2.743748,490.353542,679.235198,False,False,False,0.0,False,0.0,False,0.0,False,0.0,0.0,False,linear,0.0,0.0,0.0,0.0,False,clear,1.0,0.0
EXP_CC2CE078,42,775,12.916667,1,1169.020209,1438.235198,-80.0,-60.0,0.0,0.0,True,straight,2000,2000,10,0.0,0.0,0.0,0.0,1.056686,2.737511,489.020209,678.235198,False,False,False,0.0,False,0.0,False,0.0,False,0.0,0.0,False,linear,0.0,0.0,0.0,0.0,False,clear,1.0,0.0
EXP_CC2CE078,42,776,12.933333,1,1167.686876,1437.235198,-80.0,-60.0,0.0,0.0,True,straight,2000,2000,10,0.0,0.0,0.0,0.0,1.048352,2.731274,487.686876,677.235198,False,False,False,0.0,False,0.0,False,0.0,False,0.0,0.0,False,linear,0.0,0.0,0.0,0.0,False,clear,1.0,0.0
EXP_CC2CE078,42,777,12.95,1,1166.353542,1436.235198,-80.0,-60.0,0.0,0.0,True,straight,2000,2000,10,0.0,0.0,0.0,0.0,1.040018,2.725036,486.353542,676.235198,False,False,False,0.0,False,0.0,False,0.0,False,0.0,0.0,False,linear,0.0,0.0,0.0,0.0,False,clear,1.0,0.0
EXP_CC2CE078,42,778,12.966667,1,1165.020209,1435.235198,-80.0,-60.0,0.0,0.0,True,straight,2000,2000,10,0.0,0.0,0.0,0.0,1.031684,2.718799,485.020209,675.235198,False,False,False,0.0,False,0.0,False,0.0,False,0.0,0.0,False,linear,0.0,0.0,0.0,0.0,False,clear,1.0,0.0
EXP_CC2CE078,42,779,12.983333,1,1163.686876,1434.235198,-80.0,-60.0,0.0,0.0,True,straight,2000,2000,10,0.0,0.0,0.0,0.0,1.02335,2.712562,483.686876,674.235198,False,False,False,0.0,False,0.0,False,0.0,False,0.0,0.0,False,linear,0.0,0.0,0.0,0.0,False,clear,1.0,0.0
EXP_CC2CE078,42,780,13.0,1,1162.353542,1433.235198,-80.0,-60.0,0.0,0.0,True,straight,2000,2000,10,0.0,0.0,0.0,0.0,1.015016,2.706324,482.353542,673.235198,False,False,False,0.0,False,0.0,False,0.0,False,0.0,0.0,False,linear,0.0,0.0,0.0,0.0,False,clear,1.0,0.0
EXP_CC2CE078,42,781,13.016667,1,1161.020209,1432.235198,-80.0,-60.0,0.0,0.0,True,straight,2000,2000,10,0.0,0.0,0.0,0.0,1.006682,2.700087,481.020209,672.235198,False,False,False,0.0,False,0.0,False,0.0,False,0.0,0.0,False,linear,0.0,0.0,0.0,0.0,False,clear,1.0,0.0
EXP_CC2CE078,42,782,13.033333,1,1159.686876,1431.235198,-80.0,-60.0,0.0,0.0,True,straight,2000,2000,10,0.0,0.0,0.0,0.0,0.998347,2.693849,479.686876,671.235198,False,False,False,0.0,False,0.0,False,0.0,False,0.0,0.0,False,linear,0.0,0.0,0.0,0.0,False,clear,1.0,0.0
EXP_CC2CE078,42,783,13.05,1,1158.353542,1430.235198,-80.0,-60.0,0.0,0.0,True,straight,2000,2000,10,0.0,0.0,0.0,0.0,0.990013,2.687612,478.353542,670.235198,False,False,False,0.0,False,0.0,False,0.0,False,0.0,0.0,False,linear,0.0,0.0,0.0,0.0,False,clear,1.0,0.0
EXP_CC2CE078,42,784,13.066667,1,1157.020209,1429.235198,-80.0,-60.0,0.0,0.0,True,straight,2000,2000,10,0.0,0.0,0.0,0.0,0.981679,2.681374,477.020209,669.235198,False,False,False,0.0,False,0.0,False,0.0,False,0.0,0.0,False,linear,0.0,0.0,0.0,0.0,False,clear,1.0,0.0
EXP_CC2CE078,42,785,13.083333,1,1155.686876,1428.235198,-80.0,-60.0,0.0,0.0,True,straight,2000,2000,10,0.0,0.0,0.0,0.0,0.973345,2.675136,475.686876,668.235198,False,False,False,0.0,False,0.0,False,0.0,False,0.0,0.0,False,linear,0.0,0.0,0.0,0.0,False,clear,1.0,0.0
EXP_CC2CE078,42,786,13.1,1,1154.353542,1427.235198,-80.0,-60.0,0.0,0.0,True,straight,2000,2000,10,0.0,0.0,0.0,0.0,0.96501,2.668898,474.353542,667.235198,False,False,False,0.0,False,0.0,False,0.0,False,0.0,0.0,False,linear,0.0,0.0,0.0,0.0,False,clear,1.0,0.0
EXP_CC2CE078,42,787,13.116667,1,1153.020209,1426.235198,-80.0,-60.0,0.0,0.0,True,straight,2000,2000,10,0.0,0.0,0.0,0.0,0.956676,2.66266,473.020209,666.235198,False,False,False,0.0,False,0.0,False,0.0,False,0.0,0.0,False,linear,0.0,0.0,0.0,0.0,False,clear,1.0,0.0
EXP_CC2CE078,42,788,13.133333,1,1151.686876,1425.235198,-80.0,-60.0,0.0,0.0,True,straight,2000,2000,10,0.0,0.0,0.0,0.0,0.948342,2.656422,471.686876,665.235198,False,False,False,0.0,False,0.0,False,0.0,False,0.0,0.0,False,linear,0.0,0.0,0.0,0.0,False,clear,1.0,0.0
EXP_CC2CE078,42,789,13.15,1,1150.353542,1424.235198,-80.0,-60.0,0.0,0.0,True,straight,2000,2000,10,0.0,0.0,0.0,0.0,0.940007,2.650184,470.353542,664.235198,False,False,False,0.0,False,0.0,False,0.0,False,0.0,0.0,False,linear,0.0,0.0,0.0,0.0,False,clear,1.0,0.0
EXP_CC2CE078,42,790,13.166667,1,1149.020209,1423.235198,-80.0,-60.0,0.0,0.0,True,straight,2000,2000,10,0.0,0.0,0.0,0.0,0.931673,2.643946,469.020209,663.235198,False,False,False,0.0,False,0.0,False,0.0,False,0.0,0.0,False,linear,0.0,0.0,0.0,0.0,False,clear,1.0,0.0
EXP_CC2CE078,42,791,13.183333,1,1147.686876,1422.235198,-80.0,-60.0,0.0,0.0,True,straight,2000,2000,10,0.0,0.0,0.0,0.0,0.923338,2.637708,467.686876,662.235198,False,False,False,0.0,False,0.0,False,0.0,False,0.0,0.0,False,linear,0.0,0.0,0.0,0.0,False,clear,1.0,0.0
EXP_CC2CE078,42,792,13.2,1,1146.353542,1421.235198,-80.0,-60.0,0.0,0.0,True,straight,2000,2000,10,0.0,0.0,0.0,0.0,0.915004,2.63147,466.353542,661.235198,False,False,False,0.0,False,0.0,False,0.0,False,0.0,0.0,False,linear,0.0,0.0,0.0,0.0,False,clear,1.0,0.0
EXP_CC2CE078,42,793,13.216667,1,1145.020209,1420.235198,-80.0,-60.0,0.0,0.0,True,straight,2000,2000,10,0.0,0.0,0.0,0.0,0.906669,2.625232,465.020209,660.235198,False,False,False,0.0,False,0.0,False,0.0,False,0.0,0.0,False,linear,0.0,0.0,0.0,0.0,False,clear,1.0,0.0
EXP_CC2CE078,42,794,13.233333,1,1143.686876,1419.235198,-80.0,-60.0,0.0,0.0,True,straight,2000,2000,10,0.0,0.0,0.0,0.0,0.898334,2.618993,463.686876,659.235198,False,False,False,0.0,False,0.0,False,0.0,False,0.0,0.0,False,linear,0.0,0.0,0.0,0.0,False,clear,1.0,0.0
EXP_CC2CE078,42,795,13.25,1,1142.353542,1418.235198,-80.0,-60.0,0.0,0.0,True,straight,2000,2000,10,0.0,0.0,0.0,0.0,0.89,2.612755,462.353542,658.235198,False,False,False,0.0,False,0.0,False,0.0,False,0.0,0.0,False,linear,0.0,0.0,0.0,0.0,False,clear,1.0,0.0
EXP_CC2CE078,42,796,13.266667,1,1141.020209,1417.235198,-80.0,-60.0,0.0,0.0,True,straight,2000,2000,10,0.0,0.0,0.0,0.0,0.881665,2.606516,461.020209,657.235198,False,False,False,0.0,False,0.0,False,0.0,False,0.0,0.0,False,linear,0.0,0.0,0.0,0.0,False,clear,1.0,0.0
EXP_CC2CE078,42,797,13.283333,1,1139.686876,1416.235198,-80.0,-60.0,0.0,0.0,True,straight,2000,2000,10,0.0,0.0,0.0,0.0,0.87333,2.600278,459.686876,656.235198,False,False,False,0.0,False,0.0,False,0.0,False,0.0,0.0,False,linear,0.0,0.0,0.0,0.0,False,clear,1.0,0.0
EXP_CC2CE078,42,798,13.3,1,1138.353542,1415.235198,-80.0,-60.0,0.0,0.0,True,straight,2000,2000,10,0.0,0.0,0.0,0.0,0.864995,2.594039,458.353542,655.235198,False,False,False,0.0,False,0.0,False,0.0,False,0.0,0.0,False,linear,0.0,0.0,0.0,0.0,False,clear,1.0,0.0
EXP_CC2CE078,42,799,13.316667,1,1137.020209,1414.235198,-80.0,-60.0,0.0,0.0,True,straight,2000,2000,10,0.0,0.0,0.0,0.0,0.85666,2.587801,457.020209,654.235198,False,False,False,0.0,False,0.0,False,0.0,False,0.0,0.0,False,linear,0.0,0.0,0.0,0.0,False,clear,1.0,0.0
EXP_CC2CE078,42,800,13.333333,1,1135.686876,1413.235198,-80.0,-60.0,0.0,0.0,True,straight,2000,2000,10,0.0,0.0,0.0,0.0,0.848326,2.581562,455.686876,653.235198,False,False,False,0.0,False,0.0,False,0.0,False,0.0,0.0,False,linear,0.0,0.0,0.0,0.0,False,clear,1.0,0.0
EXP_CC2CE078,42,801,13.35,1,1134.353542,1412.235198,-80.0,-60.0,0.0,0.0,True,straight,2000,2000,10,0.0,0.0,0.0,0.0,0.839991,2.575323,454.353542,652.235198,False,False,False,0.0,False,0.0,False,0.0,False,0.0,0.0,False,linear,0.0,0.0,0.0,0.0,False,clear,1.0,0.0
EXP_CC2CE078,42,802,13.366667,1,1133.020209,1411.235198,-80.0,-60.0,0.0,0.0,True,straight,2000,2000,10,0.0,0.0,0.0,0.0,0.831656,2.569084,453.020209,651.235198,False,False,False,0.0,False,0.0,False,0.0,False,0.0,0.0,False,linear,0.0,0.0,0.0,0.0,False,clear,1.0,0.0
EXP_CC2CE078,42,803,13.383333,1,1131.686876,1410.235198,-80.0,-60.0,0.0,0.0,True,straight,2000,2000,10,0.0,0.0,0.0,0.0,0.823321,2.562845,451.686876,650.235198,False,False,False,0.0,False,0.0,False,0.0,False,0.0,0.0,False,linear,0.0,0.0,0.0,0.0,False,clear,1.0,0.0
EXP_CC2CE078,42,804,13.4,1,1130.353542,1409.235198,-80.0,-60.0,0.0,0.0,True,straight,2000,2000,10,0.0,0.0,0.0,0.0,0.814986,2.556606,450.353542,649.235198,False,False,False,0.0,False,0.0,False,0.0,False,0.0,0.0,False,linear,0.0,0.0,0.0,0.0,False,clear,1.0,0.0
EXP_CC2CE078,42,805,13.416667,1,1129.020209,1408.235198,-80.0,-60.0,0.0,0.0,True,straight,2000,2000,10,0.0,0.0,0.0,0.0,0.806651,2.550367,449.020209,648.235198,False,False,False,0.0,False,0.0,False,0.0,False,0.0,0.0,False,linear,0.0,0.0,0.0,0.0,False,clear,1.0,0.0
EXP_CC2CE078,42,806,13.433333,1,1127.686876,1407.235198,-80.0,-60.0,0.0,0.0,True,straight,2000,2000,10,0.0,0.0,0.0,0.0,0.798316,2.544128,447.686876,647.235198,False,False,False,0.0,False,0.0,False,0.0,False,0.0,0.0,False,linear,0.0,0.0,0.0,0.0,False,clear,1.0,0.0
EXP_CC2CE078,42,807,13.45,1,1126.353542,1406.235198,-80.0,-60.0,0.0,0.0,True,straight,2000,2000,10,0.0,0.0,0.0,0.0,0.78998,2.537889,446.353542,646.235198,False,False,False,0.0,False,0.0,False,0.0,False,0.0,0.0,False,linear,0.0,0.0,0.0,0.0,False,clear,1.0,0.0
EXP_CC2CE078,42,808,13.466667,1,1125.020209,1405.235198,-80.0,-60.0,0.0,0.0,True,straight,2000,2000,10,0.0,0.0,0.0,0.0,0.781645,2.53165,445.020209,645.235198,False,False,False,0.0,False,0.0,False,0.0,False,0.0,0.0,False,linear,0.0,0.0,0.0,0.0,False,clear,1.0,0.0
EXP_CC2CE078,42,809,13.483333,1,1123.686876,1404.235198,-80.0,-60.0,0.0,0.0,True,straight,2000,2000,10,0.0,0.0,0.0,0.0,0.77331,2.525411,443.686876,644.235198,False,False,False,0.0,False,0.0,False,0.0,False,0.0,0.0,False,linear,0.0,0.0,0.0,0.0,False,clear,1.0,0.0
EXP_CC2CE078,42,810,13.5,1,1122.353542,1403.235198,-80.0,-60.0,0.0,0.0,True,straight,2000,2000,10,0.0,0.0,0.0,0.0,0.764975,2.519171,442.353542,643.235198,False,False,False,0.0,False,0.0,False,0.0,False,0.0,0.0,False,linear,0.0,0.0,0.0,0.0,False,clear,1.0,0.0
EXP_CC2CE078,42,811,13.516667,1,1121.020209,1402.235198,-80.0,-60.0,0.0,0.0,True,straight,2000,2000,10,0.0,0.0,0.0,0.0,0.75664,2.512932,441.020209,642.235198,False,False,False,0.0,False,0.0,False,0.0,False,0.0,0.0,False,linear,0.0,0.0,0.0,0.0,False,clear,1.0,0.0
EXP_CC2CE078,42,812,13.533333,1,1119.686876,1401.235198,-80.0,-60.0,0.0,0.0,True,straight,2000,2000,10,0.0,0.0,0.0,0.0,0.748304,2.506693,439.686876,641.235198,False,False,False,0.0,False,0.0,False,0.0,False,0.0,0.0,False,linear,0.0,0.0,0.0,0.0,False,clear,1.0,0.0
EXP_CC2CE078,42,813,13.55,1,1118.353542,1400.235198,-80.0,-60.0,0.0,0.0,True,straight,2000,2000,10,0.0,0.0,0.0,0.0,0.739969,2.500453,438.353542,640.235198,False,False,False,0.0,False,0.0,False,0.0,False,0.0,0.0,False,linear,0.0,0.0,0.0,0.0,False,clear,1.0,0.0
EXP_CC2CE078,42,814,13.566667,1,1117.020209,1399.235198,-80.0,-60.0,0.0,0.0,True,straight,2000,2000,10,0.0,0.0,0.0,0.0,0.731634,2.494213,437.020209,639.235198,False,False,False,0.0,False,0.0,False,0.0,False,0.0,0.0,False,linear,0.0,0.0,0.0,0.0,False,clear,1.0,0.0
EXP_CC2CE078,42,815,13.583333,1,1115.686876,1398.235198,-80.0,-60.0,0.0,0.0,True,straight,2000,2000,10,0.0,0.0,0.0,0.0,0.723298,2.487974,435.686876,638.235198,False,False,False,0.0,False,0.0,False,0.0,False,0.0,0.0,False,linear,0.0,0.0,0.0,0.0,False,clear,1.0,0.0
EXP_CC2CE078,42,816,13.6,1,1114.353542,1397.235198,-80.0,-60.0,0.0,0.0,True,straight,2000,2000,10,0.0,0.0,0.0,0.0,0.714963,2.481734,434.353542,637.235198,False,False,False,0.0,False,0.0,False,0.0,False,0.0,0.0,False,linear,0.0,0.0,0.0,0.0,False,clear,1.0,0.0
EXP_CC2CE078,42,817,13.616667,1,1113.020209,1396.235198,-80.0,-60.0,0.0,0.0,True,straight,2000,2000,10,0.0,0.0,0.0,0.0,0.706628,2.475494,433.020209,636.235198,False,False,False,0.0,False,0.0,False,0.0,False,0.0,0.0,False,linear,0.0,0.0,0.0,0.0,False,clear,1.0,0.0
EXP_CC2CE078,42,818,13.633333,1,1111.686876,1395.235198,-80.0,-60.0,0.0,0.0,True,straight,2000,2000,10,0.0,0.0,0.0,0.0,0.698292,2.469255,431.686876,635.235198,False,False,False,0.0,False,0.0,False,0.0,False,0.0,0.0,False,linear,0.0,0.0,0.0,0.0,False,clear,1.0,0.0
EXP_CC2CE078,42,819,13.65,1,1110.353542,1394.235198,-80.0,-60.0,0.0,0.0,True,straight,2000,2000,10,0.0,0.0,0.0,0.0,0.689957,2.463015,430.353542,634.235198,False,False,False,0.0,False,0.0,False,0.0,False,0.0,0.0,False,linear,0.0,0.0,0.0,0.0,False,clear,1.0,0.0
EXP_CC2CE078,42,820,13.666667,1,1109.020209,1393.235198,-80.0,-60.0,0.0,0.0,True,straight,2000,2000,10,0.0,0.0,0.0,0.0,0.681621,2.456775,429.020209,633.235198,False,False,False,0.0,False,0.0,False,0.0,False,0.0,0.0,False,linear,0.0,0.0,0.0,0.0,False,clear,1.0,0.0
EXP_CC2CE078,42,821,13.683333,1,1107.686876,1392.235198,-80.0,-60.0,0.0,0.0,True,straight,2000,2000,10,0.0,0.0,0.0,0.0,0.673285,2.450535,427.686876,632.235198,False,False,False,0.0,False,0.0,False,0.0,False,0.0,0.0,False,linear,0.0,0.0,0.0,0.0,False,clear,1.0,0.0
EXP_CC2CE078,42,822,13.7,1,1106.353542,1391.235198,-80.0,-60.0,0.0,0.0,True,straight,2000,2000,10,0.0,0.0,0.0,0.0,0.66495,2.444295,426.353542,631.235198,False,False,False,0.0,False,0.0,False,0.0,False,0.0,0.0,False,linear,0.0,0.0,0.0,0.0,False,clear,1.0,0.0
EXP_CC2CE078,42,823,13.716667,1,1105.020209,1390.235198,-80.0,-60.0,0.0,0.0,True,straight,2000,2000,10,0.0,0.0,0.0,0.0,0.656614,2.438055,425.020209,630.235198,False,False,False,0.0,False,0.0,False,0.0,False,0.0,0.0,False,linear,0.0,0.0,0.0,0.0,False,clear,1.0,0.0
EXP_CC2CE078,42,824,13.733333,1,1103.686876,1389.235198,-80.0,-60.0,0.0,0.0,True,straight,2000,2000,10,0.0,0.0,0.0,0.0,0.648279,2.431815,423.686876,629.235198,False,False,False,0.0,False,0.0,False,0.0,False,0.0,0.0,False,linear,0.0,0.0,0.0,0.0,False,clear,1.0,0.0
EXP_CC2CE078,42,825,13.75,1,1102.353542,1388.235198,-80.0,-60.0,0.0,0.0,True,straight,2000,2000,10,0.0,0.0,0.0,0.0,0.639943,2.425574,422.353542,628.235198,False,False,False,0.0,False,0.0,False,0.0,False,0.0,0.0,False,linear,0.0,0.0,0.0,0.0,False,clear,1.0,0.0
EXP_CC2CE078,42,826,13.766667,1,1101.020209,1387.235198,-80.0,-60.0,0.0,0.0,True,straight,2000,2000,10,0.0,0.0,0.0,0.0,0.631607,2.419334,421.020209,627.235198,False,False,False,0.0,False,0.0,False,0.0,False,0.0,0.0,False,linear,0.0,0.0,0.0,0.0,False,clear,1.0,0.0
EXP_CC2CE078,42,827,13.783333,1,1099.686876,1386.235198,-80.0,-60.0,0.0,0.0,True,straight,2000,2000,10,0.0,0.0,0.0,0.0,0.623272,2.413094,419.686876,626.235198,False,False,False,0.0,False,0.0,False,0.0,False,0.0,0.0,False,linear,0.0,0.0,0.0,0.0,False,clear,1.0,0.0
EXP_CC2CE078,42,828,13.8,1,1098.353542,1385.235198,-80.0,-60.0,0.0,0.0,True,straight,2000,2000,10,0.0,0.0,0.0,0.0,0.614936,2.406853,418.353542,625.235198,False,False,False,0.0,False,0.0,False,0.0,False,0.0,0.0,False,linear,0.0,0.0,0.0,0.0,False,clear,1.0,0.0
EXP_CC2CE078,42,829,13.816667,1,1097.020209,1384.235198,-80.0,-60.0,0.0,0.0,True,straight,2000,2000,10,0.0,0.0,0.0,0.0,0.6066,2.400613,417.020209,624.235198,False,False,False,0.0,False,0.0,False,0.0,False,0.0,0.0,False,linear,0.0,0.0,0.0,0.0,False,clear,1.0,0.0
EXP_CC2CE078,42,830,13.833333,1,1095.686876,1383.235198,-80.0,-60.0,0.0,0.0,True,straight,2000,2000,10,0.0,0.0,0.0,0.0,0.598264,2.394373,415.686876,623.235198,False,False,False,0.0,False,0.0,False,0.0,False,0.0,0.0,False,linear,0.0,0.0,0.0,0.0,False,clear,1.0,0.0
EXP_CC2CE078,42,831,13.85,1,1094.353542,1382.235198,-80.0,-60.0,0.0,0.0,True,straight,2000,2000,10,0.0,0.0,0.0,0.0,0.589928,2.388132,414.353542,622.235198,False,False,False,0.0,False,0.0,False,0.0,False,0.0,0.0,False,linear,0.0,0.0,0.0,0.0,False,clear,1.0,0.0
EXP_CC2CE078,42,832,13.866667,1,1093.020209,1381.235198,-80.0,-60.0,0.0,0.0,True,straight,2000,2000,10,0.0,0.0,0.0,0.0,0.581593,2.381891,413.020209,621.235198,False,False,False,0.0,False,0.0,False,0.0,False,0.0,0.0,False,linear,0.0,0.0,0.0,0.0,False,clear,1.0,0.0
EXP_CC2CE078,42,833,13.883333,1,1091.686876,1380.235198,-80.0,-60.0,0.0,0.0,True,straight,2000,2000,10,0.0,0.0,0.0,0.0,0.573257,2.375651,411.686876,620.235198,False,False,False,0.0,False,0.0,False,0.0,False,0.0,0.0,False,linear,0.0,0.0,0.0,0.0,False,clear,1.0,0.0
EXP_CC2CE078,42,834,13.9,1,1090.353542,1379.235198,-80.0,-60.0,0.0,0.0,True,straight,2000,2000,10,0.0,0.0,0.0,0.0,0.564921,2.36941,410.353542,619.235198,False,False,False,0.0,False,0.0,False,0.0,False,0.0,0.0,False,linear,0.0,0.0,0.0,0.0,False,clear,1.0,0.0
EXP_CC2CE078,42,835,13.916667,1,1089.020209,1378.235198,-80.0,-60.0,0.0,0.0,True,straight,2000,2000,10,0.0,0.0,0.0,0.0,0.556585,2.363169,409.020209,618.235198,False,False,False,0.0,False,0.0,False,0.0,False,0.0,0.0,False,linear,0.0,0.0,0.0,0.0,False,clear,1.0,0.0
EXP_CC2CE078,42,836,13.933333,1,1087.686876,1377.235198,-80.0,-60.0,0.0,0.0,True,straight,2000,2000,10,0.0,0.0,0.0,0.0,0.548249,2.356928,407.686876,617.235198,False,False,False,0.0,False,0.0,False,0.0,False,0.0,0.0,False,linear,0.0,0.0,0.0,0.0,False,clear,1.0,0.0
EXP_CC2CE078,42,837,13.95,1,1086.353542,1376.235198,-80.0,-60.0,0.0,0.0,True,straight,2000,2000,10,0.0,0.0,0.0,0.0,0.539913,2.350688,406.353542,616.235198,False,False,False,0.0,False,0.0,False,0.0,False,0.0,0.0,False,linear,0.0,0.0,0.0,0.0,False,clear,1.0,0.0
EXP_CC2CE078,42,838,13.966667,1,1085.020209,1375.235198,-80.0,-60.0,0.0,0.0,True,straight,2000,2000,10,0.0,0.0,0.0,0.0,0.531577,2.344447,405.020209,615.235198,False,False,False,0.0,False,0.0,False,0.0,False,0.0,0.0,False,linear,0.0,0.0,0.0,0.0,False,clear,1.0,0.0
EXP_CC2CE078,42,839,13.983333,1,1083.686876,1374.235198,-80.0,-60.0,0.0,0.0,True,straight,2000,2000,10,0.0,0.0,0.0,0.0,0.523241,2.338206,403.686876,614.235198,False,False,False,0.0,False,0.0,False,0.0,False,0.0,0.0,False,linear,0.0,0.0,0.0,0.0,False,clear,1.0,0.0
EXP_CC2CE078,42,840,14.0,1,1082.353542,1373.235198,-80.0,-60.0,0.0,0.0,True,straight,2000,2000,10,0.0,0.0,0.0,0.0,0.514905,2.331965,402.353542,613.235198,False,False,False,0.0,False,0.0,False,0.0,False,0.0,0.0,False,linear,0.0,0.0,0.0,0.0,False,clear,1.0,0.0
EXP_CC2CE078,42,841,14.016667,1,1081.020209,1372.235198,-80.0,-60.0,0.0,0.0,True,straight,2000,2000,10,0.0,0.0,0.0,0.0,0.506569,2.325723,401.020209,612.235198,False,False,False,0.0,False,0.0,False,0.0,False,0.0,0.0,False,linear,0.0,0.0,0.0,0.0,False,clear,1.0,0.0
EXP_CC2CE078,42,842,14.033333,1,1079.686876,1371.235198,-80.0,-60.0,0.0,0.0,True,straight,2000,2000,10,0.0,0.0,0.0,0.0,0.498233,2.319482,399.686876,611.235198,False,False,False,0.0,False,0.0,False,0.0,False,0.0,0.0,False,linear,0.0,0.0,0.0,0.0,False,clear,1.0,0.0
EXP_CC2CE078,42,843,14.05,1,1078.353542,1370.235198,-80.0,-60.0,0.0,0.0,True,straight,2000,2000,10,0.0,0.0,0.0,0.0,0.489897,2.313241,398.353542,610.235198,False,False,False,0.0,False,0.0,False,0.0,False,0.0,0.0,False,linear,0.0,0.0,0.0,0.0,False,clear,1.0,0.0
EXP_CC2CE078,42,844,14.066667,1,1077.020209,1369.235198,-80.0,-60.0,0.0,0.0,True,straight,2000,2000,10,0.0,0.0,0.0,0.0,0.481561,2.307,397.020209,609.235198,False,False,False,0.0,False,0.0,False,0.0,False,0.0,0.0,False,linear,0.0,0.0,0.0,0.0,False,clear,1.0,0.0
EXP_CC2CE078,42,845,14.083333,1,1075.686876,1368.235198,-80.0,-60.0,0.0,0.0,True,straight,2000,2000,10,0.0,0.0,0.0,0.0,0.473224,2.300758,395.686876,608.235198,False,False,False,0.0,False,0.0,False,0.0,False,0.0,0.0,False,linear,0.0,0.0,0.0,0.0,False,clear,1.0,0.0
EXP_CC2CE078,42,846,14.1,1,1074.353542,1367.235198,-80.0,-60.0,0.0,0.0,True,straight,2000,2000,10,0.0,0.0,0.0,0.0,0.464888,2.294517,394.353542,607.235198,False,False,False,0.0,False,0.0,False,0.0,False,0.0,0.0,False,linear,0.0,0.0,0.0,0.0,False,clear,1.0,0.0
EXP_CC2CE078,42,847,14.116667,1,1073.020209,1366.235198,-80.0,-60.0,0.0,0.0,True,straight,2000,2000,10,0.0,0.0,0.0,0.0,0.456552,2.288276,393.020209,606.235198,False,False,False,0.0,False,0.0,False,0.0,False,0.0,0.0,False,linear,0.0,0.0,0.0,0.0,False,clear,1.0,0.0
EXP_CC2CE078,42,848,14.133333,1,1071.686876,1365.235198,-80.0,-60.0,0.0,0.0,True,straight,2000,2000,10,0.0,0.0,0.0,0.0,0.448216,2.282034,391.686876,605.235198,False,False,False,0.0,False,0.0,False,0.0,False,0.0,0.0,False,linear,0.0,0.0,0.0,0.0,False,clear,1.0,0.0
EXP_CC2CE078,42,849,14.15,1,1070.353542,1364.235198,-80.0,-60.0,0.0,0.0,True,straight,2000,2000,10,0.0,0.0,0.0,0.0,0.43988,2.275793,390.353542,604.235198,False,False,False,0.0,False,0.0,False,0.0,False,0.0,0.0,False,linear,0.0,0.0,0.0,0.0,False,clear,1.0,0.0
EXP_CC2CE078,42,850,14.166667,1,1069.020209,1363.235198,-80.0,-60.0,0.0,0.0,True,straight,2000,2000,10,0.0,0.0,0.0,0.0,0.431543,2.269551,389.020209,603.235198,False,False,False,0.0,False,0.0,False,0.0,False,0.0,0.0,False,linear,0.0,0.0,0.0,0.0,False,clear,1.0,0.0
EXP_CC2CE078,42,851,14.183333,1,1067.686876,1362.235198,-80.0,-60.0,0.0,0.0,True,straight,2000,2000,10,0.0,0.0,0.0,0.0,0.423207,2.263309,387.686876,602.235198,False,False,False,0.0,False,0.0,False,0.0,False,0.0,0.0,False,linear,0.0,0.0,0.0,0.0,False,clear,1.0,0.0
EXP_CC2CE078,42,852,14.2,1,1066.353542,1361.235198,-80.0,-60.0,0.0,0.0,True,straight,2000,2000,10,0.0,0.0,0.0,0.0,0.414871,2.257068,386.353542,601.235198,False,False,False,0.0,False,0.0,False,0.0,False,0.0,0.0,False,linear,0.0,0.0,0.0,0.0,False,clear,1.0,0.0
EXP_CC2CE078,42,853,14.216667,1,1065.020209,1360.235198,-80.0,-60.0,0.0,0.0,True,straight,2000,2000,10,0.0,0.0,0.0,0.0,0.406535,2.250826,385.020209,600.235198,False,False,False,0.0,False,0.0,False,0.0,False,0.0,0.0,False,linear,0.0,0.0,0.0,0.0,False,clear,1.0,0.0
EXP_CC2CE078,42,854,14.233333,1,1063.686876,1359.235198,-80.0,-60.0,0.0,0.0,True,straight,2000,2000,10,0.0,0.0,0.0,0.0,0.398198,2.244584,383.686876,599.235198,False,False,False,0.0,False,0.0,False,0.0,False,0.0,0.0,False,linear,0.0,0.0,0.0,0.0,False,clear,1.0,0.0
EXP_CC2CE078,42,855,14.25,1,1062.353542,1358.235198,-80.0,-60.0,0.0,0.0,True,straight,2000,2000,10,0.0,0.0,0.0,0.0,0.389862,2.238342,382.353542,598.235198,False,False,False,0.0,False,0.0,False,0.0,False,0.0,0.0,False,linear,0.0,0.0,0.0,0.0,False,clear,1.0,0.0
EXP_CC2CE078,42,856,14.266667,1,1061.020209,1357.235198,-80.0,-60.0,0.0,0.0,True,straight,2000,2000,10,0.0,0.0,0.0,0.0,0.381526,2.2321,381.020209,597.235198,False,False,False,0.0,False,0.0,False,0.0,False,0.0,0.0,False,linear,0.0,0.0,0.0,0.0,False,clear,1.0,0.0
EXP_CC2CE078,42,857,14.283333,1,1059.686876,1356.235198,-80.0,-60.0,0.0,0.0,True,straight,2000,2000,10,0.0,0.0,0.0,0.0,0.373189,2.225858,379.686876,596.235198,False,False,False,0.0,False,0.0,False,0.0,False,0.0,0.0,False,linear,0.0,0.0,0.0,0.0,False,clear,1.0,0.0
EXP_CC2CE078,42,858,14.3,1,1058.353542,1355.235198,-80.0,-60.0,0.0,0.0,True,straight,2000,2000,10,0.0,0.0,0.0,0.0,0.364853,2.219616,378.353542,595.235198,False,False,False,0.0,False,0.0,False,0.0,False,0.0,0.0,False,linear,0.0,0.0,0.0,0.0,False,clear,1.0,0.0
EXP_CC2CE078,42,859,14.316667,1,1057.020209,1354.235198,-80.0,-60.0,0.0,0.0,True,straight,2000,2000,10,0.0,0.0,0.0,0.0,0.356517,2.213374,377.020209,594.235198,False,False,False,0.0,False,0.0,False,0.0,False,0.0,0.0,False,linear,0.0,0.0,0.0,0.0,False,clear,1.0,0.0
EXP_CC2CE078,42,860,14.333333,1,1055.686876,1353.235198,-80.0,-60.0,0.0,0.0,True,straight,2000,2000,10,0.0,0.0,0.0,0.0,0.34818,2.207132,375.686876,593.235198,False,False,False,0.0,False,0.0,False,0.0,False,0.0,0.0,False,linear,0.0,0.0,0.0,0.0,False,clear,1.0,0.0
EXP_CC2CE078,42,861,14.35,1,1054.353542,1352.235198,-80.0,-60.0,0.0,0.0,True,straight,2000,2000,10,0.0,0.0,0.0,0.0,0.339844,2.20089,374.353542,592.235198,False,False,False,0.0,False,0.0,False,0.0,False,0.0,0.0,False,linear,0.0,0.0,0.0,0.0,False,clear,1.0,0.0
EXP_CC2CE078,42,862,14.366667,1,1053.020209,1351.235198,-80.0,-60.0,0.0,0.0,True,straight,2000,2000,10,0.0,0.0,0.0,0.0,0.331507,2.194648,373.020209,591.235198,False,False,False,0.0,False,0.0,False,0.0,False,0.0,0.0,False,linear,0.0,0.0,0.0,0.0,False,clear,1.0,0.0
EXP_CC2CE078,42,863,14.383333,1,1051.686876,1350.235198,-80.0,-60.0,0.0,0.0,True,straight,2000,2000,10,0.0,0.0,0.0,0.0,0.323171,2.188405,371.686876,590.235198,False,False,False,0.0,False,0.0,False,0.0,False,0.0,0.0,False,linear,0.0,0.0,0.0,0.0,False,clear,1.0,0.0
EXP_CC2CE078,42,864,14.4,1,1050.353542,1349.235198,-80.0,-60.0,0.0,0.0,True,straight,2000,2000,10,0.0,0.0,0.0,0.0,0.314834,2.182163,370.353542,589.235198,False,False,False,0.0,False,0.0,False,0.0,False,0.0,0.0,False,linear,0.0,0.0,0.0,0.0,False,clear,1.0,0.0
EXP_CC2CE078,42,865,14.416667,1,1049.020209,1348.235198,-80.0,-60.0,0.0,0.0,True,straight,2000,2000,10,0.0,0.0,0.0,0.0,0.306498,2.175921,369.020209,588.235198,False,False,False,0.0,False,0.0,False,0.0,False,0.0,0.0,False,linear,0.0,0.0,0.0,0.0,False,clear,1.0,0.0
EXP_CC2CE078,42,866,14.433333,1,1047.686876,1347.235198,-80.0,-60.0,0.0,0.0,True,straight,2000,2000,10,0.0,0.0,0.0,0.0,0.298161,2.169678,367.686876,587.235198,False,False,False,0.0,False,0.0,False,0.0,False,0.0,0.0,False,linear,0.0,0.0,0.0,0.0,False,clear,1.0,0.0
EXP_CC2CE078,42,867,14.45,1,1046.353542,1346.235198,-80.0,-60.0,0.0,0.0,True,straight,2000,2000,10,0.0,0.0,0.0,0.0,0.289825,2.163436,366.353542,586.235198,False,False,False,0.0,False,0.0,False,0.0,False,0.0,0.0,False,linear,0.0,0.0,0.0,0.0,False,clear,1.0,0.0
EXP_CC2CE078,42,868,14.466667,1,1045.020209,1345.235198,-80.0,-60.0,0.0,0.0,True,straight,2000,2000,10,0.0,0.0,0.0,0.0,0.281488,2.157193,365.020209,585.235198,False,False,False,0.0,False,0.0,False,0.0,False,0.0,0.0,False,linear,0.0,0.0,0.0,0.0,False,clear,1.0,0.0
EXP_CC2CE078,42,869,14.483333,1,1043.686876,1344.235198,-80.0,-60.0,0.0,0.0,True,straight,2000,2000,10,0.0,0.0,0.0,0.0,0.273152,2.150951,363.686876,584.235198,False,False,False,0.0,False,0.0,False,0.0,False,0.0,0.0,False,linear,0.0,0.0,0.0,0.0,False,clear,1.0,0.0
EXP_CC2CE078,42,870,14.5,1,1042.353542,1343.235198,-80.0,-60.0,0.0,0.0,True,straight,2000,2000,10,0.0,0.0,0.0,0.0,0.264815,2.144708,362.353542,583.235198,False,False,False,0.0,False,0.0,False,0.0,False,0.0,0.0,False,linear,0.0,0.0,0.0,0.0,False,clear,1.0,0.0
EXP_CC2CE078,42,871,14.516667,1,1041.020209,1342.235198,-80.0,-60.0,0.0,0.0,True,straight,2000,2000,10,0.0,0.0,0.0,0.0,0.256479,2.138465,361.020209,582.235198,False,False,False,0.0,False,0.0,False,0.0,False,0.0,0.0,False,linear,0.0,0.0,0.0,0.0,False,clear,1.0,0.0
EXP_CC2CE078,42,872,14.533333,1,1039.686876,1341.235198,-80.0,-60.0,0.0,0.0,True,straight,2000,2000,10,0.0,0.0,0.0,0.0,0.248142,2.132223,359.686876,581.235198,False,False,False,0.0,False,0.0,False,0.0,False,0.0,0.0,False,linear,0.0,0.0,0.0,0.0,False,clear,1.0,0.0
EXP_CC2CE078,42,873,14.55,1,1038.353542,1340.235198,-80.0,-60.0,0.0,0.0,True,straight,2000,2000,10,0.0,0.0,0.0,0.0,0.239806,2.12598,358.353542,580.235198,False,False,False,0.0,False,0.0,False,0.0,False,0.0,0.0,False,linear,0.0,0.0,0.0,0.0,False,clear,1.0,0.0
EXP_CC2CE078,42,874,14.566667,1,1037.020209,1339.235198,-80.0,-60.0,0.0,0.0,True,straight,2000,2000,10,0.0,0.0,0.0,0.0,0.231469,2.119737,357.020209,579.235198,False,False,False,0.0,False,0.0,False,0.0,False,0.0,0.0,False,linear,0.0,0.0,0.0,0.0,False,clear,1.0,0.0
EXP_CC2CE078,42,875,14.583333,1,1035.686876,1338.235198,-80.0,-60.0,0.0,0.0,True,straight,2000,2000,10,0.0,0.0,0.0,0.0,0.223132,2.113494,355.686876,578.235198,False,False,False,0.0,False,0.0,False,0.0,False,0.0,0.0,False,linear,0.0,0.0,0.0,0.0,False,clear,1.0,0.0
EXP_CC2CE078,42,876,14.6,1,1034.353542,1337.235198,-80.0,-60.0,0.0,0.0,True,straight,2000,2000,10,0.0,0.0,0.0,0.0,0.214796,2.107251,354.353542,577.235198,False,False,False,0.0,False,0.0,False,0.0,False,0.0,0.0,False,linear,0.0,0.0,0.0,0.0,False,clear,1.0,0.0
EXP_CC2CE078,42,877,14.616667,1,1033.020209,1336.235198,-80.0,-60.0,0.0,0.0,True,straight,2000,2000,10,0.0,0.0,0.0,0.0,0.206459,2.101008,353.020209,576.235198,False,False,False,0.0,False,0.0,False,0.0,False,0.0,0.0,False,linear,0.0,0.0,0.0,0.0,False,clear,1.0,0.0
EXP_CC2CE078,42,878,14.633333,1,1031.686876,1335.235198,-80.0,-60.0,0.0,0.0,True,straight,2000,2000,10,0.0,0.0,0.0,0.0,0.198123,2.094765,351.686876,575.235198,False,False,False,0.0,False,0.0,False,0.0,False,0.0,0.0,False,linear,0.0,0.0,0.0,0.0,False,clear,1.0,0.0
EXP_CC2CE078,42,879,14.65,1,1030.353542,1334.235198,-80.0,-60.0,0.0,0.0,True,straight,2000,2000,10,0.0,0.0,0.0,0.0,0.189786,2.088522,350.353542,574.235198,False,False,False,0.0,False,0.0,False,0.0,False,0.0,0.0,False,linear,0.0,0.0,0.0,0.0,False,clear,1.0,0.0
EXP_CC2CE078,42,880,14.666667,1,1029.020209,1333.235198,-80.0,-60.0,0.0,0.0,True,straight,2000,2000,10,0.0,0.0,0.0,0.0,0.181449,2.082279,349.020209,573.235198,False,False,False,0.0,False,0.0,False,0.0,False,0.0,0.0,False,linear,0.0,0.0,0.0,0.0,False,clear,1.0,0.0
EXP_CC2CE078,42,881,14.683333,1,1027.686876,1332.235198,-80.0,-60.0,0.0,0.0,True,straight,2000,2000,10,0.0,0.0,0.0,0.0,0.173113,2.076036,347.686876,572.235198,False,False,False,0.0,False,0.0,False,0.0,False,0.0,0.0,False,linear,0.0,0.0,0.0,0.0,False,clear,1.0,0.0
EXP_CC2CE078,42,882,14.7,1,1026.353542,1331.235198,-80.0,-60.0,0.0,0.0,True,straight,2000,2000,10,0.0,0.0,0.0,0.0,0.164776,2.069792,346.353542,571.235198,False,False,False,0.0,False,0.0,False,0.0,False,0.0,0.0,False,linear,0.0,0.0,0.0,0.0,False,clear,1.0,0.0
EXP_CC2CE078,42,883,14.716667,1,1025.020209,1330.235198,-80.0,-60.0,0.0,0.0,True,straight,2000,2000,10,0.0,0.0,0.0,0.0,0.156439,2.063549,345.020209,570.235198,False,False,False,0.0,False,0.0,False,0.0,False,0.0,0.0,False,linear,0.0,0.0,0.0,0.0,False,clear,1.0,0.0
EXP_CC2CE078,42,884,14.733333,1,1023.686876,1329.235198,-80.0,-60.0,0.0,0.0,True,straight,2000,2000,10,0.0,0.0,0.0,0.0,0.148103,2.057306,343.686876,569.235198,False,False,False,0.0,False,0.0,False,0.0,False,0.0,0.0,False,linear,0.0,0.0,0.0,0.0,False,clear,1.0,0.0
EXP_CC2CE078,42,885,14.75,1,1022.353542,1328.235198,-80.0,-60.0,0.0,0.0,True,straight,2000,2000,10,0.0,0.0,0.0,0.0,0.139766,2.051062,342.353542,568.235198,False,False,False,0.0,False,0.0,False,0.0,False,0.0,0.0,False,linear,0.0,0.0,0.0,0.0,False,clear,1.0,0.0
EXP_CC2CE078,42,886,14.766667,1,1021.020209,1327.235198,-80.0,-60.0,0.0,0.0,True,straight,2000,2000,10,0.0,0.0,0.0,0.0,0.131429,2.044819,341.020209,567.235198,False,False,False,0.0,False,0.0,False,0.0,False,0.0,0.0,False,linear,0.0,0.0,0.0,0.0,False,clear,1.0,0.0
EXP_CC2CE078,42,887,14.783333,1,1019.686876,1326.235198,-80.0,-60.0,0.0,0.0,True,straight,2000,2000,10,0.0,0.0,0.0,0.0,0.123093,2.038575,339.686876,566.235198,False,False,False,0.0,False,0.0,False,0.0,False,0.0,0.0,False,linear,0.0,0.0,0.0,0.0,False,clear,1.0,0.0
EXP_CC2CE078,42,888,14.8,1,1018.353542,1325.235198,-80.0,-60.0,0.0,0.0,True,straight,2000,2000,10,0.0,0.0,0.0,0.0,0.114756,2.032332,338.353542,565.235198,False,False,False,0.0,False,0.0,False,0.0,False,0.0,0.0,False,linear,0.0,0.0,0.0,0.0,False,clear,1.0,0.0
EXP_CC2CE078,42,889,14.816667,1,1017.020209,1324.235198,-80.0,-60.0,0.0,0.0,True,straight,2000,2000,10,0.0,0.0,0.0,0.0,0.106419,2.026088,337.020209,564.235198,False,False,False,0.0,False,0.0,False,0.0,False,0.0,0.0,False,linear,0.0,0.0,0.0,0.0,False,clear,1.0,0.0
EXP_CC2CE078,42,890,14.833333,1,1015.686876,1323.235198,-80.0,-60.0,0.0,0.0,True,straight,2000,2000,10,0.0,0.0,0.0,0.0,0.098083,2.019845,335.686876,563.235198,False,False,False,0.0,False,0.0,False,0.0,False,0.0,0.0,False,linear,0.0,0.0,0.0,0.0,False,clear,1.0,0.0
EXP_CC2CE078,42,891,14.85,1,1014.353542,1322.235198,-80.0,-60.0,0.0,0.0,True,straight,2000,2000,10,0.0,0.0,0.0,0.0,0.089746,2.013601,334.353542,562.235198,False,False,False,0.0,False,0.0,False,0.0,False,0.0,0.0,False,linear,0.0,0.0,0.0,0.0,False,clear,1.0,0.0
EXP_CC2CE078,42,892,14.866667,1,1013.020209,1321.235198,-80.0,-60.0,0.0,0.0,True,straight,2000,2000,10,0.0,0.0,0.0,0.0,0.081409,2.007357,333.020209,561.235198,False,False,False,0.0,False,0.0,False,0.0,False,0.0,0.0,False,linear,0.0,0.0,0.0,0.0,False,clear,1.0,0.0
EXP_CC2CE078,42,893,14.883333,1,1011.686876,1320.235198,-80.0,-60.0,0.0,0.0,True,straight,2000,2000,10,0.0,0.0,0.0,0.0,0.073073,2.001113,331.686876,560.235198,False,False,False,0.0,False,0.0,False,0.0,False,0.0,0.0,False,linear,0.0,0.0,0.0,0.0,False,clear,1.0,0.0
EXP_CC2CE078,42,894,14.9,1,1010.353542,1319.235198,-80.0,-60.0,0.0,0.0,True,straight,2000,2000,10,0.0,0.0,0.0,0.0,0.064736,1.994869,330.353542,559.235198,False,False,False,0.0,False,0.0,False,0.0,False,0.0,0.0,False,linear,0.0,0.0,0.0,0.0,False,clear,1.0,0.0
EXP_CC2CE078,42,895,14.916667,1,1009.020209,1318.235198,-80.0,-60.0,0.0,0.0,True,straight,2000,2000,10,0.0,0.0,0.0,0.0,0.056399,1.988626,329.020209,558.235198,False,False,False,0.0,False,0.0,False,0.0,False,0.0,0.0,False,linear,0.0,0.0,0.0,0.0,False,clear,1.0,0.0
EXP_CC2CE078,42,896,14.933333,1,1007.686876,1317.235198,-80.0,-60.0,0.0,0.0,True,straight,2000,2000,10,0.0,0.0,0.0,0.0,0.048062,1.982382,327.686876,557.235198,False,False,False,0.0,False,0.0,False,0.0,False,0.0,0.0,False,linear,0.0,0.0,0.0,0.0,False,clear,1.0,0.0
EXP_CC2CE078,42,897,14.95,1,1006.353542,1316.235198,-80.0,-60.0,0.0,0.0,True,straight,2000,2000,10,0.0,0.0,0.0,0.0,0.039726,1.976138,326.353542,556.235198,False,False,False,0.0,False,0.0,False,0.0,False,0.0,0.0,False,linear,0.0,0.0,0.0,0.0,False,clear,1.0,0.0
EXP_CC2CE078,42,898,14.966667,1,1005.020209,1315.235198,-80.0,-60.0,0.0,0.0,True,straight,2000,2000,10,0.0,0.0,0.0,0.0,0.031389,1.969894,325.020209,555.235198,False,False,False,0.0,False,0.0,False,0.0,False,0.0,0.0,False,linear,0.0,0.0,0.0,0.0,False,clear,1.0,0.0
EXP_CC2CE078,42,899,14.983333,1,1003.686876,1314.235198,-80.0,-60.0,0.0,0.0,True,straight,2000,2000,10,0.0,0.0,0.0,0.0,0.023052,1.96365,323.686876,554.235198,False,False,False,0.0,False,0.0,False,0.0,False,0.0,0.0,False,linear,0.0,0.0,0.0,0.0,False,clear,1.0,0.0
EXP_CC2CE078,42,900,15.0,1,1002.353542,1313.235198,-80.0,-60.0,0.0,0.0,True,straight,2000,2000,10,0.0,0.0,0.0,0.0,0.014716,1.957406,322.353542,553.235198,False,False,False,0.0,False,0.0,False,0.0,False,0.0,0.0,False,linear,0.0,0.0,0.0,0.0,False,clear,1.0,0.0
EXP_CC2CE078,42,901,15.016667,1,1001.020209,1312.235198,-80.0,-60.0,0.0,0.0,True,straight,2000,2000,10,0.0,0.0,0.0,0.0,0.006379,1.951161,321.020209,552.235198,False,False,False,0.0,False,0.0,False,0.0,False,0.0,0.0,False,linear,0.0,0.0,0.0,0.0,False,clear,1.0,0.0
EXP_CC2CE078,42,902,15.033333,1,999.686876,1311.235198,-80.0,-60.0,0.0,0.0,True,straight,2000,2000,10,0.0,0.0,0.0,0.0,-0.001958,1.944917,319.686876,551.235198,False,False,False,0.0,False,0.0,False,0.0,False,0.0,0.0,False,linear,0.0,0.0,0.0,0.0,False,clear,1.0,0.0
EXP_CC2CE078,42,903,15.05,1,998.353542,1310.235198,-80.0,-60.0,0.0,0.0,True,straight,2000,2000,10,0.0,0.0,0.0,0.0,-0.010295,1.938673,318.353542,550.235198,False,False,False,0.0,False,0.0,False,0.0,False,0.0,0.0,False,linear,0.0,0.0,0.0,0.0,False,clear,1.0,0.0
EXP_CC2CE078,42,904,15.066667,1,997.020209,1309.235198,-80.0,-60.0,0.0,0.0,True,straight,2000,2000,10,0.0,0.0,0.0,0.0,-0.018631,1.932429,317.020209,549.235198,False,False,False,0.0,False,0.0,False,0.0,False,0.0,0.0,False,linear,0.0,0.0,0.0,0.0,False,clear,1.0,0.0
EXP_CC2CE078,42,905,15.083333,1,995.686876,1308.235198,-80.0,-60.0,0.0,0.0,True,straight,2000,2000,10,0.0,0.0,0.0,0.0,-0.026968,1.926184,315.686876,548.235198,False,False,False,0.0,False,0.0,False,0.0,False,0.0,0.0,False,linear,0.0,0.0,0.0,0.0,False,clear,1.0,0.0
EXP_CC2CE078,42,906,15.1,1,994.353542,1307.235198,-80.0,-60.0,0.0,0.0,True,straight,2000,2000,10,0.0,0.0,0.0,0.0,-0.035305,1.91994,314.353542,547.235198,False,False,False,0.0,False,0.0,False,0.0,False,0.0,0.0,False,linear,0.0,0.0,0.0,0.0,False,clear,1.0,0.0
EXP_CC2CE078,42,907,15.116667,1,993.020209,1306.235198,-80.0,-60.0,0.0,0.0,True,straight,2000,2000,10,0.0,0.0,0.0,0.0,-0.043641,1.913695,313.020209,546.235198,False,False,False,0.0,False,0.0,False,0.0,False,0.0,0.0,False,linear,0.0,0.0,0.0,0.0,False,clear,1.0,0.0
EXP_CC2CE078,42,908,15.133333,1,991.686876,1305.235198,-80.0,-60.0,0.0,0.0,True,straight,2000,2000,10,0.0,0.0,0.0,0.0,-0.051978,1.907451,311.686876,545.235198,False,False,False,0.0,False,0.0,False,0.0,False,0.0,0.0,False,linear,0.0,0.0,0.0,0.0,False,clear,1.0,0.0
EXP_CC2CE078,42,909,15.15,1,990.353542,1304.235198,-80.0,-60.0,0.0,0.0,True,straight,2000,2000,10,0.0,0.0,0.0,0.0,-0.060315,1.901206,310.353542,544.235198,False,False,False,0.0,False,0.0,False,0.0,False,0.0,0.0,False,linear,0.0,0.0,0.0,0.0,False,clear,1.0,0.0
EXP_CC2CE078,42,910,15.166667,1,989.020209,1303.235198,-80.0,-60.0,0.0,0.0,True,straight,2000,2000,10,0.0,0.0,0.0,0.0,-0.068652,1.894962,309.020209,543.235198,False,False,False,0.0,False,0.0,False,0.0,False,0.0,0.0,False,linear,0.0,0.0,0.0,0.0,False,clear,1.0,0.0
EXP_CC2CE078,42,911,15.183333,1,987.686876,1302.235198,-80.0,-60.0,0.0,0.0,True,straight,2000,2000,10,0.0,0.0,0.0,0.0,-0.076988,1.888717,307.686876,542.235198,False,False,False,0.0,False,0.0,False,0.0,False,0.0,0.0,False,linear,0.0,0.0,0.0,0.0,False,clear,1.0,0.0
EXP_CC2CE078,42,912,15.2,1,986.353542,1301.235198,-80.0,-60.0,0.0,0.0,True,straight,2000,2000,10,0.0,0.0,0.0,0.0,-0.085325,1.882473,306.353542,541.235198,False,False,False,0.0,False,0.0,False,0.0,False,0.0,0.0,False,linear,0.0,0.0,0.0,0.0,False,clear,1.0,0.0
EXP_CC2CE078,42,913,15.216667,1,985.020209,1300.235198,-80.0,-60.0,0.0,0.0,True,straight,2000,2000,10,0.0,0.0,0.0,0.0,-0.093662,1.876228,305.020209,540.235198,False,False,False,0.0,False,0.0,False,0.0,False,0.0,0.0,False,linear,0.0,0.0,0.0,0.0,False,clear,1.0,0.0
EXP_CC2CE078,42,914,15.233333,1,983.686876,1299.235198,-80.0,-60.0,0.0,0.0,True,straight,2000,2000,10,0.0,0.0,0.0,0.0,-0.101998,1.869983,303.686876,539.235198,False,False,False,0.0,False,0.0,False,0.0,False,0.0,0.0,False,linear,0.0,0.0,0.0,0.0,False,clear,1.0,0.0
EXP_CC2CE078,42,915,15.25,1,982.353542,1298.235198,-80.0,-60.0,0.0,0.0,True,straight,2000,2000,10,0.0,0.0,0.0,0.0,-0.110335,1.863738,302.353542,538.235198,False,False,False,0.0,False,0.0,False,0.0,False,0.0,0.0,False,linear,0.0,0.0,0.0,0.0,False,clear,1.0,0.0
EXP_CC2CE078,42,916,15.266667,1,981.020209,1297.235198,-80.0,-60.0,0.0,0.0,True,straight,2000,2000,10,0.0,0.0,0.0,0.0,-0.118672,1.857493,301.020209,537.235198,False,False,False,0.0,False,0.0,False,0.0,False,0.0,0.0,False,linear,0.0,0.0,0.0,0.0,False,clear,1.0,0.0
EXP_CC2CE078,42,917,15.283333,1,979.686876,1296.235198,-80.0,-60.0,0.0,0.0,True,straight,2000,2000,10,0.0,0.0,0.0,0.0,-0.127008,1.851249,299.686876,536.235198,False,False,False,0.0,False,0.0,False,0.0,False,0.0,0.0,False,linear,0.0,0.0,0.0,0.0,False,clear,1.0,0.0
EXP_CC2CE078,42,918,15.3,1,978.353542,1295.235198,-80.0,-60.0,0.0,0.0,True,straight,2000,2000,10,0.0,0.0,0.0,0.0,-0.135345,1.845004,298.353542,535.235198,False,False,False,0.0,False,0.0,False,0.0,False,0.0,0.0,False,linear,0.0,0.0,0.0,0.0,False,clear,1.0,0.0
EXP_CC2CE078,42,919,15.316667,1,977.020209,1294.235198,-80.0,-60.0,0.0,0.0,True,straight,2000,2000,10,0.0,0.0,0.0,0.0,-0.143682,1.838759,297.020209,534.235198,False,False,False,0.0,False,0.0,False,0.0,False,0.0,0.0,False,linear,0.0,0.0,0.0,0.0,False,clear,1.0,0.0
EXP_CC2CE078,42,920,15.333333,1,975.686876,1293.235198,-80.0,-60.0,0.0,0.0,True,straight,2000,2000,10,0.0,0.0,0.0,0.0,-0.152018,1.832514,295.686876,533.235198,False,False,False,0.0,False,0.0,False,0.0,False,0.0,0.0,False,linear,0.0,0.0,0.0,0.0,False,clear,1.0,0.0
EXP_CC2CE078,42,921,15.35,1,974.353542,1292.235198,-80.0,-60.0,0.0,0.0,True,straight,2000,2000,10,0.0,0.0,0.0,0.0,-0.160355,1.826269,294.353542,532.235198,False,False,False,0.0,False,0.0,False,0.0,False,0.0,0.0,False,linear,0.0,0.0,0.0,0.0,False,clear,1.0,0.0
EXP_CC2CE078,42,922,15.366667,1,973.020209,1291.235198,-80.0,-60.0,0.0,0.0,True,straight,2000,2000,10,0.0,0.0,0.0,0.0,-0.168692,1.820024,293.020209,531.235198,False,False,False,0.0,False,0.0,False,0.0,False,0.0,0.0,False,linear,0.0,0.0,0.0,0.0,False,clear,1.0,0.0
EXP_CC2CE078,42,923,15.383333,1,971.686876,1290.235198,-80.0,-60.0,0.0,0.0,True,straight,2000,2000,10,0.0,0.0,0.0,0.0,-0.177028,1.813778,291.686876,530.235198,False,False,False,0.0,False,0.0,False,0.0,False,0.0,0.0,False,linear,0.0,0.0,0.0,0.0,False,clear,1.0,0.0
EXP_CC2CE078,42,924,15.4,1,970.353542,1289.235198,-80.0,-60.0,0.0,0.0,True,straight,2000,2000,10,0.0,0.0,0.0,0.0,-0.185365,1.807533,290.353542,529.235198,False,False,False,0.0,False,0.0,False,0.0,False,0.0,0.0,False,linear,0.0,0.0,0.0,0.0,False,clear,1.0,0.0
EXP_CC2CE078,42,925,15.416667,1,969.020209,1288.235198,-80.0,-60.0,0.0,0.0,True,straight,2000,2000,10,0.0,0.0,0.0,0.0,-0.193702,1.801288,289.020209,528.235198,False,False,False,0.0,False,0.0,False,0.0,False,0.0,0.0,False,linear,0.0,0.0,0.0,0.0,False,clear,1.0,0.0
EXP_CC2CE078,42,926,15.433333,1,967.686876,1287.235198,-80.0,-60.0,0.0,0.0,True,straight,2000,2000,10,0.0,0.0,0.0,0.0,-0.202038,1.795043,287.686876,527.235198,False,False,False,0.0,False,0.0,False,0.0,False,0.0,0.0,False,linear,0.0,0.0,0.0,0.0,False,clear,1.0,0.0
EXP_CC2CE078,42,927,15.45,1,966.353542,1286.235198,-80.0,-60.0,0.0,0.0,True,straight,2000,2000,10,0.0,0.0,0.0,0.0,-0.210375,1.788797,286.353542,526.235198,False,False,False,0.0,False,0.0,False,0.0,False,0.0,0.0,False,linear,0.0,0.0,0.0,0.0,False,clear,1.0,0.0
EXP_CC2CE078,42,928,15.466667,1,965.020209,1285.235198,-80.0,-60.0,0.0,0.0,True,straight,2000,2000,10,0.0,0.0,0.0,0.0,-0.218711,1.782552,285.020209,525.235198,False,False,False,0.0,False,0.0,False,0.0,False,0.0,0.0,False,linear,0.0,0.0,0.0,0.0,False,clear,1.0,0.0
EXP_CC2CE078,42,929,15.483333,1,963.686876,1284.235198,-80.0,-60.0,0.0,0.0,True,straight,2000,2000,10,0.0,0.0,0.0,0.0,-0.227048,1.776307,283.686876,524.235198,False,False,False,0.0,False,0.0,False,0.0,False,0.0,0.0,False,linear,0.0,0.0,0.0,0.0,False,clear,1.0,0.0
EXP_CC2CE078,42,930,15.5,1,962.353542,1283.235198,-80.0,-60.0,0.0,0.0,True,straight,2000,2000,10,0.0,0.0,0.0,0.0,-0.235385,1.770061,282.353542,523.235198,False,False,False,0.0,False,0.0,False,0.0,False,0.0,0.0,False,linear,0.0,0.0,0.0,0.0,False,clear,1.0,0.0
EXP_CC2CE078,42,931,15.516667,1,961.020209,1282.235198,-80.0,-60.0,0.0,0.0,True,straight,2000,2000,10,0.0,0.0,0.0,0.0,-0.243721,1.763816,281.020209,522.235198,False,False,False,0.0,False,0.0,False,0.0,False,0.0,0.0,False,linear,0.0,0.0,0.0,0.0,False,clear,1.0,0.0
EXP_CC2CE078,42,932,15.533333,1,959.686876,1281.235198,-80.0,-60.0,0.0,0.0,True,straight,2000,2000,10,0.0,0.0,0.0,0.0,-0.252058,1.75757,279.686876,521.235198,False,False,False,0.0,False,0.0,False,0.0,False,0.0,0.0,False,linear,0.0,0.0,0.0,0.0,False,clear,1.0,0.0
EXP_CC2CE078,42,933,15.55,1,958.353542,1280.235198,-80.0,-60.0,0.0,0.0,True,straight,2000,2000,10,0.0,0.0,0.0,0.0,-0.260394,1.751325,278.353542,520.235198,False,False,False,0.0,False,0.0,False,0.0,False,0.0,0.0,False,linear,0.0,0.0,0.0,0.0,False,clear,1.0,0.0
EXP_CC2CE078,42,934,15.566667,1,957.020209,1279.235198,-80.0,-60.0,0.0,0.0,True,straight,2000,2000,10,0.0,0.0,0.0,0.0,-0.268731,1.745079,277.020209,519.235198,False,False,False,0.0,False,0.0,False,0.0,False,0.0,0.0,False,linear,0.0,0.0,0.0,0.0,False,clear,1.0,0.0
EXP_CC2CE078,42,935,15.583333,1,955.686876,1278.235198,-80.0,-60.0,0.0,0.0,True,straight,2000,2000,10,0.0,0.0,0.0,0.0,-0.277067,1.738833,275.686876,518.235198,False,False,False,0.0,False,0.0,False,0.0,False,0.0,0.0,False,linear,0.0,0.0,0.0,0.0,False,clear,1.0,0.0
EXP_CC2CE078,42,936,15.6,1,954.353542,1277.235198,-80.0,-60.0,0.0,0.0,True,straight,2000,2000,10,0.0,0.0,0.0,0.0,-0.285404,1.732588,274.353542,517.235198,False,False,False,0.0,False,0.0,False,0.0,False,0.0,0.0,False,linear,0.0,0.0,0.0,0.0,False,clear,1.0,0.0
EXP_CC2CE078,42,937,15.616667,1,953.020209,1276.235198,-80.0,-60.0,0.0,0.0,True,straight,2000,2000,10,0.0,0.0,0.0,0.0,-0.29374,1.726342,273.020209,516.235198,False,False,False,0.0,False,0.0,False,0.0,False,0.0,0.0,False,linear,0.0,0.0,0.0,0.0,False,clear,1.0,0.0
EXP_CC2CE078,42,938,15.633333,1,951.686876,1275.235198,-80.0,-60.0,0.0,0.0,True,straight,2000,2000,10,0.0,0.0,0.0,0.0,-0.302077,1.720096,271.686876,515.235198,False,False,False,0.0,False,0.0,False,0.0,False,0.0,0.0,False,linear,0.0,0.0,0.0,0.0,False,clear,1.0,0.0
EXP_CC2CE078,42,939,15.65,1,950.353542,1274.235198,-80.0,-60.0,0.0,0.0,True,straight,2000,2000,10,0.0,0.0,0.0,0.0,-0.310413,1.71385,270.353542,514.235198,False,False,False,0.0,False,0.0,False,0.0,False,0.0,0.0,False,linear,0.0,0.0,0.0,0.0,False,clear,1.0,0.0
EXP_CC2CE078,42,940,15.666667,1,949.020209,1273.235198,-80.0,-60.0,0.0,0.0,True,straight,2000,2000,10,0.0,0.0,0.0,0.0,-0.31875,1.707604,269.020209,513.235198,False,False,False,0.0,False,0.0,False,0.0,False,0.0,0.0,False,linear,0.0,0.0,0.0,0.0,False,clear,1.0,0.0
EXP_CC2CE078,42,941,15.683333,1,947.686876,1272.235198,-80.0,-60.0,0.0,0.0,True,straight,2000,2000,10,0.0,0.0,0.0,0.0,-0.327086,1.701359,267.686876,512.235198,False,False,False,0.0,False,0.0,False,0.0,False,0.0,0.0,False,linear,0.0,0.0,0.0,0.0,False,clear,1.0,0.0
EXP_CC2CE078,42,942,15.7,1,946.353542,1271.235198,-80.0,-60.0,0.0,0.0,True,straight,2000,2000,10,0.0,0.0,0.0,0.0,-0.335423,1.695113,266.353542,511.235198,False,False,False,0.0,False,0.0,False,0.0,False,0.0,0.0,False,linear,0.0,0.0,0.0,0.0,False,clear,1.0,0.0
EXP_CC2CE078,42,943,15.716667,1,945.020209,1270.235198,-80.0,-60.0,0.0,0.0,True,straight,2000,2000,10,0.0,0.0,0.0,0.0,-0.343759,1.688867,265.020209,510.235198,False,False,False,0.0,False,0.0,False,0.0,False,0.0,0.0,False,linear,0.0,0.0,0.0,0.0,False,clear,1.0,0.0
EXP_CC2CE078,42,944,15.733333,1,943.686876,1269.235198,-80.0,-60.0,0.0,0.0,True,straight,2000,2000,10,0.0,0.0,0.0,0.0,-0.352096,1.682621,263.686876,509.235198,False,False,False,0.0,False,0.0,False,0.0,False,0.0,0.0,False,linear,0.0,0.0,0.0,0.0,False,clear,1.0,0.0
EXP_CC2CE078,42,945,15.75,1,942.353542,1268.235198,-80.0,-60.0,0.0,0.0,True,straight,2000,2000,10,0.0,0.0,0.0,0.0,-0.360432,1.676375,262.353542,508.235198,False,False,False,0.0,False,0.0,False,0.0,False,0.0,0.0,False,linear,0.0,0.0,0.0,0.0,False,clear,1.0,0.0
EXP_CC2CE078,42,946,15.766667,1,941.020209,1267.235198,-80.0,-60.0,0.0,0.0,True,straight,2000,2000,10,0.0,0.0,0.0,0.0,-0.368768,1.670128,261.020209,507.235198,False,False,False,0.0,False,0.0,False,0.0,False,0.0,0.0,False,linear,0.0,0.0,0.0,0.0,False,clear,1.0,0.0
EXP_CC2CE078,42,947,15.783333,1,939.686876,1266.235198,-80.0,-60.0,0.0,0.0,True,straight,2000,2000,10,0.0,0.0,0.0,0.0,-0.377105,1.663882,259.686876,506.235198,False,False,False,0.0,False,0.0,False,0.0,False,0.0,0.0,False,linear,0.0,0.0,0.0,0.0,False,clear,1.0,0.0
EXP_CC2CE078,42,948,15.8,1,938.353542,1265.235198,-80.0,-60.0,0.0,0.0,True,straight,2000,2000,10,0.0,0.0,0.0,0.0,-0.385441,1.657636,258.353542,505.235198,False,False,False,0.0,False,0.0,False,0.0,False,0.0,0.0,False,linear,0.0,0.0,0.0,0.0,False,clear,1.0,0.0
EXP_CC2CE078,42,949,15.816667,1,937.020209,1264.235198,-80.0,-60.0,0.0,0.0,True,straight,2000,2000,10,0.0,0.0,0.0,0.0,-0.393777,1.65139,257.020209,504.235198,False,False,False,0.0,False,0.0,False,0.0,False,0.0,0.0,False,linear,0.0,0.0,0.0,0.0,False,clear,1.0,0.0
EXP_CC2CE078,42,950,15.833333,1,935.686876,1263.235198,-80.0,-60.0,0.0,0.0,True,straight,2000,2000,10,0.0,0.0,0.0,0.0,-0.402114,1.645144,255.686876,503.235198,False,False,False,0.0,False,0.0,False,0.0,False,0.0,0.0,False,linear,0.0,0.0,0.0,0.0,False,clear,1.0,0.0
EXP_CC2CE078,42,951,15.85,1,934.353542,1262.235198,-80.0,-60.0,0.0,0.0,True,straight,2000,2000,10,0.0,0.0,0.0,0.0,-0.41045,1.638897,254.353542,502.235198,False,False,False,0.0,False,0.0,False,0.0,False,0.0,0.0,False,linear,0.0,0.0,0.0,0.0,False,clear,1.0,0.0
EXP_CC2CE078,42,952,15.866667,1,933.020209,1261.235198,-80.0,-60.0,0.0,0.0,True,straight,2000,2000,10,0.0,0.0,0.0,0.0,-0.418786,1.632651,253.020209,501.235198,False,False,False,0.0,False,0.0,False,0.0,False,0.0,0.0,False,linear,0.0,0.0,0.0,0.0,False,clear,1.0,0.0
EXP_CC2CE078,42,953,15.883333,1,931.686876,1260.235198,-80.0,-60.0,0.0,0.0,True,straight,2000,2000,10,0.0,0.0,0.0,0.0,-0.427123,1.626405,251.686876,500.235198,False,False,False,0.0,False,0.0,False,0.0,False,0.0,0.0,False,linear,0.0,0.0,0.0,0.0,False,clear,1.0,0.0
EXP_CC2CE078,42,954,15.9,1,930.353542,1259.235198,-80.0,-60.0,0.0,0.0,True,straight,2000,2000,10,0.0,0.0,0.0,0.0,-0.435459,1.620158,250.353542,499.235198,False,False,False,0.0,False,0.0,False,0.0,False,0.0,0.0,False,linear,0.0,0.0,0.0,0.0,False,clear,1.0,0.0
EXP_CC2CE078,42,955,15.916667,1,929.020209,1258.235198,-80.0,-60.0,0.0,0.0,True,straight,2000,2000,10,0.0,0.0,0.0,0.0,-0.443795,1.613912,249.020209,498.235198,False,False,False,0.0,False,0.0,False,0.0,False,0.0,0.0,False,linear,0.0,0.0,0.0,0.0,False,clear,1.0,0.0
EXP_CC2CE078,42,956,15.933333,1,927.686876,1257.235198,-80.0,-60.0,0.0,0.0,True,straight,2000,2000,10,0.0,0.0,0.0,0.0,-0.452131,1.607665,247.686876,497.235198,False,False,False,0.0,False,0.0,False,0.0,False,0.0,0.0,False,linear,0.0,0.0,0.0,0.0,False,clear,1.0,0.0
EXP_CC2CE078,42,957,15.95,1,926.353542,1256.235198,-80.0,-60.0,0.0,0.0,True,straight,2000,2000,10,0.0,0.0,0.0,0.0,-0.460467,1.601419,246.353542,496.235198,False,False,False,0.0,False,0.0,False,0.0,False,0.0,0.0,False,linear,0.0,0.0,0.0,0.0,False,clear,1.0,0.0
EXP_CC2CE078,42,958,15.966667,1,925.020209,1255.235198,-80.0,-60.0,0.0,0.0,True,straight,2000,2000,10,0.0,0.0,0.0,0.0,-0.468804,1.595172,245.020209,495.235198,False,False,False,0.0,False,0.0,False,0.0,False,0.0,0.0,False,linear,0.0,0.0,0.0,0.0,False,clear,1.0,0.0
EXP_CC2CE078,42,959,15.983333,1,923.686876,1254.235198,-80.0,-60.0,0.0,0.0,True,straight,2000,2000,10,0.0,0.0,0.0,0.0,-0.47714,1.588926,243.686876,494.235198,False,False,False,0.0,False,0.0,False,0.0,False,0.0,0.0,False,linear,0.0,0.0,0.0,0.0,False,clear,1.0,0.0
EXP_CC2CE078,42,960,16.0,1,922.353542,1253.235198,-80.0,-60.0,0.0,0.0,True,straight,2000,2000,10,0.0,0.0,0.0,0.0,-0.485476,1.582679,242.353542,493.235198,False,False,False,0.0,False,0.0,False,0.0,False,0.0,0.0,False,linear,0.0,0.0,0.0,0.0,False,clear,1.0,0.0
EXP_CC2CE078,42,961,16.016667,1,921.020209,1252.235198,-80.0,-60.0,0.0,0.0,True,straight,2000,2000,10,0.0,0.0,0.0,0.0,-0.493812,1.576432,241.020209,492.235198,False,False,False,0.0,False,0.0,False,0.0,False,0.0,0.0,False,linear,0.0,0.0,0.0,0.0,False,clear,1.0,0.0
EXP_CC2CE078,42,962,16.033333,1,919.686876,1251.235198,-80.0,-60.0,0.0,0.0,True,straight,2000,2000,10,0.0,0.0,0.0,0.0,-0.502148,1.570186,239.686876,491.235198,False,False,False,0.0,False,0.0,False,0.0,False,0.0,0.0,False,linear,0.0,0.0,0.0,0.0,False,clear,1.0,0.0
EXP_CC2CE078,42,963,16.05,1,918.353542,1250.235198,-80.0,-60.0,0.0,0.0,True,straight,2000,2000,10,0.0,0.0,0.0,0.0,-0.510484,1.563939,238.353542,490.235198,False,False,False,0.0,False,0.0,False,0.0,False,0.0,0.0,False,linear,0.0,0.0,0.0,0.0,False,clear,1.0,0.0
EXP_CC2CE078,42,964,16.066667,1,917.020209,1249.235198,-80.0,-60.0,0.0,0.0,True,straight,2000,2000,10,0.0,0.0,0.0,0.0,-0.51882,1.557692,237.020209,489.235198,False,False,False,0.0,False,0.0,False,0.0,False,0.0,0.0,False,linear,0.0,0.0,0.0,0.0,False,clear,1.0,0.0
EXP_CC2CE078,42,965,16.083333,1,915.686876,1248.235198,-80.0,-60.0,0.0,0.0,True,straight,2000,2000,10,0.0,0.0,0.0,0.0,-0.527156,1.551445,235.686876,488.235198,False,False,False,0.0,False,0.0,False,0.0,False,0.0,0.0,False,linear,0.0,0.0,0.0,0.0,False,clear,1.0,0.0
EXP_CC2CE078,42,966,16.1,1,914.353542,1247.235198,-80.0,-60.0,0.0,0.0,True,straight,2000,2000,10,0.0,0.0,0.0,0.0,-0.535492,1.545198,234.353542,487.235198,False,False,False,0.0,False,0.0,False,0.0,False,0.0,0.0,False,linear,0.0,0.0,0.0,0.0,False,clear,1.0,0.0
EXP_CC2CE078,42,967,16.116667,1,913.020209,1246.235198,-80.0,-60.0,0.0,0.0,True,straight,2000,2000,10,0.0,0.0,0.0,0.0,-0.543828,1.538951,233.020209,486.235198,False,False,False,0.0,False,0.0,False,0.0,False,0.0,0.0,False,linear,0.0,0.0,0.0,0.0,False,clear,1.0,0.0
EXP_CC2CE078,42,968,16.133333,1,911.686876,1245.235198,-80.0,-60.0,0.0,0.0,True,straight,2000,2000,10,0.0,0.0,0.0,0.0,-0.552164,1.532705,231.686876,485.235198,False,False,False,0.0,False,0.0,False,0.0,False,0.0,0.0,False,linear,0.0,0.0,0.0,0.0,False,clear,1.0,0.0
EXP_CC2CE078,42,969,16.15,1,910.353542,1244.235198,-80.0,-60.0,0.0,0.0,True,straight,2000,2000,10,0.0,0.0,0.0,0.0,-0.5605,1.526458,230.353542,484.235198,False,False,False,0.0,False,0.0,False,0.0,False,0.0,0.0,False,linear,0.0,0.0,0.0,0.0,False,clear,1.0,0.0
EXP_CC2CE078,42,970,16.166667,1,909.020209,1243.235198,-80.0,-60.0,0.0,0.0,True,straight,2000,2000,10,0.0,0.0,0.0,0.0,-0.568836,1.520211,229.020209,483.235198,False,False,False,0.0,False,0.0,False,0.0,False,0.0,0.0,False,linear,0.0,0.0,0.0,0.0,False,clear,1.0,0.0
EXP_CC2CE078,42,971,16.183333,1,907.686876,1242.235198,-80.0,-60.0,0.0,0.0,True,straight,2000,2000,10,0.0,0.0,0.0,0.0,-0.577172,1.513964,227.686876,482.235198,False,False,False,0.0,False,0.0,False,0.0,False,0.0,0.0,False,linear,0.0,0.0,0.0,0.0,False,clear,1.0,0.0
EXP_CC2CE078,42,972,16.2,1,906.353542,1241.235198,-80.0,-60.0,0.0,0.0,True,straight,2000,2000,10,0.0,0.0,0.0,0.0,-0.585508,1.507716,226.353542,481.235198,False,False,False,0.0,False,0.0,False,0.0,False,0.0,0.0,False,linear,0.0,0.0,0.0,0.0,False,clear,1.0,0.0
EXP_CC2CE078,42,973,16.216667,1,905.020209,1240.235198,-80.0,-60.0,0.0,0.0,True,straight,2000,2000,10,0.0,0.0,0.0,0.0,-0.593844,1.501469,225.020209,480.235198,False,False,False,0.0,False,0.0,False,0.0,False,0.0,0.0,False,linear,0.0,0.0,0.0,0.0,False,clear,1.0,0.0
EXP_CC2CE078,42,974,16.233333,1,903.686876,1239.235198,-80.0,-60.0,0.0,0.0,True,straight,2000,2000,10,0.0,0.0,0.0,0.0,-0.602179,1.495222,223.686876,479.235198,True,False,False,0.0,False,0.0,False,0.0,False,0.0,0.0,False,linear,0.0,0.0,0.0,0.0,False,clear,1.0,0.0
EXP_CC2CE078,42,975,16.25,1,902.353542,1238.235198,-80.0,-60.0,0.0,0.0,True,straight,2000,2000,10,0.0,0.0,0.0,0.0,-0.610515,1.488975,222.353542,478.235198,True,False,False,0.0,False,0.0,False,0.0,False,0.0,0.0,False,linear,0.0,0.0,0.0,0.0,False,clear,1.0,0.0
EXP_CC2CE078,42,976,16.266667,1,901.020209,1237.235198,-80.0,-60.0,0.0,0.0,True,straight,2000,2000,10,0.0,0.0,0.0,0.0,-0.618851,1.482728,221.020209,477.235198,True,False,False,0.0,False,0.0,False,0.0,False,0.0,0.0,False,linear,0.0,0.0,0.0,0.0,False,clear,1.0,0.0
EXP_CC2CE078,42,977,16.283333,1,899.686876,1236.235198,-80.0,-60.0,0.0,0.0,True,straight,2000,2000,10,0.0,0.0,0.0,0.0,-0.627187,1.47648,219.686876,476.235198,True,False,False,0.0,False,0.0,False,0.0,False,0.0,0.0,False,linear,0.0,0.0,0.0,0.0,False,clear,1.0,0.0
EXP_CC2CE078,42,978,16.3,1,898.353542,1235.235198,-80.0,-60.0,0.0,0.0,True,straight,2000,2000,10,0.0,0.0,0.0,0.0,-0.635522,1.470233,218.353542,475.235198,True,False,False,0.0,False,0.0,False,0.0,False,0.0,0.0,False,linear,0.0,0.0,0.0,0.0,False,clear,1.0,0.0
EXP_CC2CE078,42,979,16.316667,1,897.020209,1234.235198,-80.0,-60.0,0.0,0.0,True,straight,2000,2000,10,0.0,0.0,0.0,0.0,-0.643858,1.463986,217.020209,474.235198,True,False,False,0.0,False,0.0,False,0.0,False,0.0,0.0,False,linear,0.0,0.0,0.0,0.0,False,clear,1.0,0.0
EXP_CC2CE078,42,980,16.333333,1,895.686876,1233.235198,-80.0,-60.0,0.0,0.0,True,straight,2000,2000,10,0.0,0.0,0.0,0.0,-0.652194,1.457738,215.686876,473.235198,True,False,False,0.0,False,0.0,False,0.0,False,0.0,0.0,False,linear,0.0,0.0,0.0,0.0,False,clear,1.0,0.0
EXP_CC2CE078,42,981,16.35,1,894.353542,1232.235198,-80.0,-60.0,0.0,0.0,True,straight,2000,2000,10,0.0,0.0,0.0,0.0,-0.660529,1.451491,214.353542,472.235198,True,False,False,0.0,False,0.0,False,0.0,False,0.0,0.0,False,linear,0.0,0.0,0.0,0.0,False,clear,1.0,0.0
EXP_CC2CE078,42,982,16.366667,1,893.020209,1231.235198,-80.0,-60.0,0.0,0.0,True,straight,2000,2000,10,0.0,0.0,0.0,0.0,-0.668865,1.445244,213.020209,471.235198,True,False,False,0.0,False,0.0,False,0.0,False,0.0,0.0,False,linear,0.0,0.0,0.0,0.0,False,clear,1.0,0.0
EXP_CC2CE078,42,983,16.383333,1,891.686876,1230.235198,-80.0,-60.0,0.0,0.0,True,straight,2000,2000,10,0.0,0.0,0.0,0.0,-0.677201,1.438996,211.686876,470.235198,True,False,False,0.0,False,0.0,False,0.0,False,0.0,0.0,False,linear,0.0,0.0,0.0,0.0,False,clear,1.0,0.0
EXP_CC2CE078,42,984,16.4,1,890.353542,1229.235198,-80.0,-60.0,0.0,0.0,True,straight,2000,2000,10,0.0,0.0,0.0,0.0,-0.685536,1.432749,210.353542,469.235198,True,False,False,0.0,False,0.0,False,0.0,False,0.0,0.0,False,linear,0.0,0.0,0.0,0.0,False,clear,1.0,0.0
EXP_CC2CE078,42,985,16.416667,1,889.020209,1228.235198,-80.0,-60.0,0.0,0.0,True,straight,2000,2000,10,0.0,0.0,0.0,0.0,-0.693872,1.426501,209.020209,468.235198,True,False,False,0.0,False,0.0,False,0.0,False,0.0,0.0,False,linear,0.0,0.0,0.0,0.0,False,clear,1.0,0.0
EXP_CC2CE078,42,986,16.433333,1,887.686876,1227.235198,-80.0,-60.0,0.0,0.0,True,straight,2000,2000,10,0.0,0.0,0.0,0.0,-0.702207,1.420254,207.686876,467.235198,True,False,False,0.0,False,0.0,False,0.0,False,0.0,0.0,False,linear,0.0,0.0,0.0,0.0,False,clear,1.0,0.0
EXP_CC2CE078,42,987,16.45,1,886.353542,1226.235198,-80.0,-60.0,0.0,0.0,True,straight,2000,2000,10,0.0,0.0,0.0,0.0,-0.710543,1.414006,206.353542,466.235198,True,False,False,0.0,False,0.0,False,0.0,False,0.0,0.0,False,linear,0.0,0.0,0.0,0.0,False,clear,1.0,0.0
EXP_CC2CE078,42,988,16.466667,1,885.020209,1225.235198,-80.0,-60.0,0.0,0.0,True,straight,2000,2000,10,0.0,0.0,0.0,0.0,-0.718878,1.407758,205.020209,465.235198,True,False,False,0.0,False,0.0,False,0.0,False,0.0,0.0,False,linear,0.0,0.0,0.0,0.0,False,clear,1.0,0.0
EXP_CC2CE078,42,989,16.483333,1,883.686876,1224.235198,-80.0,-60.0,0.0,0.0,True,straight,2000,2000,10,0.0,0.0,0.0,0.0,-0.727213,1.401511,203.686876,464.235198,True,False,False,0.0,False,0.0,False,0.0,False,0.0,0.0,False,linear,0.0,0.0,0.0,0.0,False,clear,1.0,0.0
EXP_CC2CE078,42,990,16.5,1,882.353542,1223.235198,-80.0,-60.0,0.0,0.0,True,straight,2000,2000,10,0.0,0.0,0.0,0.0,-0.735549,1.395263,202.353542,463.235198,True,False,False,0.0,False,0.0,False,0.0,False,0.0,0.0,False,linear,0.0,0.0,0.0,0.0,False,clear,1.0,0.0
EXP_CC2CE078,42,991,16.516667,1,881.020209,1222.235198,-80.0,-60.0,0.0,0.0,True,straight,2000,2000,10,0.0,0.0,0.0,0.0,-0.743884,1.389015,201.020209,462.235198,True,False,False,0.0,False,0.0,False,0.0,False,0.0,0.0,False,linear,0.0,0.0,0.0,0.0,False,clear,1.0,0.0
EXP_CC2CE078,42,992,16.533333,1,879.686876,1221.235198,-80.0,-60.0,0.0,0.0,True,straight,2000,2000,10,0.0,0.0,0.0,0.0,-0.752219,1.382767,199.686876,461.235198,True,False,False,0.0,False,0.0,False,0.0,False,0.0,0.0,False,linear,0.0,0.0,0.0,0.0,False,clear,1.0,0.0
EXP_CC2CE078,42,993,16.55,1,878.353542,1220.235198,-80.0,-60.0,0.0,0.0,True,straight,2000,2000,10,0.0,0.0,0.0,0.0,-0.760555,1.37652,198.353542,460.235198,True,False,False,0.0,False,0.0,False,0.0,False,0.0,0.0,False,linear,0.0,0.0,0.0,0.0,False,clear,1.0,0.0
EXP_CC2CE078,42,994,16.566667,1,877.020209,1219.235198,-80.0,-60.0,0.0,0.0,True,straight,2000,2000,10,0.0,0.0,0.0,0.0,-0.76889,1.370272,197.020209,459.235198,True,False,False,0.0,False,0.0,False,0.0,False,0.0,0.0,False,linear,0.0,0.0,0.0,0.0,False,clear,1.0,0.0
EXP_CC2CE078,42,995,16.583333,1,875.686876,1218.235198,-80.0,-60.0,0.0,0.0,True,straight,2000,2000,10,0.0,0.0,0.0,0.0,-0.777225,1.364024,195.686876,458.235198,True,False,False,0.0,False,0.0,False,0.0,False,0.0,0.0,False,linear,0.0,0.0,0.0,0.0,False,clear,1.0,0.0
EXP_CC2CE078,42,996,16.6,1,874.353542,1217.235198,-80.0,-60.0,0.0,0.0,True,straight,2000,2000,10,0.0,0.0,0.0,0.0,-0.78556,1.357776,194.353542,457.235198,True,False,False,0.0,False,0.0,False,0.0,False,0.0,0.0,False,linear,0.0,0.0,0.0,0.0,False,clear,1.0,0.0
EXP_CC2CE078,42,997,16.616667,1,873.020209,1216.235198,-80.0,-60.0,0.0,0.0,True,straight,2000,2000,10,0.0,0.0,0.0,0.0,-0.793895,1.351528,193.020209,456.235198,True,False,False,0.0,False,0.0,False,0.0,False,0.0,0.0,False,linear,0.0,0.0,0.0,0.0,False,clear,1.0,0.0
EXP_CC2CE078,42,998,16.633333,1,871.686876,1215.235198,-80.0,-60.0,0.0,0.0,True,straight,2000,2000,10,0.0,0.0,0.0,0.0,-0.80223,1.34528,191.686876,455.235198,True,False,False,0.0,False,0.0,False,0.0,False,0.0,0.0,False,linear,0.0,0.0,0.0,0.0,False,clear,1.0,0.0
EXP_CC2CE078,42,999,16.65,1,870.353542,1214.235198,-80.0,-60.0,0.0,0.0,True,straight,2000,2000,10,0.0,0.0,0.0,0.0,-0.810566,1.339032,190.353542,454.235198,True,False,False,0.0,False,0.0,False,0.0,False,0.0,0.0,False,linear,0.0,0.0,0.0,0.0,False,clear,1.0,0.0
EXP_CC2CE078,42,1000,16.666667,1,869.020209,1213.235198,-80.0,-60.0,0.0,0.0,True,straight,2000,2000,10,0.0,0.0,0.0,0.0,-0.818901,1.332784,189.020209,453.235198,True,False,False,0.0,False,0.0,False,0.0,False,0.0,0.0,False,linear,0.0,0.0,0.0,0.0,False,clear,1.0,0.0
EXP_CC2CE078,42,1001,16.683333,1,867.686876,1212.235198,-80.0,-60.0,0.0,0.0,True,straight,2000,2000,10,0.0,0.0,0.0,0.0,-0.827236,1.326536,187.686876,452.235198,True,False,False,0.0,False,0.0,False,0.0,False,0.0,0.0,False,linear,0.0,0.0,0.0,0.0,False,clear,1.0,0.0
EXP_CC2CE078,42,1002,16.7,1,866.353542,1211.235198,-80.0,-60.0,0.0,0.0,True,straight,2000,2000,10,0.0,0.0,0.0,0.0,-0.835571,1.320288,186.353542,451.235198,True,False,False,0.0,False,0.0,False,0.0,False,0.0,0.0,False,linear,0.0,0.0,0.0,0.0,False,clear,1.0,0.0
EXP_CC2CE078,42,1003,16.716667,1,865.020209,1210.235198,-80.0,-60.0,0.0,0.0,True,straight,2000,2000,10,0.0,0.0,0.0,0.0,-0.843905,1.31404,185.020209,450.235198,True,False,False,0.0,False,0.0,False,0.0,False,0.0,0.0,False,linear,0.0,0.0,0.0,0.0,False,clear,1.0,0.0
EXP_CC2CE078,42,1004,16.733333,1,863.686876,1209.235198,-80.0,-60.0,0.0,0.0,True,straight,2000,2000,10,0.0,0.0,0.0,0.0,-0.85224,1.307792,183.686876,449.235198,True,False,False,0.0,False,0.0,False,0.0,False,0.0,0.0,False,linear,0.0,0.0,0.0,0.0,False,clear,1.0,0.0
EXP_CC2CE078,42,1005,16.75,1,862.353542,1208.235198,-80.0,-60.0,0.0,0.0,True,straight,2000,2000,10,0.0,0.0,0.0,0.0,-0.860575,1.301543,182.353542,448.235198,True,False,False,0.0,False,0.0,False,0.0,False,0.0,0.0,False,linear,0.0,0.0,0.0,0.0,False,clear,1.0,0.0
EXP_CC2CE078,42,1006,16.766667,1,861.020209,1207.235198,-80.0,-60.0,0.0,0.0,True,straight,2000,2000,10,0.0,0.0,0.0,0.0,-0.86891,1.295295,181.020209,447.235198,True,False,False,0.0,False,0.0,False,0.0,False,0.0,0.0,False,linear,0.0,0.0,0.0,0.0,False,clear,1.0,0.0
EXP_CC2CE078,42,1007,16.783333,1,859.686876,1206.235198,-80.0,-60.0,0.0,0.0,True,straight,2000,2000,10,0.0,0.0,0.0,0.0,-0.877245,1.289047,179.686876,446.235198,True,False,False,0.0,False,0.0,False,0.0,False,0.0,0.0,False,linear,0.0,0.0,0.0,0.0,False,clear,1.0,0.0
EXP_CC2CE078,42,1008,16.8,1,858.353542,1205.235198,-80.0,-60.0,0.0,0.0,True,straight,2000,2000,10,0.0,0.0,0.0,0.0,-0.88558,1.282799,178.353542,445.235198,True,False,False,0.0,False,0.0,False,0.0,False,0.0,0.0,False,linear,0.0,0.0,0.0,0.0,False,clear,1.0,0.0
EXP_CC2CE078,42,1009,16.816667,1,857.020209,1204.235198,-80.0,-60.0,0.0,0.0,True,straight,2000,2000,10,0.0,0.0,0.0,0.0,-0.893914,1.27655,177.020209,444.235198,True,False,False,0.0,False,0.0,False,0.0,False,0.0,0.0,False,linear,0.0,0.0,0.0,0.0,False,clear,1.0,0.0
EXP_CC2CE078,42,1010,16.833333,1,855.686876,1203.235198,-80.0,-60.0,0.0,0.0,True,straight,2000,2000,10,0.0,0.0,0.0,0.0,-0.902249,1.270302,175.686876,443.235198,True,False,False,0.0,False,0.0,False,0.0,False,0.0,0.0,False,linear,0.0,0.0,0.0,0.0,False,clear,1.0,0.0
EXP_CC2CE078,42,1011,16.85,1,854.353542,1202.235198,-80.0,-60.0,0.0,0.0,True,straight,2000,2000,10,0.0,0.0,0.0,0.0,-0.910584,1.264054,174.353542,442.235198,True,False,False,0.0,False,0.0,False,0.0,False,0.0,0.0,False,linear,0.0,0.0,0.0,0.0,False,clear,1.0,0.0
EXP_CC2CE078,42,1012,16.866667,1,853.020209,1201.235198,-80.0,-60.0,0.0,0.0,True,straight,2000,2000,10,0.0,0.0,0.0,0.0,-0.918918,1.257805,173.020209,441.235198,True,False,False,0.0,False,0.0,False,0.0,False,0.0,0.0,False,linear,0.0,0.0,0.0,0.0,False,clear,1.0,0.0
EXP_CC2CE078,42,1013,16.883333,1,851.686876,1200.235198,-80.0,-60.0,0.0,0.0,True,straight,2000,2000,10,0.0,0.0,0.0,0.0,-0.927253,1.251557,171.686876,440.235198,True,False,False,0.0,False,0.0,False,0.0,False,0.0,0.0,False,linear,0.0,0.0,0.0,0.0,False,clear,1.0,0.0
EXP_CC2CE078,42,1014,16.9,1,850.353542,1199.235198,-80.0,-60.0,0.0,0.0,True,straight,2000,2000,10,0.0,0.0,0.0,0.0,-0.935587,1.245308,170.353542,439.235198,True,False,False,0.0,False,0.0,False,0.0,False,0.0,0.0,False,linear,0.0,0.0,0.0,0.0,False,clear,1.0,0.0
EXP_CC2CE078,42,1015,16.916667,1,849.020209,1198.235198,-80.0,-60.0,0.0,0.0,True,straight,2000,2000,10,0.0,0.0,0.0,0.0,-0.943922,1.23906,169.020209,438.235198,True,False,False,0.0,False,0.0,False,0.0,False,0.0,0.0,False,linear,0.0,0.0,0.0,0.0,False,clear,1.0,0.0
EXP_CC2CE078,42,1016,16.933333,1,847.686876,1197.235198,-80.0,-60.0,0.0,0.0,True,straight,2000,2000,10,0.0,0.0,0.0,0.0,-0.952256,1.232811,167.686876,437.235198,True,False,False,0.0,False,0.0,False,0.0,False,0.0,0.0,False,linear,0.0,0.0,0.0,0.0,False,clear,1.0,0.0
EXP_CC2CE078,42,1017,16.95,1,846.353542,1196.235198,-80.0,-60.0,0.0,0.0,True,straight,2000,2000,10,0.0,0.0,0.0,0.0,-0.960591,1.226563,166.353542,436.235198,True,False,False,0.0,False,0.0,False,0.0,False,0.0,0.0,False,linear,0.0,0.0,0.0,0.0,False,clear,1.0,0.0
EXP_CC2CE078,42,1018,16.966667,1,845.020209,1195.235198,-80.0,-60.0,0.0,0.0,True,straight,2000,2000,10,0.0,0.0,0.0,0.0,-0.968925,1.220314,165.020209,435.235198,True,False,False,0.0,False,0.0,False,0.0,False,0.0,0.0,False,linear,0.0,0.0,0.0,0.0,False,clear,1.0,0.0
EXP_CC2CE078,42,1019,16.983333,1,843.686876,1194.235198,-80.0,-60.0,0.0,0.0,True,straight,2000,2000,10,0.0,0.0,0.0,0.0,-0.977259,1.214066,163.686876,434.235198,True,False,False,0.0,False,0.0,False,0.0,False,0.0,0.0,False,linear,0.0,0.0,0.0,0.0,False,clear,1.0,0.0
EXP_CC2CE078,42,1020,17.0,1,842.353542,1193.235198,-80.0,-60.0,0.0,0.0,True,straight,2000,2000,10,0.0,0.0,0.0,0.0,-0.985594,1.207817,162.353542,433.235198,True,False,False,0.0,False,0.0,False,0.0,False,0.0,0.0,False,linear,0.0,0.0,0.0,0.0,False,clear,1.0,0.0
EXP_CC2CE078,42,1021,17.016667,1,841.020209,1192.235198,-80.0,-60.0,0.0,0.0,True,straight,2000,2000,10,0.0,0.0,0.0,0.0,-0.993928,1.201568,161.020209,432.235198,True,False,False,0.0,False,0.0,False,0.0,False,0.0,0.0,False,linear,0.0,0.0,0.0,0.0,False,clear,1.0,0.0
EXP_CC2CE078,42,1022,17.033333,1,839.686876,1191.235198,-80.0,-60.0,0.0,0.0,True,straight,2000,2000,10,0.0,0.0,0.0,0.0,-1.002262,1.19532,159.686876,431.235198,True,False,False,0.0,False,0.0,False,0.0,False,0.0,0.0,False,linear,0.0,0.0,0.0,0.0,False,clear,1.0,0.0
EXP_CC2CE078,42,1023,17.05,1,838.353542,1190.235198,-80.0,-60.0,0.0,0.0,True,straight,2000,2000,10,0.0,0.0,0.0,0.0,-1.010596,1.189071,158.353542,430.235198,True,False,False,0.0,False,0.0,False,0.0,False,0.0,0.0,False,linear,0.0,0.0,0.0,0.0,False,clear,1.0,0.0
EXP_CC2CE078,42,1024,17.066667,1,837.020209,1189.235198,-80.0,-60.0,0.0,0.0,True,straight,2000,2000,10,0.0,0.0,0.0,0.0,-1.01893,1.182822,157.020209,429.235198,True,False,False,0.0,False,0.0,False,0.0,False,0.0,0.0,False,linear,0.0,0.0,0.0,0.0,False,clear,1.0,0.0
EXP_CC2CE078,42,1025,17.083333,1,835.686876,1188.235198,-80.0,-60.0,0.0,0.0,True,straight,2000,2000,10,0.0,0.0,0.0,0.0,-1.027264,1.176573,155.686876,428.235198,True,False,False,0.0,False,0.0,False,0.0,False,0.0,0.0,False,linear,0.0,0.0,0.0,0.0,False,clear,1.0,0.0
EXP_CC2CE078,42,1026,17.1,1,834.353542,1187.235198,-80.0,-60.0,0.0,0.0,True,straight,2000,2000,10,0.0,0.0,0.0,0.0,-1.035598,1.170325,154.353542,427.235198,True,False,False,0.0,False,0.0,False,0.0,False,0.0,0.0,False,linear,0.0,0.0,0.0,0.0,False,clear,1.0,0.0
EXP_CC2CE078,42,1027,17.116667,1,833.020209,1186.235198,-80.0,-60.0,0.0,0.0,True,straight,2000,2000,10,0.0,0.0,0.0,0.0,-1.043932,1.164076,153.020209,426.235198,True,False,False,0.0,False,0.0,False,0.0,False,0.0,0.0,False,linear,0.0,0.0,0.0,0.0,False,clear,1.0,0.0
EXP_CC2CE078,42,1028,17.133333,1,831.686876,1185.235198,-80.0,-60.0,0.0,0.0,True,straight,2000,2000,10,0.0,0.0,0.0,0.0,-1.052266,1.157827,151.686876,425.235198,True,False,False,0.0,False,0.0,False,0.0,False,0.0,0.0,False,linear,0.0,0.0,0.0,0.0,False,clear,1.0,0.0
EXP_CC2CE078,42,1029,17.15,1,830.353542,1184.235198,-80.0,-60.0,0.0,0.0,True,straight,2000,2000,10,0.0,0.0,0.0,0.0,-1.0606,1.151578,150.353542,424.235198,True,False,False,0.0,False,0.0,False,0.0,False,0.0,0.0,False,linear,0.0,0.0,0.0,0.0,False,clear,1.0,0.0
EXP_CC2CE078,42,1030,17.166667,1,829.020209,1183.235198,-80.0,-60.0,0.0,0.0,True,straight,2000,2000,10,0.0,0.0,0.0,0.0,-1.068934,1.145329,149.020209,423.235198,True,False,False,0.0,False,0.0,False,0.0,False,0.0,0.0,False,linear,0.0,0.0,0.0,0.0,False,clear,1.0,0.0
EXP_CC2CE078,42,1031,17.183333,1,827.686876,1182.235198,-80.0,-60.0,0.0,0.0,True,straight,2000,2000,10,0.0,0.0,0.0,0.0,-1.077268,1.13908,147.686876,422.235198,True,False,False,0.0,False,0.0,False,0.0,False,0.0,0.0,False,linear,0.0,0.0,0.0,0.0,False,clear,1.0,0.0
EXP_CC2CE078,42,1032,17.2,1,826.353542,1181.235198,-80.0,-60.0,0.0,0.0,True,straight,2000,2000,10,0.0,0.0,0.0,0.0,-1.085601,1.132831,146.353542,421.235198,True,False,False,0.0,False,0.0,False,0.0,False,0.0,0.0,False,linear,0.0,0.0,0.0,0.0,False,clear,1.0,0.0
EXP_CC2CE078,42,1033,17.216667,1,825.020209,1180.235198,-80.0,-60.0,0.0,0.0,True,straight,2000,2000,10,0.0,0.0,0.0,0.0,-1.093935,1.126582,145.020209,420.235198,True,False,False,0.0,False,0.0,False,0.0,False,0.0,0.0,False,linear,0.0,0.0,0.0,0.0,False,clear,1.0,0.0
EXP_CC2CE078,42,1034,17.233333,1,823.686876,1179.235198,-80.0,-60.0,0.0,0.0,True,straight,2000,2000,10,0.0,0.0,0.0,0.0,-1.102269,1.120333,143.686876,419.235198,True,False,False,0.0,False,0.0,False,0.0,False,0.0,0.0,False,linear,0.0,0.0,0.0,0.0,False,clear,1.0,0.0
EXP_CC2CE078,42,1035,17.25,1,822.353542,1178.235198,-80.0,-60.0,0.0,0.0,True,straight,2000,2000,10,0.0,0.0,0.0,0.0,-1.110602,1.114084,142.353542,418.235198,True,False,False,0.0,False,0.0,False,0.0,False,0.0,0.0,False,linear,0.0,0.0,0.0,0.0,False,clear,1.0,0.0
EXP_CC2CE078,42,1036,17.266667,1,821.020209,1177.235198,-80.0,-60.0,0.0,0.0,True,straight,2000,2000,10,0.0,0.0,0.0,0.0,-1.118936,1.107835,141.020209,417.235198,True,False,False,0.0,False,0.0,False,0.0,False,0.0,0.0,False,linear,0.0,0.0,0.0,0.0,False,clear,1.0,0.0
EXP_CC2CE078,42,1037,17.283333,1,819.686876,1176.235198,-80.0,-60.0,0.0,0.0,True,straight,2000,2000,10,0.0,0.0,0.0,0.0,-1.127269,1.101586,139.686876,416.235198,True,False,False,0.0,False,0.0,False,0.0,False,0.0,0.0,False,linear,0.0,0.0,0.0,0.0,False,clear,1.0,0.0
EXP_CC2CE078,42,1038,17.3,1,818.353542,1175.235198,-80.0,-60.0,0.0,0.0,True,straight,2000,2000,10,0.0,0.0,0.0,0.0,-1.135603,1.095337,138.353542,415.235198,True,False,False,0.0,False,0.0,False,0.0,False,0.0,0.0,False,linear,0.0,0.0,0.0,0.0,False,clear,1.0,0.0
EXP_CC2CE078,42,1039,17.316667,1,817.020209,1174.235198,-80.0,-60.0,0.0,0.0,True,straight,2000,2000,10,0.0,0.0,0.0,0.0,-1.143936,1.089088,137.020209,414.235198,True,False,False,0.0,False,0.0,False,0.0,False,0.0,0.0,False,linear,0.0,0.0,0.0,0.0,False,clear,1.0,0.0
EXP_CC2CE078,42,1040,17.333333,1,815.686876,1173.235198,-80.0,-60.0,0.0,0.0,True,straight,2000,2000,10,0.0,0.0,0.0,0.0,-1.15227,1.082838,135.686876,413.235198,True,False,False,0.0,False,0.0,False,0.0,False,0.0,0.0,False,linear,0.0,0.0,0.0,0.0,False,clear,1.0,0.0
EXP_CC2CE078,42,1041,17.35,1,814.353542,1172.235198,-80.0,-60.0,0.0,0.0,True,straight,2000,2000,10,0.0,0.0,0.0,0.0,-1.160603,1.076589,134.353542,412.235198,True,False,False,0.0,False,0.0,False,0.0,False,0.0,0.0,False,linear,0.0,0.0,0.0,0.0,False,clear,1.0,0.0
EXP_CC2CE078,42,1042,17.366667,1,813.020209,1171.235198,-80.0,-60.0,0.0,0.0,True,straight,2000,2000,10,0.0,0.0,0.0,0.0,-1.168936,1.07034,133.020209,411.235198,True,False,False,0.0,False,0.0,False,0.0,False,0.0,0.0,False,linear,0.0,0.0,0.0,0.0,False,clear,1.0,0.0
EXP_CC2CE078,42,1043,17.383333,1,811.686876,1170.235198,-80.0,-60.0,0.0,0.0,True,straight,2000,2000,10,0.0,0.0,0.0,0.0,-1.17727,1.064091,131.686876,410.235198,True,False,False,0.0,False,0.0,False,0.0,False,0.0,0.0,False,linear,0.0,0.0,0.0,0.0,False,clear,1.0,0.0
EXP_CC2CE078,42,1044,17.4,1,810.353542,1169.235198,-80.0,-60.0,0.0,0.0,True,straight,2000,2000,10,0.0,0.0,0.0,0.0,-1.185603,1.057841,130.353542,409.235198,True,False,False,0.0,False,0.0,False,0.0,False,0.0,0.0,False,linear,0.0,0.0,0.0,0.0,False,clear,1.0,0.0
EXP_CC2CE078,42,1045,17.416667,1,809.020209,1168.235198,-80.0,-60.0,0.0,0.0,True,straight,2000,2000,10,0.0,0.0,0.0,0.0,-1.193936,1.051592,129.020209,408.235198,True,False,False,0.0,False,0.0,False,0.0,False,0.0,0.0,False,linear,0.0,0.0,0.0,0.0,False,clear,1.0,0.0
EXP_CC2CE078,42,1046,17.433333,1,807.686876,1167.235198,-80.0,-60.0,0.0,0.0,True,straight,2000,2000,10,0.0,0.0,0.0,0.0,-1.202269,1.045343,127.686876,407.235198,True,False,False,0.0,False,0.0,False,0.0,False,0.0,0.0,False,linear,0.0,0.0,0.0,0.0,False,clear,1.0,0.0
EXP_CC2CE078,42,1047,17.45,1,806.353542,1166.235198,-80.0,-60.0,0.0,0.0,True,straight,2000,2000,10,0.0,0.0,0.0,0.0,-1.210602,1.039093,126.353542,406.235198,True,False,False,0.0,False,0.0,False,0.0,False,0.0,0.0,False,linear,0.0,0.0,0.0,0.0,False,clear,1.0,0.0
EXP_CC2CE078,42,1048,17.466667,1,805.020209,1165.235198,-80.0,-60.0,0.0,0.0,True,straight,2000,2000,10,0.0,0.0,0.0,0.0,-1.218935,1.032844,125.020209,405.235198,True,False,False,0.0,False,0.0,False,0.0,False,0.0,0.0,False,linear,0.0,0.0,0.0,0.0,False,clear,1.0,0.0
EXP_CC2CE078,42,1049,17.483333,1,803.686876,1164.235198,-80.0,-60.0,0.0,0.0,True,straight,2000,2000,10,0.0,0.0,0.0,0.0,-1.227268,1.026595,123.686876,404.235198,True,False,False,0.0,False,0.0,False,0.0,False,0.0,0.0,False,linear,0.0,0.0,0.0,0.0,False,clear,1.0,0.0
EXP_CC2CE078,42,1050,17.5,1,802.353542,1163.235198,-80.0,-60.0,0.0,0.0,True,straight,2000,2000,10,0.0,0.0,0.0,0.0,-1.235601,1.020345,122.353542,403.235198,True,False,False,0.0,False,0.0,False,0.0,False,0.0,0.0,False,linear,0.0,0.0,0.0,0.0,False,clear,1.0,0.0
EXP_CC2CE078,42,1051,17.516667,1,801.020209,1162.235198,-80.0,-60.0,0.0,0.0,True,straight,2000,2000,10,0.0,0.0,0.0,0.0,-1.243934,1.014096,121.020209,402.235198,True,False,False,0.0,False,0.0,False,0.0,False,0.0,0.0,False,linear,0.0,0.0,0.0,0.0,False,clear,1.0,0.0
EXP_CC2CE078,42,1052,17.533333,1,799.686876,1161.235198,-80.0,-60.0,0.0,0.0,True,straight,2000,2000,10,0.0,0.0,0.0,0.0,-1.252266,1.007846,119.686876,401.235198,True,False,False,0.0,False,0.0,False,0.0,False,0.0,0.0,False,linear,0.0,0.0,0.0,0.0,False,clear,1.0,0.0
EXP_CC2CE078,42,1053,17.55,1,798.353542,1160.235198,-80.0,-60.0,0.0,0.0,True,straight,2000,2000,10,0.0,0.0,0.0,0.0,-1.260599,1.001597,118.353542,400.235198,True,False,False,0.0,False,0.0,False,0.0,False,0.0,0.0,False,linear,0.0,0.0,0.0,0.0,False,clear,1.0,0.0
EXP_CC2CE078,42,1054,17.566667,1,797.020209,1159.235198,-80.0,-60.0,0.0,0.0,True,straight,2000,2000,10,0.0,0.0,0.0,0.0,-1.268932,0.995347,117.020209,399.235198,True,False,False,0.0,False,0.0,False,0.0,False,0.0,0.0,False,linear,0.0,0.0,0.0,0.0,False,clear,1.0,0.0
EXP_CC2CE078,42,1055,17.583333,1,795.686876,1158.235198,-80.0,-60.0,0.0,0.0,True,straight,2000,2000,10,0.0,0.0,0.0,0.0,-1.277264,0.989098,115.686876,398.235198,True,False,False,0.0,False,0.0,False,0.0,False,0.0,0.0,False,linear,0.0,0.0,0.0,0.0,False,clear,1.0,0.0
EXP_CC2CE078,42,1056,17.6,1,794.353542,1157.235198,-80.0,-60.0,0.0,0.0,True,straight,2000,2000,10,0.0,0.0,0.0,0.0,-1.285597,0.982848,114.353542,397.235198,True,False,False,0.0,False,0.0,False,0.0,False,0.0,0.0,False,linear,0.0,0.0,0.0,0.0,False,clear,1.0,0.0
EXP_CC2CE078,42,1057,17.616667,1,793.020209,1156.235198,-80.0,-60.0,0.0,0.0,True,straight,2000,2000,10,0.0,0.0,0.0,0.0,-1.293929,0.976599,113.020209,396.235198,True,False,False,0.0,False,0.0,False,0.0,False,0.0,0.0,False,linear,0.0,0.0,0.0,0.0,False,clear,1.0,0.0
EXP_CC2CE078,42,1058,17.633333,1,791.686876,1155.235198,-80.0,-60.0,0.0,0.0,True,straight,2000,2000,10,0.0,0.0,0.0,0.0,-1.302262,0.970349,111.686876,395.235198,True,False,False,0.0,False,0.0,False,0.0,False,0.0,0.0,False,linear,0.0,0.0,0.0,0.0,False,clear,1.0,0.0
EXP_CC2CE078,42,1059,17.65,1,790.353542,1154.235198,-80.0,-60.0,0.0,0.0,True,straight,2000,2000,10,0.0,0.0,0.0,0.0,-1.310594,0.964099,110.353542,394.235198,True,False,False,0.0,False,0.0,False,0.0,False,0.0,0.0,False,linear,0.0,0.0,0.0,0.0,False,clear,1.0,0.0
EXP_CC2CE078,42,1060,17.666667,1,789.020209,1153.235198,-80.0,-60.0,0.0,0.0,True,straight,2000,2000,10,0.0,0.0,0.0,0.0,-1.318927,0.95785,109.020209,393.235198,True,False,False,0.0,False,0.0,False,0.0,False,0.0,0.0,False,linear,0.0,0.0,0.0,0.0,False,clear,1.0,0.0
EXP_CC2CE078,42,1061,17.683333,1,787.686876,1152.235198,-80.0,-60.0,0.0,0.0,True,straight,2000,2000,10,0.0,0.0,0.0,0.0,-1.327259,0.9516,107.686876,392.235198,True,False,False,0.0,False,0.0,False,0.0,False,0.0,0.0,False,linear,0.0,0.0,0.0,0.0,False,clear,1.0,0.0
EXP_CC2CE078,42,1062,17.7,1,786.353542,1151.235198,-80.0,-60.0,0.0,0.0,True,straight,2000,2000,10,0.0,0.0,0.0,0.0,-1.335591,0.94535,106.353542,391.235198,True,False,False,0.0,False,0.0,False,0.0,False,0.0,0.0,False,linear,0.0,0.0,0.0,0.0,False,clear,1.0,0.0
EXP_CC2CE078,42,1063,17.716667,1,785.020209,1150.235198,-80.0,-60.0,0.0,0.0,True,straight,2000,2000,10,0.0,0.0,0.0,0.0,-1.343923,0.9391,105.020209,390.235198,True,False,False,0.0,False,0.0,False,0.0,False,0.0,0.0,False,linear,0.0,0.0,0.0,0.0,False,clear,1.0,0.0
EXP_CC2CE078,42,1064,17.733333,1,783.686876,1149.235198,-80.0,-60.0,0.0,0.0,True,straight,2000,2000,10,0.0,0.0,0.0,0.0,-1.352255,0.932851,103.686876,389.235198,True,False,False,0.0,False,0.0,False,0.0,False,0.0,0.0,False,linear,0.0,0.0,0.0,0.0,False,clear,1.0,0.0
EXP_CC2CE078,42,1065,17.75,1,782.353542,1148.235198,-80.0,-60.0,0.0,0.0,True,straight,2000,2000,10,0.0,0.0,0.0,0.0,-1.360587,0.926601,102.353542,388.235198,True,False,False,0.0,False,0.0,False,0.0,False,0.0,0.0,False,linear,0.0,0.0,0.0,0.0,False,clear,1.0,0.0
EXP_CC2CE078,42,1066,17.766667,1,781.020209,1147.235198,-80.0,-60.0,0.0,0.0,True,straight,2000,2000,10,0.0,0.0,0.0,0.0,-1.368919,0.920351,101.020209,387.235198,True,False,False,0.0,False,0.0,False,0.0,False,0.0,0.0,False,linear,0.0,0.0,0.0,0.0,False,clear,1.0,0.0
EXP_CC2CE078,42,1067,17.783333,1,779.686876,1146.235198,-80.0,-60.0,0.0,0.0,True,straight,2000,2000,10,0.0,0.0,0.0,0.0,-1.377251,0.914101,99.686876,386.235198,True,False,False,0.0,False,0.0,False,0.0,False,0.0,0.0,False,linear,0.0,0.0,0.0,0.0,False,clear,1.0,0.0
EXP_CC2CE078,42,1068,17.8,1,778.353542,1145.235198,-80.0,-60.0,0.0,0.0,True,straight,2000,2000,10,0.0,0.0,0.0,0.0,-1.385583,0.907851,98.353542,385.235198,True,False,False,0.0,False,0.0,False,0.0,False,0.0,0.0,False,linear,0.0,0.0,0.0,0.0,False,clear,1.0,0.0
EXP_CC2CE078,42,1069,17.816667,1,777.020209,1144.235198,-80.0,-60.0,0.0,0.0,True,straight,2000,2000,10,0.0,0.0,0.0,0.0,-1.393915,0.901602,97.020209,384.235198,True,False,False,0.0,False,0.0,False,0.0,False,0.0,0.0,False,linear,0.0,0.0,0.0,0.0,False,clear,1.0,0.0
EXP_CC2CE078,42,1070,17.833333,1,775.686876,1143.235198,-80.0,-60.0,0.0,0.0,True,straight,2000,2000,10,0.0,0.0,0.0,0.0,-1.402247,0.895352,95.686876,383.235198,True,False,False,0.0,False,0.0,False,0.0,False,0.0,0.0,False,linear,0.0,0.0,0.0,0.0,False,clear,1.0,0.0
EXP_CC2CE078,42,1071,17.85,1,774.353542,1142.235198,-80.0,-60.0,0.0,0.0,True,straight,2000,2000,10,0.0,0.0,0.0,0.0,-1.410578,0.889102,94.353542,382.235198,True,False,False,0.0,False,0.0,False,0.0,False,0.0,0.0,False,linear,0.0,0.0,0.0,0.0,False,clear,1.0,0.0
EXP_CC2CE078,42,1072,17.866667,1,773.020209,1141.235198,-80.0,-60.0,0.0,0.0,True,straight,2000,2000,10,0.0,0.0,0.0,0.0,-1.41891,0.882852,93.020209,381.235198,True,False,False,0.0,False,0.0,False,0.0,False,0.0,0.0,False,linear,0.0,0.0,0.0,0.0,False,clear,1.0,0.0
EXP_CC2CE078,42,1073,17.883333,1,771.686876,1140.235198,-80.0,-60.0,0.0,0.0,True,straight,2000,2000,10,0.0,0.0,0.0,0.0,-1.427242,0.876602,91.686876,380.235198,True,False,False,0.0,False,0.0,False,0.0,False,0.0,0.0,False,linear,0.0,0.0,0.0,0.0,False,clear,1.0,0.0
EXP_CC2CE078,42,1074,17.9,1,770.353542,1139.235198,-80.0,-60.0,0.0,0.0,True,straight,2000,2000,10,0.0,0.0,0.0,0.0,-1.435573,0.870352,90.353542,379.235198,True,False,False,0.0,False,0.0,False,0.0,False,0.0,0.0,False,linear,0.0,0.0,0.0,0.0,False,clear,1.0,0.0
EXP_CC2CE078,42,1075,17.916667,1,769.020209,1138.235198,-80.0,-60.0,0.0,0.0,True,straight,2000,2000,10,0.0,0.0,0.0,0.0,-1.443905,0.864102,89.020209,378.235198,True,False,False,0.0,False,0.0,False,0.0,False,0.0,0.0,False,linear,0.0,0.0,0.0,0.0,False,clear,1.0,0.0
EXP_CC2CE078,42,1076,17.933333,1,767.686876,1137.235198,-80.0,-60.0,0.0,0.0,True,straight,2000,2000,10,0.0,0.0,0.0,0.0,-1.452236,0.857852,87.686876,377.235198,True,False,False,0.0,False,0.0,False,0.0,False,0.0,0.0,False,linear,0.0,0.0,0.0,0.0,False,clear,1.0,0.0
EXP_CC2CE078,42,1077,17.95,1,766.353542,1136.235198,-80.0,-60.0,0.0,0.0,True,straight,2000,2000,10,0.0,0.0,0.0,0.0,-1.460567,0.851602,86.353542,376.235198,True,False,False,0.0,False,0.0,False,0.0,False,0.0,0.0,False,linear,0.0,0.0,0.0,0.0,False,clear,1.0,0.0
EXP_CC2CE078,42,1078,17.966667,1,765.020209,1135.235198,-80.0,-60.0,0.0,0.0,True,straight,2000,2000,10,0.0,0.0,0.0,0.0,-1.468899,0.845352,85.020209,375.235198,True,False,False,0.0,False,0.0,False,0.0,False,0.0,0.0,False,linear,0.0,0.0,0.0,0.0,False,clear,1.0,0.0
EXP_CC2CE078,42,1079,17.983333,1,763.686876,1134.235198,-80.0,-60.0,0.0,0.0,True,straight,2000,2000,10,0.0,0.0,0.0,0.0,-1.47723,0.839102,83.686876,374.235198,True,False,False,0.0,False,0.0,False,0.0,False,0.0,0.0,False,linear,0.0,0.0,0.0,0.0,False,clear,1.0,0.0
EXP_CC2CE078,42,1080,18.0,1,762.353542,1133.235198,-80.0,-60.0,0.0,0.0,True,straight,2000,2000,10,0.0,0.0,0.0,0.0,-1.485561,0.832852,82.353542,373.235198,True,False,False,0.0,False,0.0,False,0.0,False,0.0,0.0,False,linear,0.0,0.0,0.0,0.0,False,clear,1.0,0.0
EXP_CC2CE078,42,1081,18.016667,1,761.020209,1132.235198,-80.0,-60.0,0.0,0.0,True,straight,2000,2000,10,0.0,0.0,0.0,0.0,-1.493892,0.826602,81.020209,372.235198,True,False,False,0.0,False,0.0,False,0.0,False,0.0,0.0,False,linear,0.0,0.0,0.0,0.0,False,clear,1.0,0.0
EXP_CC2CE078,42,1082,18.033333,1,759.686876,1131.235198,-80.0,-60.0,0.0,0.0,True,straight,2000,2000,10,0.0,0.0,0.0,0.0,-1.502223,0.820351,79.686876,371.235198,True,False,False,0.0,False,0.0,False,0.0,False,0.0,0.0,False,linear,0.0,0.0,0.0,0.0,False,clear,1.0,0.0
EXP_CC2CE078,42,1083,18.05,1,758.353542,1130.235198,-80.0,-60.0,0.0,0.0,True,straight,2000,2000,10,0.0,0.0,0.0,0.0,-1.510554,0.814101,78.353542,370.235198,True,False,False,0.0,False,0.0,False,0.0,False,0.0,0.0,False,linear,0.0,0.0,0.0,0.0,False,clear,1.0,0.0
EXP_CC2CE078,42,1084,18.066667,1,757.020209,1129.235198,-80.0,-60.0,0.0,0.0,True,straight,2000,2000,10,0.0,0.0,0.0,0.0,-1.518885,0.807851,77.020209,369.235198,True,False,False,0.0,False,0.0,False,0.0,False,0.0,0.0,False,linear,0.0,0.0,0.0,0.0,False,clear,1.0,0.0
EXP_CC2CE078,42,1085,18.083333,1,755.686876,1128.235198,-80.0,-60.0,0.0,0.0,True,straight,2000,2000,10,0.0,0.0,0.0,0.0,-1.527216,0.801601,75.686876,368.235198,True,False,False,0.0,False,0.0,False,0.0,False,0.0,0.0,False,linear,0.0,0.0,0.0,0.0,False,clear,1.0,0.0
EXP_CC2CE078,42,1086,18.1,1,754.353542,1127.235198,-80.0,-60.0,0.0,0.0,True,straight,2000,2000,10,0.0,0.0,0.0,0.0,-1.535546,0.795351,74.353542,367.235198,True,False,False,0.0,False,0.0,False,0.0,False,0.0,0.0,False,linear,0.0,0.0,0.0,0.0,False,clear,1.0,0.0
EXP_CC2CE078,42,1087,18.116667,1,753.020209,1126.235198,-80.0,-60.0,0.0,0.0,True,straight,2000,2000,10,0.0,0.0,0.0,0.0,-1.543877,0.7891,73.020209,366.235198,True,False,False,0.0,False,0.0,False,0.0,False,0.0,0.0,False,linear,0.0,0.0,0.0,0.0,False,clear,1.0,0.0
EXP_CC2CE078,42,1088,18.133333,1,751.686876,1125.235198,-80.0,-60.0,0.0,0.0,True,straight,2000,2000,10,0.0,0.0,0.0,0.0,-1.552208,0.78285,71.686876,365.235198,True,False,False,0.0,False,0.0,False,0.0,False,0.0,0.0,False,linear,0.0,0.0,0.0,0.0,False,clear,1.0,0.0
EXP_CC2CE078,42,1089,18.15,1,750.353542,1124.235198,-80.0,-60.0,0.0,0.0,True,straight,2000,2000,10,0.0,0.0,0.0,0.0,-1.560538,0.7766,70.353542,364.235198,True,False,False,0.0,False,0.0,False,0.0,False,0.0,0.0,False,linear,0.0,0.0,0.0,0.0,False,clear,1.0,0.0
EXP_CC2CE078,42,1090,18.166667,1,749.020209,1123.235198,-80.0,-60.0,0.0,0.0,True,straight,2000,2000,10,0.0,0.0,0.0,0.0,-1.568869,0.77035,69.020209,363.235198,True,False,False,0.0,False,0.0,False,0.0,False,0.0,0.0,False,linear,0.0,0.0,0.0,0.0,False,clear,1.0,0.0
EXP_CC2CE078,42,1091,18.183333,1,747.686876,1122.235198,-80.0,-60.0,0.0,0.0,True,straight,2000,2000,10,0.0,0.0,0.0,0.0,-1.577199,0.764099,67.686876,362.235198,True,False,False,0.0,False,0.0,False,0.0,False,0.0,0.0,False,linear,0.0,0.0,0.0,0.0,False,clear,1.0,0.0
EXP_CC2CE078,42,1092,18.2,1,746.353542,1121.235198,-80.0,-60.0,0.0,0.0,True,straight,2000,2000,10,0.0,0.0,0.0,0.0,-1.58553,0.757849,66.353542,361.235198,True,False,False,0.0,False,0.0,False,0.0,False,0.0,0.0,False,linear,0.0,0.0,0.0,0.0,False,clear,1.0,0.0
EXP_CC2CE078,42,1093,18.216667,1,745.020209,1120.235198,-80.0,-60.0,0.0,0.0,True,straight,2000,2000,10,0.0,0.0,0.0,0.0,-1.59386,0.751599,65.020209,360.235198,True,False,False,0.0,False,0.0,False,0.0,False,0.0,0.0,False,linear,0.0,0.0,0.0,0.0,False,clear,1.0,0.0
EXP_CC2CE078,42,1094,18.233333,1,743.686876,1119.235198,-80.0,-60.0,0.0,0.0,True,straight,2000,2000,10,0.0,0.0,0.0,0.0,-1.60219,0.745348,63.686876,359.235198,True,False,False,0.0,False,0.0,False,0.0,False,0.0,0.0,False,linear,0.0,0.0,0.0,0.0,False,clear,1.0,0.0
EXP_CC2CE078,42,1095,18.25,1,742.353542,1118.235198,-80.0,-60.0,0.0,0.0,True,straight,2000,2000,10,0.0,0.0,0.0,0.0,-1.61052,0.739098,62.353542,358.235198,True,False,False,0.0,False,0.0,False,0.0,False,0.0,0.0,False,linear,0.0,0.0,0.0,0.0,False,clear,1.0,0.0
EXP_CC2CE078,42,1096,18.266667,1,741.020209,1117.235198,-80.0,-60.0,0.0,0.0,True,straight,2000,2000,10,0.0,0.0,0.0,0.0,-1.618851,0.732847,61.020209,357.235198,True,False,False,0.0,False,0.0,False,0.0,False,0.0,0.0,False,linear,0.0,0.0,0.0,0.0,False,clear,1.0,0.0
EXP_CC2CE078,42,1097,18.283333,1,739.686876,1116.235198,-80.0,-60.0,0.0,0.0,True,straight,2000,2000,10,0.0,0.0,0.0,0.0,-1.627181,0.726597,59.686876,356.235198,True,False,False,0.0,False,0.0,False,0.0,False,0.0,0.0,False,linear,0.0,0.0,0.0,0.0,False,clear,1.0,0.0
EXP_CC2CE078,42,1098,18.3,1,738.353542,1115.235198,-80.0,-60.0,0.0,0.0,True,straight,2000,2000,10,0.0,0.0,0.0,0.0,-1.635511,0.720347,58.353542,355.235198,True,False,False,0.0,False,0.0,False,0.0,False,0.0,0.0,False,linear,0.0,0.0,0.0,0.0,False,clear,1.0,0.0
EXP_CC2CE078,42,1099,18.316667,1,737.020209,1114.235198,-80.0,-60.0,0.0,0.0,True,straight,2000,2000,10,0.0,0.0,0.0,0.0,-1.64384,0.714096,57.020209,354.235198,True,False,False,0.0,False,0.0,False,0.0,False,0.0,0.0,False,linear,0.0,0.0,0.0,0.0,False,clear,1.0,0.0
EXP_CC2CE078,42,1100,18.333333,1,735.686876,1113.235198,-80.0,-60.0,0.0,0.0,True,straight,2000,2000,10,0.0,0.0,0.0,0.0,-1.65217,0.707846,55.686876,353.235198,True,False,False,0.0,False,0.0,False,0.0,False,0.0,0.0,False,linear,0.0,0.0,0.0,0.0,False,clear,1.0,0.0
EXP_CC2CE078,42,1101,18.35,1,734.353542,1112.235198,-80.0,-60.0,0.0,0.0,True,straight,2000,2000,10,0.0,0.0,0.0,0.0,-1.6605,0.701595,54.353542,352.235198,True,False,False,0.0,False,0.0,False,0.0,False,0.0,0.0,False,linear,0.0,0.0,0.0,0.0,False,clear,1.0,0.0
EXP_CC2CE078,42,1102,18.366667,1,733.020209,1111.235198,-80.0,-60.0,0.0,0.0,True,straight,2000,2000,10,0.0,0.0,0.0,0.0,-1.66883,0.695345,53.020209,351.235198,True,False,False,0.0,False,0.0,False,0.0,False,0.0,0.0,False,linear,0.0,0.0,0.0,0.0,False,clear,1.0,0.0
EXP_CC2CE078,42,1103,18.383333,1,731.686876,1110.235198,-80.0,-60.0,0.0,0.0,True,straight,2000,2000,10,0.0,0.0,0.0,0.0,-1.677159,0.689094,51.686876,350.235198,True,False,False,0.0,False,0.0,False,0.0,False,0.0,0.0,False,linear,0.0,0.0,0.0,0.0,False,clear,1.0,0.0
EXP_CC2CE078,42,1104,18.4,1,730.353542,1109.235198,-80.0,-60.0,0.0,0.0,True,straight,2000,2000,10,0.0,0.0,0.0,0.0,-1.685489,0.682844,50.353542,349.235198,True,False,False,0.0,False,0.0,False,0.0,False,0.0,0.0,False,linear,0.0,0.0,0.0,0.0,False,clear,1.0,0.0
EXP_CC2CE078,42,1105,18.416667,1,729.020209,1108.235198,-80.0,-60.0,0.0,0.0,True,straight,2000,2000,10,0.0,0.0,0.0,0.0,-1.693818,0.676593,49.020209,348.235198,True,False,False,0.0,False,0.0,False,0.0,False,0.0,0.0,False,linear,0.0,0.0,0.0,0.0,False,clear,1.0,0.0
EXP_CC2CE078,42,1106,18.433333,1,727.686876,1107.235198,-80.0,-60.0,0.0,0.0,True,straight,2000,2000,10,0.0,0.0,0.0,0.0,-1.702148,0.670343,47.686876,347.235198,True,False,False,0.0,False,0.0,False,0.0,False,0.0,0.0,False,linear,0.0,0.0,0.0,0.0,False,clear,1.0,0.0
EXP_CC2CE078,42,1107,18.45,1,726.353542,1106.235198,-80.0,-60.0,0.0,0.0,True,straight,2000,2000,10,0.0,0.0,0.0,0.0,-1.710477,0.664092,46.353542,346.235198,True,False,False,0.0,False,0.0,False,0.0,False,0.0,0.0,False,linear,0.0,0.0,0.0,0.0,False,clear,1.0,0.0
EXP_CC2CE078,42,1108,18.466667,1,725.020209,1105.235198,-80.0,-60.0,0.0,0.0,True,straight,2000,2000,10,0.0,0.0,0.0,0.0,-1.718806,0.657841,45.020209,345.235198,True,False,False,0.0,False,0.0,False,0.0,False,0.0,0.0,False,linear,0.0,0.0,0.0,0.0,False,clear,1.0,0.0
EXP_CC2CE078,42,1109,18.483333,1,723.686876,1104.235198,-80.0,-60.0,0.0,0.0,True,straight,2000,2000,10,0.0,0.0,0.0,0.0,-1.727135,0.651591,43.686876,344.235198,True,False,False,0.0,False,0.0,False,0.0,False,0.0,0.0,False,linear,0.0,0.0,0.0,0.0,False,clear,1.0,0.0
EXP_CC2CE078,42,1110,18.5,1,722.353542,1103.235198,-80.0,-60.0,0.0,0.0,True,straight,2000,2000,10,0.0,0.0,0.0,0.0,-1.735465,0.64534,42.353542,343.235198,True,False,False,0.0,False,0.0,False,0.0,False,0.0,0.0,False,linear,0.0,0.0,0.0,0.0,False,clear,1.0,0.0
EXP_CC2CE078,42,1111,18.516667,1,721.020209,1102.235198,-80.0,-60.0,0.0,0.0,True,straight,2000,2000,10,0.0,0.0,0.0,0.0,-1.743794,0.63909,41.020209,342.235198,True,False,False,0.0,False,0.0,False,0.0,False,0.0,0.0,False,linear,0.0,0.0,0.0,0.0,False,clear,1.0,0.0
EXP_CC2CE078,42,1112,18.533333,1,719.686876,1101.235198,-80.0,-60.0,0.0,0.0,True,straight,2000,2000,10,0.0,0.0,0.0,0.0,-1.752123,0.632839,39.686876,341.235198,True,False,False,0.0,False,0.0,False,0.0,False,0.0,0.0,False,linear,0.0,0.0,0.0,0.0,False,clear,1.0,0.0
EXP_CC2CE078,42,1113,18.55,1,718.353542,1100.235198,-80.0,-60.0,0.0,0.0,True,straight,2000,2000,10,0.0,0.0,0.0,0.0,-1.760451,0.626588,38.353542,340.235198,True,False,False,0.0,False,0.0,False,0.0,False,0.0,0.0,False,linear,0.0,0.0,0.0,0.0,False,clear,1.0,0.0
EXP_CC2CE078,42,1114,18.566667,1,717.020209,1099.235198,-80.0,-60.0,0.0,0.0,True,straight,2000,2000,10,0.0,0.0,0.0,0.0,-1.76878,0.620337,37.020209,339.235198,True,False,False,0.0,False,0.0,False,0.0,False,0.0,0.0,False,linear,0.0,0.0,0.0,0.0,False,clear,1.0,0.0
EXP_CC2CE078,42,1115,18.583333,1,715.686876,1098.235198,-80.0,-60.0,0.0,0.0,True,straight,2000,2000,10,0.0,0.0,0.0,0.0,-1.777109,0.614087,35.686876,338.235198,True,False,False,0.0,False,0.0,False,0.0,False,0.0,0.0,False,linear,0.0,0.0,0.0,0.0,False,clear,1.0,0.0
EXP_CC2CE078,42,1116,18.6,1,714.353542,1097.235198,-80.0,-60.0,0.0,0.0,True,straight,2000,2000,10,0.0,0.0,0.0,0.0,-1.785438,0.607836,34.353542,337.235198,True,False,False,0.0,False,0.0,False,0.0,False,0.0,0.0,False,linear,0.0,0.0,0.0,0.0,False,clear,1.0,0.0
EXP_CC2CE078,42,1117,18.616667,1,713.020209,1096.235198,-80.0,-60.0,0.0,0.0,True,straight,2000,2000,10,0.0,0.0,0.0,0.0,-1.793766,0.601585,33.020209,336.235198,True,False,False,0.0,False,0.0,False,0.0,False,0.0,0.0,False,linear,0.0,0.0,0.0,0.0,False,clear,1.0,0.0
EXP_CC2CE078,42,1118,18.633333,1,711.686876,1095.235198,-80.0,-60.0,0.0,0.0,True,straight,2000,2000,10,0.0,0.0,0.0,0.0,-1.802095,0.595335,31.686876,335.235198,True,False,False,0.0,False,0.0,False,0.0,False,0.0,0.0,False,linear,0.0,0.0,0.0,0.0,False,clear,1.0,0.0
EXP_CC2CE078,42,1119,18.65,1,710.353542,1094.235198,-80.0,-60.0,0.0,0.0,True,straight,2000,2000,10,0.0,0.0,0.0,0.0,-1.810423,0.589084,30.353542,334.235198,True,False,False,0.0,False,0.0,False,0.0,False,0.0,0.0,False,linear,0.0,0.0,0.0,0.0,False,clear,1.0,0.0
EXP_CC2CE078,42,1120,18.666667,1,709.020209,1093.235198,-80.0,-60.0,0.0,0.0,True,straight,2000,2000,10,0.0,0.0,0.0,0.0,-1.818752,0.582833,29.020209,333.235198,True,False,False,0.0,False,0.0,False,0.0,False,0.0,0.0,False,linear,0.0,0.0,0.0,0.0,False,clear,1.0,0.0
EXP_CC2CE078,42,1121,18.683333,1,707.686876,1092.235198,-80.0,-60.0,0.0,0.0,True,straight,2000,2000,10,0.0,0.0,0.0,0.0,-1.82708,0.576582,27.686876,332.235198,True,False,False,0.0,False,0.0,False,0.0,False,0.0,0.0,False,linear,0.0,0.0,0.0,0.0,False,clear,1.0,0.0
EXP_CC2CE078,42,1122,18.7,1,706.353542,1091.235198,-80.0,-60.0,0.0,0.0,True,straight,2000,2000,10,0.0,0.0,0.0,0.0,-1.835408,0.570331,26.353542,331.235198,True,False,False,0.0,False,0.0,False,0.0,False,0.0,0.0,False,linear,0.0,0.0,0.0,0.0,False,clear,1.0,0.0
EXP_CC2CE078,42,1123,18.716667,1,705.020209,1090.235198,-80.0,-60.0,0.0,0.0,True,straight,2000,2000,10,0.0,0.0,0.0,0.0,-1.843736,0.564081,25.020209,330.235198,True,False,False,0.0,False,0.0,False,0.0,False,0.0,0.0,False,linear,0.0,0.0,0.0,0.0,False,clear,1.0,0.0
EXP_CC2CE078,42,1124,18.733333,1,703.686876,1089.235198,-80.0,-60.0,0.0,0.0,True,straight,2000,2000,10,0.0,0.0,0.0,0.0,-1.852064,0.55783,23.686876,329.235198,True,False,False,0.0,False,0.0,False,0.0,False,0.0,0.0,False,linear,0.0,0.0,0.0,0.0,False,clear,1.0,0.0
EXP_CC2CE078,42,1125,18.75,1,702.353542,1088.235198,-80.0,-60.0,0.0,0.0,True,straight,2000,2000,10,0.0,0.0,0.0,0.0,-1.860392,0.551579,22.353542,328.235198,True,False,False,0.0,False,0.0,False,0.0,False,0.0,0.0,False,linear,0.0,0.0,0.0,0.0,False,clear,1.0,0.0
EXP_CC2CE078,42,1126,18.766667,1,701.020209,1087.235198,-80.0,-60.0,0.0,0.0,True,straight,2000,2000,10,0.0,0.0,0.0,0.0,-1.86872,0.545328,21.020209,327.235198,True,False,False,0.0,False,0.0,False,0.0,False,0.0,0.0,False,linear,0.0,0.0,0.0,0.0,False,clear,1.0,0.0
EXP_CC2CE078,42,1127,18.783333,1,699.686876,1086.235198,-80.0,-60.0,0.0,0.0,True,straight,2000,2000,10,0.0,0.0,0.0,0.0,-1.877048,0.539077,19.686876,326.235198,True,False,False,0.0,False,0.0,False,0.0,False,0.0,0.0,False,linear,0.0,0.0,0.0,0.0,False,clear,1.0,0.0
EXP_CC2CE078,42,1128,18.8,1,698.353542,1085.235198,-80.0,-60.0,0.0,0.0,True,straight,2000,2000,10,0.0,0.0,0.0,0.0,-1.885376,0.532826,18.353542,325.235198,True,False,False,0.0,False,0.0,False,0.0,False,0.0,0.0,False,linear,0.0,0.0,0.0,0.0,False,clear,1.0,0.0
EXP_CC2CE078,42,1129,18.816667,1,697.020209,1084.235198,-80.0,-60.0,0.0,0.0,True,straight,2000,2000,10,0.0,0.0,0.0,0.0,-1.893703,0.526575,17.020209,324.235198,True,False,False,0.0,False,0.0,False,0.0,False,0.0,0.0,False,linear,0.0,0.0,0.0,0.0,False,clear,1.0,0.0
EXP_CC2CE078,42,1130,18.833333,1,695.686876,1083.235198,-80.0,-60.0,0.0,0.0,True,straight,2000,2000,10,0.0,0.0,0.0,0.0,-1.902031,0.520325,15.686876,323.235198,True,False,False,0.0,False,0.0,False,0.0,False,0.0,0.0,False,linear,0.0,0.0,0.0,0.0,False,clear,1.0,0.0
EXP_CC2CE078,42,1131,18.85,1,694.353542,1082.235198,-80.0,-60.0,0.0,0.0,True,straight,2000,2000,10,0.0,0.0,0.0,0.0,-1.910358,0.514074,14.353542,322.235198,True,False,False,0.0,False,0.0,False,0.0,False,0.0,0.0,False,linear,0.0,0.0,0.0,0.0,False,clear,1.0,0.0
EXP_CC2CE078,42,1132,18.866667,1,693.020209,1081.235198,-80.0,-60.0,0.0,0.0,True,straight,2000,2000,10,0.0,0.0,0.0,0.0,-1.918686,0.507823,13.020209,321.235198,True,False,False,0.0,False,0.0,False,0.0,False,0.0,0.0,False,linear,0.0,0.0,0.0,0.0,False,clear,1.0,0.0
EXP_CC2CE078,42,1133,18.883333,1,691.686876,1080.235198,-80.0,-60.0,0.0,0.0,True,straight,2000,2000,10,0.0,0.0,0.0,0.0,-1.927013,0.501572,11.686876,320.235198,True,False,False,0.0,False,0.0,False,0.0,False,0.0,0.0,False,linear,0.0,0.0,0.0,0.0,False,clear,1.0,0.0
EXP_CC2CE078,42,1134,18.9,1,690.353542,1079.235198,-80.0,-60.0,0.0,0.0,True,straight,2000,2000,10,0.0,0.0,0.0,0.0,-1.93534,0.495321,10.353542,319.235198,True,False,False,0.0,False,0.0,False,0.0,False,0.0,0.0,False,linear,0.0,0.0,0.0,0.0,False,clear,1.0,0.0
EXP_CC2CE078,42,1135,18.916667,1,689.020209,1078.235198,-80.0,-60.0,0.0,0.0,True,straight,2000,2000,10,0.0,0.0,0.0,0.0,-1.943668,0.48907,9.020209,318.235198,True,False,False,0.0,False,0.0,False,0.0,False,0.0,0.0,False,linear,0.0,0.0,0.0,0.0,False,clear,1.0,0.0
EXP_CC2CE078,42,1136,18.933333,1,687.686876,1077.235198,-80.0,-60.0,0.0,0.0,True,straight,2000,2000,10,0.0,0.0,0.0,0.0,-1.951995,0.482819,7.686876,317.235198,True,False,False,0.0,False,0.0,False,0.0,False,0.0,0.0,False,linear,0.0,0.0,0.0,0.0,False,clear,1.0,0.0
EXP_CC2CE078,42,1137,18.95,1,686.353542,1076.235198,-80.0,-60.0,0.0,0.0,True,straight,2000,2000,10,0.0,0.0,0.0,0.0,-1.960322,0.476568,6.353542,316.235198,True,False,False,0.0,False,0.0,False,0.0,False,0.0,0.0,False,linear,0.0,0.0,0.0,0.0,False,clear,1.0,0.0
EXP_CC2CE078,42,1138,18.966667,1,685.020209,1075.235198,-80.0,-60.0,0.0,0.0,True,straight,2000,2000,10,0.0,0.0,0.0,0.0,-1.968649,0.470317,5.020209,315.235198,True,False,False,0.0,False,0.0,False,0.0,False,0.0,0.0,False,linear,0.0,0.0,0.0,0.0,False,clear,1.0,0.0
EXP_CC2CE078,42,1139,18.983333,1,683.686876,1074.235198,-80.0,-60.0,0.0,0.0,True,straight,2000,2000,10,0.0,0.0,0.0,0.0,-1.976975,0.464066,3.686876,314.235198,True,False,False,0.0,False,0.0,False,0.0,False,0.0,0.0,False,linear,0.0,0.0,0.0,0.0,False,clear,1.0,0.0
EXP_CC2CE078,42,1140,19.0,1,682.353542,1073.235198,-80.0,-60.0,0.0,0.0,True,straight,2000,2000,10,0.0,0.0,0.0,0.0,-1.985302,0.457815,2.353542,313.235198,True,False,False,0.0,False,0.0,False,0.0,False,0.0,0.0,False,linear,0.0,0.0,0.0,0.0,False,clear,1.0,0.0
EXP_CC2CE078,42,1141,19.016667,1,681.020209,1072.235198,-80.0,-60.0,0.0,0.0,True,straight,2000,2000,10,0.0,0.0,0.0,0.0,-1.993629,0.451564,1.020209,312.235198,True,False,False,0.0,False,0.0,False,0.0,False,0.0,0.0,False,linear,0.0,0.0,0.0,0.0,False,clear,1.0,0.0
EXP_CC2CE078,42,1142,19.033333,1,679.686876,1071.235198,-80.0,-60.0,0.0,0.0,True,straight,2000,2000,10,0.0,0.0,0.0,0.0,-2.001955,0.445313,-0.313124,311.235198,False,False,False,0.0,False,0.0,False,0.0,False,0.0,0.0,False,linear,0.0,0.0,0.0,0.0,False,clear,1.0,0.0
EXP_CC2CE078,42,1143,19.05,1,678.353542,1070.235198,-80.0,-60.0,0.0,0.0,True,straight,2000,2000,10,0.0,0.0,0.0,0.0,-2.010282,0.439062,-1.646458,310.235198,False,False,False,0.0,False,0.0,False,0.0,False,0.0,0.0,False,linear,0.0,0.0,0.0,0.0,False,clear,1.0,0.0
EXP_CC2CE078,42,1144,19.066667,1,677.020209,1069.235198,-80.0,-60.0,0.0,0.0,True,straight,2000,2000,10,0.0,0.0,0.0,0.0,-2.018608,0.432811,-2.979791,309.235198,False,False,False,0.0,False,0.0,False,0.0,False,0.0,0.0,False,linear,0.0,0.0,0.0,0.0,False,clear,1.0,0.0
EXP_CC2CE078,42,1145,19.083333,1,675.686876,1068.235198,-80.0,-60.0,0.0,0.0,True,straight,2000,2000,10,0.0,0.0,0.0,0.0,-2.026935,0.42656,-4.313124,308.235198,False,False,False,0.0,False,0.0,False,0.0,False,0.0,0.0,False,linear,0.0,0.0,0.0,0.0,False,clear,1.0,0.0
EXP_CC2CE078,42,1146,19.1,1,674.353542,1067.235198,-80.0,-60.0,0.0,0.0,True,straight,2000,2000,10,0.0,0.0,0.0,0.0,-2.035261,0.420308,-5.646458,307.235198,False,False,False,0.0,False,0.0,False,0.0,False,0.0,0.0,False,linear,0.0,0.0,0.0,0.0,False,clear,1.0,0.0
EXP_CC2CE078,42,1147,19.116667,1,673.020209,1066.235198,-80.0,-60.0,0.0,0.0,True,straight,2000,2000,10,0.0,0.0,0.0,0.0,-2.043587,0.414057,-6.979791,306.235198,False,False,False,0.0,False,0.0,False,0.0,False,0.0,0.0,False,linear,0.0,0.0,0.0,0.0,False,clear,1.0,0.0
EXP_CC2CE078,42,1148,19.133333,1,671.686876,1065.235198,-80.0,-60.0,0.0,0.0,True,straight,2000,2000,10,0.0,0.0,0.0,0.0,-2.051913,0.407806,-8.313124,305.235198,False,False,False,0.0,False,0.0,False,0.0,False,0.0,0.0,False,linear,0.0,0.0,0.0,0.0,False,clear,1.0,0.0
EXP_CC2CE078,42,1149,19.15,1,670.353542,1064.235198,-80.0,-60.0,0.0,0.0,True,straight,2000,2000,10,0.0,0.0,0.0,0.0,-2.060239,0.401555,-9.646458,304.235198,False,False,False,0.0,False,0.0,False,0.0,False,0.0,0.0,False,linear,0.0,0.0,0.0,0.0,False,clear,1.0,0.0
EXP_CC2CE078,42,1150,19.166667,1,669.020209,1063.235198,-80.0,-60.0,0.0,0.0,True,straight,2000,2000,10,0.0,0.0,0.0,0.0,-2.068565,0.395304,-10.979791,303.235198,False,False,False,0.0,False,0.0,False,0.0,False,0.0,0.0,False,linear,0.0,0.0,0.0,0.0,False,clear,1.0,0.0
EXP_CC2CE078,42,1151,19.183333,1,667.686876,1062.235198,-80.0,-60.0,0.0,0.0,True,straight,2000,2000,10,0.0,0.0,0.0,0.0,-2.076891,0.389053,-12.313124,302.235198,False,False,False,0.0,False,0.0,False,0.0,False,0.0,0.0,False,linear,0.0,0.0,0.0,0.0,False,clear,1.0,0.0
EXP_CC2CE078,42,1152,19.2,1,666.353542,1061.235198,-80.0,-60.0,0.0,0.0,True,straight,2000,2000,10,0.0,0.0,0.0,0.0,-2.085217,0.382802,-13.646458,301.235198,False,False,False,0.0,False,0.0,False,0.0,False,0.0,0.0,False,linear,0.0,0.0,0.0,0.0,False,clear,1.0,0.0
EXP_CC2CE078,42,1153,19.216667,1,665.020209,1060.235198,-80.0,-60.0,0.0,0.0,True,straight,2000,2000,10,0.0,0.0,0.0,0.0,-2.093542,0.376551,-14.979791,300.235198,False,False,False,0.0,False,0.0,False,0.0,False,0.0,0.0,False,linear,0.0,0.0,0.0,0.0,False,clear,1.0,0.0
EXP_CC2CE078,42,1154,19.233333,1,663.686876,1059.235198,-80.0,-60.0,0.0,0.0,True,straight,2000,2000,10,0.0,0.0,0.0,0.0,-2.101868,0.370299,-16.313124,299.235198,False,False,False,0.0,False,0.0,False,0.0,False,0.0,0.0,False,linear,0.0,0.0,0.0,0.0,False,clear,1.0,0.0
EXP_CC2CE078,42,1155,19.25,1,662.353542,1058.235198,-80.0,-60.0,0.0,0.0,True,straight,2000,2000,10,0.0,0.0,0.0,0.0,-2.110193,0.364048,-17.646458,298.235198,False,False,False,0.0,False,0.0,False,0.0,False,0.0,0.0,False,linear,0.0,0.0,0.0,0.0,False,clear,1.0,0.0
EXP_CC2CE078,42,1156,19.266667,1,661.020209,1057.235198,-80.0,-60.0,0.0,0.0,True,straight,2000,2000,10,0.0,0.0,0.0,0.0,-2.118519,0.357797,-18.979791,297.235198,False,False,False,0.0,False,0.0,False,0.0,False,0.0,0.0,False,linear,0.0,0.0,0.0,0.0,False,clear,1.0,0.0
EXP_CC2CE078,42,1157,19.283333,1,659.686876,1056.235198,-80.0,-60.0,0.0,0.0,True,straight,2000,2000,10,0.0,0.0,0.0,0.0,-2.126844,0.351546,-20.313124,296.235198,False,False,False,0.0,False,0.0,False,0.0,False,0.0,0.0,False,linear,0.0,0.0,0.0,0.0,False,clear,1.0,0.0
EXP_CC2CE078,42,1158,19.3,1,658.353542,1055.235198,-80.0,-60.0,0.0,0.0,True,straight,2000,2000,10,0.0,0.0,0.0,0.0,-2.135169,0.345295,-21.646458,295.235198,False,False,False,0.0,False,0.0,False,0.0,False,0.0,0.0,False,linear,0.0,0.0,0.0,0.0,False,clear,1.0,0.0
EXP_CC2CE078,42,1159,19.316667,1,657.020209,1054.235198,-80.0,-60.0,0.0,0.0,True,straight,2000,2000,10,0.0,0.0,0.0,0.0,-2.143494,0.339043,-22.979791,294.235198,False,False,False,0.0,False,0.0,False,0.0,False,0.0,0.0,False,linear,0.0,0.0,0.0,0.0,False,clear,1.0,0.0
EXP_CC2CE078,42,1160,19.333333,1,655.686876,1053.235198,-80.0,-60.0,0.0,0.0,True,straight,2000,2000,10,0.0,0.0,0.0,0.0,-2.151819,0.332792,-24.313124,293.235198,False,False,False,0.0,False,0.0,False,0.0,False,0.0,0.0,False,linear,0.0,0.0,0.0,0.0,False,clear,1.0,0.0
EXP_CC2CE078,42,1161,19.35,1,654.353542,1052.235198,-80.0,-60.0,0.0,0.0,True,straight,2000,2000,10,0.0,0.0,0.0,0.0,-2.160144,0.326541,-25.646458,292.235198,False,False,False,0.0,False,0.0,False,0.0,False,0.0,0.0,False,linear,0.0,0.0,0.0,0.0,False,clear,1.0,0.0
EXP_CC2CE078,42,1162,19.366667,1,653.020209,1051.235198,-80.0,-60.0,0.0,0.0,True,straight,2000,2000,10,0.0,0.0,0.0,0.0,-2.168469,0.32029,-26.979791,291.235198,False,False,False,0.0,False,0.0,False,0.0,False,0.0,0.0,False,linear,0.0,0.0,0.0,0.0,False,clear,1.0,0.0
EXP_CC2CE078,42,1163,19.383333,1,651.686876,1050.235198,-80.0,-60.0,0.0,0.0,True,straight,2000,2000,10,0.0,0.0,0.0,0.0,-2.176794,0.314039,-28.313124,290.235198,False,False,False,0.0,False,0.0,False,0.0,False,0.0,0.0,False,linear,0.0,0.0,0.0,0.0,False,clear,1.0,0.0
EXP_CC2CE078,42,1164,19.4,1,650.353542,1049.235198,-80.0,-60.0,0.0,0.0,True,straight,2000,2000,10,0.0,0.0,0.0,0.0,-2.185118,0.307787,-29.646458,289.235198,False,False,False,0.0,False,0.0,False,0.0,False,0.0,0.0,False,linear,0.0,0.0,0.0,0.0,False,clear,1.0,0.0
EXP_CC2CE078,42,1165,19.416667,1,649.020209,1048.235198,-80.0,-60.0,0.0,0.0,True,straight,2000,2000,10,0.0,0.0,0.0,0.0,-2.193443,0.301536,-30.979791,288.235198,False,False,False,0.0,False,0.0,False,0.0,False,0.0,0.0,False,linear,0.0,0.0,0.0,0.0,False,clear,1.0,0.0
EXP_CC2CE078,42,1166,19.433333,1,647.686876,1047.235198,-80.0,-60.0,0.0,0.0,True,straight,2000,2000,10,0.0,0.0,0.0,0.0,-2.201767,0.295285,-32.313124,287.235198,False,False,False,0.0,False,0.0,False,0.0,False,0.0,0.0,False,linear,0.0,0.0,0.0,0.0,False,clear,1.0,0.0
EXP_CC2CE078,42,1167,19.45,1,646.353542,1046.235198,-80.0,-60.0,0.0,0.0,True,straight,2000,2000,10,0.0,0.0,0.0,0.0,-2.210092,0.289034,-33.646458,286.235198,False,False,False,0.0,False,0.0,False,0.0,False,0.0,0.0,False,linear,0.0,0.0,0.0,0.0,False,clear,1.0,0.0
EXP_CC2CE078,42,1168,19.466667,1,645.020209,1045.235198,-80.0,-60.0,0.0,0.0,True,straight,2000,2000,10,0.0,0.0,0.0,0.0,-2.218416,0.282782,-34.979791,285.235198,False,False,False,0.0,False,0.0,False,0.0,False,0.0,0.0,False,linear,0.0,0.0,0.0,0.0,False,clear,1.0,0.0
EXP_CC2CE078,42,1169,19.483333,1,643.686876,1044.235198,-80.0,-60.0,0.0,0.0,True,straight,2000,2000,10,0.0,0.0,0.0,0.0,-2.22674,0.276531,-36.313124,284.235198,False,False,False,0.0,False,0.0,False,0.0,False,0.0,0.0,False,linear,0.0,0.0,0.0,0.0,False,clear,1.0,0.0
EXP_CC2CE078,42,1170,19.5,1,642.353542,1043.235198,-80.0,-60.0,0.0,0.0,True,straight,2000,2000,10,0.0,0.0,0.0,0.0,-2.235064,0.27028,-37.646458,283.235198,False,False,False,0.0,False,0.0,False,0.0,False,0.0,0.0,False,linear,0.0,0.0,0.0,0.0,False,clear,1.0,0.0
EXP_CC2CE078,42,1171,19.516667,1,641.020209,1042.235198,-80.0,-60.0,0.0,0.0,True,straight,2000,2000,10,0.0,0.0,0.0,0.0,-2.243388,0.264028,-38.979791,282.235198,False,False,False,0.0,False,0.0,False,0.0,False,0.0,0.0,False,linear,0.0,0.0,0.0,0.0,False,clear,1.0,0.0
EXP_CC2CE078,42,1172,19.533333,1,639.686876,1041.235198,-80.0,-60.0,0.0,0.0,True,straight,2000,2000,10,0.0,0.0,0.0,0.0,-2.251712,0.257777,-40.313124,281.235198,False,False,False,0.0,False,0.0,False,0.0,False,0.0,0.0,False,linear,0.0,0.0,0.0,0.0,False,clear,1.0,0.0
EXP_CC2CE078,42,1173,19.55,1,638.353542,1040.235198,-80.0,-60.0,0.0,0.0,True,straight,2000,2000,10,0.0,0.0,0.0,0.0,-2.260036,0.251526,-41.646458,280.235198,False,False,False,0.0,False,0.0,False,0.0,False,0.0,0.0,False,linear,0.0,0.0,0.0,0.0,False,clear,1.0,0.0
EXP_CC2CE078,42,1174,19.566667,1,637.020209,1039.235198,-80.0,-60.0,0.0,0.0,True,straight,2000,2000,10,0.0,0.0,0.0,0.0,-2.26836,0.245275,-42.979791,279.235198,False,False,False,0.0,False,0.0,False,0.0,False,0.0,0.0,False,linear,0.0,0.0,0.0,0.0,False,clear,1.0,0.0
EXP_CC2CE078,42,1175,19.583333,1,635.686876,1038.235198,-80.0,-60.0,0.0,0.0,True,straight,2000,2000,10,0.0,0.0,0.0,0.0,-2.276683,0.239023,-44.313124,278.235198,False,False,False,0.0,False,0.0,False,0.0,False,0.0,0.0,False,linear,0.0,0.0,0.0,0.0,False,clear,1.0,0.0
EXP_CC2CE078,42,1176,19.6,1,634.353542,1037.235198,-80.0,-60.0,0.0,0.0,True,straight,2000,2000,10,0.0,0.0,0.0,0.0,-2.285007,0.232772,-45.646458,277.235198,False,False,False,0.0,False,0.0,False,0.0,False,0.0,0.0,False,linear,0.0,0.0,0.0,0.0,False,clear,1.0,0.0
EXP_CC2CE078,42,1177,19.616667,1,633.020209,1036.235198,-80.0,-60.0,0.0,0.0,True,straight,2000,2000,10,0.0,0.0,0.0,0.0,-2.29333,0.226521,-46.979791,276.235198,False,False,False,0.0,False,0.0,False,0.0,False,0.0,0.0,False,linear,0.0,0.0,0.0,0.0,False,clear,1.0,0.0
EXP_CC2CE078,42,1178,19.633333,1,631.686876,1035.235198,-80.0,-60.0,0.0,0.0,True,straight,2000,2000,10,0.0,0.0,0.0,0.0,-2.301654,0.220269,-48.313124,275.235198,False,False,False,0.0,False,0.0,False,0.0,False,0.0,0.0,False,linear,0.0,0.0,0.0,0.0,False,clear,1.0,0.0
EXP_CC2CE078,42,1179,19.65,1,630.353542,1034.235198,-80.0,-60.0,0.0,0.0,True,straight,2000,2000,10,0.0,0.0,0.0,0.0,-2.309977,0.214018,-49.646458,274.235198,False,False,False,0.0,False,0.0,False,0.0,False,0.0,0.0,False,linear,0.0,0.0,0.0,0.0,False,clear,1.0,0.0
EXP_CC2CE078,42,1180,19.666667,1,629.020209,1033.235198,-80.0,-60.0,0.0,0.0,True,straight,2000,2000,10,0.0,0.0,0.0,0.0,-2.3183,0.207767,-50.979791,273.235198,False,False,False,0.0,False,0.0,False,0.0,False,0.0,0.0,False,linear,0.0,0.0,0.0,0.0,False,clear,1.0,0.0
EXP_CC2CE078,42,1181,19.683333,1,627.686876,1032.235198,-80.0,-60.0,0.0,0.0,True,straight,2000,2000,10,0.0,0.0,0.0,0.0,-2.326623,0.201515,-52.313124,272.235198,False,False,False,0.0,False,0.0,False,0.0,False,0.0,0.0,False,linear,0.0,0.0,0.0,0.0,False,clear,1.0,0.0
EXP_CC2CE078,42,1182,19.7,1,626.353542,1031.235198,-80.0,-60.0,0.0,0.0,True,straight,2000,2000,10,0.0,0.0,0.0,0.0,-2.334946,0.195264,-53.646458,271.235198,False,False,False,0.0,False,0.0,False,0.0,False,0.0,0.0,False,linear,0.0,0.0,0.0,0.0,False,clear,1.0,0.0
EXP_CC2CE078,42,1183,19.716667,1,625.020209,1030.235198,-80.0,-60.0,0.0,0.0,True,straight,2000,2000,10,0.0,0.0,0.0,0.0,-2.343269,0.189012,-54.979791,270.235198,False,False,False,0.0,False,0.0,False,0.0,False,0.0,0.0,False,linear,0.0,0.0,0.0,0.0,False,clear,1.0,0.0
EXP_CC2CE078,42,1184,19.733333,1,623.686876,1029.235198,-80.0,-60.0,0.0,0.0,True,straight,2000,2000,10,0.0,0.0,0.0,0.0,-2.351591,0.182761,-56.313124,269.235198,False,False,False,0.0,False,0.0,False,0.0,False,0.0,0.0,False,linear,0.0,0.0,0.0,0.0,False,clear,1.0,0.0
EXP_CC2CE078,42,1185,19.75,1,622.353542,1028.235198,-80.0,-60.0,0.0,0.0,True,straight,2000,2000,10,0.0,0.0,0.0,0.0,-2.359914,0.17651,-57.646458,268.235198,False,False,False,0.0,False,0.0,False,0.0,False,0.0,0.0,False,linear,0.0,0.0,0.0,0.0,False,clear,1.0,0.0
EXP_CC2CE078,42,1186,19.766667,1,621.020209,1027.235198,-80.0,-60.0,0.0,0.0,True,straight,2000,2000,10,0.0,0.0,0.0,0.0,-2.368237,0.170258,-58.979791,267.235198,False,False,False,0.0,False,0.0,False,0.0,False,0.0,0.0,False,linear,0.0,0.0,0.0,0.0,False,clear,1.0,0.0
EXP_CC2CE078,42,1187,19.783333,1,619.686876,1026.235198,-80.0,-60.0,0.0,0.0,True,straight,2000,2000,10,0.0,0.0,0.0,0.0,-2.376559,0.164007,-60.313124,266.235198,False,False,False,0.0,False,0.0,False,0.0,False,0.0,0.0,False,linear,0.0,0.0,0.0,0.0,False,clear,1.0,0.0
EXP_CC2CE078,42,1188,19.8,1,618.353542,1025.235198,-80.0,-60.0,0.0,0.0,True,straight,2000,2000,10,0.0,0.0,0.0,0.0,-2.384881,0.157756,-61.646458,265.235198,False,False,False,0.0,False,0.0,False,0.0,False,0.0,0.0,False,linear,0.0,0.0,0.0,0.0,False,clear,1.0,0.0
EXP_CC2CE078,42,1189,19.816667,1,617.020209,1024.235198,-80.0,-60.0,0.0,0.0,True,straight,2000,2000,10,0.0,0.0,0.0,0.0,-2.393204,0.151504,-62.979791,264.235198,False,False,False,0.0,False,0.0,False,0.0,False,0.0,0.0,False,linear,0.0,0.0,0.0,0.0,False,clear,1.0,0.0
EXP_CC2CE078,42,1190,19.833333,1,615.686876,1023.235198,-80.0,-60.0,0.0,0.0,True,straight,2000,2000,10,0.0,0.0,0.0,0.0,-2.401526,0.145253,-64.313124,263.235198,False,False,False,0.0,False,0.0,False,0.0,False,0.0,0.0,False,linear,0.0,0.0,0.0,0.0,False,clear,1.0,0.0
EXP_CC2CE078,42,1191,19.85,1,614.353542,1022.235198,-80.0,-60.0,0.0,0.0,True,straight,2000,2000,10,0.0,0.0,0.0,0.0,-2.409848,0.139001,-65.646458,262.235198,False,False,False,0.0,False,0.0,False,0.0,False,0.0,0.0,False,linear,0.0,0.0,0.0,0.0,False,clear,1.0,0.0
EXP_CC2CE078,42,1192,19.866667,1,613.020209,1021.235198,-80.0,-60.0,0.0,0.0,True,straight,2000,2000,10,0.0,0.0,0.0,0.0,-2.41817,0.13275,-66.979791,261.235198,False,False,False,0.0,False,0.0,False,0.0,False,0.0,0.0,False,linear,0.0,0.0,0.0,0.0,False,clear,1.0,0.0
EXP_CC2CE078,42,1193,19.883333,1,611.686876,1020.235198,-80.0,-60.0,0.0,0.0,True,straight,2000,2000,10,0.0,0.0,0.0,0.0,-2.426492,0.126499,-68.313124,260.235198,False,False,False,0.0,False,0.0,False,0.0,False,0.0,0.0,False,linear,0.0,0.0,0.0,0.0,False,clear,1.0,0.0
EXP_CC2CE078,42,1194,19.9,1,610.353542,1019.235198,-80.0,-60.0,0.0,0.0,True,straight,2000,2000,10,0.0,0.0,0.0,0.0,-2.434813,0.120247,-69.646458,259.235198,False,False,False,0.0,False,0.0,False,0.0,False,0.0,0.0,False,linear,0.0,0.0,0.0,0.0,False,clear,1.0,0.0
EXP_CC2CE078,42,1195,19.916667,1,609.020209,1018.235198,-80.0,-60.0,0.0,0.0,True,straight,2000,2000,10,0.0,0.0,0.0,0.0,-2.443135,0.113996,-70.979791,258.235198,False,False,False,0.0,False,0.0,False,0.0,False,0.0,0.0,False,linear,0.0,0.0,0.0,0.0,False,clear,1.0,0.0
EXP_CC2CE078,42,1196,19.933333,1,607.686876,1017.235198,-80.0,-60.0,0.0,0.0,True,straight,2000,2000,10,0.0,0.0,0.0,0.0,-2.451456,0.107744,-72.313124,257.235198,False,False,False,0.0,False,0.0,False,0.0,False,0.0,0.0,False,linear,0.0,0.0,0.0,0.0,False,clear,1.0,0.0
EXP_CC2CE078,42,1197,19.95,1,606.353542,1016.235198,-80.0,-60.0,0.0,0.0,True,straight,2000,2000,10,0.0,0.0,0.0,0.0,-2.459778,0.101493,-73.646458,256.235198,False,False,False,0.0,False,0.0,False,0.0,False,0.0,0.0,False,linear,0.0,0.0,0.0,0.0,False,clear,1.0,0.0
EXP_CC2CE078,42,1198,19.966667,1,605.020209,1015.235198,-80.0,-60.0,0.0,0.0,True,straight,2000,2000,10,0.0,0.0,0.0,0.0,-2.468099,0.095242,-74.979791,255.235198,False,False,False,0.0,False,0.0,False,0.0,False,0.0,0.0,False,linear,0.0,0.0,0.0,0.0,False,clear,1.0,0.0
EXP_CC2CE078,42,1199,19.983333,1,603.686876,1014.235198,-80.0,-60.0,0.0,0.0,True,straight,2000,2000,10,0.0,0.0,0.0,0.0,-2.47642,0.08899,-76.313124,254.235198,False,False,False,0.0,False,0.0,False,0.0,False,0.0,0.0,False,linear,0.0,0.0,0.0,0.0,False,clear,1.0,0.0
EXP_CC2CE078,42,1200,20.0,1,602.353542,1013.235198,-80.0,-60.0,0.0,0.0,True,straight,2000,2000,10,0.0,0.0,0.0,0.0,-2.484741,0.082739,-77.646458,253.235198,False,False,False,0.0,False,0.0,False,0.0,False,0.0,0.0,False,linear,0.0,0.0,0.0,0.0,False,clear,1.0,0.0
EXP_CC2CE078,42,1201,20.016667,1,601.020209,1012.235198,-80.0,-60.0,0.0,0.0,True,straight,2000,2000,10,0.0,0.0,0.0,0.0,-2.493062,0.076487,-78.979791,252.235198,False,False,False,0.0,False,0.0,False,0.0,False,0.0,0.0,False,linear,0.0,0.0,0.0,0.0,False,clear,1.0,0.0
EXP_CC2CE078,42,1202,20.033333,1,599.686876,1011.235198,-80.0,-60.0,0.0,0.0,True,straight,2000,2000,10,0.0,0.0,0.0,0.0,-2.501383,0.070236,-80.313124,251.235198,False,False,False,0.0,False,0.0,False,0.0,False,0.0,0.0,False,linear,0.0,0.0,0.0,0.0,False,clear,1.0,0.0
EXP_CC2CE078,42,1203,20.05,1,598.353542,1010.235198,-80.0,-60.0,0.0,0.0,True,straight,2000,2000,10,0.0,0.0,0.0,0.0,-2.509704,0.063985,-81.646458,250.235198,False,False,False,0.0,False,0.0,False,0.0,False,0.0,0.0,False,linear,0.0,0.0,0.0,0.0,False,clear,1.0,0.0
EXP_CC2CE078,42,1204,20.066667,1,597.020209,1009.235198,-80.0,-60.0,0.0,0.0,True,straight,2000,2000,10,0.0,0.0,0.0,0.0,-2.518025,0.057733,-82.979791,249.235198,False,False,False,0.0,False,0.0,False,0.0,False,0.0,0.0,False,linear,0.0,0.0,0.0,0.0,False,clear,1.0,0.0
EXP_CC2CE078,42,1205,20.083333,1,595.686876,1008.235198,-80.0,-60.0,0.0,0.0,True,straight,2000,2000,10,0.0,0.0,0.0,0.0,-2.526345,0.051482,-84.313124,248.235198,False,False,False,0.0,False,0.0,False,0.0,False,0.0,0.0,False,linear,0.0,0.0,0.0,0.0,False,clear,1.0,0.0
EXP_CC2CE078,42,1206,20.1,1,594.353542,1007.235198,-80.0,-60.0,0.0,0.0,True,straight,2000,2000,10,0.0,0.0,0.0,0.0,-2.534666,0.04523,-85.646458,247.235198,False,False,False,0.0,False,0.0,False,0.0,False,0.0,0.0,False,linear,0.0,0.0,0.0,0.0,False,clear,1.0,0.0
EXP_CC2CE078,42,1207,20.116667,1,593.020209,1006.235198,-80.0,-60.0,0.0,0.0,True,straight,2000,2000,10,0.0,0.0,0.0,0.0,-2.542986,0.038979,-86.979791,246.235198,False,False,False,0.0,False,0.0,False,0.0,False,0.0,0.0,False,linear,0.0,0.0,0.0,0.0,False,clear,1.0,0.0
EXP_CC2CE078,42,1208,20.133333,1,591.686876,1005.235198,-80.0,-60.0,0.0,0.0,True,straight,2000,2000,10,0.0,0.0,0.0,0.0,-2.551306,0.032727,-88.313124,245.235198,False,False,False,0.0,False,0.0,False,0.0,False,0.0,0.0,False,linear,0.0,0.0,0.0,0.0,False,clear,1.0,0.0
EXP_CC2CE078,42,1209,20.15,1,590.353542,1004.235198,-80.0,-60.0,0.0,0.0,True,straight,2000,2000,10,0.0,0.0,0.0,0.0,-2.559627,0.026476,-89.646458,244.235198,False,False,False,0.0,False,0.0,False,0.0,False,0.0,0.0,False,linear,0.0,0.0,0.0,0.0,False,clear,1.0,0.0
EXP_CC2CE078,42,1210,20.166667,1,589.020209,1003.235198,-80.0,-60.0,0.0,0.0,True,straight,2000,2000,10,0.0,0.0,0.0,0.0,-2.567947,0.020225,-90.979791,243.235198,False,False,False,0.0,False,0.0,False,0.0,False,0.0,0.0,False,linear,0.0,0.0,0.0,0.0,False,clear,1.0,0.0
EXP_CC2CE078,42,1211,20.183333,1,587.686876,1002.235198,-80.0,-60.0,0.0,0.0,True,straight,2000,2000,10,0.0,0.0,0.0,0.0,-2.576267,0.013973,-92.313124,242.235198,False,False,False,0.0,False,0.0,False,0.0,False,0.0,0.0,False,linear,0.0,0.0,0.0,0.0,False,clear,1.0,0.0
EXP_CC2CE078,42,1212,20.2,1,586.353542,1001.235198,-80.0,-60.0,0.0,0.0,True,straight,2000,2000,10,0.0,0.0,0.0,0.0,-2.584586,0.007722,-93.646458,241.235198,False,False,False,0.0,False,0.0,False,0.0,False,0.0,0.0,False,linear,0.0,0.0,0.0,0.0,False,clear,1.0,0.0
EXP_CC2CE078,42,1213,20.216667,1,585.020209,1000.235198,-80.0,-60.0,0.0,0.0,True,straight,2000,2000,10,0.0,0.0,0.0,0.0,-2.592906,0.00147,-94.979791,240.235198,False,False,False,0.0,False,0.0,False,0.0,False,0.0,0.0,False,linear,0.0,0.0,0.0,0.0,False,clear,1.0,0.0
EXP_CC2CE078,42,1214,20.233333,1,583.686876,999.235198,-80.0,-60.0,0.0,0.0,True,straight,2000,2000,10,0.0,0.0,0.0,0.0,-2.601226,-0.004781,-96.313124,239.235198,False,False,False,0.0,False,0.0,False,0.0,False,0.0,0.0,False,linear,0.0,0.0,0.0,0.0,False,clear,1.0,0.0
EXP_CC2CE078,42,1215,20.25,1,582.353542,998.235198,-80.0,-60.0,0.0,0.0,True,straight,2000,2000,10,0.0,0.0,0.0,0.0,-2.609545,-0.011033,-97.646458,238.235198,False,False,False,0.0,False,0.0,False,0.0,False,0.0,0.0,False,linear,0.0,0.0,0.0,0.0,False,clear,1.0,0.0
EXP_CC2CE078,42,1216,20.266667,1,581.020209,997.235198,-80.0,-60.0,0.0,0.0,True,straight,2000,2000,10,0.0,0.0,0.0,0.0,-2.617865,-0.017284,-98.979791,237.235198,False,False,False,0.0,False,0.0,False,0.0,False,0.0,0.0,False,linear,0.0,0.0,0.0,0.0,False,clear,1.0,0.0
EXP_CC2CE078,42,1217,20.283333,1,579.686876,996.235198,-80.0,-60.0,0.0,0.0,True,straight,2000,2000,10,0.0,0.0,0.0,0.0,-2.626184,-0.023535,-100.313124,236.235198,False,False,False,0.0,False,0.0,False,0.0,False,0.0,0.0,False,linear,0.0,0.0,0.0,0.0,False,clear,1.0,0.0
EXP_CC2CE078,42,1218,20.3,1,578.353542,995.235198,-80.0,-60.0,0.0,0.0,True,straight,2000,2000,10,0.0,0.0,0.0,0.0,-2.634503,-0.029787,-101.646458,235.235198,False,False,False,0.0,False,0.0,False,0.0,False,0.0,0.0,False,linear,0.0,0.0,0.0,0.0,False,clear,1.0,0.0
EXP_CC2CE078,42,1219,20.316667,1,577.020209,994.235198,-80.0,-60.0,0.0,0.0,True,straight,2000,2000,10,0.0,0.0,0.0,0.0,-2.642822,-0.036038,-102.979791,234.235198,False,False,False,0.0,False,0.0,False,0.0,False,0.0,0.0,False,linear,0.0,0.0,0.0,0.0,False,clear,1.0,0.0
EXP_CC2CE078,42,1220,20.333333,1,575.686876,993.235198,-80.0,-60.0,0.0,0.0,True,straight,2000,2000,10,0.0,0.0,0.0,0.0,-2.651141,-0.04229,-104.313124,233.235198,False,False,False,0.0,False,0.0,False,0.0,False,0.0,0.0,False,linear,0.0,0.0,0.0,0.0,False,clear,1.0,0.0
EXP_CC2CE078,42,1221,20.35,1,574.353542,992.235198,-80.0,-60.0,0.0,0.0,True,straight,2000,2000,10,0.0,0.0,0.0,0.0,-2.65946,-0.048541,-105.646458,232.235198,False,False,False,0.0,False,0.0,False,0.0,False,0.0,0.0,False,linear,0.0,0.0,0.0,0.0,False,clear,1.0,0.0
EXP_CC2CE078,42,1222,20.366667,1,573.020209,991.235198,-80.0,-60.0,0.0,0.0,True,straight,2000,2000,10,0.0,0.0,0.0,0.0,-2.667779,-0.054793,-106.979791,231.235198,False,False,False,0.0,False,0.0,False,0.0,False,0.0,0.0,False,linear,0.0,0.0,0.0,0.0,False,clear,1.0,0.0
EXP_CC2CE078,42,1223,20.383333,1,571.686876,990.235198,-80.0,-60.0,0.0,0.0,True,straight,2000,2000,10,0.0,0.0,0.0,0.0,-2.676097,-0.061044,-108.313124,230.235198,False,False,False,0.0,False,0.0,False,0.0,False,0.0,0.0,False,linear,0.0,0.0,0.0,0.0,False,clear,1.0,0.0
EXP_CC2CE078,42,1224,20.4,1,570.353542,989.235198,-80.0,-60.0,0.0,0.0,True,straight,2000,2000,10,0.0,0.0,0.0,0.0,-2.684416,-0.067295,-109.646458,229.235198,False,False,False,0.0,False,0.0,False,0.0,False,0.0,0.0,False,linear,0.0,0.0,0.0,0.0,False,clear,1.0,0.0
EXP_CC2CE078,42,1225,20.416667,1,569.020209,988.235198,-80.0,-60.0,0.0,0.0,True,straight,2000,2000,10,0.0,0.0,0.0,0.0,-2.692734,-0.073547,-110.979791,228.235198,False,False,False,0.0,False,0.0,False,0.0,False,0.0,0.0,False,linear,0.0,0.0,0.0,0.0,False,clear,1.0,0.0
EXP_CC2CE078,42,1226,20.433333,1,567.686876,987.235198,-80.0,-60.0,0.0,0.0,True,straight,2000,2000,10,0.0,0.0,0.0,0.0,-2.701052,-0.079798,-112.313124,227.235198,False,False,False,0.0,False,0.0,False,0.0,False,0.0,0.0,False,linear,0.0,0.0,0.0,0.0,False,clear,1.0,0.0
EXP_CC2CE078,42,1227,20.45,1,566.353542,986.235198,-80.0,-60.0,0.0,0.0,True,straight,2000,2000,10,0.0,0.0,0.0,0.0,-2.70937,-0.08605,-113.646458,226.235198,False,False,False,0.0,False,0.0,False,0.0,False,0.0,0.0,False,linear,0.0,0.0,0.0,0.0,False,clear,1.0,0.0
EXP_CC2CE078,42,1228,20.466667,1,565.020209,985.235198,-80.0,-60.0,0.0,0.0,True,straight,2000,2000,10,0.0,0.0,0.0,0.0,-2.717688,-0.092301,-114.979791,225.235198,False,False,False,0.0,False,0.0,False,0.0,False,0.0,0.0,False,linear,0.0,0.0,0.0,0.0,False,clear,1.0,0.0
EXP_CC2CE078,42,1229,20.483333,1,563.686876,984.235198,-80.0,-60.0,0.0,0.0,True,straight,2000,2000,10,0.0,0.0,0.0,0.0,-2.726006,-0.098552,-116.313124,224.235198,False,False,False,0.0,False,0.0,False,0.0,False,0.0,0.0,False,linear,0.0,0.0,0.0,0.0,False,clear,1.0,0.0
EXP_CC2CE078,42,1230,20.5,1,562.353542,983.235198,-80.0,-60.0,0.0,0.0,True,straight,2000,2000,10,0.0,0.0,0.0,0.0,-2.734324,-0.104804,-117.646458,223.235198,False,False,False,0.0,False,0.0,False,0.0,False,0.0,0.0,False,linear,0.0,0.0,0.0,0.0,False,clear,1.0,0.0
EXP_CC2CE078,42,1231,20.516667,1,561.020209,982.235198,-80.0,-60.0,0.0,0.0,True,straight,2000,2000,10,0.0,0.0,0.0,0.0,-2.742642,-0.111055,-118.979791,222.235198,False,False,False,0.0,False,0.0,False,0.0,False,0.0,0.0,False,linear,0.0,0.0,0.0,0.0,False,clear,1.0,0.0
EXP_CC2CE078,42,1232,20.533333,1,559.686876,981.235198,-80.0,-60.0,0.0,0.0,True,straight,2000,2000,10,0.0,0.0,0.0,0.0,-2.750959,-0.117307,-120.313124,221.235198,False,False,False,0.0,False,0.0,False,0.0,False,0.0,0.0,False,linear,0.0,0.0,0.0,0.0,False,clear,1.0,0.0
EXP_CC2CE078,42,1233,20.55,1,558.353542,980.235198,-80.0,-60.0,0.0,0.0,True,straight,2000,2000,10,0.0,0.0,0.0,0.0,-2.759277,-0.123558,-121.646458,220.235198,False,False,False,0.0,False,0.0,False,0.0,False,0.0,0.0,False,linear,0.0,0.0,0.0,0.0,False,clear,1.0,0.0
EXP_CC2CE078,42,1234,20.566667,1,557.020209,979.235198,-80.0,-60.0,0.0,0.0,True,straight,2000,2000,10,0.0,0.0,0.0,0.0,-2.767594,-0.129809,-122.979791,219.235198,False,False,False,0.0,False,0.0,False,0.0,False,0.0,0.0,False,linear,0.0,0.0,0.0,0.0,False,clear,1.0,0.0
EXP_CC2CE078,42,1235,20.583333,1,555.686876,978.235198,-80.0,-60.0,0.0,0.0,True,straight,2000,2000,10,0.0,0.0,0.0,0.0,-2.775911,-0.136061,-124.313124,218.235198,False,False,False,0.0,False,0.0,False,0.0,False,0.0,0.0,False,linear,0.0,0.0,0.0,0.0,False,clear,1.0,0.0
EXP_CC2CE078,42,1236,20.6,1,554.353542,977.235198,-80.0,-60.0,0.0,0.0,True,straight,2000,2000,10,0.0,0.0,0.0,0.0,-2.784229,-0.142312,-125.646458,217.235198,False,False,False,0.0,False,0.0,False,0.0,False,0.0,0.0,False,linear,0.0,0.0,0.0,0.0,False,clear,1.0,0.0
EXP_CC2CE078,42,1237,20.616667,1,553.020209,976.235198,-80.0,-60.0,0.0,0.0,True,straight,2000,2000,10,0.0,0.0,0.0,0.0,-2.792546,-0.148564,-126.979791,216.235198,False,False,False,0.0,False,0.0,False,0.0,False,0.0,0.0,False,linear,0.0,0.0,0.0,0.0,False,clear,1.0,0.0
EXP_CC2CE078,42,1238,20.633333,1,551.686876,975.235198,-80.0,-60.0,0.0,0.0,True,straight,2000,2000,10,0.0,0.0,0.0,0.0,-2.800862,-0.154815,-128.313124,215.235198,False,False,False,0.0,False,0.0,False,0.0,False,0.0,0.0,False,linear,0.0,0.0,0.0,0.0,False,clear,1.0,0.0
EXP_CC2CE078,42,1239,20.65,1,550.353542,974.235198,-80.0,-60.0,0.0,0.0,True,straight,2000,2000,10,0.0,0.0,0.0,0.0,-2.809179,-0.161066,-129.646458,214.235198,False,False,False,0.0,False,0.0,False,0.0,False,0.0,0.0,False,linear,0.0,0.0,0.0,0.0,False,clear,1.0,0.0
EXP_CC2CE078,42,1240,20.666667,1,549.020209,973.235198,-80.0,-60.0,0.0,0.0,True,straight,2000,2000,10,0.0,0.0,0.0,0.0,-2.817496,-0.167318,-130.979791,213.235198,False,False,False,0.0,False,0.0,False,0.0,False,0.0,0.0,False,linear,0.0,0.0,0.0,0.0,False,clear,1.0,0.0
EXP_CC2CE078,42,1241,20.683333,1,547.686876,972.235198,-80.0,-60.0,0.0,0.0,True,straight,2000,2000,10,0.0,0.0,0.0,0.0,-2.825812,-0.173569,-132.313124,212.235198,False,False,False,0.0,False,0.0,False,0.0,False,0.0,0.0,False,linear,0.0,0.0,0.0,0.0,False,clear,1.0,0.0
EXP_CC2CE078,42,1242,20.7,1,546.353542,971.235198,-80.0,-60.0,0.0,0.0,True,straight,2000,2000,10,0.0,0.0,0.0,0.0,-2.834129,-0.179821,-133.646458,211.235198,False,False,False,0.0,False,0.0,False,0.0,False,0.0,0.0,False,linear,0.0,0.0,0.0,0.0,False,clear,1.0,0.0
EXP_CC2CE078,42,1243,20.716667,1,545.020209,970.235198,-80.0,-60.0,0.0,0.0,True,straight,2000,2000,10,0.0,0.0,0.0,0.0,-2.842445,-0.186072,-134.979791,210.235198,False,False,False,0.0,False,0.0,False,0.0,False,0.0,0.0,False,linear,0.0,0.0,0.0,0.0,False,clear,1.0,0.0
EXP_CC2CE078,42,1244,20.733333,1,543.686876,969.235198,-80.0,-60.0,0.0,0.0,True,straight,2000,2000,10,0.0,0.0,0.0,0.0,-2.850761,-0.192323,-136.313124,209.235198,False,False,False,0.0,False,0.0,False,0.0,False,0.0,0.0,False,linear,0.0,0.0,0.0,0.0,False,clear,1.0,0.0
EXP_CC2CE078,42,1245,20.75,1,542.353542,968.235198,-80.0,-60.0,0.0,0.0,True,straight,2000,2000,10,0.0,0.0,0.0,0.0,-2.859077,-0.198575,-137.646458,208.235198,False,False,False,0.0,False,0.0,False,0.0,False,0.0,0.0,False,linear,0.0,0.0,0.0,0.0,False,clear,1.0,0.0
EXP_CC2CE078,42,1246,20.766667,1,541.020209,967.235198,-80.0,-60.0,0.0,0.0,True,straight,2000,2000,10,0.0,0.0,0.0,0.0,-2.867393,-0.204826,-138.979791,207.235198,False,False,False,0.0,False,0.0,False,0.0,False,0.0,0.0,False,linear,0.0,0.0,0.0,0.0,False,clear,1.0,0.0
EXP_CC2CE078,42,1247,20.783333,1,539.686876,966.235198,-80.0,-60.0,0.0,0.0,True,straight,2000,2000,10,0.0,0.0,0.0,0.0,-2.875709,-0.211077,-140.313124,206.235198,False,False,False,0.0,False,0.0,False,0.0,False,0.0,0.0,False,linear,0.0,0.0,0.0,0.0,False,clear,1.0,0.0
EXP_CC2CE078,42,1248,20.8,1,538.353542,965.235198,-80.0,-60.0,0.0,0.0,True,straight,2000,2000,10,0.0,0.0,0.0,0.0,-2.884025,-0.217329,-141.646458,205.235198,False,False,False,0.0,False,0.0,False,0.0,False,0.0,0.0,False,linear,0.0,0.0,0.0,0.0,False,clear,1.0,0.0
EXP_CC2CE078,42,1249,20.816667,1,537.020209,964.235198,-80.0,-60.0,0.0,0.0,True,straight,2000,2000,10,0.0,0.0,0.0,0.0,-2.89234,-0.22358,-142.979791,204.235198,False,False,False,0.0,False,0.0,False,0.0,False,0.0,0.0,False,linear,0.0,0.0,0.0,0.0,False,clear,1.0,0.0
EXP_CC2CE078,42,1250,20.833333,1,535.686876,963.235198,-80.0,-60.0,0.0,0.0,True,straight,2000,2000,10,0.0,0.0,0.0,0.0,-2.900656,-0.229831,-144.313124,203.235198,False,False,False,0.0,False,0.0,False,0.0,False,0.0,0.0,False,linear,0.0,0.0,0.0,0.0,False,clear,1.0,0.0
EXP_CC2CE078,42,1251,20.85,1,534.353542,962.235198,-80.0,-60.0,0.0,0.0,True,straight,2000,2000,10,0.0,0.0,0.0,0.0,-2.908971,-0.236083,-145.646458,202.235198,False,False,False,0.0,False,0.0,False,0.0,False,0.0,0.0,False,linear,0.0,0.0,0.0,0.0,False,clear,1.0,0.0
EXP_CC2CE078,42,1252,20.866667,1,533.020209,961.235198,-80.0,-60.0,0.0,0.0,True,straight,2000,2000,10,0.0,0.0,0.0,0.0,-2.917286,-0.242334,-146.979791,201.235198,False,False,False,0.0,False,0.0,False,0.0,False,0.0,0.0,False,linear,0.0,0.0,0.0,0.0,False,clear,1.0,0.0
EXP_CC2CE078,42,1253,20.883333,1,531.686876,960.235198,-80.0,-60.0,0.0,0.0,True,straight,2000,2000,10,0.0,0.0,0.0,0.0,-2.925601,-0.248585,-148.313124,200.235198,False,False,False,0.0,False,0.0,False,0.0,False,0.0,0.0,False,linear,0.0,0.0,0.0,0.0,False,clear,1.0,0.0
EXP_CC2CE078,42,1254,20.9,1,530.353542,959.235198,-80.0,-60.0,0.0,0.0,True,straight,2000,2000,10,0.0,0.0,0.0,0.0,-2.933916,-0.254837,-149.646458,199.235198,False,False,False,0.0,False,0.0,False,0.0,False,0.0,0.0,False,linear,0.0,0.0,0.0,0.0,False,clear,1.0,0.0
EXP_CC2CE078,42,1255,20.916667,1,529.020209,958.235198,-80.0,-60.0,0.0,0.0,True,straight,2000,2000,10,0.0,0.0,0.0,0.0,-2.942231,-0.261088,-150.979791,198.235198,False,False,False,0.0,False,0.0,False,0.0,False,0.0,0.0,False,linear,0.0,0.0,0.0,0.0,False,clear,1.0,0.0
EXP_CC2CE078,42,1256,20.933333,1,527.686876,957.235198,-80.0,-60.0,0.0,0.0,True,straight,2000,2000,10,0.0,0.0,0.0,0.0,-2.950546,-0.267339,-152.313124,197.235198,False,False,False,0.0,False,0.0,False,0.0,False,0.0,0.0,False,linear,0.0,0.0,0.0,0.0,False,clear,1.0,0.0
EXP_CC2CE078,42,1257,20.95,1,526.353542,956.235198,-80.0,-60.0,0.0,0.0,True,straight,2000,2000,10,0.0,0.0,0.0,0.0,-2.95886,-0.27359,-153.646458,196.235198,False,False,False,0.0,False,0.0,False,0.0,False,0.0,0.0,False,linear,0.0,0.0,0.0,0.0,False,clear,1.0,0.0
EXP_CC2CE078,42,1258,20.966667,1,525.020209,955.235198,-80.0,-60.0,0.0,0.0,True,straight,2000,2000,10,0.0,0.0,0.0,0.0,-2.967175,-0.279842,-154.979791,195.235198,False,False,False,0.0,False,0.0,False,0.0,False,0.0,0.0,False,linear,0.0,0.0,0.0,0.0,False,clear,1.0,0.0
EXP_CC2CE078,42,1259,20.983333,1,523.686876,954.235198,-80.0,-60.0,0.0,0.0,True,straight,2000,2000,10,0.0,0.0,0.0,0.0,-2.975489,-0.286093,-156.313124,194.235198,False,False,False,0.0,False,0.0,False,0.0,False,0.0,0.0,False,linear,0.0,0.0,0.0,0.0,False,clear,1.0,0.0
EXP_CC2CE078,42,1260,21.0,1,522.353542,953.235198,-80.0,-60.0,0.0,0.0,True,straight,2000,2000,10,0.0,0.0,0.0,0.0,-2.983803,-0.292344,-157.646458,193.235198,False,False,False,0.0,False,0.0,False,0.0,False,0.0,0.0,False,linear,0.0,0.0,0.0,0.0,False,clear,1.0,0.0
EXP_CC2CE078,42,1261,21.016667,1,521.020209,952.235198,-80.0,-60.0,0.0,0.0,True,straight,2000,2000,10,0.0,0.0,0.0,0.0,-2.992117,-0.298596,-158.979791,192.235198,False,False,False,0.0,False,0.0,False,0.0,False,0.0,0.0,False,linear,0.0,0.0,0.0,0.0,False,clear,1.0,0.0
EXP_CC2CE078,42,1262,21.033333,1,519.686876,951.235198,-80.0,-60.0,0.0,0.0,True,straight,2000,2000,10,0.0,0.0,0.0,0.0,-3.000431,-0.304847,-160.313124,191.235198,False,False,False,0.0,False,0.0,False,0.0,False,0.0,0.0,False,linear,0.0,0.0,0.0,0.0,False,clear,1.0,0.0
EXP_CC2CE078,42,1263,21.05,1,518.353542,950.235198,-80.0,-60.0,0.0,0.0,True,straight,2000,2000,10,0.0,0.0,0.0,0.0,-3.008745,-0.311098,-161.646458,190.235198,False,False,False,0.0,False,0.0,False,0.0,False,0.0,0.0,False,linear,0.0,0.0,0.0,0.0,False,clear,1.0,0.0
EXP_CC2CE078,42,1264,21.066667,1,517.020209,949.235198,-80.0,-60.0,0.0,0.0,True,straight,2000,2000,10,0.0,0.0,0.0,0.0,-3.017059,-0.317349,-162.979791,189.235198,False,False,False,0.0,False,0.0,False,0.0,False,0.0,0.0,False,linear,0.0,0.0,0.0,0.0,False,clear,1.0,0.0
EXP_CC2CE078,42,1265,21.083333,1,515.686876,948.235198,-80.0,-60.0,0.0,0.0,True,straight,2000,2000,10,0.0,0.0,0.0,0.0,-3.025372,-0.323601,-164.313124,188.235198,False,False,False,0.0,False,0.0,False,0.0,False,0.0,0.0,False,linear,0.0,0.0,0.0,0.0,False,clear,1.0,0.0
EXP_CC2CE078,42,1266,21.1,1,514.353542,947.235198,-80.0,-60.0,0.0,0.0,True,straight,2000,2000,10,0.0,0.0,0.0,0.0,-3.033686,-0.329852,-165.646458,187.235198,False,False,False,0.0,False,0.0,False,0.0,False,0.0,0.0,False,linear,0.0,0.0,0.0,0.0,False,clear,1.0,0.0
EXP_CC2CE078,42,1267,21.116667,1,513.020209,946.235198,-80.0,-60.0,0.0,0.0,True,straight,2000,2000,10,0.0,0.0,0.0,0.0,-3.041999,-0.336103,-166.979791,186.235198,False,False,False,0.0,False,0.0,False,0.0,False,0.0,0.0,False,linear,0.0,0.0,0.0,0.0,False,clear,1.0,0.0
EXP_CC2CE078,42,1268,21.133333,1,511.686876,945.235198,-80.0,-60.0,0.0,0.0,True,straight,2000,2000,10,0.0,0.0,0.0,0.0,-3.050312,-0.342354,-168.313124,185.235198,False,False,False,0.0,False,0.0,False,0.0,False,0.0,0.0,False,linear,0.0,0.0,0.0,0.0,False,clear,1.0,0.0
EXP_CC2CE078,42,1269,21.15,1,510.353542,944.235198,-80.0,-60.0,0.0,0.0,True,straight,2000,2000,10,0.0,0.0,0.0,0.0,-3.058625,-0.348605,-169.646458,184.235198,False,False,False,0.0,False,0.0,False,0.0,False,0.0,0.0,False,linear,0.0,0.0,0.0,0.0,False,clear,1.0,0.0
EXP_CC2CE078,42,1270,21.166667,1,509.020209,943.235198,-80.0,-60.0,0.0,0.0,True,straight,2000,2000,10,0.0,0.0,0.0,0.0,-3.066938,-0.354857,-170.979791,183.235198,False,False,False,0.0,False,0.0,False,0.0,False,0.0,0.0,False,linear,0.0,0.0,0.0,0.0,False,clear,1.0,0.0
EXP_CC2CE078,42,1271,21.183333,1,507.686876,942.235198,-80.0,-60.0,0.0,0.0,True,straight,2000,2000,10,0.0,0.0,0.0,0.0,-3.075251,-0.361108,-172.313124,182.235198,False,False,False,0.0,False,0.0,False,0.0,False,0.0,0.0,False,linear,0.0,0.0,0.0,0.0,False,clear,1.0,0.0
EXP_CC2CE078,42,1272,21.2,1,506.353542,941.235198,-80.0,-60.0,0.0,0.0,True,straight,2000,2000,10,0.0,0.0,0.0,0.0,-3.083564,-0.367359,-173.646458,181.235198,False,False,False,0.0,False,0.0,False,0.0,False,0.0,0.0,False,linear,0.0,0.0,0.0,0.0,False,clear,1.0,0.0
EXP_CC2CE078,42,1273,21.216667,1,505.020209,940.235198,-80.0,-60.0,0.0,0.0,True,straight,2000,2000,10,0.0,0.0,0.0,0.0,-3.091876,-0.37361,-174.979791,180.235198,False,False,False,0.0,False,0.0,False,0.0,False,0.0,0.0,False,linear,0.0,0.0,0.0,0.0,False,clear,1.0,0.0
EXP_CC2CE078,42,1274,21.233333,1,503.686876,939.235198,-80.0,-60.0,0.0,0.0,True,straight,2000,2000,10,0.0,0.0,0.0,0.0,-3.100188,-0.379861,-176.313124,179.235198,False,False,False,0.0,False,0.0,False,0.0,False,0.0,0.0,False,linear,0.0,0.0,0.0,0.0,False,clear,1.0,0.0
EXP_CC2CE078,42,1275,21.25,1,502.353542,938.235198,-80.0,-60.0,0.0,0.0,True,straight,2000,2000,10,0.0,0.0,0.0,0.0,-3.108501,-0.386112,-177.646458,178.235198,False,False,False,0.0,False,0.0,False,0.0,False,0.0,0.0,False,linear,0.0,0.0,0.0,0.0,False,clear,1.0,0.0
EXP_CC2CE078,42,1276,21.266667,1,501.020209,937.235198,-80.0,-60.0,0.0,0.0,True,straight,2000,2000,10,0.0,0.0,0.0,0.0,-3.116813,-0.392364,-178.979791,177.235198,False,False,False,0.0,False,0.0,False,0.0,False,0.0,0.0,False,linear,0.0,0.0,0.0,0.0,False,clear,1.0,0.0
EXP_CC2CE078,42,1277,21.283333,1,499.686876,936.235198,-80.0,-60.0,0.0,0.0,True,straight,2000,2000,10,0.0,0.0,0.0,0.0,-3.125125,-0.398615,-180.313124,176.235198,False,False,False,0.0,False,0.0,False,0.0,False,0.0,0.0,False,linear,0.0,0.0,0.0,0.0,False,clear,1.0,0.0
EXP_CC2CE078,42,1278,21.3,1,498.353542,935.235198,-80.0,-60.0,0.0,0.0,True,straight,2000,2000,10,0.0,0.0,0.0,0.0,-3.133437,-0.404866,-181.646458,175.235198,False,False,False,0.0,False,0.0,False,0.0,False,0.0,0.0,False,linear,0.0,0.0,0.0,0.0,False,clear,1.0,0.0
EXP_CC2CE078,42,1279,21.316667,1,497.020209,934.235198,-80.0,-60.0,0.0,0.0,True,straight,2000,2000,10,0.0,0.0,0.0,0.0,-3.141749,-0.411117,-182.979791,174.235198,False,False,False,0.0,False,0.0,False,0.0,False,0.0,0.0,False,linear,0.0,0.0,0.0,0.0,False,clear,1.0,0.0
EXP_CC2CE078,42,1280,21.333333,1,495.686876,933.235198,-80.0,-60.0,0.0,0.0,True,straight,2000,2000,10,0.0,0.0,0.0,0.0,-3.15006,-0.417368,-184.313124,173.235198,False,False,False,0.0,False,0.0,False,0.0,False,0.0,0.0,False,linear,0.0,0.0,0.0,0.0,False,clear,1.0,0.0
EXP_CC2CE078,42,1281,21.35,1,494.353542,932.235198,-80.0,-60.0,0.0,0.0,True,straight,2000,2000,10,0.0,0.0,0.0,0.0,-3.158372,-0.423619,-185.646458,172.235198,False,False,False,0.0,False,0.0,False,0.0,False,0.0,0.0,False,linear,0.0,0.0,0.0,0.0,False,clear,1.0,0.0
EXP_CC2CE078,42,1282,21.366667,1,493.020209,931.235198,-80.0,-60.0,0.0,0.0,True,straight,2000,2000,10,0.0,0.0,0.0,0.0,-3.166683,-0.42987,-186.979791,171.235198,False,False,False,0.0,False,0.0,False,0.0,False,0.0,0.0,False,linear,0.0,0.0,0.0,0.0,False,clear,1.0,0.0
EXP_CC2CE078,42,1283,21.383333,1,491.686876,930.235198,-80.0,-60.0,0.0,0.0,True,straight,2000,2000,10,0.0,0.0,0.0,0.0,-3.174994,-0.436121,-188.313124,170.235198,False,False,False,0.0,False,0.0,False,0.0,False,0.0,0.0,False,linear,0.0,0.0,0.0,0.0,False,clear,1.0,0.0
EXP_CC2CE078,42,1284,21.4,1,490.353542,929.235198,-80.0,-60.0,0.0,0.0,True,straight,2000,2000,10,0.0,0.0,0.0,0.0,-3.183305,-0.442372,-189.646458,169.235198,False,False,False,0.0,False,0.0,False,0.0,False,0.0,0.0,False,linear,0.0,0.0,0.0,0.0,False,clear,1.0,0.0
EXP_CC2CE078,42,1285,21.416667,1,489.020209,928.235198,-80.0,-60.0,0.0,0.0,True,straight,2000,2000,10,0.0,0.0,0.0,0.0,-3.191616,-0.448623,-190.979791,168.235198,False,False,False,0.0,False,0.0,False,0.0,False,0.0,0.0,False,linear,0.0,0.0,0.0,0.0,False,clear,1.0,0.0
EXP_CC2CE078,42,1286,21.433333,1,487.686876,927.235198,-80.0,-60.0,0.0,0.0,True,straight,2000,2000,10,0.0,0.0,0.0,0.0,-3.199927,-0.454874,-192.313124,167.235198,False,False,False,0.0,False,0.0,False,0.0,False,0.0,0.0,False,linear,0.0,0.0,0.0,0.0,False,clear,1.0,0.0
EXP_CC2CE078,42,1287,21.45,1,486.353542,926.235198,-80.0,-60.0,0.0,0.0,True,straight,2000,2000,10,0.0,0.0,0.0,0.0,-3.208238,-0.461125,-193.646458,166.235198,False,False,False,0.0,False,0.0,False,0.0,False,0.0,0.0,False,linear,0.0,0.0,0.0,0.0,False,clear,1.0,0.0
EXP_CC2CE078,42,1288,21.466667,1,485.020209,925.235198,-80.0,-60.0,0.0,0.0,True,straight,2000,2000,10,0.0,0.0,0.0,0.0,-3.216548,-0.467376,-194.979791,165.235198,False,False,False,0.0,False,0.0,False,0.0,False,0.0,0.0,False,linear,0.0,0.0,0.0,0.0,False,clear,1.0,0.0
EXP_CC2CE078,42,1289,21.483333,1,483.686876,924.235198,-80.0,-60.0,0.0,0.0,True,straight,2000,2000,10,0.0,0.0,0.0,0.0,-3.224859,-0.473627,-196.313124,164.235198,False,False,False,0.0,False,0.0,False,0.0,False,0.0,0.0,False,linear,0.0,0.0,0.0,0.0,False,clear,1.0,0.0
EXP_CC2CE078,42,1290,21.5,1,482.353542,923.235198,-80.0,-60.0,0.0,0.0,True,straight,2000,2000,10,0.0,0.0,0.0,0.0,-3.233169,-0.479878,-197.646458,163.235198,False,False,False,0.0,False,0.0,False,0.0,False,0.0,0.0,False,linear,0.0,0.0,0.0,0.0,False,clear,1.0,0.0
EXP_CC2CE078,42,1291,21.516667,1,481.020209,922.235198,-80.0,-60.0,0.0,0.0,True,straight,2000,2000,10,0.0,0.0,0.0,0.0,-3.241479,-0.486129,-198.979791,162.235198,False,False,False,0.0,False,0.0,False,0.0,False,0.0,0.0,False,linear,0.0,0.0,0.0,0.0,False,clear,1.0,0.0
EXP_CC2CE078,42,1292,21.533333,1,479.686876,921.235198,-80.0,-60.0,0.0,0.0,True,straight,2000,2000,10,0.0,0.0,0.0,0.0,-3.249789,-0.49238,-200.313124,161.235198,False,False,False,0.0,False,0.0,False,0.0,False,0.0,0.0,False,linear,0.0,0.0,0.0,0.0,False,clear,1.0,0.0
EXP_CC2CE078,42,1293,21.55,1,478.353542,920.235198,-80.0,-60.0,0.0,0.0,True,straight,2000,2000,10,0.0,0.0,0.0,0.0,-3.258099,-0.498631,-201.646458,160.235198,False,False,False,0.0,False,0.0,False,0.0,False,0.0,0.0,False,linear,0.0,0.0,0.0,0.0,False,clear,1.0,0.0
EXP_CC2CE078,42,1294,21.566667,1,477.020209,919.235198,-80.0,-60.0,0.0,0.0,True,straight,2000,2000,10,0.0,0.0,0.0,0.0,-3.266409,-0.504882,-202.979791,159.235198,False,False,False,0.0,False,0.0,False,0.0,False,0.0,0.0,False,linear,0.0,0.0,0.0,0.0,False,clear,1.0,0.0
EXP_CC2CE078,42,1295,21.583333,1,475.686876,918.235198,-80.0,-60.0,0.0,0.0,True,straight,2000,2000,10,0.0,0.0,0.0,0.0,-3.274718,-0.511133,-204.313124,158.235198,False,False,False,0.0,False,0.0,False,0.0,False,0.0,0.0,False,linear,0.0,0.0,0.0,0.0,False,clear,1.0,0.0
EXP_CC2CE078,42,1296,21.6,1,474.353542,917.235198,-80.0,-60.0,0.0,0.0,True,straight,2000,2000,10,0.0,0.0,0.0,0.0,-3.283028,-0.517384,-205.646458,157.235198,False,False,False,0.0,False,0.0,False,0.0,False,0.0,0.0,False,linear,0.0,0.0,0.0,0.0,False,clear,1.0,0.0
EXP_CC2CE078,42,1297,21.616667,1,473.020209,916.235198,-80.0,-60.0,0.0,0.0,True,straight,2000,2000,10,0.0,0.0,0.0,0.0,-3.291337,-0.523635,-206.979791,156.235198,False,False,False,0.0,False,0.0,False,0.0,False,0.0,0.0,False,linear,0.0,0.0,0.0,0.0,False,clear,1.0,0.0
EXP_CC2CE078,42,1298,21.633333,1,471.686876,915.235198,-80.0,-60.0,0.0,0.0,True,straight,2000,2000,10,0.0,0.0,0.0,0.0,-3.299646,-0.529886,-208.313124,155.235198,False,False,False,0.0,False,0.0,False,0.0,False,0.0,0.0,False,linear,0.0,0.0,0.0,0.0,False,clear,1.0,0.0
EXP_CC2CE078,42,1299,21.65,1,470.353542,914.235198,-80.0,-60.0,0.0,0.0,True,straight,2000,2000,10,0.0,0.0,0.0,0.0,-3.307955,-0.536137,-209.646458,154.235198,False,False,False,0.0,False,0.0,False,0.0,False,0.0,0.0,False,linear,0.0,0.0,0.0,0.0,False,clear,1.0,0.0
EXP_CC2CE078,42,1300,21.666667,1,469.020209,913.235198,-80.0,-60.0,0.0,0.0,True,straight,2000,2000,10,0.0,0.0,0.0,0.0,-3.316264,-0.542388,-210.979791,153.235198,False,False,False,0.0,False,0.0,False,0.0,False,0.0,0.0,False,linear,0.0,0.0,0.0,0.0,False,clear,1.0,0.0
EXP_CC2CE078,42,1301,21.683333,1,467.686876,912.235198,-80.0,-60.0,0.0,0.0,True,straight,2000,2000,10,0.0,0.0,0.0,0.0,-3.324573,-0.548639,-212.313124,152.235198,False,False,False,0.0,False,0.0,False,0.0,False,0.0,0.0,False,linear,0.0,0.0,0.0,0.0,False,clear,1.0,0.0
EXP_CC2CE078,42,1302,21.7,1,466.353542,911.235198,-80.0,-60.0,0.0,0.0,True,straight,2000,2000,10,0.0,0.0,0.0,0.0,-3.332881,-0.554889,-213.646458,151.235198,False,False,False,0.0,False,0.0,False,0.0,False,0.0,0.0,False,linear,0.0,0.0,0.0,0.0,False,clear,1.0,0.0
EXP_CC2CE078,42,1303,21.716667,1,465.020209,910.235198,-80.0,-60.0,0.0,0.0,True,straight,2000,2000,10,0.0,0.0,0.0,0.0,-3.34119,-0.56114,-214.979791,150.235198,False,False,False,0.0,False,0.0,False,0.0,False,0.0,0.0,False,linear,0.0,0.0,0.0,0.0,False,clear,1.0,0.0
EXP_CC2CE078,42,1304,21.733333,1,463.686876,909.235198,-80.0,-60.0,0.0,0.0,True,straight,2000,2000,10,0.0,0.0,0.0,0.0,-3.349498,-0.567391,-216.313124,149.235198,False,False,False,0.0,False,0.0,False,0.0,False,0.0,0.0,False,linear,0.0,0.0,0.0,0.0,False,clear,1.0,0.0
EXP_CC2CE078,42,1305,21.75,1,462.353542,908.235198,-80.0,-60.0,0.0,0.0,True,straight,2000,2000,10,0.0,0.0,0.0,0.0,-3.357806,-0.573642,-217.646458,148.235198,False,False,False,0.0,False,0.0,False,0.0,False,0.0,0.0,False,linear,0.0,0.0,0.0,0.0,False,clear,1.0,0.0
EXP_CC2CE078,42,1306,21.766667,1,461.020209,907.235198,-80.0,-60.0,0.0,0.0,True,straight,2000,2000,10,0.0,0.0,0.0,0.0,-3.366114,-0.579893,-218.979791,147.235198,False,False,False,0.0,False,0.0,False,0.0,False,0.0,0.0,False,linear,0.0,0.0,0.0,0.0,False,clear,1.0,0.0
EXP_CC2CE078,42,1307,21.783333,1,459.686876,906.235198,-80.0,-60.0,0.0,0.0,True,straight,2000,2000,10,0.0,0.0,0.0,0.0,-3.374422,-0.586143,-220.313124,146.235198,False,False,False,0.0,False,0.0,False,0.0,False,0.0,0.0,False,linear,0.0,0.0,0.0,0.0,False,clear,1.0,0.0
EXP_CC2CE078,42,1308,21.8,1,458.353542,905.235198,-80.0,-60.0,0.0,0.0,True,straight,2000,2000,10,0.0,0.0,0.0,0.0,-3.38273,-0.592394,-221.646458,145.235198,False,False,False,0.0,False,0.0,False,0.0,False,0.0,0.0,False,linear,0.0,0.0,0.0,0.0,False,clear,1.0,0.0
EXP_CC2CE078,42,1309,21.816667,1,457.020209,904.235198,-80.0,-60.0,0.0,0.0,True,straight,2000,2000,10,0.0,0.0,0.0,0.0,-3.391038,-0.598645,-222.979791,144.235198,False,False,False,0.0,False,0.0,False,0.0,False,0.0,0.0,False,linear,0.0,0.0,0.0,0.0,False,clear,1.0,0.0
EXP_CC2CE078,42,1310,21.833333,1,455.686876,903.235198,-80.0,-60.0,0.0,0.0,True,straight,2000,2000,10,0.0,0.0,0.0,0.0,-3.399345,-0.604896,-224.313124,143.235198,False,False,False,0.0,False,0.0,False,0.0,False,0.0,0.0,False,linear,0.0,0.0,0.0,0.0,False,clear,1.0,0.0
EXP_CC2CE078,42,1311,21.85,1,454.353542,902.235198,-80.0,-60.0,0.0,0.0,True,straight,2000,2000,10,0.0,0.0,0.0,0.0,-3.407653,-0.611146,-225.646458,142.235198,False,False,False,0.0,False,0.0,False,0.0,False,0.0,0.0,False,linear,0.0,0.0,0.0,0.0,False,clear,1.0,0.0
EXP_CC2CE078,42,1312,21.866667,1,453.020209,901.235198,-80.0,-60.0,0.0,0.0,True,straight,2000,2000,10,0.0,0.0,0.0,0.0,-3.41596,-0.617397,-226.979791,141.235198,False,False,False,0.0,False,0.0,False,0.0,False,0.0,0.0,False,linear,0.0,0.0,0.0,0.0,False,clear,1.0,0.0
EXP_CC2CE078,42,1313,21.883333,1,451.686876,900.235198,-80.0,-60.0,0.0,0.0,True,straight,2000,2000,10,0.0,0.0,0.0,0.0,-3.424267,-0.623648,-228.313124,140.235198,False,False,False,0.0,False,0.0,False,0.0,False,0.0,0.0,False,linear,0.0,0.0,0.0,0.0,False,clear,1.0,0.0
EXP_CC2CE078,42,1314,21.9,1,450.353542,899.235198,-80.0,-60.0,0.0,0.0,True,straight,2000,2000,10,0.0,0.0,0.0,0.0,-3.432574,-0.629899,-229.646458,139.235198,False,False,False,0.0,False,0.0,False,0.0,False,0.0,0.0,False,linear,0.0,0.0,0.0,0.0,False,clear,1.0,0.0
EXP_CC2CE078,42,1315,21.916667,1,449.020209,898.235198,-80.0,-60.0,0.0,0.0,True,straight,2000,2000,10,0.0,0.0,0.0,0.0,-3.44088,-0.636149,-230.979791,138.235198,False,False,False,0.0,False,0.0,False,0.0,False,0.0,0.0,False,linear,0.0,0.0,0.0,0.0,False,clear,1.0,0.0
EXP_CC2CE078,42,1316,21.933333,1,447.686876,897.235198,-80.0,-60.0,0.0,0.0,True,straight,2000,2000,10,0.0,0.0,0.0,0.0,-3.449187,-0.6424,-232.313124,137.235198,False,False,False,0.0,False,0.0,False,0.0,False,0.0,0.0,False,linear,0.0,0.0,0.0,0.0,False,clear,1.0,0.0
EXP_CC2CE078,42,1317,21.95,1,446.353542,896.235198,-80.0,-60.0,0.0,0.0,True,straight,2000,2000,10,0.0,0.0,0.0,0.0,-3.457494,-0.648651,-233.646458,136.235198,False,False,False,0.0,False,0.0,False,0.0,False,0.0,0.0,False,linear,0.0,0.0,0.0,0.0,False,clear,1.0,0.0
EXP_CC2CE078,42,1318,21.966667,1,445.020209,895.235198,-80.0,-60.0,0.0,0.0,True,straight,2000,2000,10,0.0,0.0,0.0,0.0,-3.4658,-0.654901,-234.979791,135.235198,False,False,False,0.0,False,0.0,False,0.0,False,0.0,0.0,False,linear,0.0,0.0,0.0,0.0,False,clear,1.0,0.0
EXP_CC2CE078,42,1319,21.983333,1,443.686876,894.235198,-80.0,-60.0,0.0,0.0,True,straight,2000,2000,10,0.0,0.0,0.0,0.0,-3.474106,-0.661152,-236.313124,134.235198,False,False,False,0.0,False,0.0,False,0.0,False,0.0,0.0,False,linear,0.0,0.0,0.0,0.0,False,clear,1.0,0.0
EXP_CC2CE078,42,1320,22.0,1,442.353542,893.235198,-80.0,-60.0,0.0,0.0,True,straight,2000,2000,10,0.0,0.0,0.0,0.0,-3.482412,-0.667402,-237.646458,133.235198,False,False,False,0.0,False,0.0,False,0.0,False,0.0,0.0,False,linear,0.0,0.0,0.0,0.0,False,clear,1.0,0.0
EXP_CC2CE078,42,1321,22.016667,1,441.020209,892.235198,-80.0,-60.0,0.0,0.0,True,straight,2000,2000,10,0.0,0.0,0.0,0.0,-3.490718,-0.673653,-238.979791,132.235198,False,False,False,0.0,False,0.0,False,0.0,False,0.0,0.0,False,linear,0.0,0.0,0.0,0.0,False,clear,1.0,0.0
EXP_CC2CE078,42,1322,22.033333,1,439.686876,891.235198,-80.0,-60.0,0.0,0.0,True,straight,2000,2000,10,0.0,0.0,0.0,0.0,-3.499024,-0.679903,-240.313124,131.235198,False,False,False,0.0,False,0.0,False,0.0,False,0.0,0.0,False,linear,0.0,0.0,0.0,0.0,False,clear,1.0,0.0
EXP_CC2CE078,42,1323,22.05,1,438.353542,890.235198,-80.0,-60.0,0.0,0.0,True,straight,2000,2000,10,0.0,0.0,0.0,0.0,-3.507329,-0.686154,-241.646458,130.235198,False,False,False,0.0,False,0.0,False,0.0,False,0.0,0.0,False,linear,0.0,0.0,0.0,0.0,False,clear,1.0,0.0
EXP_CC2CE078,42,1324,22.066667,1,437.020209,889.235198,-80.0,-60.0,0.0,0.0,True,straight,2000,2000,10,0.0,0.0,0.0,0.0,-3.515635,-0.692405,-242.979791,129.235198,False,False,False,0.0,False,0.0,False,0.0,False,0.0,0.0,False,linear,0.0,0.0,0.0,0.0,False,clear,1.0,0.0
EXP_CC2CE078,42,1325,22.083333,1,435.686876,888.235198,-80.0,-60.0,0.0,0.0,True,straight,2000,2000,10,0.0,0.0,0.0,0.0,-3.52394,-0.698655,-244.313124,128.235198,False,False,False,0.0,False,0.0,False,0.0,False,0.0,0.0,False,linear,0.0,0.0,0.0,0.0,False,clear,1.0,0.0
EXP_CC2CE078,42,1326,22.1,1,434.353542,887.235198,-80.0,-60.0,0.0,0.0,True,straight,2000,2000,10,0.0,0.0,0.0,0.0,-3.532245,-0.704906,-245.646458,127.235198,False,False,False,0.0,False,0.0,False,0.0,False,0.0,0.0,False,linear,0.0,0.0,0.0,0.0,False,clear,1.0,0.0
EXP_CC2CE078,42,1327,22.116667,1,433.020209,886.235198,-80.0,-60.0,0.0,0.0,True,straight,2000,2000,10,0.0,0.0,0.0,0.0,-3.54055,-0.711156,-246.979791,126.235198,False,False,False,0.0,False,0.0,False,0.0,False,0.0,0.0,False,linear,0.0,0.0,0.0,0.0,False,clear,1.0,0.0
EXP_CC2CE078,42,1328,22.133333,1,431.686876,885.235198,-80.0,-60.0,0.0,0.0,True,straight,2000,2000,10,0.0,0.0,0.0,0.0,-3.548855,-0.717406,-248.313124,125.235198,False,False,False,0.0,False,0.0,False,0.0,False,0.0,0.0,False,linear,0.0,0.0,0.0,0.0,False,clear,1.0,0.0
EXP_CC2CE078,42,1329,22.15,1,430.353542,884.235198,-80.0,-60.0,0.0,0.0,True,straight,2000,2000,10,0.0,0.0,0.0,0.0,-3.55716,-0.723657,-249.646458,124.235198,False,False,False,0.0,False,0.0,False,0.0,False,0.0,0.0,False,linear,0.0,0.0,0.0,0.0,False,clear,1.0,0.0
EXP_CC2CE078,42,1330,22.166667,1,429.020209,883.235198,-80.0,-60.0,0.0,0.0,True,straight,2000,2000,10,0.0,0.0,0.0,0.0,-3.565464,-0.729907,-250.979791,123.235198,False,False,False,0.0,False,0.0,False,0.0,False,0.0,0.0,False,linear,0.0,0.0,0.0,0.0,False,clear,1.0,0.0
EXP_CC2CE078,42,1331,22.183333,1,427.686876,882.235198,-80.0,-60.0,0.0,0.0,True,straight,2000,2000,10,0.0,0.0,0.0,0.0,-3.573769,-0.736158,-252.313124,122.235198,False,False,False,0.0,False,0.0,False,0.0,False,0.0,0.0,False,linear,0.0,0.0,0.0,0.0,False,clear,1.0,0.0
EXP_CC2CE078,42,1332,22.2,1,426.353542,881.235198,-80.0,-60.0,0.0,0.0,True,straight,2000,2000,10,0.0,0.0,0.0,0.0,-3.582073,-0.742408,-253.646458,121.235198,False,False,False,0.0,False,0.0,False,0.0,False,0.0,0.0,False,linear,0.0,0.0,0.0,0.0,False,clear,1.0,0.0
EXP_CC2CE078,42,1333,22.216667,1,425.020209,880.235198,-80.0,-60.0,0.0,0.0,True,straight,2000,2000,10,0.0,0.0,0.0,0.0,-3.590377,-0.748658,-254.979791,120.235198,False,False,False,0.0,False,0.0,False,0.0,False,0.0,0.0,False,linear,0.0,0.0,0.0,0.0,False,clear,1.0,0.0
EXP_CC2CE078,42,1334,22.233333,1,423.686876,879.235198,-80.0,-60.0,0.0,0.0,True,straight,2000,2000,10,0.0,0.0,0.0,0.0,-3.598681,-0.754909,-256.313124,119.235198,False,False,False,0.0,False,0.0,False,0.0,False,0.0,0.0,False,linear,0.0,0.0,0.0,0.0,False,clear,1.0,0.0
EXP_CC2CE078,42,1335,22.25,1,422.353542,878.235198,-80.0,-60.0,0.0,0.0,True,straight,2000,2000,10,0.0,0.0,0.0,0.0,-3.606985,-0.761159,-257.646458,118.235198,False,False,False,0.0,False,0.0,False,0.0,False,0.0,0.0,False,linear,0.0,0.0,0.0,0.0,False,clear,1.0,0.0
EXP_CC2CE078,42,1336,22.266667,1,421.020209,877.235198,-80.0,-60.0,0.0,0.0,True,straight,2000,2000,10,0.0,0.0,0.0,0.0,-3.615288,-0.767409,-258.979791,117.235198,False,False,False,0.0,False,0.0,False,0.0,False,0.0,0.0,False,linear,0.0,0.0,0.0,0.0,False,clear,1.0,0.0
EXP_CC2CE078,42,1337,22.283333,1,419.686876,876.235198,-80.0,-60.0,0.0,0.0,True,straight,2000,2000,10,0.0,0.0,0.0,0.0,-3.623592,-0.77366,-260.313124,116.235198,False,False,False,0.0,False,0.0,False,0.0,False,0.0,0.0,False,linear,0.0,0.0,0.0,0.0,False,clear,1.0,0.0
EXP_CC2CE078,42,1338,22.3,1,418.353542,875.235198,-80.0,-60.0,0.0,0.0,True,straight,2000,2000,10,0.0,0.0,0.0,0.0,-3.631895,-0.77991,-261.646458,115.235198,False,False,False,0.0,False,0.0,False,0.0,False,0.0,0.0,False,linear,0.0,0.0,0.0,0.0,False,clear,1.0,0.0
EXP_CC2CE078,42,1339,22.316667,1,417.020209,874.235198,-80.0,-60.0,0.0,0.0,True,straight,2000,2000,10,0.0,0.0,0.0,0.0,-3.640198,-0.78616,-262.979791,114.235198,False,False,False,0.0,False,0.0,False,0.0,False,0.0,0.0,False,linear,0.0,0.0,0.0,0.0,False,clear,1.0,0.0
EXP_CC2CE078,42,1340,22.333333,1,415.686876,873.235198,-80.0,-60.0,0.0,0.0,True,straight,2000,2000,10,0.0,0.0,0.0,0.0,-3.648502,-0.792411,-264.313124,113.235198,False,False,False,0.0,False,0.0,False,0.0,False,0.0,0.0,False,linear,0.0,0.0,0.0,0.0,False,clear,1.0,0.0
EXP_CC2CE078,42,1341,22.35,1,414.353542,872.235198,-80.0,-60.0,0.0,0.0,True,straight,2000,2000,10,0.0,0.0,0.0,0.0,-3.656804,-0.798661,-265.646458,112.235198,False,False,False,0.0,False,0.0,False,0.0,False,0.0,0.0,False,linear,0.0,0.0,0.0,0.0,False,clear,1.0,0.0
EXP_CC2CE078,42,1342,22.366667,1,413.020209,871.235198,-80.0,-60.0,0.0,0.0,True,straight,2000,2000,10,0.0,0.0,0.0,0.0,-3.665107,-0.804911,-266.979791,111.235198,False,False,False,0.0,False,0.0,False,0.0,False,0.0,0.0,False,linear,0.0,0.0,0.0,0.0,False,clear,1.0,0.0
EXP_CC2CE078,42,1343,22.383333,1,411.686876,870.235198,-80.0,-60.0,0.0,0.0,True,straight,2000,2000,10,0.0,0.0,0.0,0.0,-3.67341,-0.811161,-268.313124,110.235198,False,False,False,0.0,False,0.0,False,0.0,False,0.0,0.0,False,linear,0.0,0.0,0.0,0.0,False,clear,1.0,0.0
EXP_CC2CE078,42,1344,22.4,1,410.353542,869.235198,-80.0,-60.0,0.0,0.0,True,straight,2000,2000,10,0.0,0.0,0.0,0.0,-3.681712,-0.817411,-269.646458,109.235198,False,False,False,0.0,False,0.0,False,0.0,False,0.0,0.0,False,linear,0.0,0.0,0.0,0.0,False,clear,1.0,0.0
EXP_CC2CE078,42,1345,22.416667,1,409.020209,868.235198,-80.0,-60.0,0.0,0.0,True,straight,2000,2000,10,0.0,0.0,0.0,0.0,-3.690014,-0.823661,-270.979791,108.235198,False,False,False,0.0,False,0.0,False,0.0,False,0.0,0.0,False,linear,0.0,0.0,0.0,0.0,False,clear,1.0,0.0
EXP_CC2CE078,42,1346,22.433333,1,407.686876,867.235198,-80.0,-60.0,0.0,0.0,True,straight,2000,2000,10,0.0,0.0,0.0,0.0,-3.698317,-0.829912,-272.313124,107.235198,False,False,False,0.0,False,0.0,False,0.0,False,0.0,0.0,False,linear,0.0,0.0,0.0,0.0,False,clear,1.0,0.0
EXP_CC2CE078,42,1347,22.45,1,406.353542,866.235198,-80.0,-60.0,0.0,0.0,True,straight,2000,2000,10,0.0,0.0,0.0,0.0,-3.706618,-0.836162,-273.646458,106.235198,False,False,False,0.0,False,0.0,False,0.0,False,0.0,0.0,False,linear,0.0,0.0,0.0,0.0,False,clear,1.0,0.0
EXP_CC2CE078,42,1348,22.466667,1,405.020209,865.235198,-80.0,-60.0,0.0,0.0,True,straight,2000,2000,10,0.0,0.0,0.0,0.0,-3.71492,-0.842412,-274.979791,105.235198,False,False,False,0.0,False,0.0,False,0.0,False,0.0,0.0,False,linear,0.0,0.0,0.0,0.0,False,clear,1.0,0.0
EXP_CC2CE078,42,1349,22.483333,1,403.686876,864.235198,-80.0,-60.0,0.0,0.0,True,straight,2000,2000,10,0.0,0.0,0.0,0.0,-3.723222,-0.848662,-276.313124,104.235198,False,False,False,0.0,False,0.0,False,0.0,False,0.0,0.0,False,linear,0.0,0.0,0.0,0.0,False,clear,1.0,0.0
EXP_CC2CE078,42,1350,22.5,1,402.353542,863.235198,-80.0,-60.0,0.0,0.0,True,straight,2000,2000,10,0.0,0.0,0.0,0.0,-3.731523,-0.854912,-277.646458,103.235198,False,False,False,0.0,False,0.0,False,0.0,False,0.0,0.0,False,linear,0.0,0.0,0.0,0.0,False,clear,1.0,0.0
EXP_CC2CE078,42,1351,22.516667,1,401.020209,862.235198,-80.0,-60.0,0.0,0.0,True,straight,2000,2000,10,0.0,0.0,0.0,0.0,-3.739825,-0.861162,-278.979791,102.235198,False,False,False,0.0,False,0.0,False,0.0,False,0.0,0.0,False,linear,0.0,0.0,0.0,0.0,False,clear,1.0,0.0
EXP_CC2CE078,42,1352,22.533333,1,399.686876,861.235198,-80.0,-60.0,0.0,0.0,True,straight,2000,2000,10,0.0,0.0,0.0,0.0,-3.748126,-0.867412,-280.313124,101.235198,False,False,False,0.0,False,0.0,False,0.0,False,0.0,0.0,False,linear,0.0,0.0,0.0,0.0,False,clear,1.0,0.0
EXP_CC2CE078,42,1353,22.55,1,398.353542,860.235198,-80.0,-60.0,0.0,0.0,True,straight,2000,2000,10,0.0,0.0,0.0,0.0,-3.756427,-0.873662,-281.646458,100.235198,False,False,False,0.0,False,0.0,False,0.0,False,0.0,0.0,False,linear,0.0,0.0,0.0,0.0,False,clear,1.0,0.0
EXP_CC2CE078,42,1354,22.566667,1,397.020209,859.235198,-80.0,-60.0,0.0,0.0,True,straight,2000,2000,10,0.0,0.0,0.0,0.0,-3.764728,-0.879912,-282.979791,99.235198,False,False,False,0.0,False,0.0,False,0.0,False,0.0,0.0,False,linear,0.0,0.0,0.0,0.0,False,clear,1.0,0.0
EXP_CC2CE078,42,1355,22.583333,1,395.686876,858.235198,-80.0,-60.0,0.0,0.0,True,straight,2000,2000,10,0.0,0.0,0.0,0.0,-3.773028,-0.886162,-284.313124,98.235198,False,False,False,0.0,False,0.0,False,0.0,False,0.0,0.0,False,linear,0.0,0.0,0.0,0.0,False,clear,1.0,0.0
EXP_CC2CE078,42,1356,22.6,1,394.353542,857.235198,-80.0,-60.0,0.0,0.0,True,straight,2000,2000,10,0.0,0.0,0.0,0.0,-3.781329,-0.892412,-285.646458,97.235198,False,False,False,0.0,False,0.0,False,0.0,False,0.0,0.0,False,linear,0.0,0.0,0.0,0.0,False,clear,1.0,0.0
EXP_CC2CE078,42,1357,22.616667,1,393.020209,856.235198,-80.0,-60.0,0.0,0.0,True,straight,2000,2000,10,0.0,0.0,0.0,0.0,-3.789629,-0.898662,-286.979791,96.235198,False,False,False,0.0,False,0.0,False,0.0,False,0.0,0.0,False,linear,0.0,0.0,0.0,0.0,False,clear,1.0,0.0
EXP_CC2CE078,42,1358,22.633333,1,391.686876,855.235198,-80.0,-60.0,0.0,0.0,True,straight,2000,2000,10,0.0,0.0,0.0,0.0,-3.79793,-0.904912,-288.313124,95.235198,False,False,False,0.0,False,0.0,False,0.0,False,0.0,0.0,False,linear,0.0,0.0,0.0,0.0,False,clear,1.0,0.0
EXP_CC2CE078,42,1359,22.65,1,390.353542,854.235198,-80.0,-60.0,0.0,0.0,True,straight,2000,2000,10,0.0,0.0,0.0,0.0,-3.80623,-0.911161,-289.646458,94.235198,False,False,False,0.0,False,0.0,False,0.0,False,0.0,0.0,False,linear,0.0,0.0,0.0,0.0,False,clear,1.0,0.0
EXP_CC2CE078,42,1360,22.666667,1,389.020209,853.235198,-80.0,-60.0,0.0,0.0,True,straight,2000,2000,10,0.0,0.0,0.0,0.0,-3.81453,-0.917411,-290.979791,93.235198,False,False,False,0.0,False,0.0,False,0.0,False,0.0,0.0,False,linear,0.0,0.0,0.0,0.0,False,clear,1.0,0.0
EXP_CC2CE078,42,1361,22.683333,1,387.686876,852.235198,-80.0,-60.0,0.0,0.0,True,straight,2000,2000,10,0.0,0.0,0.0,0.0,-3.822829,-0.923661,-292.313124,92.235198,False,False,False,0.0,False,0.0,False,0.0,False,0.0,0.0,False,linear,0.0,0.0,0.0,0.0,False,clear,1.0,0.0
EXP_CC2CE078,42,1362,22.7,1,386.353542,851.235198,-80.0,-60.0,0.0,0.0,True,straight,2000,2000,10,0.0,0.0,0.0,0.0,-3.831129,-0.929911,-293.646458,91.235198,False,False,False,0.0,False,0.0,False,0.0,False,0.0,0.0,False,linear,0.0,0.0,0.0,0.0,False,clear,1.0,0.0
EXP_CC2CE078,42,1363,22.716667,1,385.020209,850.235198,-80.0,-60.0,0.0,0.0,True,straight,2000,2000,10,0.0,0.0,0.0,0.0,-3.839428,-0.936161,-294.979791,90.235198,False,False,False,0.0,False,0.0,False,0.0,False,0.0,0.0,False,linear,0.0,0.0,0.0,0.0,False,clear,1.0,0.0
EXP_CC2CE078,42,1364,22.733333,1,383.686876,849.235198,-80.0,-60.0,0.0,0.0,True,straight,2000,2000,10,0.0,0.0,0.0,0.0,-3.847728,-0.94241,-296.313124,89.235198,False,False,False,0.0,False,0.0,False,0.0,False,0.0,0.0,False,linear,0.0,0.0,0.0,0.0,False,clear,1.0,0.0
EXP_CC2CE078,42,1365,22.75,1,382.353542,848.235198,-80.0,-60.0,0.0,0.0,True,straight,2000,2000,10,0.0,0.0,0.0,0.0,-3.856027,-0.94866,-297.646458,88.235198,False,False,False,0.0,False,0.0,False,0.0,False,0.0,0.0,False,linear,0.0,0.0,0.0,0.0,False,clear,1.0,0.0
EXP_CC2CE078,42,1366,22.766667,1,381.020209,847.235198,-80.0,-60.0,0.0,0.0,True,straight,2000,2000,10,0.0,0.0,0.0,0.0,-3.864326,-0.95491,-298.979791,87.235198,False,False,False,0.0,False,0.0,False,0.0,False,0.0,0.0,False,linear,0.0,0.0,0.0,0.0,False,clear,1.0,0.0
EXP_CC2CE078,42,1367,22.783333,1,379.686876,846.235198,-80.0,-60.0,0.0,0.0,True,straight,2000,2000,10,0.0,0.0,0.0,0.0,-3.872624,-0.961159,-300.313124,86.235198,False,False,False,0.0,False,0.0,False,0.0,False,0.0,0.0,False,linear,0.0,0.0,0.0,0.0,False,clear,1.0,0.0
EXP_CC2CE078,42,1368,22.8,1,378.353542,845.235198,-80.0,-60.0,0.0,0.0,True,straight,2000,2000,10,0.0,0.0,0.0,0.0,-3.880923,-0.967409,-301.646458,85.235198,False,False,False,0.0,False,0.0,False,0.0,False,0.0,0.0,False,linear,0.0,0.0,0.0,0.0,False,clear,1.0,0.0
EXP_CC2CE078,42,1369,22.816667,1,377.020209,844.235198,-80.0,-60.0,0.0,0.0,True,straight,2000,2000,10,0.0,0.0,0.0,0.0,-3.889221,-0.973659,-302.979791,84.235198,False,False,False,0.0,False,0.0,False,0.0,False,0.0,0.0,False,linear,0.0,0.0,0.0,0.0,False,clear,1.0,0.0
EXP_CC2CE078,42,1370,22.833333,1,375.686876,843.235198,-80.0,-60.0,0.0,0.0,True,straight,2000,2000,10,0.0,0.0,0.0,0.0,-3.89752,-0.979908,-304.313124,83.235198,False,False,False,0.0,False,0.0,False,0.0,False,0.0,0.0,False,linear,0.0,0.0,0.0,0.0,False,clear,1.0,0.0
EXP_CC2CE078,42,1371,22.85,1,374.353542,842.235198,-80.0,-60.0,0.0,0.0,True,straight,2000,2000,10,0.0,0.0,0.0,0.0,-3.905818,-0.986158,-305.646458,82.235198,False,False,False,0.0,False,0.0,False,0.0,False,0.0,0.0,False,linear,0.0,0.0,0.0,0.0,False,clear,1.0,0.0
EXP_CC2CE078,42,1372,22.866667,1,373.020209,841.235198,-80.0,-60.0,0.0,0.0,True,straight,2000,2000,10,0.0,0.0,0.0,0.0,-3.914116,-0.992408,-306.979791,81.235198,False,False,False,0.0,False,0.0,False,0.0,False,0.0,0.0,False,linear,0.0,0.0,0.0,0.0,False,clear,1.0,0.0
EXP_CC2CE078,42,1373,22.883333,1,371.686876,840.235198,-80.0,-60.0,0.0,0.0,True,straight,2000,2000,10,0.0,0.0,0.0,0.0,-3.922414,-0.998657,-308.313124,80.235198,False,False,False,0.0,False,0.0,False,0.0,False,0.0,0.0,False,linear,0.0,0.0,0.0,0.0,False,clear,1.0,0.0
EXP_CC2CE078,42,1374,22.9,1,370.353542,839.235198,-80.0,-60.0,0.0,0.0,True,straight,2000,2000,10,0.0,0.0,0.0,0.0,-3.930711,-1.004907,-309.646458,79.235198,False,False,False,0.0,False,0.0,False,0.0,False,0.0,0.0,False,linear,0.0,0.0,0.0,0.0,False,clear,1.0,0.0
EXP_CC2CE078,42,1375,22.916667,1,369.020209,838.235198,-80.0,-60.0,0.0,0.0,True,straight,2000,2000,10,0.0,0.0,0.0,0.0,-3.939009,-1.011156,-310.979791,78.235198,False,False,False,0.0,False,0.0,False,0.0,False,0.0,0.0,False,linear,0.0,0.0,0.0,0.0,False,clear,1.0,0.0
EXP_CC2CE078,42,1376,22.933333,1,367.686876,837.235198,-80.0,-60.0,0.0,0.0,True,straight,2000,2000,10,0.0,0.0,0.0,0.0,-3.947306,-1.017406,-312.313124,77.235198,False,False,False,0.0,False,0.0,False,0.0,False,0.0,0.0,False,linear,0.0,0.0,0.0,0.0,False,clear,1.0,0.0
EXP_CC2CE078,42,1377,22.95,1,366.353542,836.235198,-80.0,-60.0,0.0,0.0,True,straight,2000,2000,10,0.0,0.0,0.0,0.0,-3.955603,-1.023655,-313.646458,76.235198,False,False,False,0.0,False,0.0,False,0.0,False,0.0,0.0,False,linear,0.0,0.0,0.0,0.0,False,clear,1.0,0.0
EXP_CC2CE078,42,1378,22.966667,1,365.020209,835.235198,-80.0,-60.0,0.0,0.0,True,straight,2000,2000,10,0.0,0.0,0.0,0.0,-3.9639,-1.029904,-314.979791,75.235198,False,False,False,0.0,False,0.0,False,0.0,False,0.0,0.0,False,linear,0.0,0.0,0.0,0.0,False,clear,1.0,0.0
EXP_CC2CE078,42,1379,22.983333,1,363.686876,834.235198,-80.0,-60.0,0.0,0.0,True,straight,2000,2000,10,0.0,0.0,0.0,0.0,-3.972197,-1.036154,-316.313124,74.235198,False,False,False,0.0,False,0.0,False,0.0,False,0.0,0.0,False,linear,0.0,0.0,0.0,0.0,False,clear,1.0,0.0
EXP_CC2CE078,42,1380,23.0,1,362.353542,833.235198,-80.0,-60.0,0.0,0.0,True,straight,2000,2000,10,0.0,0.0,0.0,0.0,-3.980494,-1.042403,-317.646458,73.235198,False,False,False,0.0,False,0.0,False,0.0,False,0.0,0.0,False,linear,0.0,0.0,0.0,0.0,False,clear,1.0,0.0
EXP_CC2CE078,42,1381,23.016667,1,361.020209,832.235198,-80.0,-60.0,0.0,0.0,True,straight,2000,2000,10,0.0,0.0,0.0,0.0,-3.98879,-1.048653,-318.979791,72.235198,False,False,False,0.0,False,0.0,False,0.0,False,0.0,0.0,False,linear,0.0,0.0,0.0,0.0,False,clear,1.0,0.0
EXP_CC2CE078,42,1382,23.033333,1,359.686876,831.235198,-80.0,-60.0,0.0,0.0,True,straight,2000,2000,10,0.0,0.0,0.0,0.0,-3.997086,-1.054902,-320.313124,71.235198,False,False,False,0.0,False,0.0,False,0.0,False,0.0,0.0,False,linear,0.0,0.0,0.0,0.0,False,clear,1.0,0.0
EXP_CC2CE078,42,1383,23.05,1,358.353542,830.235198,-80.0,-60.0,0.0,0.0,True,straight,2000,2000,10,0.0,0.0,0.0,0.0,-4.005382,-1.061151,-321.646458,70.235198,False,False,False,0.0,False,0.0,False,0.0,False,0.0,0.0,False,linear,0.0,0.0,0.0,0.0,False,clear,1.0,0.0
EXP_CC2CE078,42,1384,23.066667,1,357.020209,829.235198,-80.0,-60.0,0.0,0.0,True,straight,2000,2000,10,0.0,0.0,0.0,0.0,-4.013678,-1.0674,-322.979791,69.235198,False,False,False,0.0,False,0.0,False,0.0,False,0.0,0.0,False,linear,0.0,0.0,0.0,0.0,False,clear,1.0,0.0
EXP_CC2CE078,42,1385,23.083333,1,355.686876,828.235198,-80.0,-60.0,0.0,0.0,True,straight,2000,2000,10,0.0,0.0,0.0,0.0,-4.021974,-1.07365,-324.313124,68.235198,False,False,False,0.0,False,0.0,False,0.0,False,0.0,0.0,False,linear,0.0,0.0,0.0,0.0,False,clear,1.0,0.0
EXP_CC2CE078,42,1386,23.1,1,354.353542,827.235198,-80.0,-60.0,0.0,0.0,True,straight,2000,2000,10,0.0,0.0,0.0,0.0,-4.03027,-1.079899,-325.646458,67.235198,False,False,False,0.0,False,0.0,False,0.0,False,0.0,0.0,False,linear,0.0,0.0,0.0,0.0,False,clear,1.0,0.0
EXP_CC2CE078,42,1387,23.116667,1,353.020209,826.235198,-80.0,-60.0,0.0,0.0,True,straight,2000,2000,10,0.0,0.0,0.0,0.0,-4.038565,-1.086148,-326.979791,66.235198,False,False,False,0.0,False,0.0,False,0.0,False,0.0,0.0,False,linear,0.0,0.0,0.0,0.0,False,clear,1.0,0.0
EXP_CC2CE078,42,1388,23.133333,1,351.686876,825.235198,-80.0,-60.0,0.0,0.0,True,straight,2000,2000,10,0.0,0.0,0.0,0.0,-4.046861,-1.092397,-328.313124,65.235198,False,False,False,0.0,False,0.0,False,0.0,False,0.0,0.0,False,linear,0.0,0.0,0.0,0.0,False,clear,1.0,0.0
EXP_CC2CE078,42,1389,23.15,1,350.353542,824.235198,-80.0,-60.0,0.0,0.0,True,straight,2000,2000,10,0.0,0.0,0.0,0.0,-4.055156,-1.098646,-329.646458,64.235198,False,False,False,0.0,False,0.0,False,0.0,False,0.0,0.0,False,linear,0.0,0.0,0.0,0.0,False,clear,1.0,0.0
EXP_CC2CE078,42,1390,23.166667,1,349.020209,823.235198,-80.0,-60.0,0.0,0.0,True,straight,2000,2000,10,0.0,0.0,0.0,0.0,-4.063451,-1.104896,-330.979791,63.235198,False,False,False,0.0,False,0.0,False,0.0,False,0.0,0.0,False,linear,0.0,0.0,0.0,0.0,False,clear,1.0,0.0
EXP_CC2CE078,42,1391,23.183333,1,347.686876,822.235198,-80.0,-60.0,0.0,0.0,True,straight,2000,2000,10,0.0,0.0,0.0,0.0,-4.071745,-1.111145,-332.313124,62.235198,False,False,False,0.0,False,0.0,False,0.0,False,0.0,0.0,False,linear,0.0,0.0,0.0,0.0,False,clear,1.0,0.0
EXP_CC2CE078,42,1392,23.2,1,346.353542,821.235198,-80.0,-60.0,0.0,0.0,True,straight,2000,2000,10,0.0,0.0,0.0,0.0,-4.08004,-1.117394,-333.646458,61.235198,False,False,False,0.0,False,0.0,False,0.0,False,0.0,0.0,False,linear,0.0,0.0,0.0,0.0,False,clear,1.0,0.0
EXP_CC2CE078,42,1393,23.216667,1,345.020209,820.235198,-80.0,-60.0,0.0,0.0,True,straight,2000,2000,10,0.0,0.0,0.0,0.0,-4.088334,-1.123643,-334.979791,60.235198,False,False,False,0.0,False,0.0,False,0.0,False,0.0,0.0,False,linear,0.0,0.0,0.0,0.0,False,clear,1.0,0.0
EXP_CC2CE078,42,1394,23.233333,1,343.686876,819.235198,-80.0,-60.0,0.0,0.0,True,straight,2000,2000,10,0.0,0.0,0.0,0.0,-4.096629,-1.129892,-336.313124,59.235198,False,False,False,0.0,False,0.0,False,0.0,False,0.0,0.0,False,linear,0.0,0.0,0.0,0.0,False,clear,1.0,0.0
EXP_CC2CE078,42,1395,23.25,1,342.353542,818.235198,-80.0,-60.0,0.0,0.0,True,straight,2000,2000,10,0.0,0.0,0.0,0.0,-4.104923,-1.136141,-337.646458,58.235198,False,False,False,0.0,False,0.0,False,0.0,False,0.0,0.0,False,linear,0.0,0.0,0.0,0.0,False,clear,1.0,0.0
EXP_CC2CE078,42,1396,23.266667,1,341.020209,817.235198,-80.0,-60.0,0.0,0.0,True,straight,2000,2000,10,0.0,0.0,0.0,0.0,-4.113217,-1.14239,-338.979791,57.235198,False,False,False,0.0,False,0.0,False,0.0,False,0.0,0.0,False,linear,0.0,0.0,0.0,0.0,False,clear,1.0,0.0
EXP_CC2CE078,42,1397,23.283333,1,339.686876,816.235198,-80.0,-60.0,0.0,0.0,True,straight,2000,2000,10,0.0,0.0,0.0,0.0,-4.12151,-1.148639,-340.313124,56.235198,False,False,False,0.0,False,0.0,False,0.0,False,0.0,0.0,False,linear,0.0,0.0,0.0,0.0,False,clear,1.0,0.0
EXP_CC2CE078,42,1398,23.3,1,338.353542,815.235198,-80.0,-60.0,0.0,0.0,True,straight,2000,2000,10,0.0,0.0,0.0,0.0,-4.129804,-1.154887,-341.646458,55.235198,False,False,False,0.0,False,0.0,False,0.0,False,0.0,0.0,False,linear,0.0,0.0,0.0,0.0,False,clear,1.0,0.0
EXP_CC2CE078,42,1399,23.316667,1,337.020209,814.235198,-80.0,-60.0,0.0,0.0,True,straight,2000,2000,10,0.0,0.0,0.0,0.0,-4.138097,-1.161136,-342.979791,54.235198,False,False,False,0.0,False,0.0,False,0.0,False,0.0,0.0,False,linear,0.0,0.0,0.0,0.0,False,clear,1.0,0.0
EXP_CC2CE078,42,1400,23.333333,1,335.686876,813.235198,-80.0,-60.0,0.0,0.0,True,straight,2000,2000,10,0.0,0.0,0.0,0.0,-4.146391,-1.167385,-344.313124,53.235198,False,False,False,0.0,False,0.0,False,0.0,False,0.0,0.0,False,linear,0.0,0.0,0.0,0.0,False,clear,1.0,0.0
EXP_CC2CE078,42,1401,23.35,1,334.353542,812.235198,-80.0,-60.0,0.0,0.0,True,straight,2000,2000,10,0.0,0.0,0.0,0.0,-4.154684,-1.173634,-345.646458,52.235198,False,False,False,0.0,False,0.0,False,0.0,False,0.0,0.0,False,linear,0.0,0.0,0.0,0.0,False,clear,1.0,0.0
EXP_CC2CE078,42,1402,23.366667,1,333.020209,811.235198,-80.0,-60.0,0.0,0.0,True,straight,2000,2000,10,0.0,0.0,0.0,0.0,-4.162976,-1.179883,-346.979791,51.235198,False,False,False,0.0,False,0.0,False,0.0,False,0.0,0.0,False,linear,0.0,0.0,0.0,0.0,False,clear,1.0,0.0
EXP_CC2CE078,42,1403,23.383333,1,331.686876,810.235198,-80.0,-60.0,0.0,0.0,True,straight,2000,2000,10,0.0,0.0,0.0,0.0,-4.171269,-1.186132,-348.313124,50.235198,False,False,False,0.0,False,0.0,False,0.0,False,0.0,0.0,False,linear,0.0,0.0,0.0,0.0,False,clear,1.0,0.0
EXP_CC2CE078,42,1404,23.4,1,330.353542,809.235198,-80.0,-60.0,0.0,0.0,True,straight,2000,2000,10,0.0,0.0,0.0,0.0,-4.179562,-1.19238,-349.646458,49.235198,False,False,False,0.0,False,0.0,False,0.0,False,0.0,0.0,False,linear,0.0,0.0,0.0,0.0,False,clear,1.0,0.0
EXP_CC2CE078,42,1405,23.416667,1,329.020209,808.235198,-80.0,-60.0,0.0,0.0,True,straight,2000,2000,10,0.0,0.0,0.0,0.0,-4.187854,-1.198629,-350.979791,48.235198,False,False,False,0.0,False,0.0,False,0.0,False,0.0,0.0,False,linear,0.0,0.0,0.0,0.0,False,clear,1.0,0.0
EXP_CC2CE078,42,1406,23.433333,1,327.686876,807.235198,-80.0,-60.0,0.0,0.0,True,straight,2000,2000,10,0.0,0.0,0.0,0.0,-4.196146,-1.204878,-352.313124,47.235198,False,False,False,0.0,False,0.0,False,0.0,False,0.0,0.0,False,linear,0.0,0.0,0.0,0.0,False,clear,1.0,0.0
EXP_CC2CE078,42,1407,23.45,1,326.353542,806.235198,-80.0,-60.0,0.0,0.0,True,straight,2000,2000,10,0.0,0.0,0.0,0.0,-4.204438,-1.211126,-353.646458,46.235198,False,False,False,0.0,False,0.0,False,0.0,False,0.0,0.0,False,linear,0.0,0.0,0.0,0.0,False,clear,1.0,0.0
EXP_CC2CE078,42,1408,23.466667,1,325.020209,805.235198,-80.0,-60.0,0.0,0.0,True,straight,2000,2000,10,0.0,0.0,0.0,0.0,-4.21273,-1.217375,-354.979791,45.235198,False,False,False,0.0,False,0.0,False,0.0,False,0.0,0.0,False,linear,0.0,0.0,0.0,0.0,False,clear,1.0,0.0
EXP_CC2CE078,42,1409,23.483333,1,323.686876,804.235198,-80.0,-60.0,0.0,0.0,True,straight,2000,2000,10,0.0,0.0,0.0,0.0,-4.221022,-1.223624,-356.313124,44.235198,False,False,False,0.0,False,0.0,False,0.0,False,0.0,0.0,False,linear,0.0,0.0,0.0,0.0,False,clear,1.0,0.0
EXP_CC2CE078,42,1410,23.5,1,322.353542,803.235198,-80.0,-60.0,0.0,0.0,True,straight,2000,2000,10,0.0,0.0,0.0,0.0,-4.229313,-1.229872,-357.646458,43.235198,False,False,False,0.0,False,0.0,False,0.0,False,0.0,0.0,False,linear,0.0,0.0,0.0,0.0,False,clear,1.0,0.0
EXP_CC2CE078,42,1411,23.516667,1,321.020209,802.235198,-80.0,-60.0,0.0,0.0,True,straight,2000,2000,10,0.0,0.0,0.0,0.0,-4.237604,-1.236121,-358.979791,42.235198,False,False,False,0.0,False,0.0,False,0.0,False,0.0,0.0,False,linear,0.0,0.0,0.0,0.0,False,clear,1.0,0.0
EXP_CC2CE078,42,1412,23.533333,1,319.686876,801.235198,-80.0,-60.0,0.0,0.0,True,straight,2000,2000,10,0.0,0.0,0.0,0.0,-4.245896,-1.242369,-360.313124,41.235198,False,False,False,0.0,False,0.0,False,0.0,False,0.0,0.0,False,linear,0.0,0.0,0.0,0.0,False,clear,1.0,0.0
EXP_CC2CE078,42,1413,23.55,1,318.353542,800.235198,-80.0,-60.0,0.0,0.0,True,straight,2000,2000,10,0.0,0.0,0.0,0.0,-4.254186,-1.248618,-361.646458,40.235198,False,False,False,0.0,False,0.0,False,0.0,False,0.0,0.0,False,linear,0.0,0.0,0.0,0.0,False,clear,1.0,0.0
EXP_CC2CE078,42,1414,23.566667,1,317.020209,799.235198,-80.0,-60.0,0.0,0.0,True,straight,2000,2000,10,0.0,0.0,0.0,0.0,-4.262477,-1.254866,-362.979791,39.235198,False,False,False,0.0,False,0.0,False,0.0,False,0.0,0.0,False,linear,0.0,0.0,0.0,0.0,False,clear,1.0,0.0
EXP_CC2CE078,42,1415,23.583333,1,315.686876,798.235198,-80.0,-60.0,0.0,0.0,True,straight,2000,2000,10,0.0,0.0,0.0,0.0,-4.270768,-1.261114,-364.313124,38.235198,False,False,False,0.0,False,0.0,False,0.0,False,0.0,0.0,False,linear,0.0,0.0,0.0,0.0,False,clear,1.0,0.0
EXP_CC2CE078,42,1416,23.6,1,314.353542,797.235198,-80.0,-60.0,0.0,0.0,True,straight,2000,2000,10,0.0,0.0,0.0,0.0,-4.279058,-1.267363,-365.646458,37.235198,False,False,False,0.0,False,0.0,False,0.0,False,0.0,0.0,False,linear,0.0,0.0,0.0,0.0,False,clear,1.0,0.0
EXP_CC2CE078,42,1417,23.616667,1,313.020209,796.235198,-80.0,-60.0,0.0,0.0,True,straight,2000,2000,10,0.0,0.0,0.0,0.0,-4.287348,-1.273611,-366.979791,36.235198,False,False,False,0.0,False,0.0,False,0.0,False,0.0,0.0,False,linear,0.0,0.0,0.0,0.0,False,clear,1.0,0.0
EXP_CC2CE078,42,1418,23.633333,1,311.686876,795.235198,-80.0,-60.0,0.0,0.0,True,straight,2000,2000,10,0.0,0.0,0.0,0.0,-4.295638,-1.27986,-368.313124,35.235198,False,False,False,0.0,False,0.0,False,0.0,False,0.0,0.0,False,linear,0.0,0.0,0.0,0.0,False,clear,1.0,0.0
EXP_CC2CE078,42,1419,23.65,1,310.353542,794.235198,-80.0,-60.0,0.0,0.0,True,straight,2000,2000,10,0.0,0.0,0.0,0.0,-4.303928,-1.286108,-369.646458,34.235198,False,False,False,0.0,False,0.0,False,0.0,False,0.0,0.0,False,linear,0.0,0.0,0.0,0.0,False,clear,1.0,0.0
EXP_CC2CE078,42,1420,23.666667,1,309.020209,793.235198,-80.0,-60.0,0.0,0.0,True,straight,2000,2000,10,0.0,0.0,0.0,0.0,-4.312218,-1.292356,-370.979791,33.235198,False,False,False,0.0,False,0.0,False,0.0,False,0.0,0.0,False,linear,0.0,0.0,0.0,0.0,False,clear,1.0,0.0
EXP_CC2CE078,42,1421,23.683333,1,307.686876,792.235198,-80.0,-60.0,0.0,0.0,True,straight,2000,2000,10,0.0,0.0,0.0,0.0,-4.320508,-1.298604,-372.313124,32.235198,False,False,False,0.0,False,0.0,False,0.0,False,0.0,0.0,False,linear,0.0,0.0,0.0,0.0,False,clear,1.0,0.0
EXP_CC2CE078,42,1422,23.7,1,306.353542,791.235198,-80.0,-60.0,0.0,0.0,True,straight,2000,2000,10,0.0,0.0,0.0,0.0,-4.328797,-1.304853,-373.646458,31.235198,False,False,False,0.0,False,0.0,False,0.0,False,0.0,0.0,False,linear,0.0,0.0,0.0,0.0,False,clear,1.0,0.0
EXP_CC2CE078,42,1423,23.716667,1,305.020209,790.235198,-80.0,-60.0,0.0,0.0,True,straight,2000,2000,10,0.0,0.0,0.0,0.0,-4.337086,-1.311101,-374.979791,30.235198,False,False,False,0.0,False,0.0,False,0.0,False,0.0,0.0,False,linear,0.0,0.0,0.0,0.0,False,clear,1.0,0.0
EXP_CC2CE078,42,1424,23.733333,1,303.686876,789.235198,-80.0,-60.0,0.0,0.0,True,straight,2000,2000,10,0.0,0.0,0.0,0.0,-4.345375,-1.317349,-376.313124,29.235198,False,False,False,0.0,False,0.0,False,0.0,False,0.0,0.0,False,linear,0.0,0.0,0.0,0.0,False,clear,1.0,0.0
EXP_CC2CE078,42,1425,23.75,1,302.353542,788.235198,-80.0,-60.0,0.0,0.0,True,straight,2000,2000,10,0.0,0.0,0.0,0.0,-4.353664,-1.323597,-377.646458,28.235198,False,False,False,0.0,False,0.0,False,0.0,False,0.0,0.0,False,linear,0.0,0.0,0.0,0.0,False,clear,1.0,0.0
EXP_CC2CE078,42,1426,23.766667,1,301.020209,787.235198,-80.0,-60.0,0.0,0.0,True,straight,2000,2000,10,0.0,0.0,0.0,0.0,-4.361952,-1.329845,-378.979791,27.235198,False,False,False,0.0,False,0.0,False,0.0,False,0.0,0.0,False,linear,0.0,0.0,0.0,0.0,False,clear,1.0,0.0
EXP_CC2CE078,42,1427,23.783333,1,299.686876,786.235198,-80.0,-60.0,0.0,0.0,True,straight,2000,2000,10,0.0,0.0,0.0,0.0,-4.370241,-1.336093,-380.313124,26.235198,False,False,False,0.0,False,0.0,False,0.0,False,0.0,0.0,False,linear,0.0,0.0,0.0,0.0,False,clear,1.0,0.0
EXP_CC2CE078,42,1428,23.8,1,298.353542,785.235198,-80.0,-60.0,0.0,0.0,True,straight,2000,2000,10,0.0,0.0,0.0,0.0,-4.378529,-1.342341,-381.646458,25.235198,False,False,False,0.0,False,0.0,False,0.0,False,0.0,0.0,False,linear,0.0,0.0,0.0,0.0,False,clear,1.0,0.0
EXP_CC2CE078,42,1429,23.816667,1,297.020209,784.235198,-80.0,-60.0,0.0,0.0,True,straight,2000,2000,10,0.0,0.0,0.0,0.0,-4.386817,-1.348589,-382.979791,24.235198,False,False,False,0.0,False,0.0,False,0.0,False,0.0,0.0,False,linear,0.0,0.0,0.0,0.0,False,clear,1.0,0.0
EXP_CC2CE078,42,1430,23.833333,1,295.686876,783.235198,-80.0,-60.0,0.0,0.0,True,straight,2000,2000,10,0.0,0.0,0.0,0.0,-4.395105,-1.354837,-384.313124,23.235198,False,False,False,0.0,False,0.0,False,0.0,False,0.0,0.0,False,linear,0.0,0.0,0.0,0.0,False,clear,1.0,0.0
EXP_CC2CE078,42,1431,23.85,1,294.353542,782.235198,-80.0,-60.0,0.0,0.0,True,straight,2000,2000,10,0.0,0.0,0.0,0.0,-4.403392,-1.361085,-385.646458,22.235198,False,False,False,0.0,False,0.0,False,0.0,False,0.0,0.0,False,linear,0.0,0.0,0.0,0.0,False,clear,1.0,0.0
EXP_CC2CE078,42,1432,23.866667,1,293.020209,781.235198,-80.0,-60.0,0.0,0.0,True,straight,2000,2000,10,0.0,0.0,0.0,0.0,-4.41168,-1.367333,-386.979791,21.235198,False,False,False,0.0,False,0.0,False,0.0,False,0.0,0.0,False,linear,0.0,0.0,0.0,0.0,False,clear,1.0,0.0
EXP_CC2CE078,42,1433,23.883333,1,291.686876,780.235198,-80.0,-60.0,0.0,0.0,True,straight,2000,2000,10,0.0,0.0,0.0,0.0,-4.419967,-1.373581,-388.313124,20.235198,False,False,False,0.0,False,0.0,False,0.0,False,0.0,0.0,False,linear,0.0,0.0,0.0,0.0,False,clear,1.0,0.0
EXP_CC2CE078,42,1434,23.9,1,290.353542,779.235198,-80.0,-60.0,0.0,0.0,True,straight,2000,2000,10,0.0,0.0,0.0,0.0,-4.428254,-1.379829,-389.646458,19.235198,False,False,False,0.0,False,0.0,False,0.0,False,0.0,0.0,False,linear,0.0,0.0,0.0,0.0,False,clear,1.0,0.0
EXP_CC2CE078,42,1435,23.916667,1,289.020209,778.235198,-80.0,-60.0,0.0,0.0,True,straight,2000,2000,10,0.0,0.0,0.0,0.0,-4.436541,-1.386076,-390.979791,18.235198,False,False,False,0.0,False,0.0,False,0.0,False,0.0,0.0,False,linear,0.0,0.0,0.0,0.0,False,clear,1.0,0.0
EXP_CC2CE078,42,1436,23.933333,1,287.686876,777.235198,-80.0,-60.0,0.0,0.0,True,straight,2000,2000,10,0.0,0.0,0.0,0.0,-4.444828,-1.392324,-392.313124,17.235198,False,False,False,0.0,False,0.0,False,0.0,False,0.0,0.0,False,linear,0.0,0.0,0.0,0.0,False,clear,1.0,0.0
EXP_CC2CE078,42,1437,23.95,1,286.353542,776.235198,-80.0,-60.0,0.0,0.0,True,straight,2000,2000,10,0.0,0.0,0.0,0.0,-4.453115,-1.398572,-393.646458,16.235198,False,False,False,0.0,False,0.0,False,0.0,False,0.0,0.0,False,linear,0.0,0.0,0.0,0.0,False,clear,1.0,0.0
EXP_CC2CE078,42,1438,23.966667,1,285.020209,775.235198,-80.0,-60.0,0.0,0.0,True,straight,2000,2000,10,0.0,0.0,0.0,0.0,-4.461401,-1.404819,-394.979791,15.235198,False,False,False,0.0,False,0.0,False,0.0,False,0.0,0.0,False,linear,0.0,0.0,0.0,0.0,False,clear,1.0,0.0
EXP_CC2CE078,42,1439,23.983333,1,283.686876,774.235198,-80.0,-60.0,0.0,0.0,True,straight,2000,2000,10,0.0,0.0,0.0,0.0,-4.469687,-1.411067,-396.313124,14.235198,False,False,False,0.0,False,0.0,False,0.0,False,0.0,0.0,False,linear,0.0,0.0,0.0,0.0,False,clear,1.0,0.0
EXP_CC2CE078,42,1440,24.0,1,282.353542,773.235198,-80.0,-60.0,0.0,0.0,True,straight,2000,2000,10,0.0,0.0,0.0,0.0,-4.477973,-1.417315,-397.646458,13.235198,False,False,False,0.0,False,0.0,False,0.0,False,0.0,0.0,False,linear,0.0,0.0,0.0,0.0,False,clear,1.0,0.0
EXP_CC2CE078,42,1441,24.016667,1,281.020209,772.235198,-80.0,-60.0,0.0,0.0,True,straight,2000,2000,10,0.0,0.0,0.0,0.0,-4.486259,-1.423562,-398.979791,12.235198,False,False,False,0.0,False,0.0,False,0.0,False,0.0,0.0,False,linear,0.0,0.0,0.0,0.0,False,clear,1.0,0.0
EXP_CC2CE078,42,1442,24.033333,1,279.686876,771.235198,-80.0,-60.0,0.0,0.0,True,straight,2000,2000,10,0.0,0.0,0.0,0.0,-4.494545,-1.42981,-400.313124,11.235198,False,False,False,0.0,False,0.0,False,0.0,False,0.0,0.0,False,linear,0.0,0.0,0.0,0.0,False,clear,1.0,0.0
EXP_CC2CE078,42,1443,24.05,1,278.353542,770.235198,-80.0,-60.0,0.0,0.0,True,straight,2000,2000,10,0.0,0.0,0.0,0.0,-4.50283,-1.436057,-401.646458,10.235198,False,False,False,0.0,False,0.0,False,0.0,False,0.0,0.0,False,linear,0.0,0.0,0.0,0.0,False,clear,1.0,0.0
EXP_CC2CE078,42,1444,24.066667,1,277.020209,769.235198,-80.0,-60.0,0.0,0.0,True,straight,2000,2000,10,0.0,0.0,0.0,0.0,-4.511115,-1.442305,-402.979791,9.235198,False,False,False,0.0,False,0.0,False,0.0,False,0.0,0.0,False,linear,0.0,0.0,0.0,0.0,False,clear,1.0,0.0
EXP_CC2CE078,42,1445,24.083333,1,275.686876,768.235198,-80.0,-60.0,0.0,0.0,True,straight,2000,2000,10,0.0,0.0,0.0,0.0,-4.5194,-1.448552,-404.313124,8.235198,False,False,False,0.0,False,0.0,False,0.0,False,0.0,0.0,False,linear,0.0,0.0,0.0,0.0,False,clear,1.0,0.0
EXP_CC2CE078,42,1446,24.1,1,274.353542,767.235198,-80.0,-60.0,0.0,0.0,True,straight,2000,2000,10,0.0,0.0,0.0,0.0,-4.527685,-1.4548,-405.646458,7.235198,False,False,False,0.0,False,0.0,False,0.0,False,0.0,0.0,False,linear,0.0,0.0,0.0,0.0,False,clear,1.0,0.0
EXP_CC2CE078,42,1447,24.116667,1,273.020209,766.235198,-80.0,-60.0,0.0,0.0,True,straight,2000,2000,10,0.0,0.0,0.0,0.0,-4.53597,-1.461047,-406.979791,6.235198,False,False,False,0.0,False,0.0,False,0.0,False,0.0,0.0,False,linear,0.0,0.0,0.0,0.0,False,clear,1.0,0.0
EXP_CC2CE078,42,1448,24.133333,1,271.686876,765.235198,-80.0,-60.0,0.0,0.0,True,straight,2000,2000,10,0.0,0.0,0.0,0.0,-4.544254,-1.467294,-408.313124,5.235198,False,False,False,0.0,False,0.0,False,0.0,False,0.0,0.0,False,linear,0.0,0.0,0.0,0.0,False,clear,1.0,0.0
EXP_CC2CE078,42,1449,24.15,1,270.353542,764.235198,-80.0,-60.0,0.0,0.0,True,straight,2000,2000,10,0.0,0.0,0.0,0.0,-4.552539,-1.473542,-409.646458,4.235198,False,False,False,0.0,False,0.0,False,0.0,False,0.0,0.0,False,linear,0.0,0.0,0.0,0.0,False,clear,1.0,0.0
EXP_CC2CE078,42,1450,24.166667,1,269.020209,763.235198,-80.0,-60.0,0.0,0.0,True,straight,2000,2000,10,0.0,0.0,0.0,0.0,-4.560823,-1.479789,-410.979791,3.235198,False,False,False,0.0,False,0.0,False,0.0,False,0.0,0.0,False,linear,0.0,0.0,0.0,0.0,False,clear,1.0,0.0
EXP_CC2CE078,42,1451,24.183333,1,267.686876,762.235198,-80.0,-60.0,0.0,0.0,True,straight,2000,2000,10,0.0,0.0,0.0,0.0,-4.569107,-1.486036,-412.313124,2.235198,False,False,False,0.0,False,0.0,False,0.0,False,0.0,0.0,False,linear,0.0,0.0,0.0,0.0,False,clear,1.0,0.0
EXP_CC2CE078,42,1452,24.2,1,266.353542,761.235198,-80.0,-60.0,0.0,0.0,True,straight,2000,2000,10,0.0,0.0,0.0,0.0,-4.57739,-1.492284,-413.646458,1.235198,False,False,False,0.0,False,0.0,False,0.0,False,0.0,0.0,False,linear,0.0,0.0,0.0,0.0,False,clear,1.0,0.0
EXP_CC2CE078,42,1453,24.216667,1,265.020209,760.235198,-80.0,-60.0,0.0,0.0,True,straight,2000,2000,10,0.0,0.0,0.0,0.0,-4.585674,-1.498531,-414.979791,0.235198,False,False,False,0.0,False,0.0,False,0.0,False,0.0,0.0,False,linear,0.0,0.0,0.0,0.0,False,clear,1.0,0.0
EXP_CC2CE078,42,1454,24.233333,1,263.686876,759.235198,-80.0,-60.0,0.0,0.0,True,straight,2000,2000,10,0.0,0.0,0.0,0.0,-4.593957,-1.504778,-416.313124,-0.764802,False,False,False,0.0,False,0.0,False,0.0,False,0.0,0.0,False,linear,0.0,0.0,0.0,0.0,False,clear,1.0,0.0
EXP_CC2CE078,42,1455,24.25,1,262.353542,758.235198,-80.0,-60.0,0.0,0.0,True,straight,2000,2000,10,0.0,0.0,0.0,0.0,-4.60224,-1.511025,-417.646458,-1.764802,False,False,False,0.0,False,0.0,False,0.0,False,0.0,0.0,False,linear,0.0,0.0,0.0,0.0,False,clear,1.0,0.0
EXP_CC2CE078,42,1456,24.266667,1,261.020209,757.235198,-80.0,-60.0,0.0,0.0,True,straight,2000,2000,10,0.0,0.0,0.0,0.0,-4.610523,-1.517272,-418.979791,-2.764802,False,False,False,0.0,False,0.0,False,0.0,False,0.0,0.0,False,linear,0.0,0.0,0.0,0.0,False,clear,1.0,0.0
EXP_CC2CE078,42,1457,24.283333,1,259.686876,756.235198,-80.0,-60.0,0.0,0.0,True,straight,2000,2000,10,0.0,0.0,0.0,0.0,-4.618806,-1.523519,-420.313124,-3.764802,False,False,False,0.0,False,0.0,False,0.0,False,0.0,0.0,False,linear,0.0,0.0,0.0,0.0,False,clear,1.0,0.0
EXP_CC2CE078,42,1458,24.3,1,258.353542,755.235198,-80.0,-60.0,0.0,0.0,True,straight,2000,2000,10,0.0,0.0,0.0,0.0,-4.627089,-1.529766,-421.646458,-4.764802,False,False,False,0.0,False,0.0,False,0.0,False,0.0,0.0,False,linear,0.0,0.0,0.0,0.0,False,clear,1.0,0.0
EXP_CC2CE078,42,1459,24.316667,1,257.020209,754.235198,-80.0,-60.0,0.0,0.0,True,straight,2000,2000,10,0.0,0.0,0.0,0.0,-4.635371,-1.536013,-422.979791,-5.764802,False,False,False,0.0,False,0.0,False,0.0,False,0.0,0.0,False,linear,0.0,0.0,0.0,0.0,False,clear,1.0,0.0
EXP_CC2CE078,42,1460,24.333333,1,255.686876,753.235198,-80.0,-60.0,0.0,0.0,True,straight,2000,2000,10,0.0,0.0,0.0,0.0,-4.643653,-1.54226,-424.313124,-6.764802,False,False,False,0.0,False,0.0,False,0.0,False,0.0,0.0,False,linear,0.0,0.0,0.0,0.0,False,clear,1.0,0.0
EXP_CC2CE078,42,1461,24.35,1,254.353542,752.235198,-80.0,-60.0,0.0,0.0,True,straight,2000,2000,10,0.0,0.0,0.0,0.0,-4.651935,-1.548507,-425.646458,-7.764802,False,False,False,0.0,False,0.0,False,0.0,False,0.0,0.0,False,linear,0.0,0.0,0.0,0.0,False,clear,1.0,0.0
EXP_CC2CE078,42,1462,24.366667,1,253.020209,751.235198,-80.0,-60.0,0.0,0.0,True,straight,2000,2000,10,0.0,0.0,0.0,0.0,-4.660217,-1.554754,-426.979791,-8.764802,False,False,False,0.0,False,0.0,False,0.0,False,0.0,0.0,False,linear,0.0,0.0,0.0,0.0,False,clear,1.0,0.0
EXP_CC2CE078,42,1463,24.383333,1,251.686876,750.235198,-80.0,-60.0,0.0,0.0,True,straight,2000,2000,10,0.0,0.0,0.0,0.0,-4.668498,-1.561,-428.313124,-9.764802,False,False,False,0.0,False,0.0,False,0.0,False,0.0,0.0,False,linear,0.0,0.0,0.0,0.0,False,clear,1.0,0.0
EXP_CC2CE078,42,1464,24.4,1,250.353542,749.235198,-80.0,-60.0,0.0,0.0,True,straight,2000,2000,10,0.0,0.0,0.0,0.0,-4.67678,-1.567247,-429.646458,-10.764802,False,False,False,0.0,False,0.0,False,0.0,False,0.0,0.0,False,linear,0.0,0.0,0.0,0.0,False,clear,1.0,0.0
EXP_CC2CE078,42,1465,24.416667,1,249.020209,748.235198,-80.0,-60.0,0.0,0.0,True,straight,2000,2000,10,0.0,0.0,0.0,0.0,-4.685061,-1.573494,-430.979791,-11.764802,False,False,False,0.0,False,0.0,False,0.0,False,0.0,0.0,False,linear,0.0,0.0,0.0,0.0,False,clear,1.0,0.0
EXP_CC2CE078,42,1466,24.433333,1,247.686876,747.235198,-80.0,-60.0,0.0,0.0,True,straight,2000,2000,10,0.0,0.0,0.0,0.0,-4.693342,-1.579741,-432.313124,-12.764802,False,False,False,0.0,False,0.0,False,0.0,False,0.0,0.0,False,linear,0.0,0.0,0.0,0.0,False,clear,1.0,0.0
EXP_CC2CE078,42,1467,24.45,1,246.353542,746.235198,-80.0,-60.0,0.0,0.0,True,straight,2000,2000,10,0.0,0.0,0.0,0.0,-4.701623,-1.585987,-433.646458,-13.764802,False,False,False,0.0,False,0.0,False,0.0,False,0.0,0.0,False,linear,0.0,0.0,0.0,0.0,False,clear,1.0,0.0
EXP_CC2CE078,42,1468,24.466667,1,245.020209,745.235198,-80.0,-60.0,0.0,0.0,True,straight,2000,2000,10,0.0,0.0,0.0,0.0,-4.709903,-1.592234,-434.979791,-14.764802,False,False,False,0.0,False,0.0,False,0.0,False,0.0,0.0,False,linear,0.0,0.0,0.0,0.0,False,clear,1.0,0.0
EXP_CC2CE078,42,1469,24.483333,1,243.686876,744.235198,-80.0,-60.0,0.0,0.0,True,straight,2000,2000,10,0.0,0.0,0.0,0.0,-4.718184,-1.59848,-436.313124,-15.764802,False,False,False,0.0,False,0.0,False,0.0,False,0.0,0.0,False,linear,0.0,0.0,0.0,0.0,False,clear,1.0,0.0
EXP_CC2CE078,42,1470,24.5,1,242.353542,743.235198,-80.0,-60.0,0.0,0.0,True,straight,2000,2000,10,0.0,0.0,0.0,0.0,-4.726464,-1.604727,-437.646458,-16.764802,False,False,False,0.0,False,0.0,False,0.0,False,0.0,0.0,False,linear,0.0,0.0,0.0,0.0,False,clear,1.0,0.0
EXP_CC2CE078,42,1471,24.516667,1,241.020209,742.235198,-80.0,-60.0,0.0,0.0,True,straight,2000,2000,10,0.0,0.0,0.0,0.0,-4.734744,-1.610974,-438.979791,-17.764802,False,False,False,0.0,False,0.0,False,0.0,False,0.0,0.0,False,linear,0.0,0.0,0.0,0.0,False,clear,1.0,0.0
EXP_CC2CE078,42,1472,24.533333,1,239.686876,741.235198,-80.0,-60.0,0.0,0.0,True,straight,2000,2000,10,0.0,0.0,0.0,0.0,-4.743024,-1.61722,-440.313124,-18.764802,False,False,False,0.0,False,0.0,False,0.0,False,0.0,0.0,False,linear,0.0,0.0,0.0,0.0,False,clear,1.0,0.0
EXP_CC2CE078,42,1473,24.55,1,238.353542,740.235198,-80.0,-60.0,0.0,0.0,True,straight,2000,2000,10,0.0,0.0,0.0,0.0,-4.751304,-1.623466,-441.646458,-19.764802,False,False,False,0.0,False,0.0,False,0.0,False,0.0,0.0,False,linear,0.0,0.0,0.0,0.0,False,clear,1.0,0.0
EXP_CC2CE078,42,1474,24.566667,1,237.020209,739.235198,-80.0,-60.0,0.0,0.0,True,straight,2000,2000,10,0.0,0.0,0.0,0.0,-4.759583,-1.629713,-442.979791,-20.764802,False,False,False,0.0,False,0.0,False,0.0,False,0.0,0.0,False,linear,0.0,0.0,0.0,0.0,False,clear,1.0,0.0
EXP_CC2CE078,42,1475,24.583333,1,235.686876,738.235198,-80.0,-60.0,0.0,0.0,True,straight,2000,2000,10,0.0,0.0,0.0,0.0,-4.767862,-1.635959,-444.313124,-21.764802,False,False,False,0.0,False,0.0,False,0.0,False,0.0,0.0,False,linear,0.0,0.0,0.0,0.0,False,clear,1.0,0.0
EXP_CC2CE078,42,1476,24.6,1,234.353542,737.235198,-80.0,-60.0,0.0,0.0,True,straight,2000,2000,10,0.0,0.0,0.0,0.0,-4.776141,-1.642205,-445.646458,-22.764802,False,False,False,0.0,False,0.0,False,0.0,False,0.0,0.0,False,linear,0.0,0.0,0.0,0.0,False,clear,1.0,0.0
EXP_CC2CE078,42,1477,24.616667,1,233.020209,736.235198,-80.0,-60.0,0.0,0.0,True,straight,2000,2000,10,0.0,0.0,0.0,0.0,-4.78442,-1.648452,-446.979791,-23.764802,False,False,False,0.0,False,0.0,False,0.0,False,0.0,0.0,False,linear,0.0,0.0,0.0,0.0,False,clear,1.0,0.0
EXP_CC2CE078,42,1478,24.633333,1,231.686876,735.235198,-80.0,-60.0,0.0,0.0,True,straight,2000,2000,10,0.0,0.0,0.0,0.0,-4.792699,-1.654698,-448.313124,-24.764802,False,False,False,0.0,False,0.0,False,0.0,False,0.0,0.0,False,linear,0.0,0.0,0.0,0.0,False,clear,1.0,0.0
EXP_CC2CE078,42,1479,24.65,1,230.353542,734.235198,-80.0,-60.0,0.0,0.0,True,straight,2000,2000,10,0.0,0.0,0.0,0.0,-4.800977,-1.660944,-449.646458,-25.764802,False,False,False,0.0,False,0.0,False,0.0,False,0.0,0.0,False,linear,0.0,0.0,0.0,0.0,False,clear,1.0,0.0
EXP_CC2CE078,42,1480,24.666667,1,229.020209,733.235198,-80.0,-60.0,0.0,0.0,True,straight,2000,2000,10,0.0,0.0,0.0,0.0,-4.809255,-1.66719,-450.979791,-26.764802,False,False,False,0.0,False,0.0,False,0.0,False,0.0,0.0,False,linear,0.0,0.0,0.0,0.0,False,clear,1.0,0.0
EXP_CC2CE078,42,1481,24.683333,1,227.686876,732.235198,-80.0,-60.0,0.0,0.0,True,straight,2000,2000,10,0.0,0.0,0.0,0.0,-4.817533,-1.673436,-452.313124,-27.764802,False,False,False,0.0,False,0.0,False,0.0,False,0.0,0.0,False,linear,0.0,0.0,0.0,0.0,False,clear,1.0,0.0
EXP_CC2CE078,42,1482,24.7,1,226.353542,731.235198,-80.0,-60.0,0.0,0.0,True,straight,2000,2000,10,0.0,0.0,0.0,0.0,-4.825811,-1.679683,-453.646458,-28.764802,False,False,False,0.0,False,0.0,False,0.0,False,0.0,0.0,False,linear,0.0,0.0,0.0,0.0,False,clear,1.0,0.0
EXP_CC2CE078,42,1483,24.716667,1,225.020209,730.235198,-80.0,-60.0,0.0,0.0,True,straight,2000,2000,10,0.0,0.0,0.0,0.0,-4.834089,-1.685929,-454.979791,-29.764802,False,False,False,0.0,False,0.0,False,0.0,False,0.0,0.0,False,linear,0.0,0.0,0.0,0.0,False,clear,1.0,0.0
EXP_CC2CE078,42,1484,24.733333,1,223.686876,729.235198,-80.0,-60.0,0.0,0.0,True,straight,2000,2000,10,0.0,0.0,0.0,0.0,-4.842366,-1.692175,-456.313124,-30.764802,False,False,False,0.0,False,0.0,False,0.0,False,0.0,0.0,False,linear,0.0,0.0,0.0,0.0,False,clear,1.0,0.0
EXP_CC2CE078,42,1485,24.75,1,222.353542,728.235198,-80.0,-60.0,0.0,0.0,True,straight,2000,2000,10,0.0,0.0,0.0,0.0,-4.850643,-1.698421,-457.646458,-31.764802,False,False,False,0.0,False,0.0,False,0.0,False,0.0,0.0,False,linear,0.0,0.0,0.0,0.0,False,clear,1.0,0.0
EXP_CC2CE078,42,1486,24.766667,1,221.020209,727.235198,-80.0,-60.0,0.0,0.0,True,straight,2000,2000,10,0.0,0.0,0.0,0.0,-4.85892,-1.704666,-458.979791,-32.764802,False,False,False,0.0,False,0.0,False,0.0,False,0.0,0.0,False,linear,0.0,0.0,0.0,0.0,False,clear,1.0,0.0
EXP_CC2CE078,42,1487,24.783333,1,219.686876,726.235198,-80.0,-60.0,0.0,0.0,True,straight,2000,2000,10,0.0,0.0,0.0,0.0,-4.867197,-1.710912,-460.313124,-33.764802,False,False,False,0.0,False,0.0,False,0.0,False,0.0,0.0,False,linear,0.0,0.0,0.0,0.0,False,clear,1.0,0.0
EXP_CC2CE078,42,1488,24.8,1,218.353542,725.235198,-80.0,-60.0,0.0,0.0,True,straight,2000,2000,10,0.0,0.0,0.0,0.0,-4.875474,-1.717158,-461.646458,-34.764802,False,False,False,0.0,False,0.0,False,0.0,False,0.0,0.0,False,linear,0.0,0.0,0.0,0.0,False,clear,1.0,0.0
EXP_CC2CE078,42,1489,24.816667,1,217.020209,724.235198,-80.0,-60.0,0.0,0.0,True,straight,2000,2000,10,0.0,0.0,0.0,0.0,-4.88375,-1.723404,-462.979791,-35.764802,False,False,False,0.0,False,0.0,False,0.0,False,0.0,0.0,False,linear,0.0,0.0,0.0,0.0,False,clear,1.0,0.0
EXP_CC2CE078,42,1490,24.833333,1,215.686876,723.235198,-80.0,-60.0,0.0,0.0,True,straight,2000,2000,10,0.0,0.0,0.0,0.0,-4.892026,-1.72965,-464.313124,-36.764802,False,False,False,0.0,False,0.0,False,0.0,False,0.0,0.0,False,linear,0.0,0.0,0.0,0.0,False,clear,1.0,0.0
EXP_CC2CE078,42,1491,24.85,1,214.353542,722.235198,-80.0,-60.0,0.0,0.0,True,straight,2000,2000,10,0.0,0.0,0.0,0.0,-4.900302,-1.735895,-465.646458,-37.764802,False,False,False,0.0,False,0.0,False,0.0,False,0.0,0.0,False,linear,0.0,0.0,0.0,0.0,False,clear,1.0,0.0
EXP_CC2CE078,42,1492,24.866667,1,213.020209,721.235198,-80.0,-60.0,0.0,0.0,True,straight,2000,2000,10,0.0,0.0,0.0,0.0,-4.908578,-1.742141,-466.979791,-38.764802,False,False,False,0.0,False,0.0,False,0.0,False,0.0,0.0,False,linear,0.0,0.0,0.0,0.0,False,clear,1.0,0.0
EXP_CC2CE078,42,1493,24.883333,1,211.686876,720.235198,-80.0,-60.0,0.0,0.0,True,straight,2000,2000,10,0.0,0.0,0.0,0.0,-4.916854,-1.748387,-468.313124,-39.764802,False,False,False,0.0,False,0.0,False,0.0,False,0.0,0.0,False,linear,0.0,0.0,0.0,0.0,False,clear,1.0,0.0
EXP_CC2CE078,42,1494,24.9,1,210.353542,719.235198,-80.0,-60.0,0.0,0.0,True,straight,2000,2000,10,0.0,0.0,0.0,0.0,-4.925129,-1.754632,-469.646458,-40.764802,False,False,False,0.0,False,0.0,False,0.0,False,0.0,0.0,False,linear,0.0,0.0,0.0,0.0,False,clear,1.0,0.0
EXP_CC2CE078,42,1495,24.916667,1,209.020209,718.235198,-80.0,-60.0,0.0,0.0,True,straight,2000,2000,10,0.0,0.0,0.0,0.0,-4.933404,-1.760878,-470.979791,-41.764802,False,False,False,0.0,False,0.0,False,0.0,False,0.0,0.0,False,linear,0.0,0.0,0.0,0.0,False,clear,1.0,0.0
EXP_CC2CE078,42,1496,24.933333,1,207.686876,717.235198,-80.0,-60.0,0.0,0.0,True,straight,2000,2000,10,0.0,0.0,0.0,0.0,-4.941679,-1.767123,-472.313124,-42.764802,False,False,False,0.0,False,0.0,False,0.0,False,0.0,0.0,False,linear,0.0,0.0,0.0,0.0,False,clear,1.0,0.0
EXP_CC2CE078,42,1497,24.95,1,206.353542,716.235198,-80.0,-60.0,0.0,0.0,True,straight,2000,2000,10,0.0,0.0,0.0,0.0,-4.949954,-1.773369,-473.646458,-43.764802,False,False,False,0.0,False,0.0,False,0.0,False,0.0,0.0,False,linear,0.0,0.0,0.0,0.0,False,clear,1.0,0.0
EXP_CC2CE078,42,1498,24.966667,1,205.020209,715.235198,-80.0,-60.0,0.0,0.0,True,straight,2000,2000,10,0.0,0.0,0.0,0.0,-4.958229,-1.779614,-474.979791,-44.764802,False,False,False,0.0,False,0.0,False,0.0,False,0.0,0.0,False,linear,0.0,0.0,0.0,0.0,False,clear,1.0,0.0
EXP_CC2CE078,42,1499,24.983333,1,203.686876,714.235198,-80.0,-60.0,0.0,0.0,True,straight,2000,2000,10,0.0,0.0,0.0,0.0,-4.966503,-1.78586,-476.313124,-45.764802,False,False,False,0.0,False,0.0,False,0.0,False,0.0,0.0,False,linear,0.0,0.0,0.0,0.0,False,clear,1.0,0.0
EXP_CC2CE078,42,1500,25.0,1,202.353542,713.235198,-80.0,-60.0,0.0,0.0,True,straight,2000,2000,10,0.0,0.0,0.0,0.0,-4.974777,-1.792105,-477.646458,-46.764802,False,False,False,0.0,False,0.0,False,0.0,False,0.0,0.0,False,linear,0.0,0.0,0.0,0.0,False,clear,1.0,0.0
EXP_CC2CE078,42,1501,25.016667,1,201.020209,712.235198,-80.0,-60.0,0.0,0.0,True,straight,2000,2000,10,0.0,0.0,0.0,0.0,-4.983051,-1.79835,-478.979791,-47.764802,False,False,False,0.0,False,0.0,False,0.0,False,0.0,0.0,False,linear,0.0,0.0,0.0,0.0,False,clear,1.0,0.0
EXP_CC2CE078,42,1502,25.033333,1,199.686876,711.235198,-80.0,-60.0,0.0,0.0,True,straight,2000,2000,10,0.0,0.0,0.0,0.0,-4.991325,-1.804595,-480.313124,-48.764802,False,False,False,0.0,False,0.0,False,0.0,False,0.0,0.0,False,linear,0.0,0.0,0.0,0.0,False,clear,1.0,0.0
EXP_CC2CE078,42,1503,25.05,1,198.353542,710.235198,-80.0,-60.0,0.0,0.0,True,straight,2000,2000,10,0.0,0.0,0.0,0.0,-4.999598,-1.810841,-481.646458,-49.764802,False,False,False,0.0,False,0.0,False,0.0,False,0.0,0.0,False,linear,0.0,0.0,0.0,0.0,False,clear,1.0,0.0
EXP_CC2CE078,42,1504,25.066667,1,197.020209,709.235198,-80.0,-60.0,0.0,0.0,True,straight,2000,2000,10,0.0,0.0,0.0,0.0,-5.007872,-1.817086,-482.979791,-50.764802,False,False,False,0.0,False,0.0,False,0.0,False,0.0,0.0,False,linear,0.0,0.0,0.0,0.0,False,clear,1.0,0.0
EXP_CC2CE078,42,1505,25.083333,1,195.686876,708.235198,-80.0,-60.0,0.0,0.0,True,straight,2000,2000,10,0.0,0.0,0.0,0.0,-5.016145,-1.823331,-484.313124,-51.764802,False,False,False,0.0,False,0.0,False,0.0,False,0.0,0.0,False,linear,0.0,0.0,0.0,0.0,False,clear,1.0,0.0
EXP_CC2CE078,42,1506,25.1,1,194.353542,707.235198,-80.0,-60.0,0.0,0.0,True,straight,2000,2000,10,0.0,0.0,0.0,0.0,-5.024417,-1.829576,-485.646458,-52.764802,False,False,False,0.0,False,0.0,False,0.0,False,0.0,0.0,False,linear,0.0,0.0,0.0,0.0,False,clear,1.0,0.0
EXP_CC2CE078,42,1507,25.116667,1,193.020209,706.235198,-80.0,-60.0,0.0,0.0,True,straight,2000,2000,10,0.0,0.0,0.0,0.0,-5.03269,-1.835821,-486.979791,-53.764802,False,False,False,0.0,False,0.0,False,0.0,False,0.0,0.0,False,linear,0.0,0.0,0.0,0.0,False,clear,1.0,0.0
EXP_CC2CE078,42,1508,25.133333,1,191.686876,705.235198,-80.0,-60.0,0.0,0.0,True,straight,2000,2000,10,0.0,0.0,0.0,0.0,-5.040963,-1.842066,-488.313124,-54.764802,False,False,False,0.0,False,0.0,False,0.0,False,0.0,0.0,False,linear,0.0,0.0,0.0,0.0,False,clear,1.0,0.0
EXP_CC2CE078,42,1509,25.15,1,190.353542,704.235198,-80.0,-60.0,0.0,0.0,True,straight,2000,2000,10,0.0,0.0,0.0,0.0,-5.049235,-1.848311,-489.646458,-55.764802,False,False,False,0.0,False,0.0,False,0.0,False,0.0,0.0,False,linear,0.0,0.0,0.0,0.0,False,clear,1.0,0.0
EXP_CC2CE078,42,1510,25.166667,1,189.020209,703.235198,-80.0,-60.0,0.0,0.0,True,straight,2000,2000,10,0.0,0.0,0.0,0.0,-5.057507,-1.854556,-490.979791,-56.764802,False,False,False,0.0,False,0.0,False,0.0,False,0.0,0.0,False,linear,0.0,0.0,0.0,0.0,False,clear,1.0,0.0
EXP_CC2CE078,42,1511,25.183333,1,187.686876,702.235198,-80.0,-60.0,0.0,0.0,True,straight,2000,2000,10,0.0,0.0,0.0,0.0,-5.065779,-1.860801,-492.313124,-57.764802,False,False,False,0.0,False,0.0,False,0.0,False,0.0,0.0,False,linear,0.0,0.0,0.0,0.0,False,clear,1.0,0.0
EXP_CC2CE078,42,1512,25.2,1,186.353542,701.235198,-80.0,-60.0,0.0,0.0,True,straight,2000,2000,10,0.0,0.0,0.0,0.0,-5.07405,-1.867046,-493.646458,-58.764802,False,False,False,0.0,False,0.0,False,0.0,False,0.0,0.0,False,linear,0.0,0.0,0.0,0.0,False,clear,1.0,0.0
EXP_CC2CE078,42,1513,25.216667,1,185.020209,700.235198,-80.0,-60.0,0.0,0.0,True,straight,2000,2000,10,0.0,0.0,0.0,0.0,-5.082322,-1.87329,-494.979791,-59.764802,False,False,False,0.0,False,0.0,False,0.0,False,0.0,0.0,False,linear,0.0,0.0,0.0,0.0,False,clear,1.0,0.0
EXP_CC2CE078,42,1514,25.233333,1,183.686876,699.235198,-80.0,-60.0,0.0,0.0,True,straight,2000,2000,10,0.0,0.0,0.0,0.0,-5.090593,-1.879535,-496.313124,-60.764802,False,False,False,0.0,False,0.0,False,0.0,False,0.0,0.0,False,linear,0.0,0.0,0.0,0.0,False,clear,1.0,0.0
EXP_CC2CE078,42,1515,25.25,1,182.353542,698.235198,-80.0,-60.0,0.0,0.0,True,straight,2000,2000,10,0.0,0.0,0.0,0.0,-5.098864,-1.88578,-497.646458,-61.764802,False,False,False,0.0,False,0.0,False,0.0,False,0.0,0.0,False,linear,0.0,0.0,0.0,0.0,False,clear,1.0,0.0
EXP_CC2CE078,42,1516,25.266667,1,181.020209,697.235198,-80.0,-60.0,0.0,0.0,True,straight,2000,2000,10,0.0,0.0,0.0,0.0,-5.107135,-1.892024,-498.979791,-62.764802,False,False,False,0.0,False,0.0,False,0.0,False,0.0,0.0,False,linear,0.0,0.0,0.0,0.0,False,clear,1.0,0.0
EXP_CC2CE078,42,1517,25.283333,1,179.686876,696.235198,-80.0,-60.0,0.0,0.0,True,straight,2000,2000,10,0.0,0.0,0.0,0.0,-5.115405,-1.898269,-500.313124,-63.764802,False,False,False,0.0,False,0.0,False,0.0,False,0.0,0.0,False,linear,0.0,0.0,0.0,0.0,False,clear,1.0,0.0
EXP_CC2CE078,42,1518,25.3,1,178.353542,695.235198,-80.0,-60.0,0.0,0.0,True,straight,2000,2000,10,0.0,0.0,0.0,0.0,-5.123676,-1.904514,-501.646458,-64.764802,False,False,False,0.0,False,0.0,False,0.0,False,0.0,0.0,False,linear,0.0,0.0,0.0,0.0,False,clear,1.0,0.0
EXP_CC2CE078,42,1519,25.316667,1,177.020209,694.235198,-80.0,-60.0,0.0,0.0,True,straight,2000,2000,10,0.0,0.0,0.0,0.0,-5.131946,-1.910758,-502.979791,-65.764802,False,False,False,0.0,False,0.0,False,0.0,False,0.0,0.0,False,linear,0.0,0.0,0.0,0.0,False,clear,1.0,0.0
EXP_CC2CE078,42,1520,25.333333,1,175.686876,693.235198,-80.0,-60.0,0.0,0.0,True,straight,2000,2000,10,0.0,0.0,0.0,0.0,-5.140216,-1.917003,-504.313124,-66.764802,False,False,False,0.0,False,0.0,False,0.0,False,0.0,0.0,False,linear,0.0,0.0,0.0,0.0,False,clear,1.0,0.0
EXP_CC2CE078,42,1521,25.35,1,174.353542,692.235198,-80.0,-60.0,0.0,0.0,True,straight,2000,2000,10,0.0,0.0,0.0,0.0,-5.148485,-1.923247,-505.646458,-67.764802,False,False,False,0.0,False,0.0,False,0.0,False,0.0,0.0,False,linear,0.0,0.0,0.0,0.0,False,clear,1.0,0.0
EXP_CC2CE078,42,1522,25.366667,1,173.020209,691.235198,-80.0,-60.0,0.0,0.0,True,straight,2000,2000,10,0.0,0.0,0.0,0.0,-5.156755,-1.929491,-506.979791,-68.764802,False,False,False,0.0,False,0.0,False,0.0,False,0.0,0.0,False,linear,0.0,0.0,0.0,0.0,False,clear,1.0,0.0
EXP_CC2CE078,42,1523,25.383333,1,171.686876,690.235198,-80.0,-60.0,0.0,0.0,True,straight,2000,2000,10,0.0,0.0,0.0,0.0,-5.165024,-1.935736,-508.313124,-69.764802,False,False,False,0.0,False,0.0,False,0.0,False,0.0,0.0,False,linear,0.0,0.0,0.0,0.0,False,clear,1.0,0.0
EXP_CC2CE078,42,1524,25.4,1,170.353542,689.235198,-80.0,-60.0,0.0,0.0,True,straight,2000,2000,10,0.0,0.0,0.0,0.0,-5.173293,-1.94198,-509.646458,-70.764802,False,False,False,0.0,False,0.0,False,0.0,False,0.0,0.0,False,linear,0.0,0.0,0.0,0.0,False,clear,1.0,0.0
EXP_CC2CE078,42,1525,25.416667,1,169.020209,688.235198,-80.0,-60.0,0.0,0.0,True,straight,2000,2000,10,0.0,0.0,0.0,0.0,-5.181562,-1.948224,-510.979791,-71.764802,False,False,False,0.0,False,0.0,False,0.0,False,0.0,0.0,False,linear,0.0,0.0,0.0,0.0,False,clear,1.0,0.0
EXP_CC2CE078,42,1526,25.433333,1,167.686876,687.235198,-80.0,-60.0,0.0,0.0,True,straight,2000,2000,10,0.0,0.0,0.0,0.0,-5.189831,-1.954468,-512.313124,-72.764802,False,False,False,0.0,False,0.0,False,0.0,False,0.0,0.0,False,linear,0.0,0.0,0.0,0.0,False,clear,1.0,0.0
EXP_CC2CE078,42,1527,25.45,1,166.353542,686.235198,-80.0,-60.0,0.0,0.0,True,straight,2000,2000,10,0.0,0.0,0.0,0.0,-5.198099,-1.960712,-513.646458,-73.764802,False,False,False,0.0,False,0.0,False,0.0,False,0.0,0.0,False,linear,0.0,0.0,0.0,0.0,False,clear,1.0,0.0
EXP_CC2CE078,42,1528,25.466667,1,165.020209,685.235198,-80.0,-60.0,0.0,0.0,True,straight,2000,2000,10,0.0,0.0,0.0,0.0,-5.206367,-1.966957,-514.979791,-74.764802,False,False,False,0.0,False,0.0,False,0.0,False,0.0,0.0,False,linear,0.0,0.0,0.0,0.0,False,clear,1.0,0.0
EXP_CC2CE078,42,1529,25.483333,1,163.686876,684.235198,-80.0,-60.0,0.0,0.0,True,straight,2000,2000,10,0.0,0.0,0.0,0.0,-5.214635,-1.973201,-516.313124,-75.764802,False,False,False,0.0,False,0.0,False,0.0,False,0.0,0.0,False,linear,0.0,0.0,0.0,0.0,False,clear,1.0,0.0
EXP_CC2CE078,42,1530,25.5,1,162.353542,683.235198,-80.0,-60.0,0.0,0.0,True,straight,2000,2000,10,0.0,0.0,0.0,0.0,-5.222903,-1.979445,-517.646458,-76.764802,False,False,False,0.0,False,0.0,False,0.0,False,0.0,0.0,False,linear,0.0,0.0,0.0,0.0,False,clear,1.0,0.0
EXP_CC2CE078,42,1531,25.516667,1,161.020209,682.235198,-80.0,-60.0,0.0,0.0,True,straight,2000,2000,10,0.0,0.0,0.0,0.0,-5.23117,-1.985688,-518.979791,-77.764802,False,False,False,0.0,False,0.0,False,0.0,False,0.0,0.0,False,linear,0.0,0.0,0.0,0.0,False,clear,1.0,0.0
EXP_CC2CE078,42,1532,25.533333,1,159.686876,681.235198,-80.0,-60.0,0.0,0.0,True,straight,2000,2000,10,0.0,0.0,0.0,0.0,-5.239438,-1.991932,-520.313124,-78.764802,False,False,False,0.0,False,0.0,False,0.0,False,0.0,0.0,False,linear,0.0,0.0,0.0,0.0,False,clear,1.0,0.0
EXP_CC2CE078,42,1533,25.55,1,158.353542,680.235198,-80.0,-60.0,0.0,0.0,True,straight,2000,2000,10,0.0,0.0,0.0,0.0,-5.247705,-1.998176,-521.646458,-79.764802,False,False,False,0.0,False,0.0,False,0.0,False,0.0,0.0,False,linear,0.0,0.0,0.0,0.0,False,clear,1.0,0.0
EXP_CC2CE078,42,1534,25.566667,1,157.020209,679.235198,-80.0,-60.0,0.0,0.0,True,straight,2000,2000,10,0.0,0.0,0.0,0.0,-5.255972,-2.00442,-522.979791,-80.764802,False,False,False,0.0,False,0.0,False,0.0,False,0.0,0.0,False,linear,0.0,0.0,0.0,0.0,False,clear,1.0,0.0
EXP_CC2CE078,42,1535,25.583333,1,155.686876,678.235198,-80.0,-60.0,0.0,0.0,True,straight,2000,2000,10,0.0,0.0,0.0,0.0,-5.264238,-2.010664,-524.313124,-81.764802,False,False,False,0.0,False,0.0,False,0.0,False,0.0,0.0,False,linear,0.0,0.0,0.0,0.0,False,clear,1.0,0.0
EXP_CC2CE078,42,1536,25.6,1,154.353542,677.235198,-80.0,-60.0,0.0,0.0,True,straight,2000,2000,10,0.0,0.0,0.0,0.0,-5.272505,-2.016908,-525.646458,-82.764802,False,False,False,0.0,False,0.0,False,0.0,False,0.0,0.0,False,linear,0.0,0.0,0.0,0.0,False,clear,1.0,0.0
EXP_CC2CE078,42,1537,25.616667,1,153.020209,676.235198,-80.0,-60.0,0.0,0.0,True,straight,2000,2000,10,0.0,0.0,0.0,0.0,-5.280771,-2.023151,-526.979791,-83.764802,False,False,False,0.0,False,0.0,False,0.0,False,0.0,0.0,False,linear,0.0,0.0,0.0,0.0,False,clear,1.0,0.0
EXP_CC2CE078,42,1538,25.633333,1,151.686876,675.235198,-80.0,-60.0,0.0,0.0,True,straight,2000,2000,10,0.0,0.0,0.0,0.0,-5.289037,-2.029395,-528.313124,-84.764802,False,False,False,0.0,False,0.0,False,0.0,False,0.0,0.0,False,linear,0.0,0.0,0.0,0.0,False,clear,1.0,0.0
EXP_CC2CE078,42,1539,25.65,1,150.353542,674.235198,-80.0,-60.0,0.0,0.0,True,straight,2000,2000,10,0.0,0.0,0.0,0.0,-5.297303,-2.035638,-529.646458,-85.764802,False,False,False,0.0,False,0.0,False,0.0,False,0.0,0.0,False,linear,0.0,0.0,0.0,0.0,False,clear,1.0,0.0
EXP_CC2CE078,42,1540,25.666667,1,149.020209,673.235198,-80.0,-60.0,0.0,0.0,True,straight,2000,2000,10,0.0,0.0,0.0,0.0,-5.305568,-2.041882,-530.979791,-86.764802,False,False,False,0.0,False,0.0,False,0.0,False,0.0,0.0,False,linear,0.0,0.0,0.0,0.0,False,clear,1.0,0.0
EXP_CC2CE078,42,1541,25.683333,1,147.686876,672.235198,-80.0,-60.0,0.0,0.0,True,straight,2000,2000,10,0.0,0.0,0.0,0.0,-5.313834,-2.048125,-532.313124,-87.764802,False,False,False,0.0,False,0.0,False,0.0,False,0.0,0.0,False,linear,0.0,0.0,0.0,0.0,False,clear,1.0,0.0
EXP_CC2CE078,42,1542,25.7,1,146.353542,671.235198,-80.0,-60.0,0.0,0.0,True,straight,2000,2000,10,0.0,0.0,0.0,0.0,-5.322099,-2.054369,-533.646458,-88.764802,False,False,False,0.0,False,0.0,False,0.0,False,0.0,0.0,False,linear,0.0,0.0,0.0,0.0,False,clear,1.0,0.0
EXP_CC2CE078,42,1543,25.716667,1,145.020209,670.235198,-80.0,-60.0,0.0,0.0,True,straight,2000,2000,10,0.0,0.0,0.0,0.0,-5.330364,-2.060612,-534.979791,-89.764802,False,False,False,0.0,False,0.0,False,0.0,False,0.0,0.0,False,linear,0.0,0.0,0.0,0.0,False,clear,1.0,0.0
EXP_CC2CE078,42,1544,25.733333,1,143.686876,669.235198,-80.0,-60.0,0.0,0.0,True,straight,2000,2000,10,0.0,0.0,0.0,0.0,-5.338628,-2.066855,-536.313124,-90.764802,False,False,False,0.0,False,0.0,False,0.0,False,0.0,0.0,False,linear,0.0,0.0,0.0,0.0,False,clear,1.0,0.0
EXP_CC2CE078,42,1545,25.75,1,142.353542,668.235198,-80.0,-60.0,0.0,0.0,True,straight,2000,2000,10,0.0,0.0,0.0,0.0,-5.346893,-2.073099,-537.646458,-91.764802,False,False,False,0.0,False,0.0,False,0.0,False,0.0,0.0,False,linear,0.0,0.0,0.0,0.0,False,clear,1.0,0.0
EXP_CC2CE078,42,1546,25.766667,1,141.020209,667.235198,-80.0,-60.0,0.0,0.0,True,straight,2000,2000,10,0.0,0.0,0.0,0.0,-5.355157,-2.079342,-538.979791,-92.764802,False,False,False,0.0,False,0.0,False,0.0,False,0.0,0.0,False,linear,0.0,0.0,0.0,0.0,False,clear,1.0,0.0
EXP_CC2CE078,42,1547,25.783333,1,139.686876,666.235198,-80.0,-60.0,0.0,0.0,True,straight,2000,2000,10,0.0,0.0,0.0,0.0,-5.363421,-2.085585,-540.313124,-93.764802,False,False,False,0.0,False,0.0,False,0.0,False,0.0,0.0,False,linear,0.0,0.0,0.0,0.0,False,clear,1.0,0.0
EXP_CC2CE078,42,1548,25.8,1,138.353542,665.235198,-80.0,-60.0,0.0,0.0,True,straight,2000,2000,10,0.0,0.0,0.0,0.0,-5.371685,-2.091828,-541.646458,-94.764802,False,False,False,0.0,False,0.0,False,0.0,False,0.0,0.0,False,linear,0.0,0.0,0.0,0.0,False,clear,1.0,0.0
EXP_CC2CE078,42,1549,25.816667,1,137.020209,664.235198,-80.0,-60.0,0.0,0.0,True,straight,2000,2000,10,0.0,0.0,0.0,0.0,-5.379948,-2.098071,-542.979791,-95.764802,False,False,False,0.0,False,0.0,False,0.0,False,0.0,0.0,False,linear,0.0,0.0,0.0,0.0,False,clear,1.0,0.0
EXP_CC2CE078,42,1550,25.833333,1,135.686876,663.235198,-80.0,-60.0,0.0,0.0,True,straight,2000,2000,10,0.0,0.0,0.0,0.0,-5.388211,-2.104314,-544.313124,-96.764802,False,False,False,0.0,False,0.0,False,0.0,False,0.0,0.0,False,linear,0.0,0.0,0.0,0.0,False,clear,1.0,0.0
EXP_CC2CE078,42,1551,25.85,1,134.353542,662.235198,-80.0,-60.0,0.0,0.0,True,straight,2000,2000,10,0.0,0.0,0.0,0.0,-5.396475,-2.110557,-545.646458,-97.764802,False,False,False,0.0,False,0.0,False,0.0,False,0.0,0.0,False,linear,0.0,0.0,0.0,0.0,False,clear,1.0,0.0
EXP_CC2CE078,42,1552,25.866667,1,133.020209,661.235198,-80.0,-60.0,0.0,0.0,True,straight,2000,2000,10,0.0,0.0,0.0,0.0,-5.404737,-2.1168,-546.979791,-98.764802,False,False,False,0.0,False,0.0,False,0.0,False,0.0,0.0,False,linear,0.0,0.0,0.0,0.0,False,clear,1.0,0.0
EXP_CC2CE078,42,1553,25.883333,1,131.686876,660.235198,-80.0,-60.0,0.0,0.0,True,straight,2000,2000,10,0.0,0.0,0.0,0.0,-5.413,-2.123043,-548.313124,-99.764802,False,False,False,0.0,False,0.0,False,0.0,False,0.0,0.0,False,linear,0.0,0.0,0.0,0.0,False,clear,1.0,0.0
EXP_CC2CE078,42,1554,25.9,1,130.353542,659.235198,-80.0,-60.0,0.0,0.0,True,straight,2000,2000,10,0.0,0.0,0.0,0.0,-5.421262,-2.129286,-549.646458,-100.764802,False,False,False,0.0,False,0.0,False,0.0,False,0.0,0.0,False,linear,0.0,0.0,0.0,0.0,False,clear,1.0,0.0
EXP_CC2CE078,42,1555,25.916667,1,129.020209,658.235198,-80.0,-60.0,0.0,0.0,True,straight,2000,2000,10,0.0,0.0,0.0,0.0,-5.429525,-2.135529,-550.979791,-101.764802,False,False,False,0.0,False,0.0,False,0.0,False,0.0,0.0,False,linear,0.0,0.0,0.0,0.0,False,clear,1.0,0.0
EXP_CC2CE078,42,1556,25.933333,1,127.686876,657.235198,-80.0,-60.0,0.0,0.0,True,straight,2000,2000,10,0.0,0.0,0.0,0.0,-5.437787,-2.141771,-552.313124,-102.764802,False,False,False,0.0,False,0.0,False,0.0,False,0.0,0.0,False,linear,0.0,0.0,0.0,0.0,False,clear,1.0,0.0
EXP_CC2CE078,42,1557,25.95,1,126.353542,656.235198,-80.0,-60.0,0.0,0.0,True,straight,2000,2000,10,0.0,0.0,0.0,0.0,-5.446048,-2.148014,-553.646458,-103.764802,False,False,False,0.0,False,0.0,False,0.0,False,0.0,0.0,False,linear,0.0,0.0,0.0,0.0,False,clear,1.0,0.0
EXP_CC2CE078,42,1558,25.966667,1,125.020209,655.235198,-80.0,-60.0,0.0,0.0,True,straight,2000,2000,10,0.0,0.0,0.0,0.0,-5.45431,-2.154257,-554.979791,-104.764802,False,False,False,0.0,False,0.0,False,0.0,False,0.0,0.0,False,linear,0.0,0.0,0.0,0.0,False,clear,1.0,0.0
EXP_CC2CE078,42,1559,25.983333,1,123.686876,654.235198,-80.0,-60.0,0.0,0.0,True,straight,2000,2000,10,0.0,0.0,0.0,0.0,-5.462571,-2.160499,-556.313124,-105.764802,False,False,False,0.0,False,0.0,False,0.0,False,0.0,0.0,False,linear,0.0,0.0,0.0,0.0,False,clear,1.0,0.0
EXP_CC2CE078,42,1560,26.0,1,122.353542,653.235198,-80.0,-60.0,0.0,0.0,True,straight,2000,2000,10,0.0,0.0,0.0,0.0,-5.470832,-2.166742,-557.646458,-106.764802,False,False,False,0.0,False,0.0,False,0.0,False,0.0,0.0,False,linear,0.0,0.0,0.0,0.0,False,clear,1.0,0.0
EXP_CC2CE078,42,1561,26.016667,1,121.020209,652.235198,-80.0,-60.0,0.0,0.0,True,straight,2000,2000,10,0.0,0.0,0.0,0.0,-5.479093,-2.172984,-558.979791,-107.764802,False,False,False,0.0,False,0.0,False,0.0,False,0.0,0.0,False,linear,0.0,0.0,0.0,0.0,False,clear,1.0,0.0
EXP_CC2CE078,42,1562,26.033333,1,119.686876,651.235198,-80.0,-60.0,0.0,0.0,True,straight,2000,2000,10,0.0,0.0,0.0,0.0,-5.487354,-2.179227,-560.313124,-108.764802,False,False,False,0.0,False,0.0,False,0.0,False,0.0,0.0,False,linear,0.0,0.0,0.0,0.0,False,clear,1.0,0.0
EXP_CC2CE078,42,1563,26.05,1,118.353542,650.235198,-80.0,-60.0,0.0,0.0,True,straight,2000,2000,10,0.0,0.0,0.0,0.0,-5.495614,-2.185469,-561.646458,-109.764802,False,False,False,0.0,False,0.0,False,0.0,False,0.0,0.0,False,linear,0.0,0.0,0.0,0.0,False,clear,1.0,0.0
EXP_CC2CE078,42,1564,26.066667,1,117.020209,649.235198,-80.0,-60.0,0.0,0.0,True,straight,2000,2000,10,0.0,0.0,0.0,0.0,-5.503874,-2.191711,-562.979791,-110.764802,False,False,False,0.0,False,0.0,False,0.0,False,0.0,0.0,False,linear,0.0,0.0,0.0,0.0,False,clear,1.0,0.0
EXP_CC2CE078,42,1565,26.083333,1,115.686876,648.235198,-80.0,-60.0,0.0,0.0,True,straight,2000,2000,10,0.0,0.0,0.0,0.0,-5.512134,-2.197954,-564.313124,-111.764802,False,False,False,0.0,False,0.0,False,0.0,False,0.0,0.0,False,linear,0.0,0.0,0.0,0.0,False,clear,1.0,0.0
EXP_CC2CE078,42,1566,26.1,1,114.353542,647.235198,-80.0,-60.0,0.0,0.0,True,straight,2000,2000,10,0.0,0.0,0.0,0.0,-5.520394,-2.204196,-565.646458,-112.764802,False,False,False,0.0,False,0.0,False,0.0,False,0.0,0.0,False,linear,0.0,0.0,0.0,0.0,False,clear,1.0,0.0
EXP_CC2CE078,42,1567,26.116667,1,113.020209,646.235198,-80.0,-60.0,0.0,0.0,True,straight,2000,2000,10,0.0,0.0,0.0,0.0,-5.528653,-2.210438,-566.979791,-113.764802,False,False,False,0.0,False,0.0,False,0.0,False,0.0,0.0,False,linear,0.0,0.0,0.0,0.0,False,clear,1.0,0.0
EXP_CC2CE078,42,1568,26.133333,1,111.686876,645.235198,-80.0,-60.0,0.0,0.0,True,straight,2000,2000,10,0.0,0.0,0.0,0.0,-5.536912,-2.21668,-568.313124,-114.764802,False,False,False,0.0,False,0.0,False,0.0,False,0.0,0.0,False,linear,0.0,0.0,0.0,0.0,False,clear,1.0,0.0
EXP_CC2CE078,42,1569,26.15,1,110.353542,644.235198,-80.0,-60.0,0.0,0.0,True,straight,2000,2000,10,0.0,0.0,0.0,0.0,-5.545171,-2.222922,-569.646458,-115.764802,False,False,False,0.0,False,0.0,False,0.0,False,0.0,0.0,False,linear,0.0,0.0,0.0,0.0,False,clear,1.0,0.0
EXP_CC2CE078,42,1570,26.166667,1,109.020209,643.235198,-80.0,-60.0,0.0,0.0,True,straight,2000,2000,10,0.0,0.0,0.0,0.0,-5.55343,-2.229164,-570.979791,-116.764802,False,False,False,0.0,False,0.0,False,0.0,False,0.0,0.0,False,linear,0.0,0.0,0.0,0.0,False,clear,1.0,0.0
EXP_CC2CE078,42,1571,26.183333,1,107.686876,642.235198,-80.0,-60.0,0.0,0.0,True,straight,2000,2000,10,0.0,0.0,0.0,0.0,-5.561689,-2.235406,-572.313124,-117.764802,False,False,False,0.0,False,0.0,False,0.0,False,0.0,0.0,False,linear,0.0,0.0,0.0,0.0,False,clear,1.0,0.0
EXP_CC2CE078,42,1572,26.2,1,106.353542,641.235198,-80.0,-60.0,0.0,0.0,True,straight,2000,2000,10,0.0,0.0,0.0,0.0,-5.569947,-2.241648,-573.646458,-118.764802,False,False,False,0.0,False,0.0,False,0.0,False,0.0,0.0,False,linear,0.0,0.0,0.0,0.0,False,clear,1.0,0.0
EXP_CC2CE078,42,1573,26.216667,1,105.020209,640.235198,-80.0,-60.0,0.0,0.0,True,straight,2000,2000,10,0.0,0.0,0.0,0.0,-5.578205,-2.24789,-574.979791,-119.764802,False,False,False,0.0,False,0.0,False,0.0,False,0.0,0.0,False,linear,0.0,0.0,0.0,0.0,False,clear,1.0,0.0
EXP_CC2CE078,42,1574,26.233333,1,103.686876,639.235198,-80.0,-60.0,0.0,0.0,True,straight,2000,2000,10,0.0,0.0,0.0,0.0,-5.586463,-2.254132,-576.313124,-120.764802,False,False,False,0.0,False,0.0,False,0.0,False,0.0,0.0,False,linear,0.0,0.0,0.0,0.0,False,clear,1.0,0.0
EXP_CC2CE078,42,1575,26.25,1,102.353542,638.235198,-80.0,-60.0,0.0,0.0,True,straight,2000,2000,10,0.0,0.0,0.0,0.0,-5.594721,-2.260373,-577.646458,-121.764802,False,False,False,0.0,False,0.0,False,0.0,False,0.0,0.0,False,linear,0.0,0.0,0.0,0.0,False,clear,1.0,0.0
EXP_CC2CE078,42,1576,26.266667,1,101.020209,637.235198,-80.0,-60.0,0.0,0.0,True,straight,2000,2000,10,0.0,0.0,0.0,0.0,-5.602978,-2.266615,-578.979791,-122.764802,False,False,False,0.0,False,0.0,False,0.0,False,0.0,0.0,False,linear,0.0,0.0,0.0,0.0,False,clear,1.0,0.0
EXP_CC2CE078,42,1577,26.283333,1,99.686876,636.235198,-80.0,-60.0,0.0,0.0,True,straight,2000,2000,10,0.0,0.0,0.0,0.0,-5.611235,-2.272857,-580.313124,-123.764802,False,False,False,0.0,False,0.0,False,0.0,False,0.0,0.0,False,linear,0.0,0.0,0.0,0.0,False,clear,1.0,0.0
EXP_CC2CE078,42,1578,26.3,1,98.353542,635.235198,-80.0,-60.0,0.0,0.0,True,straight,2000,2000,10,0.0,0.0,0.0,0.0,-5.619492,-2.279098,-581.646458,-124.764802,False,False,False,0.0,False,0.0,False,0.0,False,0.0,0.0,False,linear,0.0,0.0,0.0,0.0,False,clear,1.0,0.0
EXP_CC2CE078,42,1579,26.316667,1,97.020209,634.235198,-80.0,-60.0,0.0,0.0,True,straight,2000,2000,10,0.0,0.0,0.0,0.0,-5.627749,-2.28534,-582.979791,-125.764802,False,False,False,0.0,False,0.0,False,0.0,False,0.0,0.0,False,linear,0.0,0.0,0.0,0.0,False,clear,1.0,0.0
EXP_CC2CE078,42,1580,26.333333,1,95.686876,633.235198,-80.0,-60.0,0.0,0.0,True,straight,2000,2000,10,0.0,0.0,0.0,0.0,-5.636005,-2.291581,-584.313124,-126.764802,False,False,False,0.0,False,0.0,False,0.0,False,0.0,0.0,False,linear,0.0,0.0,0.0,0.0,False,clear,1.0,0.0
EXP_CC2CE078,42,1581,26.35,1,94.353542,632.235198,-80.0,-60.0,0.0,0.0,True,straight,2000,2000,10,0.0,0.0,0.0,0.0,-5.644261,-2.297823,-585.646458,-127.764802,False,False,False,0.0,False,0.0,False,0.0,False,0.0,0.0,False,linear,0.0,0.0,0.0,0.0,False,clear,1.0,0.0
EXP_CC2CE078,42,1582,26.366667,1,93.020209,631.235198,-80.0,-60.0,0.0,0.0,True,straight,2000,2000,10,0.0,0.0,0.0,0.0,-5.652517,-2.304064,-586.979791,-128.764802,False,False,False,0.0,False,0.0,False,0.0,False,0.0,0.0,False,linear,0.0,0.0,0.0,0.0,False,clear,1.0,0.0
EXP_CC2CE078,42,1583,26.383333,1,91.686876,630.235198,-80.0,-60.0,0.0,0.0,True,straight,2000,2000,10,0.0,0.0,0.0,0.0,-5.660773,-2.310305,-588.313124,-129.764802,False,False,False,0.0,False,0.0,False,0.0,False,0.0,0.0,False,linear,0.0,0.0,0.0,0.0,False,clear,1.0,0.0
EXP_CC2CE078,42,1584,26.4,1,90.353542,629.235198,-80.0,-60.0,0.0,0.0,True,straight,2000,2000,10,0.0,0.0,0.0,0.0,-5.669028,-2.316546,-589.646458,-130.764802,False,False,False,0.0,False,0.0,False,0.0,False,0.0,0.0,False,linear,0.0,0.0,0.0,0.0,False,clear,1.0,0.0
EXP_CC2CE078,42,1585,26.416667,1,89.020209,628.235198,-80.0,-60.0,0.0,0.0,True,straight,2000,2000,10,0.0,0.0,0.0,0.0,-5.677284,-2.322788,-590.979791,-131.764802,False,False,False,0.0,False,0.0,False,0.0,False,0.0,0.0,False,linear,0.0,0.0,0.0,0.0,False,clear,1.0,0.0
EXP_CC2CE078,42,1586,26.433333,1,87.686876,627.235198,-80.0,-60.0,0.0,0.0,True,straight,2000,2000,10,0.0,0.0,0.0,0.0,-5.685539,-2.329029,-592.313124,-132.764802,False,False,False,0.0,False,0.0,False,0.0,False,0.0,0.0,False,linear,0.0,0.0,0.0,0.0,False,clear,1.0,0.0
EXP_CC2CE078,42,1587,26.45,1,86.353542,626.235198,-80.0,-60.0,0.0,0.0,True,straight,2000,2000,10,0.0,0.0,0.0,0.0,-5.693793,-2.33527,-593.646458,-133.764802,False,False,False,0.0,False,0.0,False,0.0,False,0.0,0.0,False,linear,0.0,0.0,0.0,0.0,False,clear,1.0,0.0
EXP_CC2CE078,42,1588,26.466667,1,85.020209,625.235198,-80.0,-60.0,0.0,0.0,True,straight,2000,2000,10,0.0,0.0,0.0,0.0,-5.702048,-2.341511,-594.979791,-134.764802,False,False,False,0.0,False,0.0,False,0.0,False,0.0,0.0,False,linear,0.0,0.0,0.0,0.0,False,clear,1.0,0.0
EXP_CC2CE078,42,1589,26.483333,1,83.686876,624.235198,-80.0,-60.0,0.0,0.0,True,straight,2000,2000,10,0.0,0.0,0.0,0.0,-5.710302,-2.347752,-596.313124,-135.764802,False,False,False,0.0,False,0.0,False,0.0,False,0.0,0.0,False,linear,0.0,0.0,0.0,0.0,False,clear,1.0,0.0
EXP_CC2CE078,42,1590,26.5,1,82.353542,623.235198,-80.0,-60.0,0.0,0.0,True,straight,2000,2000,10,0.0,0.0,0.0,0.0,-5.718556,-2.353993,-597.646458,-136.764802,False,False,False,0.0,False,0.0,False,0.0,False,0.0,0.0,False,linear,0.0,0.0,0.0,0.0,False,clear,1.0,0.0
EXP_CC2CE078,42,1591,26.516667,1,81.020209,622.235198,-80.0,-60.0,0.0,0.0,True,straight,2000,2000,10,0.0,0.0,0.0,0.0,-5.72681,-2.360234,-598.979791,-137.764802,False,False,False,0.0,False,0.0,False,0.0,False,0.0,0.0,False,linear,0.0,0.0,0.0,0.0,False,clear,1.0,0.0
EXP_CC2CE078,42,1592,26.533333,1,79.686876,621.235198,-80.0,-60.0,0.0,0.0,True,straight,2000,2000,10,0.0,0.0,0.0,0.0,-5.735064,-2.366474,-600.313124,-138.764802,False,False,False,0.0,False,0.0,False,0.0,False,0.0,0.0,False,linear,0.0,0.0,0.0,0.0,False,clear,1.0,0.0
EXP_CC2CE078,42,1593,26.55,1,78.353542,620.235198,-80.0,-60.0,0.0,0.0,True,straight,2000,2000,10,0.0,0.0,0.0,0.0,-5.743317,-2.372715,-601.646458,-139.764802,False,False,False,0.0,False,0.0,False,0.0,False,0.0,0.0,False,linear,0.0,0.0,0.0,0.0,False,clear,1.0,0.0
EXP_CC2CE078,42,1594,26.566667,1,77.020209,619.235198,-80.0,-60.0,0.0,0.0,True,straight,2000,2000,10,0.0,0.0,0.0,0.0,-5.75157,-2.378956,-602.979791,-140.764802,False,False,False,0.0,False,0.0,False,0.0,False,0.0,0.0,False,linear,0.0,0.0,0.0,0.0,False,clear,1.0,0.0
EXP_CC2CE078,42,1595,26.583333,1,75.686876,618.235198,-80.0,-60.0,0.0,0.0,True,straight,2000,2000,10,0.0,0.0,0.0,0.0,-5.759823,-2.385196,-604.313124,-141.764802,False,False,False,0.0,False,0.0,False,0.0,False,0.0,0.0,False,linear,0.0,0.0,0.0,0.0,False,clear,1.0,0.0
EXP_CC2CE078,42,1596,26.6,1,74.353542,617.235198,-80.0,-60.0,0.0,0.0,True,straight,2000,2000,10,0.0,0.0,0.0,0.0,-5.768076,-2.391437,-605.646458,-142.764802,False,False,False,0.0,False,0.0,False,0.0,False,0.0,0.0,False,linear,0.0,0.0,0.0,0.0,False,clear,1.0,0.0
EXP_CC2CE078,42,1597,26.616667,1,73.020209,616.235198,-80.0,-60.0,0.0,0.0,True,straight,2000,2000,10,0.0,0.0,0.0,0.0,-5.776328,-2.397678,-606.979791,-143.764802,False,False,False,0.0,False,0.0,False,0.0,False,0.0,0.0,False,linear,0.0,0.0,0.0,0.0,False,clear,1.0,0.0
EXP_CC2CE078,42,1598,26.633333,1,71.686876,615.235198,-80.0,-60.0,0.0,0.0,True,straight,2000,2000,10,0.0,0.0,0.0,0.0,-5.78458,-2.403918,-608.313124,-144.764802,False,False,False,0.0,False,0.0,False,0.0,False,0.0,0.0,False,linear,0.0,0.0,0.0,0.0,False,clear,1.0,0.0
EXP_CC2CE078,42,1599,26.65,1,70.353542,614.235198,-80.0,-60.0,0.0,0.0,True,straight,2000,2000,10,0.0,0.0,0.0,0.0,-5.792832,-2.410158,-609.646458,-145.764802,False,False,False,0.0,False,0.0,False,0.0,False,0.0,0.0,False,linear,0.0,0.0,0.0,0.0,False,clear,1.0,0.0
EXP_CC2CE078,42,1600,26.666667,1,69.020209,613.235198,-80.0,-60.0,0.0,0.0,True,straight,2000,2000,10,0.0,0.0,0.0,0.0,-5.801084,-2.416399,-610.979791,-146.764802,False,False,False,0.0,False,0.0,False,0.0,False,0.0,0.0,False,linear,0.0,0.0,0.0,0.0,False,clear,1.0,0.0
EXP_CC2CE078,42,1601,26.683333,1,67.686876,612.235198,-80.0,-60.0,0.0,0.0,True,straight,2000,2000,10,0.0,0.0,0.0,0.0,-5.809335,-2.422639,-612.313124,-147.764802,False,False,False,0.0,False,0.0,False,0.0,False,0.0,0.0,False,linear,0.0,0.0,0.0,0.0,False,clear,1.0,0.0
EXP_CC2CE078,42,1602,26.7,1,66.353542,611.235198,-80.0,-60.0,0.0,0.0,True,straight,2000,2000,10,0.0,0.0,0.0,0.0,-5.817587,-2.428879,-613.646458,-148.764802,False,False,False,0.0,False,0.0,False,0.0,False,0.0,0.0,False,linear,0.0,0.0,0.0,0.0,False,clear,1.0,0.0
EXP_CC2CE078,42,1603,26.716667,1,65.020209,610.235198,-80.0,-60.0,0.0,0.0,True,straight,2000,2000,10,0.0,0.0,0.0,0.0,-5.825837,-2.435119,-614.979791,-149.764802,False,False,False,0.0,False,0.0,False,0.0,False,0.0,0.0,False,linear,0.0,0.0,0.0,0.0,False,clear,1.0,0.0
EXP_CC2CE078,42,1604,26.733333,1,63.686876,609.235198,-80.0,-60.0,0.0,0.0,True,straight,2000,2000,10,0.0,0.0,0.0,0.0,-5.834088,-2.44136,-616.313124,-150.764802,False,False,False,0.0,False,0.0,False,0.0,False,0.0,0.0,False,linear,0.0,0.0,0.0,0.0,False,clear,1.0,0.0
EXP_CC2CE078,42,1605,26.75,1,62.353542,608.235198,-80.0,-60.0,0.0,0.0,True,straight,2000,2000,10,0.0,0.0,0.0,0.0,-5.842339,-2.4476,-617.646458,-151.764802,False,False,False,0.0,False,0.0,False,0.0,False,0.0,0.0,False,linear,0.0,0.0,0.0,0.0,False,clear,1.0,0.0
EXP_CC2CE078,42,1606,26.766667,1,61.020209,607.235198,-80.0,-60.0,0.0,0.0,True,straight,2000,2000,10,0.0,0.0,0.0,0.0,-5.850589,-2.45384,-618.979791,-152.764802,False,False,False,0.0,False,0.0,False,0.0,False,0.0,0.0,False,linear,0.0,0.0,0.0,0.0,False,clear,1.0,0.0
EXP_CC2CE078,42,1607,26.783333,1,59.686876,606.235198,-80.0,-60.0,0.0,0.0,True,straight,2000,2000,10,0.0,0.0,0.0,0.0,-5.858839,-2.46008,-620.313124,-153.764802,False,False,False,0.0,False,0.0,False,0.0,False,0.0,0.0,False,linear,0.0,0.0,0.0,0.0,False,clear,1.0,0.0
EXP_CC2CE078,42,1608,26.8,1,58.353542,605.235198,-80.0,-60.0,0.0,0.0,True,straight,2000,2000,10,0.0,0.0,0.0,0.0,-5.867089,-2.466319,-621.646458,-154.764802,False,False,False,0.0,False,0.0,False,0.0,False,0.0,0.0,False,linear,0.0,0.0,0.0,0.0,False,clear,1.0,0.0
EXP_CC2CE078,42,1609,26.816667,1,57.020209,604.235198,-80.0,-60.0,0.0,0.0,True,straight,2000,2000,10,0.0,0.0,0.0,0.0,-5.875338,-2.472559,-622.979791,-155.764802,False,False,False,0.0,False,0.0,False,0.0,False,0.0,0.0,False,linear,0.0,0.0,0.0,0.0,False,clear,1.0,0.0
EXP_CC2CE078,42,1610,26.833333,1,55.686876,603.235198,-80.0,-60.0,0.0,0.0,True,straight,2000,2000,10,0.0,0.0,0.0,0.0,-5.883587,-2.478799,-624.313124,-156.764802,False,False,False,0.0,False,0.0,False,0.0,False,0.0,0.0,False,linear,0.0,0.0,0.0,0.0,False,clear,1.0,0.0
EXP_CC2CE078,42,1611,26.85,1,54.353542,602.235198,-80.0,-60.0,0.0,0.0,True,straight,2000,2000,10,0.0,0.0,0.0,0.0,-5.891836,-2.485039,-625.646458,-157.764802,False,False,False,0.0,False,0.0,False,0.0,False,0.0,0.0,False,linear,0.0,0.0,0.0,0.0,False,clear,1.0,0.0
EXP_CC2CE078,42,1612,26.866667,1,53.020209,601.235198,-80.0,-60.0,0.0,0.0,True,straight,2000,2000,10,0.0,0.0,0.0,0.0,-5.900085,-2.491278,-626.979791,-158.764802,False,False,False,0.0,False,0.0,False,0.0,False,0.0,0.0,False,linear,0.0,0.0,0.0,0.0,False,clear,1.0,0.0
EXP_CC2CE078,42,1613,26.883333,1,51.686876,600.235198,-80.0,-60.0,0.0,0.0,True,straight,2000,2000,10,0.0,0.0,0.0,0.0,-5.908334,-2.497518,-628.313124,-159.764802,False,False,False,0.0,False,0.0,False,0.0,False,0.0,0.0,False,linear,0.0,0.0,0.0,0.0,False,clear,1.0,0.0
EXP_CC2CE078,42,1614,26.9,1,50.353542,599.235198,-80.0,-60.0,0.0,0.0,True,straight,2000,2000,10,0.0,0.0,0.0,0.0,-5.916582,-2.503757,-629.646458,-160.764802,False,False,False,0.0,False,0.0,False,0.0,False,0.0,0.0,False,linear,0.0,0.0,0.0,0.0,False,clear,1.0,0.0
EXP_CC2CE078,42,1615,26.916667,1,49.020209,598.235198,-80.0,-60.0,0.0,0.0,True,straight,2000,2000,10,0.0,0.0,0.0,0.0,-5.92483,-2.509997,-630.979791,-161.764802,False,False,False,0.0,False,0.0,False,0.0,False,0.0,0.0,False,linear,0.0,0.0,0.0,0.0,False,clear,1.0,0.0
EXP_CC2CE078,42,1616,26.933333,1,47.686876,597.235198,-80.0,-60.0,0.0,0.0,True,straight,2000,2000,10,0.0,0.0,0.0,0.0,-5.933078,-2.516236,-632.313124,-162.764802,False,False,False,0.0,False,0.0,False,0.0,False,0.0,0.0,False,linear,0.0,0.0,0.0,0.0,False,clear,1.0,0.0
EXP_CC2CE078,42,1617,26.95,1,46.353542,596.235198,-80.0,-60.0,0.0,0.0,True,straight,2000,2000,10,0.0,0.0,0.0,0.0,-5.941325,-2.522476,-633.646458,-163.764802,False,False,False,0.0,False,0.0,False,0.0,False,0.0,0.0,False,linear,0.0,0.0,0.0,0.0,False,clear,1.0,0.0
EXP_CC2CE078,42,1618,26.966667,1,45.020209,595.235198,-80.0,-60.0,0.0,0.0,True,straight,2000,2000,10,0.0,0.0,0.0,0.0,-5.949572,-2.528715,-634.979791,-164.764802,False,False,False,0.0,False,0.0,False,0.0,False,0.0,0.0,False,linear,0.0,0.0,0.0,0.0,False,clear,1.0,0.0
EXP_CC2CE078,42,1619,26.983333,1,43.686876,594.235198,-80.0,-60.0,0.0,0.0,True,straight,2000,2000,10,0.0,0.0,0.0,0.0,-5.957819,-2.534954,-636.313124,-165.764802,False,False,False,0.0,False,0.0,False,0.0,False,0.0,0.0,False,linear,0.0,0.0,0.0,0.0,False,clear,1.0,0.0
EXP_CC2CE078,42,1620,27.0,1,42.353542,593.235198,-80.0,-60.0,0.0,0.0,True,straight,2000,2000,10,0.0,0.0,0.0,0.0,-5.966066,-2.541193,-637.646458,-166.764802,False,False,False,0.0,False,0.0,False,0.0,False,0.0,0.0,False,linear,0.0,0.0,0.0,0.0,False,clear,1.0,0.0
EXP_CC2CE078,42,1621,27.016667,1,41.020209,592.235198,-80.0,-60.0,0.0,0.0,True,straight,2000,2000,10,0.0,0.0,0.0,0.0,-5.974313,-2.547433,-638.979791,-167.764802,False,False,False,0.0,False,0.0,False,0.0,False,0.0,0.0,False,linear,0.0,0.0,0.0,0.0,False,clear,1.0,0.0
EXP_CC2CE078,42,1622,27.033333,1,39.686876,591.235198,-80.0,-60.0,0.0,0.0,True,straight,2000,2000,10,0.0,0.0,0.0,0.0,-5.982559,-2.553672,-640.313124,-168.764802,False,False,False,0.0,False,0.0,False,0.0,False,0.0,0.0,False,linear,0.0,0.0,0.0,0.0,False,clear,1.0,0.0
EXP_CC2CE078,42,1623,27.05,1,38.353542,590.235198,-80.0,-60.0,0.0,0.0,True,straight,2000,2000,10,0.0,0.0,0.0,0.0,-5.990805,-2.559911,-641.646458,-169.764802,False,False,False,0.0,False,0.0,False,0.0,False,0.0,0.0,False,linear,0.0,0.0,0.0,0.0,False,clear,1.0,0.0
EXP_CC2CE078,42,1624,27.066667,1,37.020209,589.235198,-80.0,-60.0,0.0,0.0,True,straight,2000,2000,10,0.0,0.0,0.0,0.0,-5.999051,-2.566149,-642.979791,-170.764802,False,False,False,0.0,False,0.0,False,0.0,False,0.0,0.0,False,linear,0.0,0.0,0.0,0.0,False,clear,1.0,0.0
EXP_CC2CE078,42,1625,27.083333,1,35.686876,588.235198,-80.0,-60.0,0.0,0.0,True,straight,2000,2000,10,0.0,0.0,0.0,0.0,-6.007296,-2.572388,-644.313124,-171.764802,False,False,False,0.0,False,0.0,False,0.0,False,0.0,0.0,False,linear,0.0,0.0,0.0,0.0,False,clear,1.0,0.0
EXP_CC2CE078,42,1626,27.1,1,34.353542,587.235198,-80.0,-60.0,0.0,0.0,True,straight,2000,2000,10,0.0,0.0,0.0,0.0,-6.015542,-2.578627,-645.646458,-172.764802,False,False,False,0.0,False,0.0,False,0.0,False,0.0,0.0,False,linear,0.0,0.0,0.0,0.0,False,clear,1.0,0.0
EXP_CC2CE078,42,1627,27.116667,1,33.020209,586.235198,-80.0,-60.0,0.0,0.0,True,straight,2000,2000,10,0.0,0.0,0.0,0.0,-6.023787,-2.584866,-646.979791,-173.764802,False,False,False,0.0,False,0.0,False,0.0,False,0.0,0.0,False,linear,0.0,0.0,0.0,0.0,False,clear,1.0,0.0
EXP_CC2CE078,42,1628,27.133333,1,31.686876,585.235198,-80.0,-60.0,0.0,0.0,True,straight,2000,2000,10,0.0,0.0,0.0,0.0,-6.032031,-2.591105,-648.313124,-174.764802,False,False,False,0.0,False,0.0,False,0.0,False,0.0,0.0,False,linear,0.0,0.0,0.0,0.0,False,clear,1.0,0.0
EXP_CC2CE078,42,1629,27.15,1,30.353542,584.235198,-80.0,-60.0,0.0,0.0,True,straight,2000,2000,10,0.0,0.0,0.0,0.0,-6.040276,-2.597343,-649.646458,-175.764802,False,False,False,0.0,False,0.0,False,0.0,False,0.0,0.0,False,linear,0.0,0.0,0.0,0.0,False,clear,1.0,0.0
EXP_CC2CE078,42,1630,27.166667,1,29.020209,583.235198,-80.0,-60.0,0.0,0.0,True,straight,2000,2000,10,0.0,0.0,0.0,0.0,-6.04852,-2.603582,-650.979791,-176.764802,False,False,False,0.0,False,0.0,False,0.0,False,0.0,0.0,False,linear,0.0,0.0,0.0,0.0,False,clear,1.0,0.0
EXP_CC2CE078,42,1631,27.183333,1,27.686876,582.235198,-80.0,-60.0,0.0,0.0,True,straight,2000,2000,10,0.0,0.0,0.0,0.0,-6.056764,-2.60982,-652.313124,-177.764802,False,False,False,0.0,False,0.0,False,0.0,False,0.0,0.0,False,linear,0.0,0.0,0.0,0.0,False,clear,1.0,0.0
EXP_CC2CE078,42,1632,27.2,1,26.353542,581.235198,-80.0,-60.0,0.0,0.0,True,straight,2000,2000,10,0.0,0.0,0.0,0.0,-6.065008,-2.616059,-653.646458,-178.764802,False,False,False,0.0,False,0.0,False,0.0,False,0.0,0.0,False,linear,0.0,0.0,0.0,0.0,False,clear,1.0,0.0
EXP_CC2CE078,42,1633,27.216667,1,25.020209,580.235198,-80.0,-60.0,0.0,0.0,True,straight,2000,2000,10,0.0,0.0,0.0,0.0,-6.073252,-2.622297,-654.979791,-179.764802,False,False,False,0.0,False,0.0,False,0.0,False,0.0,0.0,False,linear,0.0,0.0,0.0,0.0,False,clear,1.0,0.0
EXP_CC2CE078,42,1634,27.233333,1,23.686876,579.235198,-80.0,-60.0,0.0,0.0,True,straight,2000,2000,10,0.0,0.0,0.0,0.0,-6.081495,-2.628535,-656.313124,-180.764802,False,False,False,0.0,False,0.0,False,0.0,False,0.0,0.0,False,linear,0.0,0.0,0.0,0.0,False,clear,1.0,0.0
EXP_CC2CE078,42,1635,27.25,1,22.353542,578.235198,-80.0,-60.0,0.0,0.0,True,straight,2000,2000,10,0.0,0.0,0.0,0.0,-6.089738,-2.634774,-657.646458,-181.764802,False,False,False,0.0,False,0.0,False,0.0,False,0.0,0.0,False,linear,0.0,0.0,0.0,0.0,False,clear,1.0,0.0
EXP_CC2CE078,42,1636,27.266667,1,21.020209,577.235198,-80.0,-60.0,0.0,0.0,True,straight,2000,2000,10,0.0,0.0,0.0,0.0,-6.097981,-2.641012,-658.979791,-182.764802,False,False,False,0.0,False,0.0,False,0.0,False,0.0,0.0,False,linear,0.0,0.0,0.0,0.0,False,clear,1.0,0.0
EXP_CC2CE078,42,1637,27.283333,1,19.686876,576.235198,-80.0,-60.0,0.0,0.0,True,straight,2000,2000,10,0.0,0.0,0.0,0.0,-6.106223,-2.64725,-660.313124,-183.764802,False,False,False,0.0,False,0.0,False,0.0,False,0.0,0.0,False,linear,0.0,0.0,0.0,0.0,False,clear,1.0,0.0
EXP_CC2CE078,42,1638,27.3,1,18.353542,575.235198,-80.0,-60.0,0.0,0.0,True,straight,2000,2000,10,0.0,0.0,0.0,0.0,-6.114465,-2.653488,-661.646458,-184.764802,False,False,False,0.0,False,0.0,False,0.0,False,0.0,0.0,False,linear,0.0,0.0,0.0,0.0,False,clear,1.0,0.0
EXP_CC2CE078,42,1639,27.316667,1,17.020209,574.235198,-80.0,-60.0,0.0,0.0,True,straight,2000,2000,10,0.0,0.0,0.0,0.0,-6.122707,-2.659726,-662.979791,-185.764802,False,False,False,0.0,False,0.0,False,0.0,False,0.0,0.0,False,linear,0.0,0.0,0.0,0.0,False,clear,1.0,0.0
EXP_CC2CE078,42,1640,27.333333,1,15.686876,573.235198,-80.0,-60.0,0.0,0.0,True,straight,2000,2000,10,0.0,0.0,0.0,0.0,-6.130949,-2.665964,-664.313124,-186.764802,False,False,False,0.0,False,0.0,False,0.0,False,0.0,0.0,False,linear,0.0,0.0,0.0,0.0,False,clear,1.0,0.0
EXP_CC2CE078,42,1641,27.35,1,14.353542,572.235198,-80.0,-60.0,0.0,0.0,True,straight,2000,2000,10,0.0,0.0,0.0,0.0,-6.139191,-2.672202,-665.646458,-187.764802,False,False,False,0.0,False,0.0,False,0.0,False,0.0,0.0,False,linear,0.0,0.0,0.0,0.0,False,clear,1.0,0.0
EXP_CC2CE078,42,1642,27.366667,1,13.020209,571.235198,-80.0,-60.0,0.0,0.0,True,straight,2000,2000,10,0.0,0.0,0.0,0.0,-6.147432,-2.67844,-666.979791,-188.764802,False,False,False,0.0,False,0.0,False,0.0,False,0.0,0.0,False,linear,0.0,0.0,0.0,0.0,False,clear,1.0,0.0
EXP_CC2CE078,42,1643,27.383333,1,11.686876,570.235198,-80.0,-60.0,0.0,0.0,True,straight,2000,2000,10,0.0,0.0,0.0,0.0,-6.155673,-2.684677,-668.313124,-189.764802,False,False,False,0.0,False,0.0,False,0.0,False,0.0,0.0,False,linear,0.0,0.0,0.0,0.0,False,clear,1.0,0.0
EXP_CC2CE078,42,1644,27.4,1,10.353542,569.235198,-80.0,-60.0,0.0,0.0,True,straight,2000,2000,10,0.0,0.0,0.0,0.0,-6.163914,-2.690915,-669.646458,-190.764802,False,False,False,0.0,False,0.0,False,0.0,False,0.0,0.0,False,linear,0.0,0.0,0.0,0.0,False,clear,1.0,0.0
EXP_CC2CE078,42,1645,27.416667,1,9.020209,568.235198,-80.0,-60.0,0.0,0.0,True,straight,2000,2000,10,0.0,0.0,0.0,0.0,-6.172154,-2.697153,-670.979791,-191.764802,False,False,False,0.0,False,0.0,False,0.0,False,0.0,0.0,False,linear,0.0,0.0,0.0,0.0,False,clear,1.0,0.0
EXP_CC2CE078,42,1646,27.433333,1,7.686876,567.235198,-80.0,-60.0,0.0,0.0,True,straight,2000,2000,10,0.0,0.0,0.0,0.0,-6.180394,-2.70339,-672.313124,-192.764802,False,False,False,0.0,False,0.0,False,0.0,False,0.0,0.0,False,linear,0.0,0.0,0.0,0.0,False,clear,1.0,0.0
EXP_CC2CE078,42,1647,27.45,1,6.353542,566.235198,-80.0,-60.0,0.0,0.0,True,straight,2000,2000,10,0.0,0.0,0.0,0.0,-6.188634,-2.709628,-673.646458,-193.764802,False,False,False,0.0,False,0.0,False,0.0,False,0.0,0.0,False,linear,0.0,0.0,0.0,0.0,False,clear,1.0,0.0
EXP_CC2CE078,42,1648,27.466667,1,5.020209,565.235198,-80.0,-60.0,0.0,0.0,True,straight,2000,2000,10,0.0,0.0,0.0,0.0,-6.196874,-2.715865,-674.979791,-194.764802,False,False,False,0.0,False,0.0,False,0.0,False,0.0,0.0,False,linear,0.0,0.0,0.0,0.0,False,clear,1.0,0.0
EXP_CC2CE078,42,1649,27.483333,1,6.313124,564.235198,80.0,-60.0,0.0,0.0,True,straight,2000,2000,10,0.0,0.0,0.0,0.0,-6.188884,-2.722102,-673.686876,-195.764802,False,False,False,0.0,False,0.0,False,0.0,False,0.0,0.0,False,linear,0.0,0.0,0.0,0.0,False,clear,1.0,0.0
EXP_CC2CE078,42,1650,27.5,1,7.646458,563.235198,80.0,-60.0,0.0,0.0,True,straight,2000,2000,10,0.0,0.0,0.0,0.0,-6.180644,-2.72834,-672.353542,-196.764802,False,False,False,0.0,False,0.0,False,0.0,False,0.0,0.0,False,linear,0.0,0.0,0.0,0.0,False,clear,1.0,0.0
EXP_CC2CE078,42,1651,27.516667,1,8.979791,562.235198,80.0,-60.0,0.0,0.0,True,straight,2000,2000,10,0.0,0.0,0.0,0.0,-6.172404,-2.734577,-671.020209,-197.764802,False,False,False,0.0,False,0.0,False,0.0,False,0.0,0.0,False,linear,0.0,0.0,0.0,0.0,False,clear,1.0,0.0
EXP_CC2CE078,42,1652,27.533333,1,10.313124,561.235198,80.0,-60.0,0.0,0.0,True,straight,2000,2000,10,0.0,0.0,0.0,0.0,-6.164163,-2.740814,-669.686876,-198.764802,False,False,False,0.0,False,0.0,False,0.0,False,0.0,0.0,False,linear,0.0,0.0,0.0,0.0,False,clear,1.0,0.0
EXP_CC2CE078,42,1653,27.55,1,11.646458,560.235198,80.0,-60.0,0.0,0.0,True,straight,2000,2000,10,0.0,0.0,0.0,0.0,-6.155923,-2.747051,-668.353542,-199.764802,False,False,False,0.0,False,0.0,False,0.0,False,0.0,0.0,False,linear,0.0,0.0,0.0,0.0,False,clear,1.0,0.0
EXP_CC2CE078,42,1654,27.566667,1,12.979791,559.235198,80.0,-60.0,0.0,0.0,True,straight,2000,2000,10,0.0,0.0,0.0,0.0,-6.147682,-2.753288,-667.020209,-200.764802,False,False,False,0.0,False,0.0,False,0.0,False,0.0,0.0,False,linear,0.0,0.0,0.0,0.0,False,clear,1.0,0.0
EXP_CC2CE078,42,1655,27.583333,1,14.313124,558.235198,80.0,-60.0,0.0,0.0,True,straight,2000,2000,10,0.0,0.0,0.0,0.0,-6.139441,-2.759525,-665.686876,-201.764802,False,False,False,0.0,False,0.0,False,0.0,False,0.0,0.0,False,linear,0.0,0.0,0.0,0.0,False,clear,1.0,0.0
EXP_CC2CE078,42,1656,27.6,1,15.646458,557.235198,80.0,-60.0,0.0,0.0,True,straight,2000,2000,10,0.0,0.0,0.0,0.0,-6.131199,-2.765762,-664.353542,-202.764802,False,False,False,0.0,False,0.0,False,0.0,False,0.0,0.0,False,linear,0.0,0.0,0.0,0.0,False,clear,1.0,0.0
EXP_CC2CE078,42,1657,27.616667,1,16.979791,556.235198,80.0,-60.0,0.0,0.0,True,straight,2000,2000,10,0.0,0.0,0.0,0.0,-6.122957,-2.771999,-663.020209,-203.764802,False,False,False,0.0,False,0.0,False,0.0,False,0.0,0.0,False,linear,0.0,0.0,0.0,0.0,False,clear,1.0,0.0
EXP_CC2CE078,42,1658,27.633333,1,18.313124,555.235198,80.0,-60.0,0.0,0.0,True,straight,2000,2000,10,0.0,0.0,0.0,0.0,-6.114715,-2.778236,-661.686876,-204.764802,False,False,False,0.0,False,0.0,False,0.0,False,0.0,0.0,False,linear,0.0,0.0,0.0,0.0,False,clear,1.0,0.0
EXP_CC2CE078,42,1659,27.65,1,19.646458,554.235198,80.0,-60.0,0.0,0.0,True,straight,2000,2000,10,0.0,0.0,0.0,0.0,-6.106473,-2.784473,-660.353542,-205.764802,False,False,False,0.0,False,0.0,False,0.0,False,0.0,0.0,False,linear,0.0,0.0,0.0,0.0,False,clear,1.0,0.0
EXP_CC2CE078,42,1660,27.666667,1,20.979791,553.235198,80.0,-60.0,0.0,0.0,True,straight,2000,2000,10,0.0,0.0,0.0,0.0,-6.098231,-2.790709,-659.020209,-206.764802,False,False,False,0.0,False,0.0,False,0.0,False,0.0,0.0,False,linear,0.0,0.0,0.0,0.0,False,clear,1.0,0.0
EXP_CC2CE078,42,1661,27.683333,1,22.313124,552.235198,80.0,-60.0,0.0,0.0,True,straight,2000,2000,10,0.0,0.0,0.0,0.0,-6.089988,-2.796946,-657.686876,-207.764802,False,False,False,0.0,False,0.0,False,0.0,False,0.0,0.0,False,linear,0.0,0.0,0.0,0.0,False,clear,1.0,0.0
EXP_CC2CE078,42,1662,27.7,1,23.646458,551.235198,80.0,-60.0,0.0,0.0,True,straight,2000,2000,10,0.0,0.0,0.0,0.0,-6.081745,-2.803182,-656.353542,-208.764802,False,False,False,0.0,False,0.0,False,0.0,False,0.0,0.0,False,linear,0.0,0.0,0.0,0.0,False,clear,1.0,0.0
EXP_CC2CE078,42,1663,27.716667,1,24.979791,550.235198,80.0,-60.0,0.0,0.0,True,straight,2000,2000,10,0.0,0.0,0.0,0.0,-6.073501,-2.809419,-655.020209,-209.764802,False,False,False,0.0,False,0.0,False,0.0,False,0.0,0.0,False,linear,0.0,0.0,0.0,0.0,False,clear,1.0,0.0
EXP_CC2CE078,42,1664,27.733333,1,26.313124,549.235198,80.0,-60.0,0.0,0.0,True,straight,2000,2000,10,0.0,0.0,0.0,0.0,-6.065258,-2.815655,-653.686876,-210.764802,False,False,False,0.0,False,0.0,False,0.0,False,0.0,0.0,False,linear,0.0,0.0,0.0,0.0,False,clear,1.0,0.0
EXP_CC2CE078,42,1665,27.75,1,27.646458,548.235198,80.0,-60.0,0.0,0.0,True,straight,2000,2000,10,0.0,0.0,0.0,0.0,-6.057014,-2.821891,-652.353542,-211.764802,False,False,False,0.0,False,0.0,False,0.0,False,0.0,0.0,False,linear,0.0,0.0,0.0,0.0,False,clear,1.0,0.0
EXP_CC2CE078,42,1666,27.766667,1,28.979791,547.235198,80.0,-60.0,0.0,0.0,True,straight,2000,2000,10,0.0,0.0,0.0,0.0,-6.04877,-2.828128,-651.020209,-212.764802,False,False,False,0.0,False,0.0,False,0.0,False,0.0,0.0,False,linear,0.0,0.0,0.0,0.0,False,clear,1.0,0.0
EXP_CC2CE078,42,1667,27.783333,1,30.313124,546.235198,80.0,-60.0,0.0,0.0,True,straight,2000,2000,10,0.0,0.0,0.0,0.0,-6.040526,-2.834364,-649.686876,-213.764802,False,False,False,0.0,False,0.0,False,0.0,False,0.0,0.0,False,linear,0.0,0.0,0.0,0.0,False,clear,1.0,0.0
EXP_CC2CE078,42,1668,27.8,1,31.646458,545.235198,80.0,-60.0,0.0,0.0,True,straight,2000,2000,10,0.0,0.0,0.0,0.0,-6.032281,-2.8406,-648.353542,-214.764802,False,False,False,0.0,False,0.0,False,0.0,False,0.0,0.0,False,linear,0.0,0.0,0.0,0.0,False,clear,1.0,0.0
EXP_CC2CE078,42,1669,27.816667,1,32.979791,544.235198,80.0,-60.0,0.0,0.0,True,straight,2000,2000,10,0.0,0.0,0.0,0.0,-6.024037,-2.846836,-647.020209,-215.764802,False,False,False,0.0,False,0.0,False,0.0,False,0.0,0.0,False,linear,0.0,0.0,0.0,0.0,False,clear,1.0,0.0
EXP_CC2CE078,42,1670,27.833333,1,34.313124,543.235198,80.0,-60.0,0.0,0.0,True,straight,2000,2000,10,0.0,0.0,0.0,0.0,-6.015792,-2.853072,-645.686876,-216.764802,False,False,False,0.0,False,0.0,False,0.0,False,0.0,0.0,False,linear,0.0,0.0,0.0,0.0,False,clear,1.0,0.0
EXP_CC2CE078,42,1671,27.85,1,35.646458,542.235198,80.0,-60.0,0.0,0.0,True,straight,2000,2000,10,0.0,0.0,0.0,0.0,-6.007546,-2.859308,-644.353542,-217.764802,False,False,False,0.0,False,0.0,False,0.0,False,0.0,0.0,False,linear,0.0,0.0,0.0,0.0,False,clear,1.0,0.0
EXP_CC2CE078,42,1672,27.866667,1,36.979791,541.235198,80.0,-60.0,0.0,0.0,True,straight,2000,2000,10,0.0,0.0,0.0,0.0,-5.999301,-2.865544,-643.020209,-218.764802,False,False,False,0.0,False,0.0,False,0.0,False,0.0,0.0,False,linear,0.0,0.0,0.0,0.0,False,clear,1.0,0.0
EXP_CC2CE078,42,1673,27.883333,1,38.313124,540.235198,80.0,-60.0,0.0,0.0,True,straight,2000,2000,10,0.0,0.0,0.0,0.0,-5.991055,-2.871779,-641.686876,-219.764802,False,False,False,0.0,False,0.0,False,0.0,False,0.0,0.0,False,linear,0.0,0.0,0.0,0.0,False,clear,1.0,0.0
EXP_CC2CE078,42,1674,27.9,1,39.646458,539.235198,80.0,-60.0,0.0,0.0,True,straight,2000,2000,10,0.0,0.0,0.0,0.0,-5.982809,-2.878015,-640.353542,-220.764802,False,False,False,0.0,False,0.0,False,0.0,False,0.0,0.0,False,linear,0.0,0.0,0.0,0.0,False,clear,1.0,0.0
EXP_CC2CE078,42,1675,27.916667,1,40.979791,538.235198,80.0,-60.0,0.0,0.0,True,straight,2000,2000,10,0.0,0.0,0.0,0.0,-5.974563,-2.884251,-639.020209,-221.764802,False,False,False,0.0,False,0.0,False,0.0,False,0.0,0.0,False,linear,0.0,0.0,0.0,0.0,False,clear,1.0,0.0
EXP_CC2CE078,42,1676,27.933333,1,42.313124,537.235198,80.0,-60.0,0.0,0.0,True,straight,2000,2000,10,0.0,0.0,0.0,0.0,-5.966316,-2.890486,-637.686876,-222.764802,False,False,False,0.0,False,0.0,False,0.0,False,0.0,0.0,False,linear,0.0,0.0,0.0,0.0,False,clear,1.0,0.0
EXP_CC2CE078,42,1677,27.95,1,43.646458,536.235198,80.0,-60.0,0.0,0.0,True,straight,2000,2000,10,0.0,0.0,0.0,0.0,-5.958069,-2.896722,-636.353542,-223.764802,False,False,False,0.0,False,0.0,False,0.0,False,0.0,0.0,False,linear,0.0,0.0,0.0,0.0,False,clear,1.0,0.0
EXP_CC2CE078,42,1678,27.966667,1,44.979791,535.235198,80.0,-60.0,0.0,0.0,True,straight,2000,2000,10,0.0,0.0,0.0,0.0,-5.949822,-2.902957,-635.020209,-224.764802,False,False,False,0.0,False,0.0,False,0.0,False,0.0,0.0,False,linear,0.0,0.0,0.0,0.0,False,clear,1.0,0.0
EXP_CC2CE078,42,1679,27.983333,1,46.313124,534.235198,80.0,-60.0,0.0,0.0,True,straight,2000,2000,10,0.0,0.0,0.0,0.0,-5.941575,-2.909193,-633.686876,-225.764802,False,False,False,0.0,False,0.0,False,0.0,False,0.0,0.0,False,linear,0.0,0.0,0.0,0.0,False,clear,1.0,0.0
EXP_CC2CE078,42,1680,28.0,1,47.646458,533.235198,80.0,-60.0,0.0,0.0,True,straight,2000,2000,10,0.0,0.0,0.0,0.0,-5.933328,-2.915428,-632.353542,-226.764802,False,False,False,0.0,False,0.0,False,0.0,False,0.0,0.0,False,linear,0.0,0.0,0.0,0.0,False,clear,1.0,0.0
EXP_CC2CE078,42,1681,28.016667,1,48.979791,532.235198,80.0,-60.0,0.0,0.0,True,straight,2000,2000,10,0.0,0.0,0.0,0.0,-5.92508,-2.921663,-631.020209,-227.764802,False,False,False,0.0,False,0.0,False,0.0,False,0.0,0.0,False,linear,0.0,0.0,0.0,0.0,False,clear,1.0,0.0
EXP_CC2CE078,42,1682,28.033333,1,50.313124,531.235198,80.0,-60.0,0.0,0.0,True,straight,2000,2000,10,0.0,0.0,0.0,0.0,-5.916832,-2.927898,-629.686876,-228.764802,False,False,False,0.0,False,0.0,False,0.0,False,0.0,0.0,False,linear,0.0,0.0,0.0,0.0,False,clear,1.0,0.0
EXP_CC2CE078,42,1683,28.05,1,51.646458,530.235198,80.0,-60.0,0.0,0.0,True,straight,2000,2000,10,0.0,0.0,0.0,0.0,-5.908584,-2.934133,-628.353542,-229.764802,False,False,False,0.0,False,0.0,False,0.0,False,0.0,0.0,False,linear,0.0,0.0,0.0,0.0,False,clear,1.0,0.0
EXP_CC2CE078,42,1684,28.066667,1,52.979791,529.235198,80.0,-60.0,0.0,0.0,True,straight,2000,2000,10,0.0,0.0,0.0,0.0,-5.900335,-2.940368,-627.020209,-230.764802,False,False,False,0.0,False,0.0,False,0.0,False,0.0,0.0,False,linear,0.0,0.0,0.0,0.0,False,clear,1.0,0.0
EXP_CC2CE078,42,1685,28.083333,1,54.313124,528.235198,80.0,-60.0,0.0,0.0,True,straight,2000,2000,10,0.0,0.0,0.0,0.0,-5.892086,-2.946603,-625.686876,-231.764802,False,False,False,0.0,False,0.0,False,0.0,False,0.0,0.0,False,linear,0.0,0.0,0.0,0.0,False,clear,1.0,0.0
EXP_CC2CE078,42,1686,28.1,1,55.646458,527.235198,80.0,-60.0,0.0,0.0,True,straight,2000,2000,10,0.0,0.0,0.0,0.0,-5.883837,-2.952838,-624.353542,-232.764802,False,False,False,0.0,False,0.0,False,0.0,False,0.0,0.0,False,linear,0.0,0.0,0.0,0.0,False,clear,1.0,0.0
EXP_CC2CE078,42,1687,28.116667,1,56.979791,526.235198,80.0,-60.0,0.0,0.0,True,straight,2000,2000,10,0.0,0.0,0.0,0.0,-5.875588,-2.959073,-623.020209,-233.764802,False,False,False,0.0,False,0.0,False,0.0,False,0.0,0.0,False,linear,0.0,0.0,0.0,0.0,False,clear,1.0,0.0
EXP_CC2CE078,42,1688,28.133333,1,58.313124,525.235198,80.0,-60.0,0.0,0.0,True,straight,2000,2000,10,0.0,0.0,0.0,0.0,-5.867339,-2.965308,-621.686876,-234.764802,False,False,False,0.0,False,0.0,False,0.0,False,0.0,0.0,False,linear,0.0,0.0,0.0,0.0,False,clear,1.0,0.0
EXP_CC2CE078,42,1689,28.15,1,59.646458,524.235198,80.0,-60.0,0.0,0.0,True,straight,2000,2000,10,0.0,0.0,0.0,0.0,-5.859089,-2.971542,-620.353542,-235.764802,False,False,False,0.0,False,0.0,False,0.0,False,0.0,0.0,False,linear,0.0,0.0,0.0,0.0,False,clear,1.0,0.0
EXP_CC2CE078,42,1690,28.166667,1,60.979791,523.235198,80.0,-60.0,0.0,0.0,True,straight,2000,2000,10,0.0,0.0,0.0,0.0,-5.850839,-2.977777,-619.020209,-236.764802,False,False,False,0.0,False,0.0,False,0.0,False,0.0,0.0,False,linear,0.0,0.0,0.0,0.0,False,clear,1.0,0.0
EXP_CC2CE078,42,1691,28.183333,1,62.313124,522.235198,80.0,-60.0,0.0,0.0,True,straight,2000,2000,10,0.0,0.0,0.0,0.0,-5.842589,-2.984012,-617.686876,-237.764802,False,False,False,0.0,False,0.0,False,0.0,False,0.0,0.0,False,linear,0.0,0.0,0.0,0.0,False,clear,1.0,0.0
EXP_CC2CE078,42,1692,28.2,1,63.646458,521.235198,80.0,-60.0,0.0,0.0,True,straight,2000,2000,10,0.0,0.0,0.0,0.0,-5.834338,-2.990246,-616.353542,-238.764802,False,False,False,0.0,False,0.0,False,0.0,False,0.0,0.0,False,linear,0.0,0.0,0.0,0.0,False,clear,1.0,0.0
EXP_CC2CE078,42,1693,28.216667,1,64.979791,520.235198,80.0,-60.0,0.0,0.0,True,straight,2000,2000,10,0.0,0.0,0.0,0.0,-5.826088,-2.99648,-615.020209,-239.764802,False,False,False,0.0,False,0.0,False,0.0,False,0.0,0.0,False,linear,0.0,0.0,0.0,0.0,False,clear,1.0,0.0
EXP_CC2CE078,42,1694,28.233333,1,66.313124,519.235198,80.0,-60.0,0.0,0.0,True,straight,2000,2000,10,0.0,0.0,0.0,0.0,-5.817837,-3.002715,-613.686876,-240.764802,False,False,False,0.0,False,0.0,False,0.0,False,0.0,0.0,False,linear,0.0,0.0,0.0,0.0,False,clear,1.0,0.0
EXP_CC2CE078,42,1695,28.25,1,67.646458,518.235198,80.0,-60.0,0.0,0.0,True,straight,2000,2000,10,0.0,0.0,0.0,0.0,-5.809585,-3.008949,-612.353542,-241.764802,False,False,False,0.0,False,0.0,False,0.0,False,0.0,0.0,False,linear,0.0,0.0,0.0,0.0,False,clear,1.0,0.0
EXP_CC2CE078,42,1696,28.266667,1,68.979791,517.235198,80.0,-60.0,0.0,0.0,True,straight,2000,2000,10,0.0,0.0,0.0,0.0,-5.801334,-3.015183,-611.020209,-242.764802,False,False,False,0.0,False,0.0,False,0.0,False,0.0,0.0,False,linear,0.0,0.0,0.0,0.0,False,clear,1.0,0.0
EXP_CC2CE078,42,1697,28.283333,1,70.313124,516.235198,80.0,-60.0,0.0,0.0,True,straight,2000,2000,10,0.0,0.0,0.0,0.0,-5.793082,-3.021417,-609.686876,-243.764802,False,False,False,0.0,False,0.0,False,0.0,False,0.0,0.0,False,linear,0.0,0.0,0.0,0.0,False,clear,1.0,0.0
EXP_CC2CE078,42,1698,28.3,1,71.646458,515.235198,80.0,-60.0,0.0,0.0,True,straight,2000,2000,10,0.0,0.0,0.0,0.0,-5.78483,-3.027651,-608.353542,-244.764802,False,False,False,0.0,False,0.0,False,0.0,False,0.0,0.0,False,linear,0.0,0.0,0.0,0.0,False,clear,1.0,0.0
EXP_CC2CE078,42,1699,28.316667,1,72.979791,514.235198,80.0,-60.0,0.0,0.0,True,straight,2000,2000,10,0.0,0.0,0.0,0.0,-5.776578,-3.033885,-607.020209,-245.764802,False,False,False,0.0,False,0.0,False,0.0,False,0.0,0.0,False,linear,0.0,0.0,0.0,0.0,False,clear,1.0,0.0
EXP_CC2CE078,42,1700,28.333333,1,74.313124,513.235198,80.0,-60.0,0.0,0.0,True,straight,2000,2000,10,0.0,0.0,0.0,0.0,-5.768326,-3.040119,-605.686876,-246.764802,False,False,False,0.0,False,0.0,False,0.0,False,0.0,0.0,False,linear,0.0,0.0,0.0,0.0,False,clear,1.0,0.0
EXP_CC2CE078,42,1701,28.35,1,75.646458,512.235198,80.0,-60.0,0.0,0.0,True,straight,2000,2000,10,0.0,0.0,0.0,0.0,-5.760073,-3.046353,-604.353542,-247.764802,False,False,False,0.0,False,0.0,False,0.0,False,0.0,0.0,False,linear,0.0,0.0,0.0,0.0,False,clear,1.0,0.0
EXP_CC2CE078,42,1702,28.366667,1,76.979791,511.235198,80.0,-60.0,0.0,0.0,True,straight,2000,2000,10,0.0,0.0,0.0,0.0,-5.75182,-3.052587,-603.020209,-248.764802,False,False,False,0.0,False,0.0,False,0.0,False,0.0,0.0,False,linear,0.0,0.0,0.0,0.0,False,clear,1.0,0.0
EXP_CC2CE078,42,1703,28.383333,1,78.313124,510.235198,80.0,-60.0,0.0,0.0,True,straight,2000,2000,10,0.0,0.0,0.0,0.0,-5.743567,-3.05882,-601.686876,-249.764802,False,False,False,0.0,False,0.0,False,0.0,False,0.0,0.0,False,linear,0.0,0.0,0.0,0.0,False,clear,1.0,0.0
EXP_CC2CE078,42,1704,28.4,1,79.646458,509.235198,80.0,-60.0,0.0,0.0,True,straight,2000,2000,10,0.0,0.0,0.0,0.0,-5.735314,-3.065054,-600.353542,-250.764802,False,False,False,0.0,False,0.0,False,0.0,False,0.0,0.0,False,linear,0.0,0.0,0.0,0.0,False,clear,1.0,0.0
EXP_CC2CE078,42,1705,28.416667,1,80.979791,508.235198,80.0,-60.0,0.0,0.0,True,straight,2000,2000,10,0.0,0.0,0.0,0.0,-5.72706,-3.071287,-599.020209,-251.764802,False,False,False,0.0,False,0.0,False,0.0,False,0.0,0.0,False,linear,0.0,0.0,0.0,0.0,False,clear,1.0,0.0
EXP_CC2CE078,42,1706,28.433333,1,82.313124,507.235198,80.0,-60.0,0.0,0.0,True,straight,2000,2000,10,0.0,0.0,0.0,0.0,-5.718807,-3.077521,-597.686876,-252.764802,False,False,False,0.0,False,0.0,False,0.0,False,0.0,0.0,False,linear,0.0,0.0,0.0,0.0,False,clear,1.0,0.0
EXP_CC2CE078,42,1707,28.45,1,83.646458,506.235198,80.0,-60.0,0.0,0.0,True,straight,2000,2000,10,0.0,0.0,0.0,0.0,-5.710553,-3.083754,-596.353542,-253.764802,False,False,False,0.0,False,0.0,False,0.0,False,0.0,0.0,False,linear,0.0,0.0,0.0,0.0,False,clear,1.0,0.0
EXP_CC2CE078,42,1708,28.466667,1,84.979791,505.235198,80.0,-60.0,0.0,0.0,True,straight,2000,2000,10,0.0,0.0,0.0,0.0,-5.702298,-3.089987,-595.020209,-254.764802,False,False,False,0.0,False,0.0,False,0.0,False,0.0,0.0,False,linear,0.0,0.0,0.0,0.0,False,clear,1.0,0.0
EXP_CC2CE078,42,1709,28.483333,1,86.313124,504.235198,80.0,-60.0,0.0,0.0,True,straight,2000,2000,10,0.0,0.0,0.0,0.0,-5.694044,-3.096221,-593.686876,-255.764802,False,False,False,0.0,False,0.0,False,0.0,False,0.0,0.0,False,linear,0.0,0.0,0.0,0.0,False,clear,1.0,0.0
EXP_CC2CE078,42,1710,28.5,1,87.646458,503.235198,80.0,-60.0,0.0,0.0,True,straight,2000,2000,10,0.0,0.0,0.0,0.0,-5.685789,-3.102454,-592.353542,-256.764802,False,False,False,0.0,False,0.0,False,0.0,False,0.0,0.0,False,linear,0.0,0.0,0.0,0.0,False,clear,1.0,0.0
EXP_CC2CE078,42,1711,28.516667,1,88.979791,502.235198,80.0,-60.0,0.0,0.0,True,straight,2000,2000,10,0.0,0.0,0.0,0.0,-5.677534,-3.108687,-591.020209,-257.764802,False,False,False,0.0,False,0.0,False,0.0,False,0.0,0.0,False,linear,0.0,0.0,0.0,0.0,False,clear,1.0,0.0
EXP_CC2CE078,42,1712,28.533333,1,90.313124,501.235198,80.0,-60.0,0.0,0.0,True,straight,2000,2000,10,0.0,0.0,0.0,0.0,-5.669279,-3.11492,-589.686876,-258.764802,False,False,False,0.0,False,0.0,False,0.0,False,0.0,0.0,False,linear,0.0,0.0,0.0,0.0,False,clear,1.0,0.0
EXP_CC2CE078,42,1713,28.55,1,91.646458,500.235198,80.0,-60.0,0.0,0.0,True,straight,2000,2000,10,0.0,0.0,0.0,0.0,-5.661023,-3.121153,-588.353542,-259.764802,False,False,False,0.0,False,0.0,False,0.0,False,0.0,0.0,False,linear,0.0,0.0,0.0,0.0,False,clear,1.0,0.0
EXP_CC2CE078,42,1714,28.566667,1,92.979791,499.235198,80.0,-60.0,0.0,0.0,True,straight,2000,2000,10,0.0,0.0,0.0,0.0,-5.652767,-3.127386,-587.020209,-260.764802,False,False,False,0.0,False,0.0,False,0.0,False,0.0,0.0,False,linear,0.0,0.0,0.0,0.0,False,clear,1.0,0.0
EXP_CC2CE078,42,1715,28.583333,1,94.313124,498.235198,80.0,-60.0,0.0,0.0,True,straight,2000,2000,10,0.0,0.0,0.0,0.0,-5.644511,-3.133618,-585.686876,-261.764802,False,False,False,0.0,False,0.0,False,0.0,False,0.0,0.0,False,linear,0.0,0.0,0.0,0.0,False,clear,1.0,0.0
EXP_CC2CE078,42,1716,28.6,1,95.646458,497.235198,80.0,-60.0,0.0,0.0,True,straight,2000,2000,10,0.0,0.0,0.0,0.0,-5.636255,-3.139851,-584.353542,-262.764802,False,False,False,0.0,False,0.0,False,0.0,False,0.0,0.0,False,linear,0.0,0.0,0.0,0.0,False,clear,1.0,0.0
EXP_CC2CE078,42,1717,28.616667,1,96.979791,496.235198,80.0,-60.0,0.0,0.0,True,straight,2000,2000,10,0.0,0.0,0.0,0.0,-5.627999,-3.146084,-583.020209,-263.764802,False,False,False,0.0,False,0.0,False,0.0,False,0.0,0.0,False,linear,0.0,0.0,0.0,0.0,False,clear,1.0,0.0
EXP_CC2CE078,42,1718,28.633333,1,98.313124,495.235198,80.0,-60.0,0.0,0.0,True,straight,2000,2000,10,0.0,0.0,0.0,0.0,-5.619742,-3.152316,-581.686876,-264.764802,False,False,False,0.0,False,0.0,False,0.0,False,0.0,0.0,False,linear,0.0,0.0,0.0,0.0,False,clear,1.0,0.0
EXP_CC2CE078,42,1719,28.65,1,99.646458,494.235198,80.0,-60.0,0.0,0.0,True,straight,2000,2000,10,0.0,0.0,0.0,0.0,-5.611485,-3.158549,-580.353542,-265.764802,False,False,False,0.0,False,0.0,False,0.0,False,0.0,0.0,False,linear,0.0,0.0,0.0,0.0,False,clear,1.0,0.0
EXP_CC2CE078,42,1720,28.666667,1,100.979791,493.235198,80.0,-60.0,0.0,0.0,True,straight,2000,2000,10,0.0,0.0,0.0,0.0,-5.603228,-3.164781,-579.020209,-266.764802,False,False,False,0.0,False,0.0,False,0.0,False,0.0,0.0,False,linear,0.0,0.0,0.0,0.0,False,clear,1.0,0.0
EXP_CC2CE078,42,1721,28.683333,1,102.313124,492.235198,80.0,-60.0,0.0,0.0,True,straight,2000,2000,10,0.0,0.0,0.0,0.0,-5.594971,-3.171014,-577.686876,-267.764802,False,False,False,0.0,False,0.0,False,0.0,False,0.0,0.0,False,linear,0.0,0.0,0.0,0.0,False,clear,1.0,0.0
EXP_CC2CE078,42,1722,28.7,1,103.646458,491.235198,80.0,-60.0,0.0,0.0,True,straight,2000,2000,10,0.0,0.0,0.0,0.0,-5.586713,-3.177246,-576.353542,-268.764802,False,False,False,0.0,False,0.0,False,0.0,False,0.0,0.0,False,linear,0.0,0.0,0.0,0.0,False,clear,1.0,0.0
EXP_CC2CE078,42,1723,28.716667,1,104.979791,490.235198,80.0,-60.0,0.0,0.0,True,straight,2000,2000,10,0.0,0.0,0.0,0.0,-5.578455,-3.183478,-575.020209,-269.764802,False,False,False,0.0,False,0.0,False,0.0,False,0.0,0.0,False,linear,0.0,0.0,0.0,0.0,False,clear,1.0,0.0
EXP_CC2CE078,42,1724,28.733333,1,106.313124,489.235198,80.0,-60.0,0.0,0.0,True,straight,2000,2000,10,0.0,0.0,0.0,0.0,-5.570197,-3.18971,-573.686876,-270.764802,False,False,False,0.0,False,0.0,False,0.0,False,0.0,0.0,False,linear,0.0,0.0,0.0,0.0,False,clear,1.0,0.0
EXP_CC2CE078,42,1725,28.75,1,107.646458,488.235198,80.0,-60.0,0.0,0.0,True,straight,2000,2000,10,0.0,0.0,0.0,0.0,-5.561939,-3.195942,-572.353542,-271.764802,False,False,False,0.0,False,0.0,False,0.0,False,0.0,0.0,False,linear,0.0,0.0,0.0,0.0,False,clear,1.0,0.0
EXP_CC2CE078,42,1726,28.766667,1,108.979791,487.235198,80.0,-60.0,0.0,0.0,True,straight,2000,2000,10,0.0,0.0,0.0,0.0,-5.553681,-3.202174,-571.020209,-272.764802,False,False,False,0.0,False,0.0,False,0.0,False,0.0,0.0,False,linear,0.0,0.0,0.0,0.0,False,clear,1.0,0.0
EXP_CC2CE078,42,1727,28.783333,1,110.313124,486.235198,80.0,-60.0,0.0,0.0,True,straight,2000,2000,10,0.0,0.0,0.0,0.0,-5.545422,-3.208406,-569.686876,-273.764802,False,False,False,0.0,False,0.0,False,0.0,False,0.0,0.0,False,linear,0.0,0.0,0.0,0.0,False,clear,1.0,0.0
EXP_CC2CE078,42,1728,28.8,1,111.646458,485.235198,80.0,-60.0,0.0,0.0,True,straight,2000,2000,10,0.0,0.0,0.0,0.0,-5.537163,-3.214638,-568.353542,-274.764802,False,False,False,0.0,False,0.0,False,0.0,False,0.0,0.0,False,linear,0.0,0.0,0.0,0.0,False,clear,1.0,0.0
EXP_CC2CE078,42,1729,28.816667,1,112.979791,484.235198,80.0,-60.0,0.0,0.0,True,straight,2000,2000,10,0.0,0.0,0.0,0.0,-5.528904,-3.22087,-567.020209,-275.764802,False,False,False,0.0,False,0.0,False,0.0,False,0.0,0.0,False,linear,0.0,0.0,0.0,0.0,False,clear,1.0,0.0
EXP_CC2CE078,42,1730,28.833333,1,114.313124,483.235198,80.0,-60.0,0.0,0.0,True,straight,2000,2000,10,0.0,0.0,0.0,0.0,-5.520644,-3.227101,-565.686876,-276.764802,False,False,False,0.0,False,0.0,False,0.0,False,0.0,0.0,False,linear,0.0,0.0,0.0,0.0,False,clear,1.0,0.0
EXP_CC2CE078,42,1731,28.85,1,115.646458,482.235198,80.0,-60.0,0.0,0.0,True,straight,2000,2000,10,0.0,0.0,0.0,0.0,-5.512384,-3.233333,-564.353542,-277.764802,False,False,False,0.0,False,0.0,False,0.0,False,0.0,0.0,False,linear,0.0,0.0,0.0,0.0,False,clear,1.0,0.0
EXP_CC2CE078,42,1732,28.866667,1,116.979791,481.235198,80.0,-60.0,0.0,0.0,True,straight,2000,2000,10,0.0,0.0,0.0,0.0,-5.504125,-3.239564,-563.020209,-278.764802,False,False,False,0.0,False,0.0,False,0.0,False,0.0,0.0,False,linear,0.0,0.0,0.0,0.0,False,clear,1.0,0.0
EXP_CC2CE078,42,1733,28.883333,1,118.313124,480.235198,80.0,-60.0,0.0,0.0,True,straight,2000,2000,10,0.0,0.0,0.0,0.0,-5.495864,-3.245796,-561.686876,-279.764802,False,False,False,0.0,False,0.0,False,0.0,False,0.0,0.0,False,linear,0.0,0.0,0.0,0.0,False,clear,1.0,0.0
EXP_CC2CE078,42,1734,28.9,1,119.646458,479.235198,80.0,-60.0,0.0,0.0,True,straight,2000,2000,10,0.0,0.0,0.0,0.0,-5.487604,-3.252027,-560.353542,-280.764802,False,False,False,0.0,False,0.0,False,0.0,False,0.0,0.0,False,linear,0.0,0.0,0.0,0.0,False,clear,1.0,0.0
EXP_CC2CE078,42,1735,28.916667,1,120.979791,478.235198,80.0,-60.0,0.0,0.0,True,straight,2000,2000,10,0.0,0.0,0.0,0.0,-5.479343,-3.258258,-559.020209,-281.764802,False,False,False,0.0,False,0.0,False,0.0,False,0.0,0.0,False,linear,0.0,0.0,0.0,0.0,False,clear,1.0,0.0
EXP_CC2CE078,42,1736,28.933333,1,122.313124,477.235198,80.0,-60.0,0.0,0.0,True,straight,2000,2000,10,0.0,0.0,0.0,0.0,-5.471083,-3.26449,-557.686876,-282.764802,False,False,False,0.0,False,0.0,False,0.0,False,0.0,0.0,False,linear,0.0,0.0,0.0,0.0,False,clear,1.0,0.0
EXP_CC2CE078,42,1737,28.95,1,123.646458,476.235198,80.0,-60.0,0.0,0.0,True,straight,2000,2000,10,0.0,0.0,0.0,0.0,-5.462822,-3.270721,-556.353542,-283.764802,False,False,False,0.0,False,0.0,False,0.0,False,0.0,0.0,False,linear,0.0,0.0,0.0,0.0,False,clear,1.0,0.0
EXP_CC2CE078,42,1738,28.966667,1,124.979791,475.235198,80.0,-60.0,0.0,0.0,True,straight,2000,2000,10,0.0,0.0,0.0,0.0,-5.45456,-3.276952,-555.020209,-284.764802,False,False,False,0.0,False,0.0,False,0.0,False,0.0,0.0,False,linear,0.0,0.0,0.0,0.0,False,clear,1.0,0.0
EXP_CC2CE078,42,1739,28.983333,1,126.313124,474.235198,80.0,-60.0,0.0,0.0,True,straight,2000,2000,10,0.0,0.0,0.0,0.0,-5.446299,-3.283183,-553.686876,-285.764802,False,False,False,0.0,False,0.0,False,0.0,False,0.0,0.0,False,linear,0.0,0.0,0.0,0.0,False,clear,1.0,0.0
EXP_CC2CE078,42,1740,29.0,1,127.646458,473.235198,80.0,-60.0,0.0,0.0,True,straight,2000,2000,10,0.0,0.0,0.0,0.0,-5.438037,-3.289414,-552.353542,-286.764802,False,False,False,0.0,False,0.0,False,0.0,False,0.0,0.0,False,linear,0.0,0.0,0.0,0.0,False,clear,1.0,0.0
EXP_CC2CE078,42,1741,29.016667,1,128.979791,472.235198,80.0,-60.0,0.0,0.0,True,straight,2000,2000,10,0.0,0.0,0.0,0.0,-5.429775,-3.295644,-551.020209,-287.764802,False,False,False,0.0,False,0.0,False,0.0,False,0.0,0.0,False,linear,0.0,0.0,0.0,0.0,False,clear,1.0,0.0
EXP_CC2CE078,42,1742,29.033333,1,130.313124,471.235198,80.0,-60.0,0.0,0.0,True,straight,2000,2000,10,0.0,0.0,0.0,0.0,-5.421513,-3.301875,-549.686876,-288.764802,False,False,False,0.0,False,0.0,False,0.0,False,0.0,0.0,False,linear,0.0,0.0,0.0,0.0,False,clear,1.0,0.0
EXP_CC2CE078,42,1743,29.05,1,131.646458,470.235198,80.0,-60.0,0.0,0.0,True,straight,2000,2000,10,0.0,0.0,0.0,0.0,-5.413251,-3.308106,-548.353542,-289.764802,False,False,False,0.0,False,0.0,False,0.0,False,0.0,0.0,False,linear,0.0,0.0,0.0,0.0,False,clear,1.0,0.0
EXP_CC2CE078,42,1744,29.066667,1,132.979791,469.235198,80.0,-60.0,0.0,0.0,True,straight,2000,2000,10,0.0,0.0,0.0,0.0,-5.404988,-3.314336,-547.020209,-290.764802,False,False,False,0.0,False,0.0,False,0.0,False,0.0,0.0,False,linear,0.0,0.0,0.0,0.0,False,clear,1.0,0.0
EXP_CC2CE078,42,1745,29.083333,1,134.313124,468.235198,80.0,-60.0,0.0,0.0,True,straight,2000,2000,10,0.0,0.0,0.0,0.0,-5.396725,-3.320567,-545.686876,-291.764802,False,False,False,0.0,False,0.0,False,0.0,False,0.0,0.0,False,linear,0.0,0.0,0.0,0.0,False,clear,1.0,0.0
EXP_CC2CE078,42,1746,29.1,1,135.646458,467.235198,80.0,-60.0,0.0,0.0,True,straight,2000,2000,10,0.0,0.0,0.0,0.0,-5.388462,-3.326797,-544.353542,-292.764802,False,False,False,0.0,False,0.0,False,0.0,False,0.0,0.0,False,linear,0.0,0.0,0.0,0.0,False,clear,1.0,0.0
EXP_CC2CE078,42,1747,29.116667,1,136.979791,466.235198,80.0,-60.0,0.0,0.0,True,straight,2000,2000,10,0.0,0.0,0.0,0.0,-5.380199,-3.333028,-543.020209,-293.764802,False,False,False,0.0,False,0.0,False,0.0,False,0.0,0.0,False,linear,0.0,0.0,0.0,0.0,False,clear,1.0,0.0
EXP_CC2CE078,42,1748,29.133333,1,138.313124,465.235198,80.0,-60.0,0.0,0.0,True,straight,2000,2000,10,0.0,0.0,0.0,0.0,-5.371935,-3.339258,-541.686876,-294.764802,False,False,False,0.0,False,0.0,False,0.0,False,0.0,0.0,False,linear,0.0,0.0,0.0,0.0,False,clear,1.0,0.0
EXP_CC2CE078,42,1749,29.15,1,139.646458,464.235198,80.0,-60.0,0.0,0.0,True,straight,2000,2000,10,0.0,0.0,0.0,0.0,-5.363671,-3.345488,-540.353542,-295.764802,False,False,False,0.0,False,0.0,False,0.0,False,0.0,0.0,False,linear,0.0,0.0,0.0,0.0,False,clear,1.0,0.0
EXP_CC2CE078,42,1750,29.166667,1,140.979791,463.235198,80.0,-60.0,0.0,0.0,True,straight,2000,2000,10,0.0,0.0,0.0,0.0,-5.355407,-3.351718,-539.020209,-296.764802,False,False,False,0.0,False,0.0,False,0.0,False,0.0,0.0,False,linear,0.0,0.0,0.0,0.0,False,clear,1.0,0.0
EXP_CC2CE078,42,1751,29.183333,1,142.313124,462.235198,80.0,-60.0,0.0,0.0,True,straight,2000,2000,10,0.0,0.0,0.0,0.0,-5.347143,-3.357948,-537.686876,-297.764802,False,False,False,0.0,False,0.0,False,0.0,False,0.0,0.0,False,linear,0.0,0.0,0.0,0.0,False,clear,1.0,0.0
EXP_CC2CE078,42,1752,29.2,1,143.646458,461.235198,80.0,-60.0,0.0,0.0,True,straight,2000,2000,10,0.0,0.0,0.0,0.0,-5.338879,-3.364178,-536.353542,-298.764802,False,False,False,0.0,False,0.0,False,0.0,False,0.0,0.0,False,linear,0.0,0.0,0.0,0.0,False,clear,1.0,0.0
EXP_CC2CE078,42,1753,29.216667,1,144.979791,460.235198,80.0,-60.0,0.0,0.0,True,straight,2000,2000,10,0.0,0.0,0.0,0.0,-5.330614,-3.370408,-535.020209,-299.764802,False,False,False,0.0,False,0.0,False,0.0,False,0.0,0.0,False,linear,0.0,0.0,0.0,0.0,False,clear,1.0,0.0
EXP_CC2CE078,42,1754,29.233333,1,146.313124,459.235198,80.0,-60.0,0.0,0.0,True,straight,2000,2000,10,0.0,0.0,0.0,0.0,-5.322349,-3.376638,-533.686876,-300.764802,False,False,False,0.0,False,0.0,False,0.0,False,0.0,0.0,False,linear,0.0,0.0,0.0,0.0,False,clear,1.0,0.0
EXP_CC2CE078,42,1755,29.25,1,147.646458,458.235198,80.0,-60.0,0.0,0.0,True,straight,2000,2000,10,0.0,0.0,0.0,0.0,-5.314084,-3.382867,-532.353542,-301.764802,False,False,False,0.0,False,0.0,False,0.0,False,0.0,0.0,False,linear,0.0,0.0,0.0,0.0,False,clear,1.0,0.0
EXP_CC2CE078,42,1756,29.266667,1,148.979791,457.235198,80.0,-60.0,0.0,0.0,True,straight,2000,2000,10,0.0,0.0,0.0,0.0,-5.305819,-3.389097,-531.020209,-302.764802,False,False,False,0.0,False,0.0,False,0.0,False,0.0,0.0,False,linear,0.0,0.0,0.0,0.0,False,clear,1.0,0.0
EXP_CC2CE078,42,1757,29.283333,1,150.313124,456.235198,80.0,-60.0,0.0,0.0,True,straight,2000,2000,10,0.0,0.0,0.0,0.0,-5.297553,-3.395327,-529.686876,-303.764802,False,False,False,0.0,False,0.0,False,0.0,False,0.0,0.0,False,linear,0.0,0.0,0.0,0.0,False,clear,1.0,0.0
EXP_CC2CE078,42,1758,29.3,1,151.646458,455.235198,80.0,-60.0,0.0,0.0,True,straight,2000,2000,10,0.0,0.0,0.0,0.0,-5.289287,-3.401556,-528.353542,-304.764802,False,False,False,0.0,False,0.0,False,0.0,False,0.0,0.0,False,linear,0.0,0.0,0.0,0.0,False,clear,1.0,0.0
EXP_CC2CE078,42,1759,29.316667,1,152.979791,454.235198,80.0,-60.0,0.0,0.0,True,straight,2000,2000,10,0.0,0.0,0.0,0.0,-5.281021,-3.407785,-527.020209,-305.764802,False,False,False,0.0,False,0.0,False,0.0,False,0.0,0.0,False,linear,0.0,0.0,0.0,0.0,False,clear,1.0,0.0
EXP_CC2CE078,42,1760,29.333333,1,154.313124,453.235198,80.0,-60.0,0.0,0.0,True,straight,2000,2000,10,0.0,0.0,0.0,0.0,-5.272755,-3.414015,-525.686876,-306.764802,False,False,False,0.0,False,0.0,False,0.0,False,0.0,0.0,False,linear,0.0,0.0,0.0,0.0,False,clear,1.0,0.0
EXP_CC2CE078,42,1761,29.35,1,155.646458,452.235198,80.0,-60.0,0.0,0.0,True,straight,2000,2000,10,0.0,0.0,0.0,0.0,-5.264489,-3.420244,-524.353542,-307.764802,False,False,False,0.0,False,0.0,False,0.0,False,0.0,0.0,False,linear,0.0,0.0,0.0,0.0,False,clear,1.0,0.0
EXP_CC2CE078,42,1762,29.366667,1,156.979791,451.235198,80.0,-60.0,0.0,0.0,True,straight,2000,2000,10,0.0,0.0,0.0,0.0,-5.256222,-3.426473,-523.020209,-308.764802,False,False,False,0.0,False,0.0,False,0.0,False,0.0,0.0,False,linear,0.0,0.0,0.0,0.0,False,clear,1.0,0.0
EXP_CC2CE078,42,1763,29.383333,1,158.313124,450.235198,80.0,-60.0,0.0,0.0,True,straight,2000,2000,10,0.0,0.0,0.0,0.0,-5.247955,-3.432702,-521.686876,-309.764802,False,False,False,0.0,False,0.0,False,0.0,False,0.0,0.0,False,linear,0.0,0.0,0.0,0.0,False,clear,1.0,0.0
EXP_CC2CE078,42,1764,29.4,1,159.646458,449.235198,80.0,-60.0,0.0,0.0,True,straight,2000,2000,10,0.0,0.0,0.0,0.0,-5.239688,-3.438931,-520.353542,-310.764802,False,False,False,0.0,False,0.0,False,0.0,False,0.0,0.0,False,linear,0.0,0.0,0.0,0.0,False,clear,1.0,0.0
EXP_CC2CE078,42,1765,29.416667,1,160.979791,448.235198,80.0,-60.0,0.0,0.0,True,straight,2000,2000,10,0.0,0.0,0.0,0.0,-5.231421,-3.44516,-519.020209,-311.764802,False,False,False,0.0,False,0.0,False,0.0,False,0.0,0.0,False,linear,0.0,0.0,0.0,0.0,False,clear,1.0,0.0
EXP_CC2CE078,42,1766,29.433333,1,162.313124,447.235198,80.0,-60.0,0.0,0.0,True,straight,2000,2000,10,0.0,0.0,0.0,0.0,-5.223153,-3.451389,-517.686876,-312.764802,False,False,False,0.0,False,0.0,False,0.0,False,0.0,0.0,False,linear,0.0,0.0,0.0,0.0,False,clear,1.0,0.0
EXP_CC2CE078,42,1767,29.45,1,163.646458,446.235198,80.0,-60.0,0.0,0.0,True,straight,2000,2000,10,0.0,0.0,0.0,0.0,-5.214886,-3.457618,-516.353542,-313.764802,False,False,False,0.0,False,0.0,False,0.0,False,0.0,0.0,False,linear,0.0,0.0,0.0,0.0,False,clear,1.0,0.0
EXP_CC2CE078,42,1768,29.466667,1,164.979791,445.235198,80.0,-60.0,0.0,0.0,True,straight,2000,2000,10,0.0,0.0,0.0,0.0,-5.206618,-3.463846,-515.020209,-314.764802,False,False,False,0.0,False,0.0,False,0.0,False,0.0,0.0,False,linear,0.0,0.0,0.0,0.0,False,clear,1.0,0.0
EXP_CC2CE078,42,1769,29.483333,1,166.313124,444.235198,80.0,-60.0,0.0,0.0,True,straight,2000,2000,10,0.0,0.0,0.0,0.0,-5.19835,-3.470075,-513.686876,-315.764802,False,False,False,0.0,False,0.0,False,0.0,False,0.0,0.0,False,linear,0.0,0.0,0.0,0.0,False,clear,1.0,0.0
EXP_CC2CE078,42,1770,29.5,1,167.646458,443.235198,80.0,-60.0,0.0,0.0,True,straight,2000,2000,10,0.0,0.0,0.0,0.0,-5.190081,-3.476303,-512.353542,-316.764802,False,False,False,0.0,False,0.0,False,0.0,False,0.0,0.0,False,linear,0.0,0.0,0.0,0.0,False,clear,1.0,0.0
EXP_CC2CE078,42,1771,29.516667,1,168.979791,442.235198,80.0,-60.0,0.0,0.0,True,straight,2000,2000,10,0.0,0.0,0.0,0.0,-5.181813,-3.482532,-511.020209,-317.764802,False,False,False,0.0,False,0.0,False,0.0,False,0.0,0.0,False,linear,0.0,0.0,0.0,0.0,False,clear,1.0,0.0
EXP_CC2CE078,42,1772,29.533333,1,170.313124,441.235198,80.0,-60.0,0.0,0.0,True,straight,2000,2000,10,0.0,0.0,0.0,0.0,-5.173544,-3.48876,-509.686876,-318.764802,False,False,False,0.0,False,0.0,False,0.0,False,0.0,0.0,False,linear,0.0,0.0,0.0,0.0,False,clear,1.0,0.0
EXP_CC2CE078,42,1773,29.55,1,171.646458,440.235198,80.0,-60.0,0.0,0.0,True,straight,2000,2000,10,0.0,0.0,0.0,0.0,-5.165275,-3.494988,-508.353542,-319.764802,False,False,False,0.0,False,0.0,False,0.0,False,0.0,0.0,False,linear,0.0,0.0,0.0,0.0,False,clear,1.0,0.0
EXP_CC2CE078,42,1774,29.566667,1,172.979791,439.235198,80.0,-60.0,0.0,0.0,True,straight,2000,2000,10,0.0,0.0,0.0,0.0,-5.157005,-3.501216,-507.020209,-320.764802,False,False,False,0.0,False,0.0,False,0.0,False,0.0,0.0,False,linear,0.0,0.0,0.0,0.0,False,clear,1.0,0.0
EXP_CC2CE078,42,1775,29.583333,1,174.313124,438.235198,80.0,-60.0,0.0,0.0,True,straight,2000,2000,10,0.0,0.0,0.0,0.0,-5.148736,-3.507444,-505.686876,-321.764802,False,False,False,0.0,False,0.0,False,0.0,False,0.0,0.0,False,linear,0.0,0.0,0.0,0.0,False,clear,1.0,0.0
EXP_CC2CE078,42,1776,29.6,1,175.646458,437.235198,80.0,-60.0,0.0,0.0,True,straight,2000,2000,10,0.0,0.0,0.0,0.0,-5.140466,-3.513672,-504.353542,-322.764802,False,False,False,0.0,False,0.0,False,0.0,False,0.0,0.0,False,linear,0.0,0.0,0.0,0.0,False,clear,1.0,0.0
EXP_CC2CE078,42,1777,29.616667,1,176.979791,436.235198,80.0,-60.0,0.0,0.0,True,straight,2000,2000,10,0.0,0.0,0.0,0.0,-5.132196,-3.5199,-503.020209,-323.764802,False,False,False,0.0,False,0.0,False,0.0,False,0.0,0.0,False,linear,0.0,0.0,0.0,0.0,False,clear,1.0,0.0
EXP_CC2CE078,42,1778,29.633333,1,178.313124,435.235198,80.0,-60.0,0.0,0.0,True,straight,2000,2000,10,0.0,0.0,0.0,0.0,-5.123926,-3.526128,-501.686876,-324.764802,False,False,False,0.0,False,0.0,False,0.0,False,0.0,0.0,False,linear,0.0,0.0,0.0,0.0,False,clear,1.0,0.0
EXP_CC2CE078,42,1779,29.65,1,179.646458,434.235198,80.0,-60.0,0.0,0.0,True,straight,2000,2000,10,0.0,0.0,0.0,0.0,-5.115656,-3.532356,-500.353542,-325.764802,False,False,False,0.0,False,0.0,False,0.0,False,0.0,0.0,False,linear,0.0,0.0,0.0,0.0,False,clear,1.0,0.0
EXP_CC2CE078,42,1780,29.666667,1,180.979791,433.235198,80.0,-60.0,0.0,0.0,True,straight,2000,2000,10,0.0,0.0,0.0,0.0,-5.107385,-3.538584,-499.020209,-326.764802,False,False,False,0.0,False,0.0,False,0.0,False,0.0,0.0,False,linear,0.0,0.0,0.0,0.0,False,clear,1.0,0.0
EXP_CC2CE078,42,1781,29.683333,1,182.313124,432.235198,80.0,-60.0,0.0,0.0,True,straight,2000,2000,10,0.0,0.0,0.0,0.0,-5.099115,-3.544811,-497.686876,-327.764802,False,False,False,0.0,False,0.0,False,0.0,False,0.0,0.0,False,linear,0.0,0.0,0.0,0.0,False,clear,1.0,0.0
EXP_CC2CE078,42,1782,29.7,1,183.646458,431.235198,80.0,-60.0,0.0,0.0,True,straight,2000,2000,10,0.0,0.0,0.0,0.0,-5.090844,-3.551039,-496.353542,-328.764802,False,False,False,0.0,False,0.0,False,0.0,False,0.0,0.0,False,linear,0.0,0.0,0.0,0.0,False,clear,1.0,0.0
EXP_CC2CE078,42,1783,29.716667,1,184.979791,430.235198,80.0,-60.0,0.0,0.0,True,straight,2000,2000,10,0.0,0.0,0.0,0.0,-5.082572,-3.557266,-495.020209,-329.764802,False,False,False,0.0,False,0.0,False,0.0,False,0.0,0.0,False,linear,0.0,0.0,0.0,0.0,False,clear,1.0,0.0
EXP_CC2CE078,42,1784,29.733333,1,186.313124,429.235198,80.0,-60.0,0.0,0.0,True,straight,2000,2000,10,0.0,0.0,0.0,0.0,-5.074301,-3.563493,-493.686876,-330.764802,False,False,False,0.0,False,0.0,False,0.0,False,0.0,0.0,False,linear,0.0,0.0,0.0,0.0,False,clear,1.0,0.0
EXP_CC2CE078,42,1785,29.75,1,187.646458,428.235198,80.0,-60.0,0.0,0.0,True,straight,2000,2000,10,0.0,0.0,0.0,0.0,-5.066029,-3.569721,-492.353542,-331.764802,False,False,False,0.0,False,0.0,False,0.0,False,0.0,0.0,False,linear,0.0,0.0,0.0,0.0,False,clear,1.0,0.0
EXP_CC2CE078,42,1786,29.766667,1,188.979791,427.235198,80.0,-60.0,0.0,0.0,True,straight,2000,2000,10,0.0,0.0,0.0,0.0,-5.057758,-3.575948,-491.020209,-332.764802,False,False,False,0.0,False,0.0,False,0.0,False,0.0,0.0,False,linear,0.0,0.0,0.0,0.0,False,clear,1.0,0.0
EXP_CC2CE078,42,1787,29.783333,1,190.313124,426.235198,80.0,-60.0,0.0,0.0,True,straight,2000,2000,10,0.0,0.0,0.0,0.0,-5.049486,-3.582175,-489.686876,-333.764802,False,False,False,0.0,False,0.0,False,0.0,False,0.0,0.0,False,linear,0.0,0.0,0.0,0.0,False,clear,1.0,0.0
EXP_CC2CE078,42,1788,29.8,1,191.646458,425.235198,80.0,-60.0,0.0,0.0,True,straight,2000,2000,10,0.0,0.0,0.0,0.0,-5.041213,-3.588402,-488.353542,-334.764802,False,False,False,0.0,False,0.0,False,0.0,False,0.0,0.0,False,linear,0.0,0.0,0.0,0.0,False,clear,1.0,0.0
EXP_CC2CE078,42,1789,29.816667,1,192.979791,424.235198,80.0,-60.0,0.0,0.0,True,straight,2000,2000,10,0.0,0.0,0.0,0.0,-5.032941,-3.594629,-487.020209,-335.764802,False,False,False,0.0,False,0.0,False,0.0,False,0.0,0.0,False,linear,0.0,0.0,0.0,0.0,False,clear,1.0,0.0
EXP_CC2CE078,42,1790,29.833333,1,194.313124,423.235198,80.0,-60.0,0.0,0.0,True,straight,2000,2000,10,0.0,0.0,0.0,0.0,-5.024668,-3.600856,-485.686876,-336.764802,False,False,False,0.0,False,0.0,False,0.0,False,0.0,0.0,False,linear,0.0,0.0,0.0,0.0,False,clear,1.0,0.0
EXP_CC2CE078,42,1791,29.85,1,195.646458,422.235198,80.0,-60.0,0.0,0.0,True,straight,2000,2000,10,0.0,0.0,0.0,0.0,-5.016395,-3.607082,-484.353542,-337.764802,False,False,False,0.0,False,0.0,False,0.0,False,0.0,0.0,False,linear,0.0,0.0,0.0,0.0,False,clear,1.0,0.0
EXP_CC2CE078,42,1792,29.866667,1,196.979791,421.235198,80.0,-60.0,0.0,0.0,True,straight,2000,2000,10,0.0,0.0,0.0,0.0,-5.008122,-3.613309,-483.020209,-338.764802,False,False,False,0.0,False,0.0,False,0.0,False,0.0,0.0,False,linear,0.0,0.0,0.0,0.0,False,clear,1.0,0.0
EXP_CC2CE078,42,1793,29.883333,1,198.313124,420.235198,80.0,-60.0,0.0,0.0,True,straight,2000,2000,10,0.0,0.0,0.0,0.0,-4.999849,-3.619535,-481.686876,-339.764802,False,False,False,0.0,False,0.0,False,0.0,False,0.0,0.0,False,linear,0.0,0.0,0.0,0.0,False,clear,1.0,0.0
EXP_CC2CE078,42,1794,29.9,1,199.646458,419.235198,80.0,-60.0,0.0,0.0,True,straight,2000,2000,10,0.0,0.0,0.0,0.0,-4.991576,-3.625762,-480.353542,-340.764802,False,False,False,0.0,False,0.0,False,0.0,False,0.0,0.0,False,linear,0.0,0.0,0.0,0.0,False,clear,1.0,0.0
EXP_CC2CE078,42,1795,29.916667,1,200.979791,418.235198,80.0,-60.0,0.0,0.0,True,straight,2000,2000,10,0.0,0.0,0.0,0.0,-4.983302,-3.631988,-479.020209,-341.764802,False,False,False,0.0,False,0.0,False,0.0,False,0.0,0.0,False,linear,0.0,0.0,0.0,0.0,False,clear,1.0,0.0
EXP_CC2CE078,42,1796,29.933333,1,202.313124,417.235198,80.0,-60.0,0.0,0.0,True,straight,2000,2000,10,0.0,0.0,0.0,0.0,-4.975028,-3.638215,-477.686876,-342.764802,False,False,False,0.0,False,0.0,False,0.0,False,0.0,0.0,False,linear,0.0,0.0,0.0,0.0,False,clear,1.0,0.0
EXP_CC2CE078,42,1797,29.95,1,203.646458,416.235198,80.0,-60.0,0.0,0.0,True,straight,2000,2000,10,0.0,0.0,0.0,0.0,-4.966754,-3.644441,-476.353542,-343.764802,False,False,False,0.0,False,0.0,False,0.0,False,0.0,0.0,False,linear,0.0,0.0,0.0,0.0,False,clear,1.0,0.0
EXP_CC2CE078,42,1798,29.966667,1,204.979791,415.235198,80.0,-60.0,0.0,0.0,True,straight,2000,2000,10,0.0,0.0,0.0,0.0,-4.958479,-3.650667,-475.020209,-344.764802,False,False,False,0.0,False,0.0,False,0.0,False,0.0,0.0,False,linear,0.0,0.0,0.0,0.0,False,clear,1.0,0.0
EXP_CC2CE078,42,1799,29.983333,1,206.313124,414.235198,80.0,-60.0,0.0,0.0,True,straight,2000,2000,10,0.0,0.0,0.0,0.0,-4.950205,-3.656893,-473.686876,-345.764802,False,False,False,0.0,False,0.0,False,0.0,False,0.0,0.0,False,linear,0.0,0.0,0.0,0.0,False,clear,1.0,0.0
EXP_CC2CE078,42,1800,30.0,1,207.646458,413.235198,80.0,-60.0,0.0,0.0,True,straight,2000,2000,10,0.0,0.0,0.0,0.0,-4.94193,-3.663119,-472.353542,-346.764802,False,False,False,0.0,False,0.0,False,0.0,False,0.0,0.0,False,linear,0.0,0.0,0.0,0.0,False,clear,1.0,0.0
EXP_CC2CE078,42,1801,30.016667,1,208.979791,412.235198,80.0,-60.0,0.0,0.0,True,straight,2000,2000,10,0.0,0.0,0.0,0.0,-4.933655,-3.669345,-471.020209,-347.764802,False,False,False,0.0,False,0.0,False,0.0,False,0.0,0.0,False,linear,0.0,0.0,0.0,0.0,False,clear,1.0,0.0
EXP_CC2CE078,42,1802,30.033333,1,210.313124,411.235198,80.0,-60.0,0.0,0.0,True,straight,2000,2000,10,0.0,0.0,0.0,0.0,-4.92538,-3.675571,-469.686876,-348.764802,False,False,False,0.0,False,0.0,False,0.0,False,0.0,0.0,False,linear,0.0,0.0,0.0,0.0,False,clear,1.0,0.0
EXP_CC2CE078,42,1803,30.05,1,211.646458,410.235198,80.0,-60.0,0.0,0.0,True,straight,2000,2000,10,0.0,0.0,0.0,0.0,-4.917105,-3.681796,-468.353542,-349.764802,False,False,False,0.0,False,0.0,False,0.0,False,0.0,0.0,False,linear,0.0,0.0,0.0,0.0,False,clear,1.0,0.0
EXP_CC2CE078,42,1804,30.066667,1,212.979791,409.235198,80.0,-60.0,0.0,0.0,True,straight,2000,2000,10,0.0,0.0,0.0,0.0,-4.908829,-3.688022,-467.020209,-350.764802,False,False,False,0.0,False,0.0,False,0.0,False,0.0,0.0,False,linear,0.0,0.0,0.0,0.0,False,clear,1.0,0.0
EXP_CC2CE078,42,1805,30.083333,1,214.313124,408.235198,80.0,-60.0,0.0,0.0,True,straight,2000,2000,10,0.0,0.0,0.0,0.0,-4.900553,-3.694247,-465.686876,-351.764802,False,False,False,0.0,False,0.0,False,0.0,False,0.0,0.0,False,linear,0.0,0.0,0.0,0.0,False,clear,1.0,0.0
EXP_CC2CE078,42,1806,30.1,1,215.646458,407.235198,80.0,-60.0,0.0,0.0,True,straight,2000,2000,10,0.0,0.0,0.0,0.0,-4.892277,-3.700473,-464.353542,-352.764802,False,False,False,0.0,False,0.0,False,0.0,False,0.0,0.0,False,linear,0.0,0.0,0.0,0.0,False,clear,1.0,0.0
EXP_CC2CE078,42,1807,30.116667,1,216.979791,406.235198,80.0,-60.0,0.0,0.0,True,straight,2000,2000,10,0.0,0.0,0.0,0.0,-4.884001,-3.706698,-463.020209,-353.764802,False,False,False,0.0,False,0.0,False,0.0,False,0.0,0.0,False,linear,0.0,0.0,0.0,0.0,False,clear,1.0,0.0
EXP_CC2CE078,42,1808,30.133333,1,218.313124,405.235198,80.0,-60.0,0.0,0.0,True,straight,2000,2000,10,0.0,0.0,0.0,0.0,-4.875725,-3.712923,-461.686876,-354.764802,False,False,False,0.0,False,0.0,False,0.0,False,0.0,0.0,False,linear,0.0,0.0,0.0,0.0,False,clear,1.0,0.0
EXP_CC2CE078,42,1809,30.15,1,219.646458,404.235198,80.0,-60.0,0.0,0.0,True,straight,2000,2000,10,0.0,0.0,0.0,0.0,-4.867448,-3.719149,-460.353542,-355.764802,False,False,False,0.0,False,0.0,False,0.0,False,0.0,0.0,False,linear,0.0,0.0,0.0,0.0,False,clear,1.0,0.0
EXP_CC2CE078,42,1810,30.166667,1,220.979791,403.235198,80.0,-60.0,0.0,0.0,True,straight,2000,2000,10,0.0,0.0,0.0,0.0,-4.859171,-3.725374,-459.020209,-356.764802,False,False,False,0.0,False,0.0,False,0.0,False,0.0,0.0,False,linear,0.0,0.0,0.0,0.0,False,clear,1.0,0.0
EXP_CC2CE078,42,1811,30.183333,1,222.313124,402.235198,80.0,-60.0,0.0,0.0,True,straight,2000,2000,10,0.0,0.0,0.0,0.0,-4.850894,-3.731599,-457.686876,-357.764802,False,False,False,0.0,False,0.0,False,0.0,False,0.0,0.0,False,linear,0.0,0.0,0.0,0.0,False,clear,1.0,0.0
EXP_CC2CE078,42,1812,30.2,1,223.646458,401.235198,80.0,-60.0,0.0,0.0,True,straight,2000,2000,10,0.0,0.0,0.0,0.0,-4.842617,-3.737824,-456.353542,-358.764802,False,False,False,0.0,False,0.0,False,0.0,False,0.0,0.0,False,linear,0.0,0.0,0.0,0.0,False,clear,1.0,0.0
EXP_CC2CE078,42,1813,30.216667,1,224.979791,400.235198,80.0,-60.0,0.0,0.0,True,straight,2000,2000,10,0.0,0.0,0.0,0.0,-4.83434,-3.744048,-455.020209,-359.764802,False,False,False,0.0,False,0.0,False,0.0,False,0.0,0.0,False,linear,0.0,0.0,0.0,0.0,False,clear,1.0,0.0
EXP_CC2CE078,42,1814,30.233333,1,226.313124,399.235198,80.0,-60.0,0.0,0.0,True,straight,2000,2000,10,0.0,0.0,0.0,0.0,-4.826062,-3.750273,-453.686876,-360.764802,False,False,False,0.0,False,0.0,False,0.0,False,0.0,0.0,False,linear,0.0,0.0,0.0,0.0,False,clear,1.0,0.0
EXP_CC2CE078,42,1815,30.25,1,227.646458,398.235198,80.0,-60.0,0.0,0.0,True,straight,2000,2000,10,0.0,0.0,0.0,0.0,-4.817784,-3.756498,-452.353542,-361.764802,False,False,False,0.0,False,0.0,False,0.0,False,0.0,0.0,False,linear,0.0,0.0,0.0,0.0,False,clear,1.0,0.0
EXP_CC2CE078,42,1816,30.266667,1,228.979791,397.235198,80.0,-60.0,0.0,0.0,True,straight,2000,2000,10,0.0,0.0,0.0,0.0,-4.809506,-3.762722,-451.020209,-362.764802,False,False,False,0.0,False,0.0,False,0.0,False,0.0,0.0,False,linear,0.0,0.0,0.0,0.0,False,clear,1.0,0.0
EXP_CC2CE078,42,1817,30.283333,1,230.313124,396.235198,80.0,-60.0,0.0,0.0,True,straight,2000,2000,10,0.0,0.0,0.0,0.0,-4.801228,-3.768947,-449.686876,-363.764802,False,False,False,0.0,False,0.0,False,0.0,False,0.0,0.0,False,linear,0.0,0.0,0.0,0.0,False,clear,1.0,0.0
EXP_CC2CE078,42,1818,30.3,1,231.646458,395.235198,80.0,-60.0,0.0,0.0,True,straight,2000,2000,10,0.0,0.0,0.0,0.0,-4.79295,-3.775171,-448.353542,-364.764802,False,False,False,0.0,False,0.0,False,0.0,False,0.0,0.0,False,linear,0.0,0.0,0.0,0.0,False,clear,1.0,0.0
EXP_CC2CE078,42,1819,30.316667,1,232.979791,394.235198,80.0,-60.0,0.0,0.0,True,straight,2000,2000,10,0.0,0.0,0.0,0.0,-4.784671,-3.781395,-447.020209,-365.764802,False,False,False,0.0,False,0.0,False,0.0,False,0.0,0.0,False,linear,0.0,0.0,0.0,0.0,False,clear,1.0,0.0
EXP_CC2CE078,42,1820,30.333333,1,234.313124,393.235198,80.0,-60.0,0.0,0.0,True,straight,2000,2000,10,0.0,0.0,0.0,0.0,-4.776392,-3.78762,-445.686876,-366.764802,False,False,False,0.0,False,0.0,False,0.0,False,0.0,0.0,False,linear,0.0,0.0,0.0,0.0,False,clear,1.0,0.0
EXP_CC2CE078,42,1821,30.35,1,235.646458,392.235198,80.0,-60.0,0.0,0.0,True,straight,2000,2000,10,0.0,0.0,0.0,0.0,-4.768113,-3.793844,-444.353542,-367.764802,False,False,False,0.0,False,0.0,False,0.0,False,0.0,0.0,False,linear,0.0,0.0,0.0,0.0,False,clear,1.0,0.0
EXP_CC2CE078,42,1822,30.366667,1,236.979791,391.235198,80.0,-60.0,0.0,0.0,True,straight,2000,2000,10,0.0,0.0,0.0,0.0,-4.759834,-3.800068,-443.020209,-368.764802,False,False,False,0.0,False,0.0,False,0.0,False,0.0,0.0,False,linear,0.0,0.0,0.0,0.0,False,clear,1.0,0.0
EXP_CC2CE078,42,1823,30.383333,1,238.313124,390.235198,80.0,-60.0,0.0,0.0,True,straight,2000,2000,10,0.0,0.0,0.0,0.0,-4.751555,-3.806292,-441.686876,-369.764802,False,False,False,0.0,False,0.0,False,0.0,False,0.0,0.0,False,linear,0.0,0.0,0.0,0.0,False,clear,1.0,0.0
EXP_CC2CE078,42,1824,30.4,1,239.646458,389.235198,80.0,-60.0,0.0,0.0,True,straight,2000,2000,10,0.0,0.0,0.0,0.0,-4.743275,-3.812515,-440.353542,-370.764802,False,False,False,0.0,False,0.0,False,0.0,False,0.0,0.0,False,linear,0.0,0.0,0.0,0.0,False,clear,1.0,0.0
EXP_CC2CE078,42,1825,30.416667,1,240.979791,388.235198,80.0,-60.0,0.0,0.0,True,straight,2000,2000,10,0.0,0.0,0.0,0.0,-4.734995,-3.818739,-439.020209,-371.764802,False,False,False,0.0,False,0.0,False,0.0,False,0.0,0.0,False,linear,0.0,0.0,0.0,0.0,False,clear,1.0,0.0
EXP_CC2CE078,42,1826,30.433333,1,242.313124,387.235198,80.0,-60.0,0.0,0.0,True,straight,2000,2000,10,0.0,0.0,0.0,0.0,-4.726715,-3.824963,-437.686876,-372.764802,False,False,False,0.0,False,0.0,False,0.0,False,0.0,0.0,False,linear,0.0,0.0,0.0,0.0,False,clear,1.0,0.0
EXP_CC2CE078,42,1827,30.45,1,243.646458,386.235198,80.0,-60.0,0.0,0.0,True,straight,2000,2000,10,0.0,0.0,0.0,0.0,-4.718435,-3.831186,-436.353542,-373.764802,False,False,False,0.0,False,0.0,False,0.0,False,0.0,0.0,False,linear,0.0,0.0,0.0,0.0,False,clear,1.0,0.0
EXP_CC2CE078,42,1828,30.466667,1,244.979791,385.235198,80.0,-60.0,0.0,0.0,True,straight,2000,2000,10,0.0,0.0,0.0,0.0,-4.710155,-3.83741,-435.020209,-374.764802,False,False,False,0.0,False,0.0,False,0.0,False,0.0,0.0,False,linear,0.0,0.0,0.0,0.0,False,clear,1.0,0.0
EXP_CC2CE078,42,1829,30.483333,1,246.313124,384.235198,80.0,-60.0,0.0,0.0,True,straight,2000,2000,10,0.0,0.0,0.0,0.0,-4.701874,-3.843633,-433.686876,-375.764802,False,False,False,0.0,False,0.0,False,0.0,False,0.0,0.0,False,linear,0.0,0.0,0.0,0.0,False,clear,1.0,0.0
EXP_CC2CE078,42,1830,30.5,1,247.646458,383.235198,80.0,-60.0,0.0,0.0,True,straight,2000,2000,10,0.0,0.0,0.0,0.0,-4.693593,-3.849857,-432.353542,-376.764802,False,False,False,0.0,False,0.0,False,0.0,False,0.0,0.0,False,linear,0.0,0.0,0.0,0.0,False,clear,1.0,0.0
EXP_CC2CE078,42,1831,30.516667,1,248.979791,382.235198,80.0,-60.0,0.0,0.0,True,straight,2000,2000,10,0.0,0.0,0.0,0.0,-4.685312,-3.85608,-431.020209,-377.764802,False,False,False,0.0,False,0.0,False,0.0,False,0.0,0.0,False,linear,0.0,0.0,0.0,0.0,False,clear,1.0,0.0
EXP_CC2CE078,42,1832,30.533333,1,250.313124,381.235198,80.0,-60.0,0.0,0.0,True,straight,2000,2000,10,0.0,0.0,0.0,0.0,-4.677031,-3.862303,-429.686876,-378.764802,False,False,False,0.0,False,0.0,False,0.0,False,0.0,0.0,False,linear,0.0,0.0,0.0,0.0,False,clear,1.0,0.0
EXP_CC2CE078,42,1833,30.55,1,251.646458,380.235198,80.0,-60.0,0.0,0.0,True,straight,2000,2000,10,0.0,0.0,0.0,0.0,-4.66875,-3.868526,-428.353542,-379.764802,False,False,False,0.0,False,0.0,False,0.0,False,0.0,0.0,False,linear,0.0,0.0,0.0,0.0,False,clear,1.0,0.0
EXP_CC2CE078,42,1834,30.566667,1,252.979791,379.235198,80.0,-60.0,0.0,0.0,True,straight,2000,2000,10,0.0,0.0,0.0,0.0,-4.660468,-3.874749,-427.020209,-380.764802,False,False,False,0.0,False,0.0,False,0.0,False,0.0,0.0,False,linear,0.0,0.0,0.0,0.0,False,clear,1.0,0.0
EXP_CC2CE078,42,1835,30.583333,1,254.313124,378.235198,80.0,-60.0,0.0,0.0,True,straight,2000,2000,10,0.0,0.0,0.0,0.0,-4.652186,-3.880972,-425.686876,-381.764802,False,False,False,0.0,False,0.0,False,0.0,False,0.0,0.0,False,linear,0.0,0.0,0.0,0.0,False,clear,1.0,0.0
EXP_CC2CE078,42,1836,30.6,1,255.646458,377.235198,80.0,-60.0,0.0,0.0,True,straight,2000,2000,10,0.0,0.0,0.0,0.0,-4.643904,-3.887194,-424.353542,-382.764802,False,False,False,0.0,False,0.0,False,0.0,False,0.0,0.0,False,linear,0.0,0.0,0.0,0.0,False,clear,1.0,0.0
EXP_CC2CE078,42,1837,30.616667,1,256.979791,376.235198,80.0,-60.0,0.0,0.0,True,straight,2000,2000,10,0.0,0.0,0.0,0.0,-4.635622,-3.893417,-423.020209,-383.764802,False,False,False,0.0,False,0.0,False,0.0,False,0.0,0.0,False,linear,0.0,0.0,0.0,0.0,False,clear,1.0,0.0
EXP_CC2CE078,42,1838,30.633333,1,258.313124,375.235198,80.0,-60.0,0.0,0.0,True,straight,2000,2000,10,0.0,0.0,0.0,0.0,-4.62734,-3.89964,-421.686876,-384.764802,False,False,False,0.0,False,0.0,False,0.0,False,0.0,0.0,False,linear,0.0,0.0,0.0,0.0,False,clear,1.0,0.0
EXP_CC2CE078,42,1839,30.65,1,259.646458,374.235198,80.0,-60.0,0.0,0.0,True,straight,2000,2000,10,0.0,0.0,0.0,0.0,-4.619057,-3.905862,-420.353542,-385.764802,False,False,False,0.0,False,0.0,False,0.0,False,0.0,0.0,False,linear,0.0,0.0,0.0,0.0,False,clear,1.0,0.0
EXP_CC2CE078,42,1840,30.666667,1,260.979791,373.235198,80.0,-60.0,0.0,0.0,True,straight,2000,2000,10,0.0,0.0,0.0,0.0,-4.610774,-3.912084,-419.020209,-386.764802,False,False,False,0.0,False,0.0,False,0.0,False,0.0,0.0,False,linear,0.0,0.0,0.0,0.0,False,clear,1.0,0.0
EXP_CC2CE078,42,1841,30.683333,1,262.313124,372.235198,80.0,-60.0,0.0,0.0,True,straight,2000,2000,10,0.0,0.0,0.0,0.0,-4.602491,-3.918307,-417.686876,-387.764802,False,False,False,0.0,False,0.0,False,0.0,False,0.0,0.0,False,linear,0.0,0.0,0.0,0.0,False,clear,1.0,0.0
EXP_CC2CE078,42,1842,30.7,1,263.646458,371.235198,80.0,-60.0,0.0,0.0,True,straight,2000,2000,10,0.0,0.0,0.0,0.0,-4.594208,-3.924529,-416.353542,-388.764802,False,False,False,0.0,False,0.0,False,0.0,False,0.0,0.0,False,linear,0.0,0.0,0.0,0.0,False,clear,1.0,0.0
EXP_CC2CE078,42,1843,30.716667,1,264.979791,370.235198,80.0,-60.0,0.0,0.0,True,straight,2000,2000,10,0.0,0.0,0.0,0.0,-4.585925,-3.930751,-415.020209,-389.764802,False,False,False,0.0,False,0.0,False,0.0,False,0.0,0.0,False,linear,0.0,0.0,0.0,0.0,False,clear,1.0,0.0
EXP_CC2CE078,42,1844,30.733333,1,266.313124,369.235198,80.0,-60.0,0.0,0.0,True,straight,2000,2000,10,0.0,0.0,0.0,0.0,-4.577641,-3.936973,-413.686876,-390.764802,False,False,False,0.0,False,0.0,False,0.0,False,0.0,0.0,False,linear,0.0,0.0,0.0,0.0,False,clear,1.0,0.0
EXP_CC2CE078,42,1845,30.75,1,267.646458,368.235198,80.0,-60.0,0.0,0.0,True,straight,2000,2000,10,0.0,0.0,0.0,0.0,-4.569358,-3.943195,-412.353542,-391.764802,False,False,False,0.0,False,0.0,False,0.0,False,0.0,0.0,False,linear,0.0,0.0,0.0,0.0,False,clear,1.0,0.0
EXP_CC2CE078,42,1846,30.766667,1,268.979791,367.235198,80.0,-60.0,0.0,0.0,True,straight,2000,2000,10,0.0,0.0,0.0,0.0,-4.561074,-3.949417,-411.020209,-392.764802,False,False,False,0.0,False,0.0,False,0.0,False,0.0,0.0,False,linear,0.0,0.0,0.0,0.0,False,clear,1.0,0.0
EXP_CC2CE078,42,1847,30.783333,1,270.313124,366.235198,80.0,-60.0,0.0,0.0,True,straight,2000,2000,10,0.0,0.0,0.0,0.0,-4.55279,-3.955639,-409.686876,-393.764802,False,False,False,0.0,False,0.0,False,0.0,False,0.0,0.0,False,linear,0.0,0.0,0.0,0.0,False,clear,1.0,0.0
EXP_CC2CE078,42,1848,30.8,1,271.646458,365.235198,80.0,-60.0,0.0,0.0,True,straight,2000,2000,10,0.0,0.0,0.0,0.0,-4.544505,-3.96186,-408.353542,-394.764802,False,False,False,0.0,False,0.0,False,0.0,False,0.0,0.0,False,linear,0.0,0.0,0.0,0.0,False,clear,1.0,0.0
EXP_CC2CE078,42,1849,30.816667,1,272.979791,364.235198,80.0,-60.0,0.0,0.0,True,straight,2000,2000,10,0.0,0.0,0.0,0.0,-4.536221,-3.968082,-407.020209,-395.764802,False,False,False,0.0,False,0.0,False,0.0,False,0.0,0.0,False,linear,0.0,0.0,0.0,0.0,False,clear,1.0,0.0
EXP_CC2CE078,42,1850,30.833333,1,274.313124,363.235198,80.0,-60.0,0.0,0.0,True,straight,2000,2000,10,0.0,0.0,0.0,0.0,-4.527936,-3.974303,-405.686876,-396.764802,False,False,False,0.0,False,0.0,False,0.0,False,0.0,0.0,False,linear,0.0,0.0,0.0,0.0,False,clear,1.0,0.0
EXP_CC2CE078,42,1851,30.85,1,275.646458,362.235198,80.0,-60.0,0.0,0.0,True,straight,2000,2000,10,0.0,0.0,0.0,0.0,-4.519651,-3.980524,-404.353542,-397.764802,False,False,False,0.0,False,0.0,False,0.0,False,0.0,0.0,False,linear,0.0,0.0,0.0,0.0,False,clear,1.0,0.0
EXP_CC2CE078,42,1852,30.866667,1,276.979791,361.235198,80.0,-60.0,0.0,0.0,True,straight,2000,2000,10,0.0,0.0,0.0,0.0,-4.511366,-3.986746,-403.020209,-398.764802,False,False,False,0.0,False,0.0,False,0.0,False,0.0,0.0,False,linear,0.0,0.0,0.0,0.0,False,clear,1.0,0.0
EXP_CC2CE078,42,1853,30.883333,1,278.313124,360.235198,80.0,-60.0,0.0,0.0,True,straight,2000,2000,10,0.0,0.0,0.0,0.0,-4.503081,-3.992967,-401.686876,-399.764802,False,False,False,0.0,False,0.0,False,0.0,False,0.0,0.0,False,linear,0.0,0.0,0.0,0.0,False,clear,1.0,0.0
EXP_CC2CE078,42,1854,30.9,1,279.646458,359.235198,80.0,-60.0,0.0,0.0,True,straight,2000,2000,10,0.0,0.0,0.0,0.0,-4.494796,-3.999188,-400.353542,-400.764802,False,False,False,0.0,False,0.0,False,0.0,False,0.0,0.0,False,linear,0.0,0.0,0.0,0.0,False,clear,1.0,0.0
EXP_CC2CE078,42,1855,30.916667,1,280.979791,358.235198,80.0,-60.0,0.0,0.0,True,straight,2000,2000,10,0.0,0.0,0.0,0.0,-4.48651,-4.005409,-399.020209,-401.764802,False,False,False,0.0,False,0.0,False,0.0,False,0.0,0.0,False,linear,0.0,0.0,0.0,0.0,False,clear,1.0,0.0
EXP_CC2CE078,42,1856,30.933333,1,282.313124,357.235198,80.0,-60.0,0.0,0.0,True,straight,2000,2000,10,0.0,0.0,0.0,0.0,-4.478224,-4.01163,-397.686876,-402.764802,False,False,False,0.0,False,0.0,False,0.0,False,0.0,0.0,False,linear,0.0,0.0,0.0,0.0,False,clear,1.0,0.0
EXP_CC2CE078,42,1857,30.95,1,283.646458,356.235198,80.0,-60.0,0.0,0.0,True,straight,2000,2000,10,0.0,0.0,0.0,0.0,-4.469938,-4.017851,-396.353542,-403.764802,False,False,False,0.0,False,0.0,False,0.0,False,0.0,0.0,False,linear,0.0,0.0,0.0,0.0,False,clear,1.0,0.0
EXP_CC2CE078,42,1858,30.966667,1,284.979791,355.235198,80.0,-60.0,0.0,0.0,True,straight,2000,2000,10,0.0,0.0,0.0,0.0,-4.461652,-4.024071,-395.020209,-404.764802,False,False,False,0.0,False,0.0,False,0.0,False,0.0,0.0,False,linear,0.0,0.0,0.0,0.0,False,clear,1.0,0.0
EXP_CC2CE078,42,1859,30.983333,1,286.313124,354.235198,80.0,-60.0,0.0,0.0,True,straight,2000,2000,10,0.0,0.0,0.0,0.0,-4.453366,-4.030292,-393.686876,-405.764802,False,False,False,0.0,False,0.0,False,0.0,False,0.0,0.0,False,linear,0.0,0.0,0.0,0.0,False,clear,1.0,0.0
EXP_CC2CE078,42,1860,31.0,1,287.646458,353.235198,80.0,-60.0,0.0,0.0,True,straight,2000,2000,10,0.0,0.0,0.0,0.0,-4.445079,-4.036512,-392.353542,-406.764802,False,False,False,0.0,False,0.0,False,0.0,False,0.0,0.0,False,linear,0.0,0.0,0.0,0.0,False,clear,1.0,0.0
EXP_CC2CE078,42,1861,31.016667,1,288.979791,352.235198,80.0,-60.0,0.0,0.0,True,straight,2000,2000,10,0.0,0.0,0.0,0.0,-4.436792,-4.042733,-391.020209,-407.764802,False,False,False,0.0,False,0.0,False,0.0,False,0.0,0.0,False,linear,0.0,0.0,0.0,0.0,False,clear,1.0,0.0
EXP_CC2CE078,42,1862,31.033333,1,290.313124,351.235198,80.0,-60.0,0.0,0.0,True,straight,2000,2000,10,0.0,0.0,0.0,0.0,-4.428506,-4.048953,-389.686876,-408.764802,False,False,False,0.0,False,0.0,False,0.0,False,0.0,0.0,False,linear,0.0,0.0,0.0,0.0,False,clear,1.0,0.0
EXP_CC2CE078,42,1863,31.05,1,291.646458,350.235198,80.0,-60.0,0.0,0.0,True,straight,2000,2000,10,0.0,0.0,0.0,0.0,-4.420218,-4.055173,-388.353542,-409.764802,False,False,False,0.0,False,0.0,False,0.0,False,0.0,0.0,False,linear,0.0,0.0,0.0,0.0,False,clear,1.0,0.0
EXP_CC2CE078,42,1864,31.066667,1,292.979791,349.235198,80.0,-60.0,0.0,0.0,True,straight,2000,2000,10,0.0,0.0,0.0,0.0,-4.411931,-4.061393,-387.020209,-410.764802,False,False,False,0.0,False,0.0,False,0.0,False,0.0,0.0,False,linear,0.0,0.0,0.0,0.0,False,clear,1.0,0.0
EXP_CC2CE078,42,1865,31.083333,1,294.313124,348.235198,80.0,-60.0,0.0,0.0,True,straight,2000,2000,10,0.0,0.0,0.0,0.0,-4.403644,-4.067613,-385.686876,-411.764802,False,False,False,0.0,False,0.0,False,0.0,False,0.0,0.0,False,linear,0.0,0.0,0.0,0.0,False,clear,1.0,0.0
EXP_CC2CE078,42,1866,31.1,1,295.646458,347.235198,80.0,-60.0,0.0,0.0,True,straight,2000,2000,10,0.0,0.0,0.0,0.0,-4.395356,-4.073833,-384.353542,-412.764802,False,False,False,0.0,False,0.0,False,0.0,False,0.0,0.0,False,linear,0.0,0.0,0.0,0.0,False,clear,1.0,0.0
EXP_CC2CE078,42,1867,31.116667,1,296.979791,346.235198,80.0,-60.0,0.0,0.0,True,straight,2000,2000,10,0.0,0.0,0.0,0.0,-4.387068,-4.080053,-383.020209,-413.764802,False,False,False,0.0,False,0.0,False,0.0,False,0.0,0.0,False,linear,0.0,0.0,0.0,0.0,False,clear,1.0,0.0
EXP_CC2CE078,42,1868,31.133333,1,298.313124,345.235198,80.0,-60.0,0.0,0.0,True,straight,2000,2000,10,0.0,0.0,0.0,0.0,-4.37878,-4.086273,-381.686876,-414.764802,False,False,False,0.0,False,0.0,False,0.0,False,0.0,0.0,False,linear,0.0,0.0,0.0,0.0,False,clear,1.0,0.0
EXP_CC2CE078,42,1869,31.15,1,299.646458,344.235198,80.0,-60.0,0.0,0.0,True,straight,2000,2000,10,0.0,0.0,0.0,0.0,-4.370492,-4.092493,-380.353542,-415.764802,False,False,False,0.0,False,0.0,False,0.0,False,0.0,0.0,False,linear,0.0,0.0,0.0,0.0,False,clear,1.0,0.0
EXP_CC2CE078,42,1870,31.166667,1,300.979791,343.235198,80.0,-60.0,0.0,0.0,True,straight,2000,2000,10,0.0,0.0,0.0,0.0,-4.362204,-4.098712,-379.020209,-416.764802,False,False,False,0.0,False,0.0,False,0.0,False,0.0,0.0,False,linear,0.0,0.0,0.0,0.0,False,clear,1.0,0.0
EXP_CC2CE078,42,1871,31.183333,1,302.313124,342.235198,80.0,-60.0,0.0,0.0,True,straight,2000,2000,10,0.0,0.0,0.0,0.0,-4.353915,-4.104932,-377.686876,-417.764802,False,False,False,0.0,False,0.0,False,0.0,False,0.0,0.0,False,linear,0.0,0.0,0.0,0.0,False,clear,1.0,0.0
EXP_CC2CE078,42,1872,31.2,1,303.646458,341.235198,80.0,-60.0,0.0,0.0,True,straight,2000,2000,10,0.0,0.0,0.0,0.0,-4.345626,-4.111151,-376.353542,-418.764802,False,False,False,0.0,False,0.0,False,0.0,False,0.0,0.0,False,linear,0.0,0.0,0.0,0.0,False,clear,1.0,0.0
EXP_CC2CE078,42,1873,31.216667,1,304.979791,340.235198,80.0,-60.0,0.0,0.0,True,straight,2000,2000,10,0.0,0.0,0.0,0.0,-4.337337,-4.11737,-375.020209,-419.764802,False,False,False,0.0,False,0.0,False,0.0,False,0.0,0.0,False,linear,0.0,0.0,0.0,0.0,False,clear,1.0,0.0
EXP_CC2CE078,42,1874,31.233333,1,306.313124,339.235198,80.0,-60.0,0.0,0.0,True,straight,2000,2000,10,0.0,0.0,0.0,0.0,-4.329048,-4.123589,-373.686876,-420.764802,False,False,False,0.0,False,0.0,False,0.0,False,0.0,0.0,False,linear,0.0,0.0,0.0,0.0,False,clear,1.0,0.0
EXP_CC2CE078,42,1875,31.25,1,307.646458,338.235198,80.0,-60.0,0.0,0.0,True,straight,2000,2000,10,0.0,0.0,0.0,0.0,-4.320759,-4.129808,-372.353542,-421.764802,False,False,False,0.0,False,0.0,False,0.0,False,0.0,0.0,False,linear,0.0,0.0,0.0,0.0,False,clear,1.0,0.0
EXP_CC2CE078,42,1876,31.266667,1,308.979791,337.235198,80.0,-60.0,0.0,0.0,True,straight,2000,2000,10,0.0,0.0,0.0,0.0,-4.312469,-4.136027,-371.020209,-422.764802,False,False,False,0.0,False,0.0,False,0.0,False,0.0,0.0,False,linear,0.0,0.0,0.0,0.0,False,clear,1.0,0.0
EXP_CC2CE078,42,1877,31.283333,1,310.313124,336.235198,80.0,-60.0,0.0,0.0,True,straight,2000,2000,10,0.0,0.0,0.0,0.0,-4.30418,-4.142246,-369.686876,-423.764802,False,False,False,0.0,False,0.0,False,0.0,False,0.0,0.0,False,linear,0.0,0.0,0.0,0.0,False,clear,1.0,0.0
EXP_CC2CE078,42,1878,31.3,1,311.646458,335.235198,80.0,-60.0,0.0,0.0,True,straight,2000,2000,10,0.0,0.0,0.0,0.0,-4.29589,-4.148465,-368.353542,-424.764802,False,False,False,0.0,False,0.0,False,0.0,False,0.0,0.0,False,linear,0.0,0.0,0.0,0.0,False,clear,1.0,0.0
EXP_CC2CE078,42,1879,31.316667,1,312.979791,334.235198,80.0,-60.0,0.0,0.0,True,straight,2000,2000,10,0.0,0.0,0.0,0.0,-4.2876,-4.154684,-367.020209,-425.764802,False,False,False,0.0,False,0.0,False,0.0,False,0.0,0.0,False,linear,0.0,0.0,0.0,0.0,False,clear,1.0,0.0
EXP_CC2CE078,42,1880,31.333333,1,314.313124,333.235198,80.0,-60.0,0.0,0.0,True,straight,2000,2000,10,0.0,0.0,0.0,0.0,-4.27931,-4.160902,-365.686876,-426.764802,False,False,False,0.0,False,0.0,False,0.0,False,0.0,0.0,False,linear,0.0,0.0,0.0,0.0,False,clear,1.0,0.0
EXP_CC2CE078,42,1881,31.35,1,315.646458,332.235198,80.0,-60.0,0.0,0.0,True,straight,2000,2000,10,0.0,0.0,0.0,0.0,-4.271019,-4.167121,-364.353542,-427.764802,False,False,False,0.0,False,0.0,False,0.0,False,0.0,0.0,False,linear,0.0,0.0,0.0,0.0,False,clear,1.0,0.0
EXP_CC2CE078,42,1882,31.366667,1,316.979791,331.235198,80.0,-60.0,0.0,0.0,True,straight,2000,2000,10,0.0,0.0,0.0,0.0,-4.262729,-4.173339,-363.020209,-428.764802,False,False,False,0.0,False,0.0,False,0.0,False,0.0,0.0,False,linear,0.0,0.0,0.0,0.0,False,clear,1.0,0.0
EXP_CC2CE078,42,1883,31.383333,1,318.313124,330.235198,80.0,-60.0,0.0,0.0,True,straight,2000,2000,10,0.0,0.0,0.0,0.0,-4.254438,-4.179557,-361.686876,-429.764802,False,False,False,0.0,False,0.0,False,0.0,False,0.0,0.0,False,linear,0.0,0.0,0.0,0.0,False,clear,1.0,0.0
EXP_CC2CE078,42,1884,31.4,1,319.646458,329.235198,80.0,-60.0,0.0,0.0,True,straight,2000,2000,10,0.0,0.0,0.0,0.0,-4.246147,-4.185775,-360.353542,-430.764802,False,False,False,0.0,False,0.0,False,0.0,False,0.0,0.0,False,linear,0.0,0.0,0.0,0.0,False,clear,1.0,0.0
EXP_CC2CE078,42,1885,31.416667,1,320.979791,328.235198,80.0,-60.0,0.0,0.0,True,straight,2000,2000,10,0.0,0.0,0.0,0.0,-4.237856,-4.191994,-359.020209,-431.764802,False,False,False,0.0,False,0.0,False,0.0,False,0.0,0.0,False,linear,0.0,0.0,0.0,0.0,False,clear,1.0,0.0
EXP_CC2CE078,42,1886,31.433333,1,322.313124,327.235198,80.0,-60.0,0.0,0.0,True,straight,2000,2000,10,0.0,0.0,0.0,0.0,-4.229565,-4.198212,-357.686876,-432.764802,False,False,False,0.0,False,0.0,False,0.0,False,0.0,0.0,False,linear,0.0,0.0,0.0,0.0,False,clear,1.0,0.0
EXP_CC2CE078,42,1887,31.45,1,323.646458,326.235198,80.0,-60.0,0.0,0.0,True,straight,2000,2000,10,0.0,0.0,0.0,0.0,-4.221273,-4.204429,-356.353542,-433.764802,False,False,False,0.0,False,0.0,False,0.0,False,0.0,0.0,False,linear,0.0,0.0,0.0,0.0,False,clear,1.0,0.0
EXP_CC2CE078,42,1888,31.466667,1,324.979791,325.235198,80.0,-60.0,0.0,0.0,True,straight,2000,2000,10,0.0,0.0,0.0,0.0,-4.212981,-4.210647,-355.020209,-434.764802,False,False,False,0.0,False,0.0,False,0.0,False,0.0,0.0,False,linear,0.0,0.0,0.0,0.0,False,clear,1.0,0.0
EXP_CC2CE078,42,1889,31.483333,1,326.313124,324.235198,80.0,-60.0,0.0,0.0,True,straight,2000,2000,10,0.0,0.0,0.0,0.0,-4.20469,-4.216865,-353.686876,-435.764802,False,False,False,0.0,False,0.0,False,0.0,False,0.0,0.0,False,linear,0.0,0.0,0.0,0.0,False,clear,1.0,0.0
EXP_CC2CE078,42,1890,31.5,1,327.646458,323.235198,80.0,-60.0,0.0,0.0,True,straight,2000,2000,10,0.0,0.0,0.0,0.0,-4.196398,-4.223082,-352.353542,-436.764802,False,False,False,0.0,False,0.0,False,0.0,False,0.0,0.0,False,linear,0.0,0.0,0.0,0.0,False,clear,1.0,0.0
EXP_CC2CE078,42,1891,31.516667,1,328.979791,322.235198,80.0,-60.0,0.0,0.0,True,straight,2000,2000,10,0.0,0.0,0.0,0.0,-4.188105,-4.2293,-351.020209,-437.764802,False,False,False,0.0,False,0.0,False,0.0,False,0.0,0.0,False,linear,0.0,0.0,0.0,0.0,False,clear,1.0,0.0
EXP_CC2CE078,42,1892,31.533333,1,330.313124,321.235198,80.0,-60.0,0.0,0.0,True,straight,2000,2000,10,0.0,0.0,0.0,0.0,-4.179813,-4.235517,-349.686876,-438.764802,False,False,False,0.0,False,0.0,False,0.0,False,0.0,0.0,False,linear,0.0,0.0,0.0,0.0,False,clear,1.0,0.0
EXP_CC2CE078,42,1893,31.55,1,331.646458,320.235198,80.0,-60.0,0.0,0.0,True,straight,2000,2000,10,0.0,0.0,0.0,0.0,-4.171521,-4.241735,-348.353542,-439.764802,False,False,False,0.0,False,0.0,False,0.0,False,0.0,0.0,False,linear,0.0,0.0,0.0,0.0,False,clear,1.0,0.0
EXP_CC2CE078,42,1894,31.566667,1,332.979791,319.235198,80.0,-60.0,0.0,0.0,True,straight,2000,2000,10,0.0,0.0,0.0,0.0,-4.163228,-4.247952,-347.020209,-440.764802,False,False,False,0.0,False,0.0,False,0.0,False,0.0,0.0,False,linear,0.0,0.0,0.0,0.0,False,clear,1.0,0.0
EXP_CC2CE078,42,1895,31.583333,1,334.313124,318.235198,80.0,-60.0,0.0,0.0,True,straight,2000,2000,10,0.0,0.0,0.0,0.0,-4.154935,-4.254169,-345.686876,-441.764802,False,False,False,0.0,False,0.0,False,0.0,False,0.0,0.0,False,linear,0.0,0.0,0.0,0.0,False,clear,1.0,0.0
EXP_CC2CE078,42,1896,31.6,1,335.646458,317.235198,80.0,-60.0,0.0,0.0,True,straight,2000,2000,10,0.0,0.0,0.0,0.0,-4.146642,-4.260386,-344.353542,-442.764802,False,False,False,0.0,False,0.0,False,0.0,False,0.0,0.0,False,linear,0.0,0.0,0.0,0.0,False,clear,1.0,0.0
EXP_CC2CE078,42,1897,31.616667,1,336.979791,316.235198,80.0,-60.0,0.0,0.0,True,straight,2000,2000,10,0.0,0.0,0.0,0.0,-4.138349,-4.266603,-343.020209,-443.764802,False,False,False,0.0,False,0.0,False,0.0,False,0.0,0.0,False,linear,0.0,0.0,0.0,0.0,False,clear,1.0,0.0
EXP_CC2CE078,42,1898,31.633333,1,338.313124,315.235198,80.0,-60.0,0.0,0.0,True,straight,2000,2000,10,0.0,0.0,0.0,0.0,-4.130055,-4.272819,-341.686876,-444.764802,False,False,False,0.0,False,0.0,False,0.0,False,0.0,0.0,False,linear,0.0,0.0,0.0,0.0,False,clear,1.0,0.0
EXP_CC2CE078,42,1899,31.65,1,339.646458,314.235198,80.0,-60.0,0.0,0.0,True,straight,2000,2000,10,0.0,0.0,0.0,0.0,-4.121762,-4.279036,-340.353542,-445.764802,False,False,False,0.0,False,0.0,False,0.0,False,0.0,0.0,False,linear,0.0,0.0,0.0,0.0,False,clear,1.0,0.0
EXP_CC2CE078,42,1900,31.666667,1,340.979791,313.235198,80.0,-60.0,0.0,0.0,True,straight,2000,2000,10,0.0,0.0,0.0,0.0,-4.113468,-4.285253,-339.020209,-446.764802,False,False,False,0.0,False,0.0,False,0.0,False,0.0,0.0,False,linear,0.0,0.0,0.0,0.0,False,clear,1.0,0.0
EXP_CC2CE078,42,1901,31.683333,1,342.313124,312.235198,80.0,-60.0,0.0,0.0,True,straight,2000,2000,10,0.0,0.0,0.0,0.0,-4.105174,-4.291469,-337.686876,-447.764802,False,False,False,0.0,False,0.0,False,0.0,False,0.0,0.0,False,linear,0.0,0.0,0.0,0.0,False,clear,1.0,0.0
EXP_CC2CE078,42,1902,31.7,1,343.646458,311.235198,80.0,-60.0,0.0,0.0,True,straight,2000,2000,10,0.0,0.0,0.0,0.0,-4.09688,-4.297686,-336.353542,-448.764802,False,False,False,0.0,False,0.0,False,0.0,False,0.0,0.0,False,linear,0.0,0.0,0.0,0.0,False,clear,1.0,0.0
EXP_CC2CE078,42,1903,31.716667,1,344.979791,310.235198,80.0,-60.0,0.0,0.0,True,straight,2000,2000,10,0.0,0.0,0.0,0.0,-4.088586,-4.303902,-335.020209,-449.764802,False,False,False,0.0,False,0.0,False,0.0,False,0.0,0.0,False,linear,0.0,0.0,0.0,0.0,False,clear,1.0,0.0
EXP_CC2CE078,42,1904,31.733333,1,346.313124,309.235198,80.0,-60.0,0.0,0.0,True,straight,2000,2000,10,0.0,0.0,0.0,0.0,-4.080291,-4.310118,-333.686876,-450.764802,False,False,False,0.0,False,0.0,False,0.0,False,0.0,0.0,False,linear,0.0,0.0,0.0,0.0,False,clear,1.0,0.0
EXP_CC2CE078,42,1905,31.75,1,347.646458,308.235198,80.0,-60.0,0.0,0.0,True,straight,2000,2000,10,0.0,0.0,0.0,0.0,-4.071997,-4.316334,-332.353542,-451.764802,False,False,False,0.0,False,0.0,False,0.0,False,0.0,0.0,False,linear,0.0,0.0,0.0,0.0,False,clear,1.0,0.0
EXP_CC2CE078,42,1906,31.766667,1,348.979791,307.235198,80.0,-60.0,0.0,0.0,True,straight,2000,2000,10,0.0,0.0,0.0,0.0,-4.063702,-4.32255,-331.020209,-452.764802,False,False,False,0.0,False,0.0,False,0.0,False,0.0,0.0,False,linear,0.0,0.0,0.0,0.0,False,clear,1.0,0.0
EXP_CC2CE078,42,1907,31.783333,1,350.313124,306.235198,80.0,-60.0,0.0,0.0,True,straight,2000,2000,10,0.0,0.0,0.0,0.0,-4.055407,-4.328766,-329.686876,-453.764802,False,False,False,0.0,False,0.0,False,0.0,False,0.0,0.0,False,linear,0.0,0.0,0.0,0.0,False,clear,1.0,0.0
EXP_CC2CE078,42,1908,31.8,1,351.646458,305.235198,80.0,-60.0,0.0,0.0,True,straight,2000,2000,10,0.0,0.0,0.0,0.0,-4.047112,-4.334982,-328.353542,-454.764802,False,False,False,0.0,False,0.0,False,0.0,False,0.0,0.0,False,linear,0.0,0.0,0.0,0.0,False,clear,1.0,0.0
EXP_CC2CE078,42,1909,31.816667,1,352.979791,304.235198,80.0,-60.0,0.0,0.0,True,straight,2000,2000,10,0.0,0.0,0.0,0.0,-4.038817,-4.341197,-327.020209,-455.764802,False,False,False,0.0,False,0.0,False,0.0,False,0.0,0.0,False,linear,0.0,0.0,0.0,0.0,False,clear,1.0,0.0
EXP_CC2CE078,42,1910,31.833333,1,354.313124,303.235198,80.0,-60.0,0.0,0.0,True,straight,2000,2000,10,0.0,0.0,0.0,0.0,-4.030521,-4.347413,-325.686876,-456.764802,False,False,False,0.0,False,0.0,False,0.0,False,0.0,0.0,False,linear,0.0,0.0,0.0,0.0,False,clear,1.0,0.0
EXP_CC2CE078,42,1911,31.85,1,355.646458,302.235198,80.0,-60.0,0.0,0.0,True,straight,2000,2000,10,0.0,0.0,0.0,0.0,-4.022226,-4.353628,-324.353542,-457.764802,False,False,False,0.0,False,0.0,False,0.0,False,0.0,0.0,False,linear,0.0,0.0,0.0,0.0,False,clear,1.0,0.0
EXP_CC2CE078,42,1912,31.866667,1,356.979791,301.235198,80.0,-60.0,0.0,0.0,True,straight,2000,2000,10,0.0,0.0,0.0,0.0,-4.01393,-4.359844,-323.020209,-458.764802,False,False,False,0.0,False,0.0,False,0.0,False,0.0,0.0,False,linear,0.0,0.0,0.0,0.0,False,clear,1.0,0.0
EXP_CC2CE078,42,1913,31.883333,1,358.313124,300.235198,80.0,-60.0,0.0,0.0,True,straight,2000,2000,10,0.0,0.0,0.0,0.0,-4.005634,-4.366059,-321.686876,-459.764802,False,False,False,0.0,False,0.0,False,0.0,False,0.0,0.0,False,linear,0.0,0.0,0.0,0.0,False,clear,1.0,0.0
EXP_CC2CE078,42,1914,31.9,1,359.646458,299.235198,80.0,-60.0,0.0,0.0,True,straight,2000,2000,10,0.0,0.0,0.0,0.0,-3.997338,-4.372274,-320.353542,-460.764802,False,False,False,0.0,False,0.0,False,0.0,False,0.0,0.0,False,linear,0.0,0.0,0.0,0.0,False,clear,1.0,0.0
EXP_CC2CE078,42,1915,31.916667,1,360.979791,298.235198,80.0,-60.0,0.0,0.0,True,straight,2000,2000,10,0.0,0.0,0.0,0.0,-3.989041,-4.378489,-319.020209,-461.764802,False,False,False,0.0,False,0.0,False,0.0,False,0.0,0.0,False,linear,0.0,0.0,0.0,0.0,False,clear,1.0,0.0
EXP_CC2CE078,42,1916,31.933333,1,362.313124,297.235198,80.0,-60.0,0.0,0.0,True,straight,2000,2000,10,0.0,0.0,0.0,0.0,-3.980745,-4.384704,-317.686876,-462.764802,False,False,False,0.0,False,0.0,False,0.0,False,0.0,0.0,False,linear,0.0,0.0,0.0,0.0,False,clear,1.0,0.0
EXP_CC2CE078,42,1917,31.95,1,363.646458,296.235198,80.0,-60.0,0.0,0.0,True,straight,2000,2000,10,0.0,0.0,0.0,0.0,-3.972448,-4.390919,-316.353542,-463.764802,False,False,False,0.0,False,0.0,False,0.0,False,0.0,0.0,False,linear,0.0,0.0,0.0,0.0,False,clear,1.0,0.0
EXP_CC2CE078,42,1918,31.966667,1,364.979791,295.235198,80.0,-60.0,0.0,0.0,True,straight,2000,2000,10,0.0,0.0,0.0,0.0,-3.964152,-4.397134,-315.020209,-464.764802,False,False,False,0.0,False,0.0,False,0.0,False,0.0,0.0,False,linear,0.0,0.0,0.0,0.0,False,clear,1.0,0.0
EXP_CC2CE078,42,1919,31.983333,1,366.313124,294.235198,80.0,-60.0,0.0,0.0,True,straight,2000,2000,10,0.0,0.0,0.0,0.0,-3.955855,-4.403348,-313.686876,-465.764802,False,False,False,0.0,False,0.0,False,0.0,False,0.0,0.0,False,linear,0.0,0.0,0.0,0.0,False,clear,1.0,0.0
EXP_CC2CE078,42,1920,32.0,1,367.646458,293.235198,80.0,-60.0,0.0,0.0,True,straight,2000,2000,10,0.0,0.0,0.0,0.0,-3.947558,-4.409563,-312.353542,-466.764802,False,False,False,0.0,False,0.0,False,0.0,False,0.0,0.0,False,linear,0.0,0.0,0.0,0.0,False,clear,1.0,0.0
EXP_CC2CE078,42,1921,32.016667,1,368.979791,292.235198,80.0,-60.0,0.0,0.0,True,straight,2000,2000,10,0.0,0.0,0.0,0.0,-3.93926,-4.415777,-311.020209,-467.764802,False,False,False,0.0,False,0.0,False,0.0,False,0.0,0.0,False,linear,0.0,0.0,0.0,0.0,False,clear,1.0,0.0
EXP_CC2CE078,42,1922,32.033333,1,370.313124,291.235198,80.0,-60.0,0.0,0.0,True,straight,2000,2000,10,0.0,0.0,0.0,0.0,-3.930963,-4.421992,-309.686876,-468.764802,False,False,False,0.0,False,0.0,False,0.0,False,0.0,0.0,False,linear,0.0,0.0,0.0,0.0,False,clear,1.0,0.0
EXP_CC2CE078,42,1923,32.05,1,371.646458,290.235198,80.0,-60.0,0.0,0.0,True,straight,2000,2000,10,0.0,0.0,0.0,0.0,-3.922665,-4.428206,-308.353542,-469.764802,False,False,False,0.0,False,0.0,False,0.0,False,0.0,0.0,False,linear,0.0,0.0,0.0,0.0,False,clear,1.0,0.0
EXP_CC2CE078,42,1924,32.066667,1,372.979791,289.235198,80.0,-60.0,0.0,0.0,True,straight,2000,2000,10,0.0,0.0,0.0,0.0,-3.914367,-4.43442,-307.020209,-470.764802,False,False,False,0.0,False,0.0,False,0.0,False,0.0,0.0,False,linear,0.0,0.0,0.0,0.0,False,clear,1.0,0.0
EXP_CC2CE078,42,1925,32.083333,1,374.313124,288.235198,80.0,-60.0,0.0,0.0,True,straight,2000,2000,10,0.0,0.0,0.0,0.0,-3.906069,-4.440634,-305.686876,-471.764802,False,False,False,0.0,False,0.0,False,0.0,False,0.0,0.0,False,linear,0.0,0.0,0.0,0.0,False,clear,1.0,0.0
EXP_CC2CE078,42,1926,32.1,1,375.646458,287.235198,80.0,-60.0,0.0,0.0,True,straight,2000,2000,10,0.0,0.0,0.0,0.0,-3.897771,-4.446848,-304.353542,-472.764802,False,False,False,0.0,False,0.0,False,0.0,False,0.0,0.0,False,linear,0.0,0.0,0.0,0.0,False,clear,1.0,0.0
EXP_CC2CE078,42,1927,32.116667,1,376.979791,286.235198,80.0,-60.0,0.0,0.0,True,straight,2000,2000,10,0.0,0.0,0.0,0.0,-3.889473,-4.453062,-303.020209,-473.764802,False,False,False,0.0,False,0.0,False,0.0,False,0.0,0.0,False,linear,0.0,0.0,0.0,0.0,False,clear,1.0,0.0
EXP_CC2CE078,42,1928,32.133333,1,378.313124,285.235198,80.0,-60.0,0.0,0.0,True,straight,2000,2000,10,0.0,0.0,0.0,0.0,-3.881175,-4.459275,-301.686876,-474.764802,False,False,False,0.0,False,0.0,False,0.0,False,0.0,0.0,False,linear,0.0,0.0,0.0,0.0,False,clear,1.0,0.0
EXP_CC2CE078,42,1929,32.15,1,379.646458,284.235198,80.0,-60.0,0.0,0.0,True,straight,2000,2000,10,0.0,0.0,0.0,0.0,-3.872876,-4.465489,-300.353542,-475.764802,False,False,False,0.0,False,0.0,False,0.0,False,0.0,0.0,False,linear,0.0,0.0,0.0,0.0,False,clear,1.0,0.0
EXP_CC2CE078,42,1930,32.166667,1,380.979791,283.235198,80.0,-60.0,0.0,0.0,True,straight,2000,2000,10,0.0,0.0,0.0,0.0,-3.864577,-4.471702,-299.020209,-476.764802,False,False,False,0.0,False,0.0,False,0.0,False,0.0,0.0,False,linear,0.0,0.0,0.0,0.0,False,clear,1.0,0.0
EXP_CC2CE078,42,1931,32.183333,1,382.313124,282.235198,80.0,-60.0,0.0,0.0,True,straight,2000,2000,10,0.0,0.0,0.0,0.0,-3.856278,-4.477916,-297.686876,-477.764802,False,False,False,0.0,False,0.0,False,0.0,False,0.0,0.0,False,linear,0.0,0.0,0.0,0.0,False,clear,1.0,0.0
EXP_CC2CE078,42,1932,32.2,1,383.646458,281.235198,80.0,-60.0,0.0,0.0,True,straight,2000,2000,10,0.0,0.0,0.0,0.0,-3.847979,-4.484129,-296.353542,-478.764802,False,False,False,0.0,False,0.0,False,0.0,False,0.0,0.0,False,linear,0.0,0.0,0.0,0.0,False,clear,1.0,0.0
EXP_CC2CE078,42,1933,32.216667,1,384.979791,280.235198,80.0,-60.0,0.0,0.0,True,straight,2000,2000,10,0.0,0.0,0.0,0.0,-3.83968,-4.490342,-295.020209,-479.764802,False,False,False,0.0,False,0.0,False,0.0,False,0.0,0.0,False,linear,0.0,0.0,0.0,0.0,False,clear,1.0,0.0
EXP_CC2CE078,42,1934,32.233333,1,386.313124,279.235198,80.0,-60.0,0.0,0.0,True,straight,2000,2000,10,0.0,0.0,0.0,0.0,-3.83138,-4.496555,-293.686876,-480.764802,False,False,False,0.0,False,0.0,False,0.0,False,0.0,0.0,False,linear,0.0,0.0,0.0,0.0,False,clear,1.0,0.0
EXP_CC2CE078,42,1935,32.25,1,387.646458,278.235198,80.0,-60.0,0.0,0.0,True,straight,2000,2000,10,0.0,0.0,0.0,0.0,-3.823081,-4.502768,-292.353542,-481.764802,False,False,False,0.0,False,0.0,False,0.0,False,0.0,0.0,False,linear,0.0,0.0,0.0,0.0,False,clear,1.0,0.0
EXP_CC2CE078,42,1936,32.266667,1,388.979791,277.235198,80.0,-60.0,0.0,0.0,True,straight,2000,2000,10,0.0,0.0,0.0,0.0,-3.814781,-4.508981,-291.020209,-482.764802,False,False,False,0.0,False,0.0,False,0.0,False,0.0,0.0,False,linear,0.0,0.0,0.0,0.0,False,clear,1.0,0.0
EXP_CC2CE078,42,1937,32.283333,1,390.313124,276.235198,80.0,-60.0,0.0,0.0,True,straight,2000,2000,10,0.0,0.0,0.0,0.0,-3.806481,-4.515194,-289.686876,-483.764802,False,False,False,0.0,False,0.0,False,0.0,False,0.0,0.0,False,linear,0.0,0.0,0.0,0.0,False,clear,1.0,0.0
EXP_CC2CE078,42,1938,32.3,1,391.646458,275.235198,80.0,-60.0,0.0,0.0,True,straight,2000,2000,10,0.0,0.0,0.0,0.0,-3.798181,-4.521406,-288.353542,-484.764802,False,False,False,0.0,False,0.0,False,0.0,False,0.0,0.0,False,linear,0.0,0.0,0.0,0.0,False,clear,1.0,0.0
EXP_CC2CE078,42,1939,32.316667,1,392.979791,274.235198,80.0,-60.0,0.0,0.0,True,straight,2000,2000,10,0.0,0.0,0.0,0.0,-3.789881,-4.527619,-287.020209,-485.764802,False,False,False,0.0,False,0.0,False,0.0,False,0.0,0.0,False,linear,0.0,0.0,0.0,0.0,False,clear,1.0,0.0
EXP_CC2CE078,42,1940,32.333333,1,394.313124,273.235198,80.0,-60.0,0.0,0.0,True,straight,2000,2000,10,0.0,0.0,0.0,0.0,-3.781581,-4.533831,-285.686876,-486.764802,False,False,False,0.0,False,0.0,False,0.0,False,0.0,0.0,False,linear,0.0,0.0,0.0,0.0,False,clear,1.0,0.0
EXP_CC2CE078,42,1941,32.35,1,395.646458,272.235198,80.0,-60.0,0.0,0.0,True,straight,2000,2000,10,0.0,0.0,0.0,0.0,-3.77328,-4.540044,-284.353542,-487.764802,False,False,False,0.0,False,0.0,False,0.0,False,0.0,0.0,False,linear,0.0,0.0,0.0,0.0,False,clear,1.0,0.0
EXP_CC2CE078,42,1942,32.366667,1,396.979791,271.235198,80.0,-60.0,0.0,0.0,True,straight,2000,2000,10,0.0,0.0,0.0,0.0,-3.764979,-4.546256,-283.020209,-488.764802,False,False,False,0.0,False,0.0,False,0.0,False,0.0,0.0,False,linear,0.0,0.0,0.0,0.0,False,clear,1.0,0.0
EXP_CC2CE078,42,1943,32.383333,1,398.313124,270.235198,80.0,-60.0,0.0,0.0,True,straight,2000,2000,10,0.0,0.0,0.0,0.0,-3.756679,-4.552468,-281.686876,-489.764802,False,False,False,0.0,False,0.0,False,0.0,False,0.0,0.0,False,linear,0.0,0.0,0.0,0.0,False,clear,1.0,0.0
EXP_CC2CE078,42,1944,32.4,1,399.646458,269.235198,80.0,-60.0,0.0,0.0,True,straight,2000,2000,10,0.0,0.0,0.0,0.0,-3.748378,-4.55868,-280.353542,-490.764802,False,False,False,0.0,False,0.0,False,0.0,False,0.0,0.0,False,linear,0.0,0.0,0.0,0.0,False,clear,1.0,0.0
EXP_CC2CE078,42,1945,32.416667,1,400.979791,268.235198,80.0,-60.0,0.0,0.0,True,straight,2000,2000,10,0.0,0.0,0.0,0.0,-3.740076,-4.564892,-279.020209,-491.764802,False,False,False,0.0,False,0.0,False,0.0,False,0.0,0.0,False,linear,0.0,0.0,0.0,0.0,False,clear,1.0,0.0
EXP_CC2CE078,42,1946,32.433333,1,402.313124,267.235198,80.0,-60.0,0.0,0.0,True,straight,2000,2000,10,0.0,0.0,0.0,0.0,-3.731775,-4.571104,-277.686876,-492.764802,False,False,False,0.0,False,0.0,False,0.0,False,0.0,0.0,False,linear,0.0,0.0,0.0,0.0,False,clear,1.0,0.0
EXP_CC2CE078,42,1947,32.45,1,403.646458,266.235198,80.0,-60.0,0.0,0.0,True,straight,2000,2000,10,0.0,0.0,0.0,0.0,-3.723474,-4.577315,-276.353542,-493.764802,False,False,False,0.0,False,0.0,False,0.0,False,0.0,0.0,False,linear,0.0,0.0,0.0,0.0,False,clear,1.0,0.0
EXP_CC2CE078,42,1948,32.466667,1,404.979791,265.235198,80.0,-60.0,0.0,0.0,True,straight,2000,2000,10,0.0,0.0,0.0,0.0,-3.715172,-4.583527,-275.020209,-494.764802,False,False,False,0.0,False,0.0,False,0.0,False,0.0,0.0,False,linear,0.0,0.0,0.0,0.0,False,clear,1.0,0.0
EXP_CC2CE078,42,1949,32.483333,1,406.313124,264.235198,80.0,-60.0,0.0,0.0,True,straight,2000,2000,10,0.0,0.0,0.0,0.0,-3.70687,-4.589738,-273.686876,-495.764802,False,False,False,0.0,False,0.0,False,0.0,False,0.0,0.0,False,linear,0.0,0.0,0.0,0.0,False,clear,1.0,0.0
EXP_CC2CE078,42,1950,32.5,1,407.646458,263.235198,80.0,-60.0,0.0,0.0,True,straight,2000,2000,10,0.0,0.0,0.0,0.0,-3.698568,-4.59595,-272.353542,-496.764802,False,False,False,0.0,False,0.0,False,0.0,False,0.0,0.0,False,linear,0.0,0.0,0.0,0.0,False,clear,1.0,0.0
EXP_CC2CE078,42,1951,32.516667,1,408.979791,262.235198,80.0,-60.0,0.0,0.0,True,straight,2000,2000,10,0.0,0.0,0.0,0.0,-3.690266,-4.602161,-271.020209,-497.764802,False,False,False,0.0,False,0.0,False,0.0,False,0.0,0.0,False,linear,0.0,0.0,0.0,0.0,False,clear,1.0,0.0
EXP_CC2CE078,42,1952,32.533333,1,410.313124,261.235198,80.0,-60.0,0.0,0.0,True,straight,2000,2000,10,0.0,0.0,0.0,0.0,-3.681964,-4.608372,-269.686876,-498.764802,False,False,False,0.0,False,0.0,False,0.0,False,0.0,0.0,False,linear,0.0,0.0,0.0,0.0,False,clear,1.0,0.0
EXP_CC2CE078,42,1953,32.55,1,411.646458,260.235198,80.0,-60.0,0.0,0.0,True,straight,2000,2000,10,0.0,0.0,0.0,0.0,-3.673661,-4.614583,-268.353542,-499.764802,False,False,False,0.0,False,0.0,False,0.0,False,0.0,0.0,False,linear,0.0,0.0,0.0,0.0,False,clear,1.0,0.0
EXP_CC2CE078,42,1954,32.566667,1,412.979791,259.235198,80.0,-60.0,0.0,0.0,True,straight,2000,2000,10,0.0,0.0,0.0,0.0,-3.665359,-4.620794,-267.020209,-500.764802,False,False,False,0.0,False,0.0,False,0.0,False,0.0,0.0,False,linear,0.0,0.0,0.0,0.0,False,clear,1.0,0.0
EXP_CC2CE078,42,1955,32.583333,1,414.313124,258.235198,80.0,-60.0,0.0,0.0,True,straight,2000,2000,10,0.0,0.0,0.0,0.0,-3.657056,-4.627005,-265.686876,-501.764802,False,False,False,0.0,False,0.0,False,0.0,False,0.0,0.0,False,linear,0.0,0.0,0.0,0.0,False,clear,1.0,0.0
EXP_CC2CE078,42,1956,32.6,1,415.646458,257.235198,80.0,-60.0,0.0,0.0,True,straight,2000,2000,10,0.0,0.0,0.0,0.0,-3.648753,-4.633215,-264.353542,-502.764802,False,False,False,0.0,False,0.0,False,0.0,False,0.0,0.0,False,linear,0.0,0.0,0.0,0.0,False,clear,1.0,0.0
EXP_CC2CE078,42,1957,32.616667,1,416.979791,256.235198,80.0,-60.0,0.0,0.0,True,straight,2000,2000,10,0.0,0.0,0.0,0.0,-3.64045,-4.639426,-263.020209,-503.764802,False,False,False,0.0,False,0.0,False,0.0,False,0.0,0.0,False,linear,0.0,0.0,0.0,0.0,False,clear,1.0,0.0
EXP_CC2CE078,42,1958,32.633333,1,418.313124,255.235198,80.0,-60.0,0.0,0.0,True,straight,2000,2000,10,0.0,0.0,0.0,0.0,-3.632147,-4.645636,-261.686876,-504.764802,False,False,False,0.0,False,0.0,False,0.0,False,0.0,0.0,False,linear,0.0,0.0,0.0,0.0,False,clear,1.0,0.0
EXP_CC2CE078,42,1959,32.65,1,419.646458,254.235198,80.0,-60.0,0.0,0.0,True,straight,2000,2000,10,0.0,0.0,0.0,0.0,-3.623844,-4.651847,-260.353542,-505.764802,False,False,False,0.0,False,0.0,False,0.0,False,0.0,0.0,False,linear,0.0,0.0,0.0,0.0,False,clear,1.0,0.0
EXP_CC2CE078,42,1960,32.666667,1,420.979791,253.235198,80.0,-60.0,0.0,0.0,True,straight,2000,2000,10,0.0,0.0,0.0,0.0,-3.61554,-4.658057,-259.020209,-506.764802,False,False,False,0.0,False,0.0,False,0.0,False,0.0,0.0,False,linear,0.0,0.0,0.0,0.0,False,clear,1.0,0.0
EXP_CC2CE078,42,1961,32.683333,1,422.313124,252.235198,80.0,-60.0,0.0,0.0,True,straight,2000,2000,10,0.0,0.0,0.0,0.0,-3.607237,-4.664267,-257.686876,-507.764802,False,False,False,0.0,False,0.0,False,0.0,False,0.0,0.0,False,linear,0.0,0.0,0.0,0.0,False,clear,1.0,0.0
EXP_CC2CE078,42,1962,32.7,1,423.646458,251.235198,80.0,-60.0,0.0,0.0,True,straight,2000,2000,10,0.0,0.0,0.0,0.0,-3.598933,-4.670477,-256.353542,-508.764802,False,False,False,0.0,False,0.0,False,0.0,False,0.0,0.0,False,linear,0.0,0.0,0.0,0.0,False,clear,1.0,0.0
EXP_CC2CE078,42,1963,32.716667,1,424.979791,250.235198,80.0,-60.0,0.0,0.0,True,straight,2000,2000,10,0.0,0.0,0.0,0.0,-3.590629,-4.676687,-255.020209,-509.764802,False,False,False,0.0,False,0.0,False,0.0,False,0.0,0.0,False,linear,0.0,0.0,0.0,0.0,False,clear,1.0,0.0
EXP_CC2CE078,42,1964,32.733333,1,426.313124,249.235198,80.0,-60.0,0.0,0.0,True,straight,2000,2000,10,0.0,0.0,0.0,0.0,-3.582325,-4.682897,-253.686876,-510.764802,False,False,False,0.0,False,0.0,False,0.0,False,0.0,0.0,False,linear,0.0,0.0,0.0,0.0,False,clear,1.0,0.0
EXP_CC2CE078,42,1965,32.75,1,427.646458,248.235198,80.0,-60.0,0.0,0.0,True,straight,2000,2000,10,0.0,0.0,0.0,0.0,-3.57402,-4.689107,-252.353542,-511.764802,False,False,False,0.0,False,0.0,False,0.0,False,0.0,0.0,False,linear,0.0,0.0,0.0,0.0,False,clear,1.0,0.0
EXP_CC2CE078,42,1966,32.766667,1,428.979791,247.235198,80.0,-60.0,0.0,0.0,True,straight,2000,2000,10,0.0,0.0,0.0,0.0,-3.565716,-4.695316,-251.020209,-512.764802,False,False,False,0.0,False,0.0,False,0.0,False,0.0,0.0,False,linear,0.0,0.0,0.0,0.0,False,clear,1.0,0.0
EXP_CC2CE078,42,1967,32.783333,1,430.313124,246.235198,80.0,-60.0,0.0,0.0,True,straight,2000,2000,10,0.0,0.0,0.0,0.0,-3.557411,-4.701526,-249.686876,-513.764802,False,False,False,0.0,False,0.0,False,0.0,False,0.0,0.0,False,linear,0.0,0.0,0.0,0.0,False,clear,1.0,0.0
EXP_CC2CE078,42,1968,32.8,1,431.646458,245.235198,80.0,-60.0,0.0,0.0,True,straight,2000,2000,10,0.0,0.0,0.0,0.0,-3.549107,-4.707735,-248.353542,-514.764802,False,False,False,0.0,False,0.0,False,0.0,False,0.0,0.0,False,linear,0.0,0.0,0.0,0.0,False,clear,1.0,0.0
EXP_CC2CE078,42,1969,32.816667,1,432.979791,244.235198,80.0,-60.0,0.0,0.0,True,straight,2000,2000,10,0.0,0.0,0.0,0.0,-3.540802,-4.713944,-247.020209,-515.764802,False,False,False,0.0,False,0.0,False,0.0,False,0.0,0.0,False,linear,0.0,0.0,0.0,0.0,False,clear,1.0,0.0
EXP_CC2CE078,42,1970,32.833333,1,434.313124,243.235198,80.0,-60.0,0.0,0.0,True,straight,2000,2000,10,0.0,0.0,0.0,0.0,-3.532497,-4.720154,-245.686876,-516.764802,False,False,False,0.0,False,0.0,False,0.0,False,0.0,0.0,False,linear,0.0,0.0,0.0,0.0,False,clear,1.0,0.0
EXP_CC2CE078,42,1971,32.85,1,435.646458,242.235198,80.0,-60.0,0.0,0.0,True,straight,2000,2000,10,0.0,0.0,0.0,0.0,-3.524192,-4.726363,-244.353542,-517.764802,False,False,False,0.0,False,0.0,False,0.0,False,0.0,0.0,False,linear,0.0,0.0,0.0,0.0,False,clear,1.0,0.0
EXP_CC2CE078,42,1972,32.866667,1,436.979791,241.235198,80.0,-60.0,0.0,0.0,True,straight,2000,2000,10,0.0,0.0,0.0,0.0,-3.515887,-4.732571,-243.020209,-518.764802,False,False,False,0.0,False,0.0,False,0.0,False,0.0,0.0,False,linear,0.0,0.0,0.0,0.0,False,clear,1.0,0.0
EXP_CC2CE078,42,1973,32.883333,1,438.313124,240.235198,80.0,-60.0,0.0,0.0,True,straight,2000,2000,10,0.0,0.0,0.0,0.0,-3.507581,-4.73878,-241.686876,-519.764802,False,False,False,0.0,False,0.0,False,0.0,False,0.0,0.0,False,linear,0.0,0.0,0.0,0.0,False,clear,1.0,0.0
EXP_CC2CE078,42,1974,32.9,1,439.646458,239.235198,80.0,-60.0,0.0,0.0,True,straight,2000,2000,10,0.0,0.0,0.0,0.0,-3.499275,-4.744989,-240.353542,-520.764802,False,False,False,0.0,False,0.0,False,0.0,False,0.0,0.0,False,linear,0.0,0.0,0.0,0.0,False,clear,1.0,0.0
EXP_CC2CE078,42,1975,32.916667,1,440.979791,238.235198,80.0,-60.0,0.0,0.0,True,straight,2000,2000,10,0.0,0.0,0.0,0.0,-3.49097,-4.751198,-239.020209,-521.764802,False,False,False,0.0,False,0.0,False,0.0,False,0.0,0.0,False,linear,0.0,0.0,0.0,0.0,False,clear,1.0,0.0
EXP_CC2CE078,42,1976,32.933333,1,442.313124,237.235198,80.0,-60.0,0.0,0.0,True,straight,2000,2000,10,0.0,0.0,0.0,0.0,-3.482664,-4.757406,-237.686876,-522.764802,False,False,False,0.0,False,0.0,False,0.0,False,0.0,0.0,False,linear,0.0,0.0,0.0,0.0,False,clear,1.0,0.0
EXP_CC2CE078,42,1977,32.95,1,443.646458,236.235198,80.0,-60.0,0.0,0.0,True,straight,2000,2000,10,0.0,0.0,0.0,0.0,-3.474358,-4.763614,-236.353542,-523.764802,False,False,False,0.0,False,0.0,False,0.0,False,0.0,0.0,False,linear,0.0,0.0,0.0,0.0,False,clear,1.0,0.0
EXP_CC2CE078,42,1978,32.966667,1,444.979791,235.235198,80.0,-60.0,0.0,0.0,True,straight,2000,2000,10,0.0,0.0,0.0,0.0,-3.466052,-4.769823,-235.020209,-524.764802,False,False,False,0.0,False,0.0,False,0.0,False,0.0,0.0,False,linear,0.0,0.0,0.0,0.0,False,clear,1.0,0.0
EXP_CC2CE078,42,1979,32.983333,1,446.313124,234.235198,80.0,-60.0,0.0,0.0,True,straight,2000,2000,10,0.0,0.0,0.0,0.0,-3.457745,-4.776031,-233.686876,-525.764802,False,False,False,0.0,False,0.0,False,0.0,False,0.0,0.0,False,linear,0.0,0.0,0.0,0.0,False,clear,1.0,0.0
EXP_CC2CE078,42,1980,33.0,1,447.646458,233.235198,80.0,-60.0,0.0,0.0,True,straight,2000,2000,10,0.0,0.0,0.0,0.0,-3.449439,-4.782239,-232.353542,-526.764802,False,False,False,0.0,False,0.0,False,0.0,False,0.0,0.0,False,linear,0.0,0.0,0.0,0.0,False,clear,1.0,0.0
EXP_CC2CE078,42,1981,33.016667,1,448.979791,232.235198,80.0,-60.0,0.0,0.0,True,straight,2000,2000,10,0.0,0.0,0.0,0.0,-3.441132,-4.788447,-231.020209,-527.764802,False,False,False,0.0,False,0.0,False,0.0,False,0.0,0.0,False,linear,0.0,0.0,0.0,0.0,False,clear,1.0,0.0
EXP_CC2CE078,42,1982,33.033333,1,450.313124,231.235198,80.0,-60.0,0.0,0.0,True,straight,2000,2000,10,0.0,0.0,0.0,0.0,-3.432826,-4.794655,-229.686876,-528.764802,False,False,False,0.0,False,0.0,False,0.0,False,0.0,0.0,False,linear,0.0,0.0,0.0,0.0,False,clear,1.0,0.0
EXP_CC2CE078,42,1983,33.05,1,451.646458,230.235198,80.0,-60.0,0.0,0.0,True,straight,2000,2000,10,0.0,0.0,0.0,0.0,-3.424519,-4.800862,-228.353542,-529.764802,False,False,False,0.0,False,0.0,False,0.0,False,0.0,0.0,False,linear,0.0,0.0,0.0,0.0,False,clear,1.0,0.0
EXP_CC2CE078,42,1984,33.066667,1,452.979791,229.235198,80.0,-60.0,0.0,0.0,True,straight,2000,2000,10,0.0,0.0,0.0,0.0,-3.416212,-4.80707,-227.020209,-530.764802,False,False,False,0.0,False,0.0,False,0.0,False,0.0,0.0,False,linear,0.0,0.0,0.0,0.0,False,clear,1.0,0.0
EXP_CC2CE078,42,1985,33.083333,1,454.313124,228.235198,80.0,-60.0,0.0,0.0,True,straight,2000,2000,10,0.0,0.0,0.0,0.0,-3.407904,-4.813277,-225.686876,-531.764802,False,False,False,0.0,False,0.0,False,0.0,False,0.0,0.0,False,linear,0.0,0.0,0.0,0.0,False,clear,1.0,0.0
EXP_CC2CE078,42,1986,33.1,1,455.646458,227.235198,80.0,-60.0,0.0,0.0,True,straight,2000,2000,10,0.0,0.0,0.0,0.0,-3.399597,-4.819485,-224.353542,-532.764802,False,False,False,0.0,False,0.0,False,0.0,False,0.0,0.0,False,linear,0.0,0.0,0.0,0.0,False,clear,1.0,0.0
EXP_CC2CE078,42,1987,33.116667,1,456.979791,226.235198,80.0,-60.0,0.0,0.0,True,straight,2000,2000,10,0.0,0.0,0.0,0.0,-3.39129,-4.825692,-223.020209,-533.764802,False,False,False,0.0,False,0.0,False,0.0,False,0.0,0.0,False,linear,0.0,0.0,0.0,0.0,False,clear,1.0,0.0
EXP_CC2CE078,42,1988,33.133333,1,458.313124,225.235198,80.0,-60.0,0.0,0.0,True,straight,2000,2000,10,0.0,0.0,0.0,0.0,-3.382982,-4.831899,-221.686876,-534.764802,False,False,False,0.0,False,0.0,False,0.0,False,0.0,0.0,False,linear,0.0,0.0,0.0,0.0,False,clear,1.0,0.0
EXP_CC2CE078,42,1989,33.15,1,459.646458,224.235198,80.0,-60.0,0.0,0.0,True,straight,2000,2000,10,0.0,0.0,0.0,0.0,-3.374674,-4.838106,-220.353542,-535.764802,False,False,False,0.0,False,0.0,False,0.0,False,0.0,0.0,False,linear,0.0,0.0,0.0,0.0,False,clear,1.0,0.0
EXP_CC2CE078,42,1990,33.166667,1,460.979791,223.235198,80.0,-60.0,0.0,0.0,True,straight,2000,2000,10,0.0,0.0,0.0,0.0,-3.366366,-4.844313,-219.020209,-536.764802,False,False,False,0.0,False,0.0,False,0.0,False,0.0,0.0,False,linear,0.0,0.0,0.0,0.0,False,clear,1.0,0.0
EXP_CC2CE078,42,1991,33.183333,1,462.313124,222.235198,80.0,-60.0,0.0,0.0,True,straight,2000,2000,10,0.0,0.0,0.0,0.0,-3.358058,-4.85052,-217.686876,-537.764802,False,False,False,0.0,False,0.0,False,0.0,False,0.0,0.0,False,linear,0.0,0.0,0.0,0.0,False,clear,1.0,0.0
EXP_CC2CE078,42,1992,33.2,1,463.646458,221.235198,80.0,-60.0,0.0,0.0,True,straight,2000,2000,10,0.0,0.0,0.0,0.0,-3.34975,-4.856727,-216.353542,-538.764802,False,False,False,0.0,False,0.0,False,0.0,False,0.0,0.0,False,linear,0.0,0.0,0.0,0.0,False,clear,1.0,0.0
EXP_CC2CE078,42,1993,33.216667,1,464.979791,220.235198,80.0,-60.0,0.0,0.0,True,straight,2000,2000,10,0.0,0.0,0.0,0.0,-3.341442,-4.862933,-215.020209,-539.764802,False,False,False,0.0,False,0.0,False,0.0,False,0.0,0.0,False,linear,0.0,0.0,0.0,0.0,False,clear,1.0,0.0
EXP_CC2CE078,42,1994,33.233333,1,466.313124,219.235198,80.0,-60.0,0.0,0.0,True,straight,2000,2000,10,0.0,0.0,0.0,0.0,-3.333133,-4.86914,-213.686876,-540.764802,False,False,False,0.0,False,0.0,False,0.0,False,0.0,0.0,False,linear,0.0,0.0,0.0,0.0,False,clear,1.0,0.0
EXP_CC2CE078,42,1995,33.25,1,467.646458,218.235198,80.0,-60.0,0.0,0.0,True,straight,2000,2000,10,0.0,0.0,0.0,0.0,-3.324825,-4.875346,-212.353542,-541.764802,False,False,False,0.0,False,0.0,False,0.0,False,0.0,0.0,False,linear,0.0,0.0,0.0,0.0,False,clear,1.0,0.0
EXP_CC2CE078,42,1996,33.266667,1,468.979791,217.235198,80.0,-60.0,0.0,0.0,True,straight,2000,2000,10,0.0,0.0,0.0,0.0,-3.316516,-4.881552,-211.020209,-542.764802,False,False,False,0.0,False,0.0,False,0.0,False,0.0,0.0,False,linear,0.0,0.0,0.0,0.0,False,clear,1.0,0.0
EXP_CC2CE078,42,1997,33.283333,1,470.313124,216.235198,80.0,-60.0,0.0,0.0,True,straight,2000,2000,10,0.0,0.0,0.0,0.0,-3.308207,-4.887758,-209.686876,-543.764802,False,False,False,0.0,False,0.0,False,0.0,False,0.0,0.0,False,linear,0.0,0.0,0.0,0.0,False,clear,1.0,0.0
EXP_CC2CE078,42,1998,33.3,1,471.646458,215.235198,80.0,-60.0,0.0,0.0,True,straight,2000,2000,10,0.0,0.0,0.0,0.0,-3.299898,-4.893964,-208.353542,-544.764802,False,False,False,0.0,False,0.0,False,0.0,False,0.0,0.0,False,linear,0.0,0.0,0.0,0.0,False,clear,1.0,0.0
EXP_CC2CE078,42,1999,33.316667,1,472.979791,214.235198,80.0,-60.0,0.0,0.0,True,straight,2000,2000,10,0.0,0.0,0.0,0.0,-3.291589,-4.90017,-207.020209,-545.764802,False,False,False,0.0,False,0.0,False,0.0,False,0.0,0.0,False,linear,0.0,0.0,0.0,0.0,False,clear,1.0,0.0
EXP_CC2CE078,42,2000,33.333333,1,474.313124,213.235198,80.0,-60.0,0.0,0.0,True,straight,2000,2000,10,0.0,0.0,0.0,0.0,-3.28328,-4.906376,-205.686876,-546.764802,False,False,False,0.0,False,0.0,False,0.0,False,0.0,0.0,False,linear,0.0,0.0,0.0,0.0,False,clear,1.0,0.0
EXP_CC2CE078,42,2001,33.35,1,475.646458,212.235198,80.0,-60.0,0.0,0.0,True,straight,2000,2000,10,0.0,0.0,0.0,0.0,-3.27497,-4.912581,-204.353542,-547.764802,False,False,False,0.0,False,0.0,False,0.0,False,0.0,0.0,False,linear,0.0,0.0,0.0,0.0,False,clear,1.0,0.0
EXP_CC2CE078,42,2002,33.366667,1,476.979791,211.235198,80.0,-60.0,0.0,0.0,True,straight,2000,2000,10,0.0,0.0,0.0,0.0,-3.26666,-4.918787,-203.020209,-548.764802,False,False,False,0.0,False,0.0,False,0.0,False,0.0,0.0,False,linear,0.0,0.0,0.0,0.0,False,clear,1.0,0.0
EXP_CC2CE078,42,2003,33.383333,1,478.313124,210.235198,80.0,-60.0,0.0,0.0,True,straight,2000,2000,10,0.0,0.0,0.0,0.0,-3.258351,-4.924992,-201.686876,-549.764802,False,False,False,0.0,False,0.0,False,0.0,False,0.0,0.0,False,linear,0.0,0.0,0.0,0.0,False,clear,1.0,0.0
EXP_CC2CE078,42,2004,33.4,1,479.646458,209.235198,80.0,-60.0,0.0,0.0,True,straight,2000,2000,10,0.0,0.0,0.0,0.0,-3.250041,-4.931198,-200.353542,-550.764802,False,False,False,0.0,False,0.0,False,0.0,False,0.0,0.0,False,linear,0.0,0.0,0.0,0.0,False,clear,1.0,0.0
EXP_CC2CE078,42,2005,33.416667,1,480.979791,208.235198,80.0,-60.0,0.0,0.0,True,straight,2000,2000,10,0.0,0.0,0.0,0.0,-3.241731,-4.937403,-199.020209,-551.764802,False,False,False,0.0,False,0.0,False,0.0,False,0.0,0.0,False,linear,0.0,0.0,0.0,0.0,False,clear,1.0,0.0
EXP_CC2CE078,42,2006,33.433333,1,482.313124,207.235198,80.0,-60.0,0.0,0.0,True,straight,2000,2000,10,0.0,0.0,0.0,0.0,-3.233421,-4.943608,-197.686876,-552.764802,False,False,False,0.0,False,0.0,False,0.0,False,0.0,0.0,False,linear,0.0,0.0,0.0,0.0,False,clear,1.0,0.0
EXP_CC2CE078,42,2007,33.45,1,483.646458,206.235198,80.0,-60.0,0.0,0.0,True,straight,2000,2000,10,0.0,0.0,0.0,0.0,-3.225111,-4.949813,-196.353542,-553.764802,False,False,False,0.0,False,0.0,False,0.0,False,0.0,0.0,False,linear,0.0,0.0,0.0,0.0,False,clear,1.0,0.0
EXP_CC2CE078,42,2008,33.466667,1,484.979791,205.235198,80.0,-60.0,0.0,0.0,True,straight,2000,2000,10,0.0,0.0,0.0,0.0,-3.2168,-4.956018,-195.020209,-554.764802,False,False,False,0.0,False,0.0,False,0.0,False,0.0,0.0,False,linear,0.0,0.0,0.0,0.0,False,clear,1.0,0.0
EXP_CC2CE078,42,2009,33.483333,1,486.313124,204.235198,80.0,-60.0,0.0,0.0,True,straight,2000,2000,10,0.0,0.0,0.0,0.0,-3.20849,-4.962222,-193.686876,-555.764802,False,False,False,0.0,False,0.0,False,0.0,False,0.0,0.0,False,linear,0.0,0.0,0.0,0.0,False,clear,1.0,0.0
EXP_CC2CE078,42,2010,33.5,1,487.646458,203.235198,80.0,-60.0,0.0,0.0,True,straight,2000,2000,10,0.0,0.0,0.0,0.0,-3.200179,-4.968427,-192.353542,-556.764802,False,False,False,0.0,False,0.0,False,0.0,False,0.0,0.0,False,linear,0.0,0.0,0.0,0.0,False,clear,1.0,0.0
EXP_CC2CE078,42,2011,33.516667,1,488.979791,202.235198,80.0,-60.0,0.0,0.0,True,straight,2000,2000,10,0.0,0.0,0.0,0.0,-3.191868,-4.974631,-191.020209,-557.764802,False,False,False,0.0,False,0.0,False,0.0,False,0.0,0.0,False,linear,0.0,0.0,0.0,0.0,False,clear,1.0,0.0
EXP_CC2CE078,42,2012,33.533333,1,490.313124,201.235198,80.0,-60.0,0.0,0.0,True,straight,2000,2000,10,0.0,0.0,0.0,0.0,-3.183557,-4.980836,-189.686876,-558.764802,False,False,False,0.0,False,0.0,False,0.0,False,0.0,0.0,False,linear,0.0,0.0,0.0,0.0,False,clear,1.0,0.0
EXP_CC2CE078,42,2013,33.55,1,491.646458,200.235198,80.0,-60.0,0.0,0.0,True,straight,2000,2000,10,0.0,0.0,0.0,0.0,-3.175246,-4.98704,-188.353542,-559.764802,False,False,False,0.0,False,0.0,False,0.0,False,0.0,0.0,False,linear,0.0,0.0,0.0,0.0,False,clear,1.0,0.0
EXP_CC2CE078,42,2014,33.566667,1,492.979791,199.235198,80.0,-60.0,0.0,0.0,True,straight,2000,2000,10,0.0,0.0,0.0,0.0,-3.166935,-4.993244,-187.020209,-560.764802,False,False,False,0.0,False,0.0,False,0.0,False,0.0,0.0,False,linear,0.0,0.0,0.0,0.0,False,clear,1.0,0.0
EXP_CC2CE078,42,2015,33.583333,1,494.313124,198.235198,80.0,-60.0,0.0,0.0,True,straight,2000,2000,10,0.0,0.0,0.0,0.0,-3.158624,-4.999448,-185.686876,-561.764802,False,False,False,0.0,False,0.0,False,0.0,False,0.0,0.0,False,linear,0.0,0.0,0.0,0.0,False,clear,1.0,0.0
EXP_CC2CE078,42,2016,33.6,1,495.646458,197.235198,80.0,-60.0,0.0,0.0,True,straight,2000,2000,10,0.0,0.0,0.0,0.0,-3.150312,-5.005652,-184.353542,-562.764802,False,False,False,0.0,False,0.0,False,0.0,False,0.0,0.0,False,linear,0.0,0.0,0.0,0.0,False,clear,1.0,0.0
EXP_CC2CE078,42,2017,33.616667,1,496.979791,196.235198,80.0,-60.0,0.0,0.0,True,straight,2000,2000,10,0.0,0.0,0.0,0.0,-3.142,-5.011856,-183.020209,-563.764802,False,False,False,0.0,False,0.0,False,0.0,False,0.0,0.0,False,linear,0.0,0.0,0.0,0.0,False,clear,1.0,0.0
EXP_CC2CE078,42,2018,33.633333,1,498.313124,195.235198,80.0,-60.0,0.0,0.0,True,straight,2000,2000,10,0.0,0.0,0.0,0.0,-3.133689,-5.01806,-181.686876,-564.764802,False,False,False,0.0,False,0.0,False,0.0,False,0.0,0.0,False,linear,0.0,0.0,0.0,0.0,False,clear,1.0,0.0
EXP_CC2CE078,42,2019,33.65,1,499.646458,194.235198,80.0,-60.0,0.0,0.0,True,straight,2000,2000,10,0.0,0.0,0.0,0.0,-3.125377,-5.024263,-180.353542,-565.764802,False,False,False,0.0,False,0.0,False,0.0,False,0.0,0.0,False,linear,0.0,0.0,0.0,0.0,False,clear,1.0,0.0
EXP_CC2CE078,42,2020,33.666667,1,500.979791,193.235198,80.0,-60.0,0.0,0.0,True,straight,2000,2000,10,0.0,0.0,0.0,0.0,-3.117065,-5.030466,-179.020209,-566.764802,False,False,False,0.0,False,0.0,False,0.0,False,0.0,0.0,False,linear,0.0,0.0,0.0,0.0,False,clear,1.0,0.0
EXP_CC2CE078,42,2021,33.683333,1,502.313124,192.235198,80.0,-60.0,0.0,0.0,True,straight,2000,2000,10,0.0,0.0,0.0,0.0,-3.108753,-5.03667,-177.686876,-567.764802,False,False,False,0.0,False,0.0,False,0.0,False,0.0,0.0,False,linear,0.0,0.0,0.0,0.0,False,clear,1.0,0.0
EXP_CC2CE078,42,2022,33.7,1,503.646458,191.235198,80.0,-60.0,0.0,0.0,True,straight,2000,2000,10,0.0,0.0,0.0,0.0,-3.10044,-5.042873,-176.353542,-568.764802,False,False,False,0.0,False,0.0,False,0.0,False,0.0,0.0,False,linear,0.0,0.0,0.0,0.0,False,clear,1.0,0.0
EXP_CC2CE078,42,2023,33.716667,1,504.979791,190.235198,80.0,-60.0,0.0,0.0,True,straight,2000,2000,10,0.0,0.0,0.0,0.0,-3.092128,-5.049076,-175.020209,-569.764802,False,False,False,0.0,False,0.0,False,0.0,False,0.0,0.0,False,linear,0.0,0.0,0.0,0.0,False,clear,1.0,0.0
EXP_CC2CE078,42,2024,33.733333,1,506.313124,189.235198,80.0,-60.0,0.0,0.0,True,straight,2000,2000,10,0.0,0.0,0.0,0.0,-3.083816,-5.055279,-173.686876,-570.764802,False,False,False,0.0,False,0.0,False,0.0,False,0.0,0.0,False,linear,0.0,0.0,0.0,0.0,False,clear,1.0,0.0
EXP_CC2CE078,42,2025,33.75,1,507.646458,188.235198,80.0,-60.0,0.0,0.0,True,straight,2000,2000,10,0.0,0.0,0.0,0.0,-3.075503,-5.061482,-172.353542,-571.764802,False,False,False,0.0,False,0.0,False,0.0,False,0.0,0.0,False,linear,0.0,0.0,0.0,0.0,False,clear,1.0,0.0
EXP_CC2CE078,42,2026,33.766667,1,508.979791,187.235198,80.0,-60.0,0.0,0.0,True,straight,2000,2000,10,0.0,0.0,0.0,0.0,-3.06719,-5.067685,-171.020209,-572.764802,False,False,False,0.0,False,0.0,False,0.0,False,0.0,0.0,False,linear,0.0,0.0,0.0,0.0,False,clear,1.0,0.0
EXP_CC2CE078,42,2027,33.783333,1,510.313124,186.235198,80.0,-60.0,0.0,0.0,True,straight,2000,2000,10,0.0,0.0,0.0,0.0,-3.058877,-5.073887,-169.686876,-573.764802,False,False,False,0.0,False,0.0,False,0.0,False,0.0,0.0,False,linear,0.0,0.0,0.0,0.0,False,clear,1.0,0.0
EXP_CC2CE078,42,2028,33.8,1,511.646458,185.235198,80.0,-60.0,0.0,0.0,True,straight,2000,2000,10,0.0,0.0,0.0,0.0,-3.050564,-5.08009,-168.353542,-574.764802,False,False,False,0.0,False,0.0,False,0.0,False,0.0,0.0,False,linear,0.0,0.0,0.0,0.0,False,clear,1.0,0.0
EXP_CC2CE078,42,2029,33.816667,1,512.979791,184.235198,80.0,-60.0,0.0,0.0,True,straight,2000,2000,10,0.0,0.0,0.0,0.0,-3.042251,-5.086292,-167.020209,-575.764802,False,False,False,0.0,False,0.0,False,0.0,False,0.0,0.0,False,linear,0.0,0.0,0.0,0.0,False,clear,1.0,0.0
EXP_CC2CE078,42,2030,33.833333,1,514.313124,183.235198,80.0,-60.0,0.0,0.0,True,straight,2000,2000,10,0.0,0.0,0.0,0.0,-3.033938,-5.092494,-165.686876,-576.764802,False,False,False,0.0,False,0.0,False,0.0,False,0.0,0.0,False,linear,0.0,0.0,0.0,0.0,False,clear,1.0,0.0
EXP_CC2CE078,42,2031,33.85,1,515.646458,182.235198,80.0,-60.0,0.0,0.0,True,straight,2000,2000,10,0.0,0.0,0.0,0.0,-3.025624,-5.098696,-164.353542,-577.764802,False,False,False,0.0,False,0.0,False,0.0,False,0.0,0.0,False,linear,0.0,0.0,0.0,0.0,False,clear,1.0,0.0
EXP_CC2CE078,42,2032,33.866667,1,516.979791,181.235198,80.0,-60.0,0.0,0.0,True,straight,2000,2000,10,0.0,0.0,0.0,0.0,-3.017311,-5.104898,-163.020209,-578.764802,False,False,False,0.0,False,0.0,False,0.0,False,0.0,0.0,False,linear,0.0,0.0,0.0,0.0,False,clear,1.0,0.0
EXP_CC2CE078,42,2033,33.883333,1,518.313124,180.235198,80.0,-60.0,0.0,0.0,True,straight,2000,2000,10,0.0,0.0,0.0,0.0,-3.008997,-5.1111,-161.686876,-579.764802,False,False,False,0.0,False,0.0,False,0.0,False,0.0,0.0,False,linear,0.0,0.0,0.0,0.0,False,clear,1.0,0.0
EXP_CC2CE078,42,2034,33.9,1,519.646458,179.235198,80.0,-60.0,0.0,0.0,True,straight,2000,2000,10,0.0,0.0,0.0,0.0,-3.000683,-5.117302,-160.353542,-580.764802,False,False,False,0.0,False,0.0,False,0.0,False,0.0,0.0,False,linear,0.0,0.0,0.0,0.0,False,clear,1.0,0.0
EXP_CC2CE078,42,2035,33.916667,1,520.979791,178.235198,80.0,-60.0,0.0,0.0,True,straight,2000,2000,10,0.0,0.0,0.0,0.0,-2.992369,-5.123504,-159.020209,-581.764802,False,False,False,0.0,False,0.0,False,0.0,False,0.0,0.0,False,linear,0.0,0.0,0.0,0.0,False,clear,1.0,0.0
EXP_CC2CE078,42,2036,33.933333,1,522.313124,177.235198,80.0,-60.0,0.0,0.0,True,straight,2000,2000,10,0.0,0.0,0.0,0.0,-2.984055,-5.129705,-157.686876,-582.764802,False,False,False,0.0,False,0.0,False,0.0,False,0.0,0.0,False,linear,0.0,0.0,0.0,0.0,False,clear,1.0,0.0
EXP_CC2CE078,42,2037,33.95,1,523.646458,176.235198,80.0,-60.0,0.0,0.0,True,straight,2000,2000,10,0.0,0.0,0.0,0.0,-2.975741,-5.135906,-156.353542,-583.764802,False,False,False,0.0,False,0.0,False,0.0,False,0.0,0.0,False,linear,0.0,0.0,0.0,0.0,False,clear,1.0,0.0
EXP_CC2CE078,42,2038,33.966667,1,524.979791,175.235198,80.0,-60.0,0.0,0.0,True,straight,2000,2000,10,0.0,0.0,0.0,0.0,-2.967427,-5.142108,-155.020209,-584.764802,False,False,False,0.0,False,0.0,False,0.0,False,0.0,0.0,False,linear,0.0,0.0,0.0,0.0,False,clear,1.0,0.0
EXP_CC2CE078,42,2039,33.983333,1,526.313124,174.235198,80.0,-60.0,0.0,0.0,True,straight,2000,2000,10,0.0,0.0,0.0,0.0,-2.959112,-5.148309,-153.686876,-585.764802,False,False,False,0.0,False,0.0,False,0.0,False,0.0,0.0,False,linear,0.0,0.0,0.0,0.0,False,clear,1.0,0.0
EXP_CC2CE078,42,2040,34.0,1,527.646458,173.235198,80.0,-60.0,0.0,0.0,True,straight,2000,2000,10,0.0,0.0,0.0,0.0,-2.950798,-5.15451,-152.353542,-586.764802,False,False,False,0.0,False,0.0,False,0.0,False,0.0,0.0,False,linear,0.0,0.0,0.0,0.0,False,clear,1.0,0.0
EXP_CC2CE078,42,2041,34.016667,1,528.979791,172.235198,80.0,-60.0,0.0,0.0,True,straight,2000,2000,10,0.0,0.0,0.0,0.0,-2.942483,-5.160711,-151.020209,-587.764802,False,False,False,0.0,False,0.0,False,0.0,False,0.0,0.0,False,linear,0.0,0.0,0.0,0.0,False,clear,1.0,0.0
EXP_CC2CE078,42,2042,34.033333,1,530.313124,171.235198,80.0,-60.0,0.0,0.0,True,straight,2000,2000,10,0.0,0.0,0.0,0.0,-2.934168,-5.166912,-149.686876,-588.764802,False,False,False,0.0,False,0.0,False,0.0,False,0.0,0.0,False,linear,0.0,0.0,0.0,0.0,False,clear,1.0,0.0
EXP_CC2CE078,42,2043,34.05,1,531.646458,170.235198,80.0,-60.0,0.0,0.0,True,straight,2000,2000,10,0.0,0.0,0.0,0.0,-2.925853,-5.173112,-148.353542,-589.764802,False,False,False,0.0,False,0.0,False,0.0,False,0.0,0.0,False,linear,0.0,0.0,0.0,0.0,False,clear,1.0,0.0
EXP_CC2CE078,42,2044,34.066667,1,532.979791,169.235198,80.0,-60.0,0.0,0.0,True,straight,2000,2000,10,0.0,0.0,0.0,0.0,-2.917538,-5.179313,-147.020209,-590.764802,False,False,False,0.0,False,0.0,False,0.0,False,0.0,0.0,False,linear,0.0,0.0,0.0,0.0,False,clear,1.0,0.0
EXP_CC2CE078,42,2045,34.083333,1,534.313124,168.235198,80.0,-60.0,0.0,0.0,True,straight,2000,2000,10,0.0,0.0,0.0,0.0,-2.909223,-5.185513,-145.686876,-591.764802,False,False,False,0.0,False,0.0,False,0.0,False,0.0,0.0,False,linear,0.0,0.0,0.0,0.0,False,clear,1.0,0.0
EXP_CC2CE078,42,2046,34.1,1,535.646458,167.235198,80.0,-60.0,0.0,0.0,True,straight,2000,2000,10,0.0,0.0,0.0,0.0,-2.900908,-5.191714,-144.353542,-592.764802,False,False,False,0.0,False,0.0,False,0.0,False,0.0,0.0,False,linear,0.0,0.0,0.0,0.0,False,clear,1.0,0.0
EXP_CC2CE078,42,2047,34.116667,1,536.979791,166.235198,80.0,-60.0,0.0,0.0,True,straight,2000,2000,10,0.0,0.0,0.0,0.0,-2.892592,-5.197914,-143.020209,-593.764802,False,False,False,0.0,False,0.0,False,0.0,False,0.0,0.0,False,linear,0.0,0.0,0.0,0.0,False,clear,1.0,0.0
EXP_CC2CE078,42,2048,34.133333,1,538.313124,165.235198,80.0,-60.0,0.0,0.0,True,straight,2000,2000,10,0.0,0.0,0.0,0.0,-2.884277,-5.204114,-141.686876,-594.764802,False,False,False,0.0,False,0.0,False,0.0,False,0.0,0.0,False,linear,0.0,0.0,0.0,0.0,False,clear,1.0,0.0
EXP_CC2CE078,42,2049,34.15,1,539.646458,164.235198,80.0,-60.0,0.0,0.0,True,straight,2000,2000,10,0.0,0.0,0.0,0.0,-2.875961,-5.210314,-140.353542,-595.764802,False,False,False,0.0,False,0.0,False,0.0,False,0.0,0.0,False,linear,0.0,0.0,0.0,0.0,False,clear,1.0,0.0
EXP_CC2CE078,42,2050,34.166667,1,540.979791,163.235198,80.0,-60.0,0.0,0.0,True,straight,2000,2000,10,0.0,0.0,0.0,0.0,-2.867645,-5.216514,-139.020209,-596.764802,False,False,False,0.0,False,0.0,False,0.0,False,0.0,0.0,False,linear,0.0,0.0,0.0,0.0,False,clear,1.0,0.0
EXP_CC2CE078,42,2051,34.183333,1,542.313124,162.235198,80.0,-60.0,0.0,0.0,True,straight,2000,2000,10,0.0,0.0,0.0,0.0,-2.859329,-5.222713,-137.686876,-597.764802,False,False,False,0.0,False,0.0,False,0.0,False,0.0,0.0,False,linear,0.0,0.0,0.0,0.0,False,clear,1.0,0.0
EXP_CC2CE078,42,2052,34.2,1,543.646458,161.235198,80.0,-60.0,0.0,0.0,True,straight,2000,2000,10,0.0,0.0,0.0,0.0,-2.851013,-5.228913,-136.353542,-598.764802,False,False,False,0.0,False,0.0,False,0.0,False,0.0,0.0,False,linear,0.0,0.0,0.0,0.0,False,clear,1.0,0.0
EXP_CC2CE078,42,2053,34.216667,1,544.979791,160.235198,80.0,-60.0,0.0,0.0,True,straight,2000,2000,10,0.0,0.0,0.0,0.0,-2.842697,-5.235112,-135.020209,-599.764802,False,False,False,0.0,False,0.0,False,0.0,False,0.0,0.0,False,linear,0.0,0.0,0.0,0.0,False,clear,1.0,0.0
EXP_CC2CE078,42,2054,34.233333,1,546.313124,159.235198,80.0,-60.0,0.0,0.0,True,straight,2000,2000,10,0.0,0.0,0.0,0.0,-2.834381,-5.241312,-133.686876,-600.764802,False,False,False,0.0,False,0.0,False,0.0,False,0.0,0.0,False,linear,0.0,0.0,0.0,0.0,False,clear,1.0,0.0
EXP_CC2CE078,42,2055,34.25,1,547.646458,158.235198,80.0,-60.0,0.0,0.0,True,straight,2000,2000,10,0.0,0.0,0.0,0.0,-2.826064,-5.247511,-132.353542,-601.764802,False,False,False,0.0,False,0.0,False,0.0,False,0.0,0.0,False,linear,0.0,0.0,0.0,0.0,False,clear,1.0,0.0
EXP_CC2CE078,42,2056,34.266667,1,548.979791,157.235198,80.0,-60.0,0.0,0.0,True,straight,2000,2000,10,0.0,0.0,0.0,0.0,-2.817748,-5.25371,-131.020209,-602.764802,False,False,False,0.0,False,0.0,False,0.0,False,0.0,0.0,False,linear,0.0,0.0,0.0,0.0,False,clear,1.0,0.0
EXP_CC2CE078,42,2057,34.283333,1,550.313124,156.235198,80.0,-60.0,0.0,0.0,True,straight,2000,2000,10,0.0,0.0,0.0,0.0,-2.809431,-5.259909,-129.686876,-603.764802,False,False,False,0.0,False,0.0,False,0.0,False,0.0,0.0,False,linear,0.0,0.0,0.0,0.0,False,clear,1.0,0.0
EXP_CC2CE078,42,2058,34.3,1,551.646458,155.235198,80.0,-60.0,0.0,0.0,True,straight,2000,2000,10,0.0,0.0,0.0,0.0,-2.801115,-5.266108,-128.353542,-604.764802,False,False,False,0.0,False,0.0,False,0.0,False,0.0,0.0,False,linear,0.0,0.0,0.0,0.0,False,clear,1.0,0.0
EXP_CC2CE078,42,2059,34.316667,1,552.979791,154.235198,80.0,-60.0,0.0,0.0,True,straight,2000,2000,10,0.0,0.0,0.0,0.0,-2.792798,-5.272306,-127.020209,-605.764802,False,False,False,0.0,False,0.0,False,0.0,False,0.0,0.0,False,linear,0.0,0.0,0.0,0.0,False,clear,1.0,0.0
EXP_CC2CE078,42,2060,34.333333,1,554.313124,153.235198,80.0,-60.0,0.0,0.0,True,straight,2000,2000,10,0.0,0.0,0.0,0.0,-2.784481,-5.278505,-125.686876,-606.764802,False,False,False,0.0,False,0.0,False,0.0,False,0.0,0.0,False,linear,0.0,0.0,0.0,0.0,False,clear,1.0,0.0
EXP_CC2CE078,42,2061,34.35,1,555.646458,152.235198,80.0,-60.0,0.0,0.0,True,straight,2000,2000,10,0.0,0.0,0.0,0.0,-2.776164,-5.284703,-124.353542,-607.764802,False,False,False,0.0,False,0.0,False,0.0,False,0.0,0.0,False,linear,0.0,0.0,0.0,0.0,False,clear,1.0,0.0
EXP_CC2CE078,42,2062,34.366667,1,556.979791,151.235198,80.0,-60.0,0.0,0.0,True,straight,2000,2000,10,0.0,0.0,0.0,0.0,-2.767846,-5.290902,-123.020209,-608.764802,False,False,False,0.0,False,0.0,False,0.0,False,0.0,0.0,False,linear,0.0,0.0,0.0,0.0,False,clear,1.0,0.0
EXP_CC2CE078,42,2063,34.383333,1,558.313124,150.235198,80.0,-60.0,0.0,0.0,True,straight,2000,2000,10,0.0,0.0,0.0,0.0,-2.759529,-5.2971,-121.686876,-609.764802,False,False,False,0.0,False,0.0,False,0.0,False,0.0,0.0,False,linear,0.0,0.0,0.0,0.0,False,clear,1.0,0.0
EXP_CC2CE078,42,2064,34.4,1,559.646458,149.235198,80.0,-60.0,0.0,0.0,True,straight,2000,2000,10,0.0,0.0,0.0,0.0,-2.751212,-5.303298,-120.353542,-610.764802,False,False,False,0.0,False,0.0,False,0.0,False,0.0,0.0,False,linear,0.0,0.0,0.0,0.0,False,clear,1.0,0.0
EXP_CC2CE078,42,2065,34.416667,1,560.979791,148.235198,80.0,-60.0,0.0,0.0,True,straight,2000,2000,10,0.0,0.0,0.0,0.0,-2.742894,-5.309496,-119.020209,-611.764802,False,False,False,0.0,False,0.0,False,0.0,False,0.0,0.0,False,linear,0.0,0.0,0.0,0.0,False,clear,1.0,0.0
EXP_CC2CE078,42,2066,34.433333,1,562.313124,147.235198,80.0,-60.0,0.0,0.0,True,straight,2000,2000,10,0.0,0.0,0.0,0.0,-2.734576,-5.315694,-117.686876,-612.764802,False,False,False,0.0,False,0.0,False,0.0,False,0.0,0.0,False,linear,0.0,0.0,0.0,0.0,False,clear,1.0,0.0
EXP_CC2CE078,42,2067,34.45,1,563.646458,146.235198,80.0,-60.0,0.0,0.0,True,straight,2000,2000,10,0.0,0.0,0.0,0.0,-2.726259,-5.321891,-116.353542,-613.764802,False,False,False,0.0,False,0.0,False,0.0,False,0.0,0.0,False,linear,0.0,0.0,0.0,0.0,False,clear,1.0,0.0
EXP_CC2CE078,42,2068,34.466667,1,564.979791,145.235198,80.0,-60.0,0.0,0.0,True,straight,2000,2000,10,0.0,0.0,0.0,0.0,-2.717941,-5.328089,-115.020209,-614.764802,False,False,False,0.0,False,0.0,False,0.0,False,0.0,0.0,False,linear,0.0,0.0,0.0,0.0,False,clear,1.0,0.0
EXP_CC2CE078,42,2069,34.483333,1,566.313124,144.235198,80.0,-60.0,0.0,0.0,True,straight,2000,2000,10,0.0,0.0,0.0,0.0,-2.709623,-5.334287,-113.686876,-615.764802,False,False,False,0.0,False,0.0,False,0.0,False,0.0,0.0,False,linear,0.0,0.0,0.0,0.0,False,clear,1.0,0.0
EXP_CC2CE078,42,2070,34.5,1,567.646458,143.235198,80.0,-60.0,0.0,0.0,True,straight,2000,2000,10,0.0,0.0,0.0,0.0,-2.701304,-5.340484,-112.353542,-616.764802,False,False,False,0.0,False,0.0,False,0.0,False,0.0,0.0,False,linear,0.0,0.0,0.0,0.0,False,clear,1.0,0.0
EXP_CC2CE078,42,2071,34.516667,1,568.979791,142.235198,80.0,-60.0,0.0,0.0,True,straight,2000,2000,10,0.0,0.0,0.0,0.0,-2.692986,-5.346681,-111.020209,-617.764802,False,False,False,0.0,False,0.0,False,0.0,False,0.0,0.0,False,linear,0.0,0.0,0.0,0.0,False,clear,1.0,0.0
EXP_CC2CE078,42,2072,34.533333,1,570.313124,141.235198,80.0,-60.0,0.0,0.0,True,straight,2000,2000,10,0.0,0.0,0.0,0.0,-2.684668,-5.352878,-109.686876,-618.764802,False,False,False,0.0,False,0.0,False,0.0,False,0.0,0.0,False,linear,0.0,0.0,0.0,0.0,False,clear,1.0,0.0
EXP_CC2CE078,42,2073,34.55,1,571.646458,140.235198,80.0,-60.0,0.0,0.0,True,straight,2000,2000,10,0.0,0.0,0.0,0.0,-2.676349,-5.359075,-108.353542,-619.764802,False,False,False,0.0,False,0.0,False,0.0,False,0.0,0.0,False,linear,0.0,0.0,0.0,0.0,False,clear,1.0,0.0
EXP_CC2CE078,42,2074,34.566667,1,572.979791,139.235198,80.0,-60.0,0.0,0.0,True,straight,2000,2000,10,0.0,0.0,0.0,0.0,-2.668031,-5.365272,-107.020209,-620.764802,False,False,False,0.0,False,0.0,False,0.0,False,0.0,0.0,False,linear,0.0,0.0,0.0,0.0,False,clear,1.0,0.0
EXP_CC2CE078,42,2075,34.583333,1,574.313124,138.235198,80.0,-60.0,0.0,0.0,True,straight,2000,2000,10,0.0,0.0,0.0,0.0,-2.659712,-5.371469,-105.686876,-621.764802,False,False,False,0.0,False,0.0,False,0.0,False,0.0,0.0,False,linear,0.0,0.0,0.0,0.0,False,clear,1.0,0.0
EXP_CC2CE078,42,2076,34.6,1,575.646458,137.235198,80.0,-60.0,0.0,0.0,True,straight,2000,2000,10,0.0,0.0,0.0,0.0,-2.651393,-5.377665,-104.353542,-622.764802,False,False,False,0.0,False,0.0,False,0.0,False,0.0,0.0,False,linear,0.0,0.0,0.0,0.0,False,clear,1.0,0.0
EXP_CC2CE078,42,2077,34.616667,1,576.979791,136.235198,80.0,-60.0,0.0,0.0,True,straight,2000,2000,10,0.0,0.0,0.0,0.0,-2.643074,-5.383862,-103.020209,-623.764802,False,False,False,0.0,False,0.0,False,0.0,False,0.0,0.0,False,linear,0.0,0.0,0.0,0.0,False,clear,1.0,0.0
EXP_CC2CE078,42,2078,34.633333,1,578.313124,135.235198,80.0,-60.0,0.0,0.0,True,straight,2000,2000,10,0.0,0.0,0.0,0.0,-2.634755,-5.390058,-101.686876,-624.764802,False,False,False,0.0,False,0.0,False,0.0,False,0.0,0.0,False,linear,0.0,0.0,0.0,0.0,False,clear,1.0,0.0
EXP_CC2CE078,42,2079,34.65,1,579.646458,134.235198,80.0,-60.0,0.0,0.0,True,straight,2000,2000,10,0.0,0.0,0.0,0.0,-2.626436,-5.396254,-100.353542,-625.764802,False,False,False,0.0,False,0.0,False,0.0,False,0.0,0.0,False,linear,0.0,0.0,0.0,0.0,False,clear,1.0,0.0
EXP_CC2CE078,42,2080,34.666667,1,580.979791,133.235198,80.0,-60.0,0.0,0.0,True,straight,2000,2000,10,0.0,0.0,0.0,0.0,-2.618117,-5.40245,-99.020209,-626.764802,False,False,False,0.0,False,0.0,False,0.0,False,0.0,0.0,False,linear,0.0,0.0,0.0,0.0,False,clear,1.0,0.0
EXP_CC2CE078,42,2081,34.683333,1,582.313124,132.235198,80.0,-60.0,0.0,0.0,True,straight,2000,2000,10,0.0,0.0,0.0,0.0,-2.609797,-5.408646,-97.686876,-627.764802,False,False,False,0.0,False,0.0,False,0.0,False,0.0,0.0,False,linear,0.0,0.0,0.0,0.0,False,clear,1.0,0.0
EXP_CC2CE078,42,2082,34.7,1,583.646458,131.235198,80.0,-60.0,0.0,0.0,True,straight,2000,2000,10,0.0,0.0,0.0,0.0,-2.601478,-5.414842,-96.353542,-628.764802,False,False,False,0.0,False,0.0,False,0.0,False,0.0,0.0,False,linear,0.0,0.0,0.0,0.0,False,clear,1.0,0.0
EXP_CC2CE078,42,2083,34.716667,1,584.979791,130.235198,80.0,-60.0,0.0,0.0,True,straight,2000,2000,10,0.0,0.0,0.0,0.0,-2.593158,-5.421038,-95.020209,-629.764802,False,False,False,0.0,False,0.0,False,0.0,False,0.0,0.0,False,linear,0.0,0.0,0.0,0.0,False,clear,1.0,0.0
EXP_CC2CE078,42,2084,34.733333,1,586.313124,129.235198,80.0,-60.0,0.0,0.0,True,straight,2000,2000,10,0.0,0.0,0.0,0.0,-2.584839,-5.427233,-93.686876,-630.764802,False,False,False,0.0,False,0.0,False,0.0,False,0.0,0.0,False,linear,0.0,0.0,0.0,0.0,False,clear,1.0,0.0
EXP_CC2CE078,42,2085,34.75,1,587.646458,128.235198,80.0,-60.0,0.0,0.0,True,straight,2000,2000,10,0.0,0.0,0.0,0.0,-2.576519,-5.433429,-92.353542,-631.764802,False,False,False,0.0,False,0.0,False,0.0,False,0.0,0.0,False,linear,0.0,0.0,0.0,0.0,False,clear,1.0,0.0
EXP_CC2CE078,42,2086,34.766667,1,588.979791,127.235198,80.0,-60.0,0.0,0.0,True,straight,2000,2000,10,0.0,0.0,0.0,0.0,-2.568199,-5.439624,-91.020209,-632.764802,False,False,False,0.0,False,0.0,False,0.0,False,0.0,0.0,False,linear,0.0,0.0,0.0,0.0,False,clear,1.0,0.0
EXP_CC2CE078,42,2087,34.783333,1,590.313124,126.235198,80.0,-60.0,0.0,0.0,True,straight,2000,2000,10,0.0,0.0,0.0,0.0,-2.559879,-5.445819,-89.686876,-633.764802,False,False,False,0.0,False,0.0,False,0.0,False,0.0,0.0,False,linear,0.0,0.0,0.0,0.0,False,clear,1.0,0.0
EXP_CC2CE078,42,2088,34.8,1,591.646458,125.235198,80.0,-60.0,0.0,0.0,True,straight,2000,2000,10,0.0,0.0,0.0,0.0,-2.551559,-5.452014,-88.353542,-634.764802,False,False,False,0.0,False,0.0,False,0.0,False,0.0,0.0,False,linear,0.0,0.0,0.0,0.0,False,clear,1.0,0.0
EXP_CC2CE078,42,2089,34.816667,1,592.979791,124.235198,80.0,-60.0,0.0,0.0,True,straight,2000,2000,10,0.0,0.0,0.0,0.0,-2.543238,-5.458209,-87.020209,-635.764802,False,False,False,0.0,False,0.0,False,0.0,False,0.0,0.0,False,linear,0.0,0.0,0.0,0.0,False,clear,1.0,0.0
EXP_CC2CE078,42,2090,34.833333,1,594.313124,123.235198,80.0,-60.0,0.0,0.0,True,straight,2000,2000,10,0.0,0.0,0.0,0.0,-2.534918,-5.464404,-85.686876,-636.764802,False,False,False,0.0,False,0.0,False,0.0,False,0.0,0.0,False,linear,0.0,0.0,0.0,0.0,False,clear,1.0,0.0
EXP_CC2CE078,42,2091,34.85,1,595.646458,122.235198,80.0,-60.0,0.0,0.0,True,straight,2000,2000,10,0.0,0.0,0.0,0.0,-2.526598,-5.470599,-84.353542,-637.764802,False,False,False,0.0,False,0.0,False,0.0,False,0.0,0.0,False,linear,0.0,0.0,0.0,0.0,False,clear,1.0,0.0
EXP_CC2CE078,42,2092,34.866667,1,596.979791,121.235198,80.0,-60.0,0.0,0.0,True,straight,2000,2000,10,0.0,0.0,0.0,0.0,-2.518277,-5.476793,-83.020209,-638.764802,False,False,False,0.0,False,0.0,False,0.0,False,0.0,0.0,False,linear,0.0,0.0,0.0,0.0,False,clear,1.0,0.0
EXP_CC2CE078,42,2093,34.883333,1,598.313124,120.235198,80.0,-60.0,0.0,0.0,True,straight,2000,2000,10,0.0,0.0,0.0,0.0,-2.509956,-5.482988,-81.686876,-639.764802,False,False,False,0.0,False,0.0,False,0.0,False,0.0,0.0,False,linear,0.0,0.0,0.0,0.0,False,clear,1.0,0.0
EXP_CC2CE078,42,2094,34.9,1,599.646458,119.235198,80.0,-60.0,0.0,0.0,True,straight,2000,2000,10,0.0,0.0,0.0,0.0,-2.501636,-5.489182,-80.353542,-640.764802,False,False,False,0.0,False,0.0,False,0.0,False,0.0,0.0,False,linear,0.0,0.0,0.0,0.0,False,clear,1.0,0.0
EXP_CC2CE078,42,2095,34.916667,1,600.979791,118.235198,80.0,-60.0,0.0,0.0,True,straight,2000,2000,10,0.0,0.0,0.0,0.0,-2.493315,-5.495376,-79.020209,-641.764802,False,False,False,0.0,False,0.0,False,0.0,False,0.0,0.0,False,linear,0.0,0.0,0.0,0.0,False,clear,1.0,0.0
EXP_CC2CE078,42,2096,34.933333,1,602.313124,117.235198,80.0,-60.0,0.0,0.0,True,straight,2000,2000,10,0.0,0.0,0.0,0.0,-2.484994,-5.50157,-77.686876,-642.764802,False,False,False,0.0,False,0.0,False,0.0,False,0.0,0.0,False,linear,0.0,0.0,0.0,0.0,False,clear,1.0,0.0
EXP_CC2CE078,42,2097,34.95,1,603.646458,116.235198,80.0,-60.0,0.0,0.0,True,straight,2000,2000,10,0.0,0.0,0.0,0.0,-2.476673,-5.507764,-76.353542,-643.764802,False,False,False,0.0,False,0.0,False,0.0,False,0.0,0.0,False,linear,0.0,0.0,0.0,0.0,False,clear,1.0,0.0
EXP_CC2CE078,42,2098,34.966667,1,604.979791,115.235198,80.0,-60.0,0.0,0.0,True,straight,2000,2000,10,0.0,0.0,0.0,0.0,-2.468351,-5.513958,-75.020209,-644.764802,False,False,False,0.0,False,0.0,False,0.0,False,0.0,0.0,False,linear,0.0,0.0,0.0,0.0,False,clear,1.0,0.0
EXP_CC2CE078,42,2099,34.983333,1,606.313124,114.235198,80.0,-60.0,0.0,0.0,True,straight,2000,2000,10,0.0,0.0,0.0,0.0,-2.46003,-5.520152,-73.686876,-645.764802,False,False,False,0.0,False,0.0,False,0.0,False,0.0,0.0,False,linear,0.0,0.0,0.0,0.0,False,clear,1.0,0.0
EXP_CC2CE078,42,2100,35.0,1,607.646458,113.235198,80.0,-60.0,0.0,0.0,True,straight,2000,2000,10,0.0,0.0,0.0,0.0,-2.451709,-5.526345,-72.353542,-646.764802,False,False,False,0.0,False,0.0,False,0.0,False,0.0,0.0,False,linear,0.0,0.0,0.0,0.0,False,clear,1.0,0.0
EXP_CC2CE078,42,2101,35.016667,1,608.979791,112.235198,80.0,-60.0,0.0,0.0,True,straight,2000,2000,10,0.0,0.0,0.0,0.0,-2.443387,-5.532538,-71.020209,-647.764802,False,False,False,0.0,False,0.0,False,0.0,False,0.0,0.0,False,linear,0.0,0.0,0.0,0.0,False,clear,1.0,0.0
EXP_CC2CE078,42,2102,35.033333,1,610.313124,111.235198,80.0,-60.0,0.0,0.0,True,straight,2000,2000,10,0.0,0.0,0.0,0.0,-2.435066,-5.538732,-69.686876,-648.764802,False,False,False,0.0,False,0.0,False,0.0,False,0.0,0.0,False,linear,0.0,0.0,0.0,0.0,False,clear,1.0,0.0
EXP_CC2CE078,42,2103,35.05,1,611.646458,110.235198,80.0,-60.0,0.0,0.0,True,straight,2000,2000,10,0.0,0.0,0.0,0.0,-2.426744,-5.544925,-68.353542,-649.764802,False,False,False,0.0,False,0.0,False,0.0,False,0.0,0.0,False,linear,0.0,0.0,0.0,0.0,False,clear,1.0,0.0
EXP_CC2CE078,42,2104,35.066667,1,612.979791,109.235198,80.0,-60.0,0.0,0.0,True,straight,2000,2000,10,0.0,0.0,0.0,0.0,-2.418422,-5.551118,-67.020209,-650.764802,False,False,False,0.0,False,0.0,False,0.0,False,0.0,0.0,False,linear,0.0,0.0,0.0,0.0,False,clear,1.0,0.0
EXP_CC2CE078,42,2105,35.083333,1,614.313124,108.235198,80.0,-60.0,0.0,0.0,True,straight,2000,2000,10,0.0,0.0,0.0,0.0,-2.4101,-5.557311,-65.686876,-651.764802,False,False,False,0.0,False,0.0,False,0.0,False,0.0,0.0,False,linear,0.0,0.0,0.0,0.0,False,clear,1.0,0.0
EXP_CC2CE078,42,2106,35.1,1,615.646458,107.235198,80.0,-60.0,0.0,0.0,True,straight,2000,2000,10,0.0,0.0,0.0,0.0,-2.401778,-5.563503,-64.353542,-652.764802,False,False,False,0.0,False,0.0,False,0.0,False,0.0,0.0,False,linear,0.0,0.0,0.0,0.0,False,clear,1.0,0.0
EXP_CC2CE078,42,2107,35.116667,1,616.979791,106.235198,80.0,-60.0,0.0,0.0,True,straight,2000,2000,10,0.0,0.0,0.0,0.0,-2.393456,-5.569696,-63.020209,-653.764802,False,False,False,0.0,False,0.0,False,0.0,False,0.0,0.0,False,linear,0.0,0.0,0.0,0.0,False,clear,1.0,0.0
EXP_CC2CE078,42,2108,35.133333,1,618.313124,105.235198,80.0,-60.0,0.0,0.0,True,straight,2000,2000,10,0.0,0.0,0.0,0.0,-2.385134,-5.575888,-61.686876,-654.764802,False,False,False,0.0,False,0.0,False,0.0,False,0.0,0.0,False,linear,0.0,0.0,0.0,0.0,False,clear,1.0,0.0
EXP_CC2CE078,42,2109,35.15,1,619.646458,104.235198,80.0,-60.0,0.0,0.0,True,straight,2000,2000,10,0.0,0.0,0.0,0.0,-2.376811,-5.582081,-60.353542,-655.764802,False,False,False,0.0,False,0.0,False,0.0,False,0.0,0.0,False,linear,0.0,0.0,0.0,0.0,False,clear,1.0,0.0
EXP_CC2CE078,42,2110,35.166667,1,620.979791,103.235198,80.0,-60.0,0.0,0.0,True,straight,2000,2000,10,0.0,0.0,0.0,0.0,-2.368489,-5.588273,-59.020209,-656.764802,False,False,False,0.0,False,0.0,False,0.0,False,0.0,0.0,False,linear,0.0,0.0,0.0,0.0,False,clear,1.0,0.0
EXP_CC2CE078,42,2111,35.183333,1,622.313124,102.235198,80.0,-60.0,0.0,0.0,True,straight,2000,2000,10,0.0,0.0,0.0,0.0,-2.360166,-5.594465,-57.686876,-657.764802,False,False,False,0.0,False,0.0,False,0.0,False,0.0,0.0,False,linear,0.0,0.0,0.0,0.0,False,clear,1.0,0.0
EXP_CC2CE078,42,2112,35.2,1,623.646458,101.235198,80.0,-60.0,0.0,0.0,True,straight,2000,2000,10,0.0,0.0,0.0,0.0,-2.351844,-5.600657,-56.353542,-658.764802,False,False,False,0.0,False,0.0,False,0.0,False,0.0,0.0,False,linear,0.0,0.0,0.0,0.0,False,clear,1.0,0.0
EXP_CC2CE078,42,2113,35.216667,1,624.979791,100.235198,80.0,-60.0,0.0,0.0,True,straight,2000,2000,10,0.0,0.0,0.0,0.0,-2.343521,-5.606849,-55.020209,-659.764802,False,False,False,0.0,False,0.0,False,0.0,False,0.0,0.0,False,linear,0.0,0.0,0.0,0.0,False,clear,1.0,0.0
EXP_CC2CE078,42,2114,35.233333,1,626.313124,99.235198,80.0,-60.0,0.0,0.0,True,straight,2000,2000,10,0.0,0.0,0.0,0.0,-2.335198,-5.613041,-53.686876,-660.764802,False,False,False,0.0,False,0.0,False,0.0,False,0.0,0.0,False,linear,0.0,0.0,0.0,0.0,False,clear,1.0,0.0
EXP_CC2CE078,42,2115,35.25,1,627.646458,98.235198,80.0,-60.0,0.0,0.0,True,straight,2000,2000,10,0.0,0.0,0.0,0.0,-2.326875,-5.619232,-52.353542,-661.764802,False,False,False,0.0,False,0.0,False,0.0,False,0.0,0.0,False,linear,0.0,0.0,0.0,0.0,False,clear,1.0,0.0
EXP_CC2CE078,42,2116,35.266667,1,628.979791,97.235198,80.0,-60.0,0.0,0.0,True,straight,2000,2000,10,0.0,0.0,0.0,0.0,-2.318552,-5.625424,-51.020209,-662.764802,False,False,False,0.0,False,0.0,False,0.0,False,0.0,0.0,False,linear,0.0,0.0,0.0,0.0,False,clear,1.0,0.0
EXP_CC2CE078,42,2117,35.283333,1,630.313124,96.235198,80.0,-60.0,0.0,0.0,True,straight,2000,2000,10,0.0,0.0,0.0,0.0,-2.310229,-5.631615,-49.686876,-663.764802,False,False,False,0.0,False,0.0,False,0.0,False,0.0,0.0,False,linear,0.0,0.0,0.0,0.0,False,clear,1.0,0.0
EXP_CC2CE078,42,2118,35.3,1,631.646458,95.235198,80.0,-60.0,0.0,0.0,True,straight,2000,2000,10,0.0,0.0,0.0,0.0,-2.301906,-5.637806,-48.353542,-664.764802,False,False,False,0.0,False,0.0,False,0.0,False,0.0,0.0,False,linear,0.0,0.0,0.0,0.0,False,clear,1.0,0.0
EXP_CC2CE078,42,2119,35.316667,1,632.979791,94.235198,80.0,-60.0,0.0,0.0,True,straight,2000,2000,10,0.0,0.0,0.0,0.0,-2.293583,-5.643997,-47.020209,-665.764802,False,False,False,0.0,False,0.0,False,0.0,False,0.0,0.0,False,linear,0.0,0.0,0.0,0.0,False,clear,1.0,0.0
EXP_CC2CE078,42,2120,35.333333,1,634.313124,93.235198,80.0,-60.0,0.0,0.0,True,straight,2000,2000,10,0.0,0.0,0.0,0.0,-2.285259,-5.650188,-45.686876,-666.764802,False,False,False,0.0,False,0.0,False,0.0,False,0.0,0.0,False,linear,0.0,0.0,0.0,0.0,False,clear,1.0,0.0
EXP_CC2CE078,42,2121,35.35,1,635.646458,92.235198,80.0,-60.0,0.0,0.0,True,straight,2000,2000,10,0.0,0.0,0.0,0.0,-2.276936,-5.656379,-44.353542,-667.764802,False,False,False,0.0,False,0.0,False,0.0,False,0.0,0.0,False,linear,0.0,0.0,0.0,0.0,False,clear,1.0,0.0
EXP_CC2CE078,42,2122,35.366667,1,636.979791,91.235198,80.0,-60.0,0.0,0.0,True,straight,2000,2000,10,0.0,0.0,0.0,0.0,-2.268612,-5.662569,-43.020209,-668.764802,False,False,False,0.0,False,0.0,False,0.0,False,0.0,0.0,False,linear,0.0,0.0,0.0,0.0,False,clear,1.0,0.0
EXP_CC2CE078,42,2123,35.383333,1,638.313124,90.235198,80.0,-60.0,0.0,0.0,True,straight,2000,2000,10,0.0,0.0,0.0,0.0,-2.260288,-5.66876,-41.686876,-669.764802,False,False,False,0.0,False,0.0,False,0.0,False,0.0,0.0,False,linear,0.0,0.0,0.0,0.0,False,clear,1.0,0.0
EXP_CC2CE078,42,2124,35.4,1,639.646458,89.235198,80.0,-60.0,0.0,0.0,True,straight,2000,2000,10,0.0,0.0,0.0,0.0,-2.251964,-5.67495,-40.353542,-670.764802,False,False,False,0.0,False,0.0,False,0.0,False,0.0,0.0,False,linear,0.0,0.0,0.0,0.0,False,clear,1.0,0.0
EXP_CC2CE078,42,2125,35.416667,1,640.979791,88.235198,80.0,-60.0,0.0,0.0,True,straight,2000,2000,10,0.0,0.0,0.0,0.0,-2.243641,-5.68114,-39.020209,-671.764802,False,False,False,0.0,False,0.0,False,0.0,False,0.0,0.0,False,linear,0.0,0.0,0.0,0.0,False,clear,1.0,0.0
EXP_CC2CE078,42,2126,35.433333,1,642.313124,87.235198,80.0,-60.0,0.0,0.0,True,straight,2000,2000,10,0.0,0.0,0.0,0.0,-2.235317,-5.687331,-37.686876,-672.764802,False,False,False,0.0,False,0.0,False,0.0,False,0.0,0.0,False,linear,0.0,0.0,0.0,0.0,False,clear,1.0,0.0
EXP_CC2CE078,42,2127,35.45,1,643.646458,86.235198,80.0,-60.0,0.0,0.0,True,straight,2000,2000,10,0.0,0.0,0.0,0.0,-2.226993,-5.693521,-36.353542,-673.764802,False,False,False,0.0,False,0.0,False,0.0,False,0.0,0.0,False,linear,0.0,0.0,0.0,0.0,False,clear,1.0,0.0
EXP_CC2CE078,42,2128,35.466667,1,644.979791,85.235198,80.0,-60.0,0.0,0.0,True,straight,2000,2000,10,0.0,0.0,0.0,0.0,-2.218668,-5.69971,-35.020209,-674.764802,False,False,False,0.0,False,0.0,False,0.0,False,0.0,0.0,False,linear,0.0,0.0,0.0,0.0,False,clear,1.0,0.0
EXP_CC2CE078,42,2129,35.483333,1,646.313124,84.235198,80.0,-60.0,0.0,0.0,True,straight,2000,2000,10,0.0,0.0,0.0,0.0,-2.210344,-5.7059,-33.686876,-675.764802,False,False,False,0.0,False,0.0,False,0.0,False,0.0,0.0,False,linear,0.0,0.0,0.0,0.0,False,clear,1.0,0.0
EXP_CC2CE078,42,2130,35.5,1,647.646458,83.235198,80.0,-60.0,0.0,0.0,True,straight,2000,2000,10,0.0,0.0,0.0,0.0,-2.20202,-5.71209,-32.353542,-676.764802,False,False,False,0.0,False,0.0,False,0.0,False,0.0,0.0,False,linear,0.0,0.0,0.0,0.0,False,clear,1.0,0.0
EXP_CC2CE078,42,2131,35.516667,1,648.979791,82.235198,80.0,-60.0,0.0,0.0,True,straight,2000,2000,10,0.0,0.0,0.0,0.0,-2.193695,-5.718279,-31.020209,-677.764802,False,False,False,0.0,False,0.0,False,0.0,False,0.0,0.0,False,linear,0.0,0.0,0.0,0.0,False,clear,1.0,0.0
EXP_CC2CE078,42,2132,35.533333,1,650.313124,81.235198,80.0,-60.0,0.0,0.0,True,straight,2000,2000,10,0.0,0.0,0.0,0.0,-2.185371,-5.724468,-29.686876,-678.764802,False,False,False,0.0,False,0.0,False,0.0,False,0.0,0.0,False,linear,0.0,0.0,0.0,0.0,False,clear,1.0,0.0
EXP_CC2CE078,42,2133,35.55,1,651.646458,80.235198,80.0,-60.0,0.0,0.0,True,straight,2000,2000,10,0.0,0.0,0.0,0.0,-2.177046,-5.730658,-28.353542,-679.764802,False,False,False,0.0,False,0.0,False,0.0,False,0.0,0.0,False,linear,0.0,0.0,0.0,0.0,False,clear,1.0,0.0
EXP_CC2CE078,42,2134,35.566667,1,652.979791,79.235198,80.0,-60.0,0.0,0.0,True,straight,2000,2000,10,0.0,0.0,0.0,0.0,-2.168721,-5.736847,-27.020209,-680.764802,False,False,False,0.0,False,0.0,False,0.0,False,0.0,0.0,False,linear,0.0,0.0,0.0,0.0,False,clear,1.0,0.0
EXP_CC2CE078,42,2135,35.583333,1,654.313124,78.235198,80.0,-60.0,0.0,0.0,True,straight,2000,2000,10,0.0,0.0,0.0,0.0,-2.160396,-5.743035,-25.686876,-681.764802,False,False,False,0.0,False,0.0,False,0.0,False,0.0,0.0,False,linear,0.0,0.0,0.0,0.0,False,clear,1.0,0.0
EXP_CC2CE078,42,2136,35.6,1,655.646458,77.235198,80.0,-60.0,0.0,0.0,True,straight,2000,2000,10,0.0,0.0,0.0,0.0,-2.152072,-5.749224,-24.353542,-682.764802,False,False,False,0.0,False,0.0,False,0.0,False,0.0,0.0,False,linear,0.0,0.0,0.0,0.0,False,clear,1.0,0.0
EXP_CC2CE078,42,2137,35.616667,1,656.979791,76.235198,80.0,-60.0,0.0,0.0,True,straight,2000,2000,10,0.0,0.0,0.0,0.0,-2.143747,-5.755413,-23.020209,-683.764802,False,False,False,0.0,False,0.0,False,0.0,False,0.0,0.0,False,linear,0.0,0.0,0.0,0.0,False,clear,1.0,0.0
EXP_CC2CE078,42,2138,35.633333,1,658.313124,75.235198,80.0,-60.0,0.0,0.0,True,straight,2000,2000,10,0.0,0.0,0.0,0.0,-2.135421,-5.761601,-21.686876,-684.764802,False,False,False,0.0,False,0.0,False,0.0,False,0.0,0.0,False,linear,0.0,0.0,0.0,0.0,False,clear,1.0,0.0
EXP_CC2CE078,42,2139,35.65,1,659.646458,74.235198,80.0,-60.0,0.0,0.0,True,straight,2000,2000,10,0.0,0.0,0.0,0.0,-2.127096,-5.76779,-20.353542,-685.764802,False,False,False,0.0,False,0.0,False,0.0,False,0.0,0.0,False,linear,0.0,0.0,0.0,0.0,False,clear,1.0,0.0
EXP_CC2CE078,42,2140,35.666667,1,660.979791,73.235198,80.0,-60.0,0.0,0.0,True,straight,2000,2000,10,0.0,0.0,0.0,0.0,-2.118771,-5.773978,-19.020209,-686.764802,False,False,False,0.0,False,0.0,False,0.0,False,0.0,0.0,False,linear,0.0,0.0,0.0,0.0,False,clear,1.0,0.0
EXP_CC2CE078,42,2141,35.683333,1,662.313124,72.235198,80.0,-60.0,0.0,0.0,True,straight,2000,2000,10,0.0,0.0,0.0,0.0,-2.110446,-5.780166,-17.686876,-687.764802,False,False,False,0.0,False,0.0,False,0.0,False,0.0,0.0,False,linear,0.0,0.0,0.0,0.0,False,clear,1.0,0.0
EXP_CC2CE078,42,2142,35.7,1,663.646458,71.235198,80.0,-60.0,0.0,0.0,True,straight,2000,2000,10,0.0,0.0,0.0,0.0,-2.10212,-5.786354,-16.353542,-688.764802,False,False,False,0.0,False,0.0,False,0.0,False,0.0,0.0,False,linear,0.0,0.0,0.0,0.0,False,clear,1.0,0.0
EXP_CC2CE078,42,2143,35.716667,1,664.979791,70.235198,80.0,-60.0,0.0,0.0,True,straight,2000,2000,10,0.0,0.0,0.0,0.0,-2.093795,-5.792542,-15.020209,-689.764802,False,False,False,0.0,False,0.0,False,0.0,False,0.0,0.0,False,linear,0.0,0.0,0.0,0.0,False,clear,1.0,0.0
EXP_CC2CE078,42,2144,35.733333,1,666.313124,69.235198,80.0,-60.0,0.0,0.0,True,straight,2000,2000,10,0.0,0.0,0.0,0.0,-2.085469,-5.798729,-13.686876,-690.764802,False,False,False,0.0,False,0.0,False,0.0,False,0.0,0.0,False,linear,0.0,0.0,0.0,0.0,False,clear,1.0,0.0
EXP_CC2CE078,42,2145,35.75,1,667.646458,68.235198,80.0,-60.0,0.0,0.0,True,straight,2000,2000,10,0.0,0.0,0.0,0.0,-2.077143,-5.804917,-12.353542,-691.764802,False,False,False,0.0,False,0.0,False,0.0,False,0.0,0.0,False,linear,0.0,0.0,0.0,0.0,False,clear,1.0,0.0
EXP_CC2CE078,42,2146,35.766667,1,668.979791,67.235198,80.0,-60.0,0.0,0.0,True,straight,2000,2000,10,0.0,0.0,0.0,0.0,-2.068817,-5.811104,-11.020209,-692.764802,False,False,False,0.0,False,0.0,False,0.0,False,0.0,0.0,False,linear,0.0,0.0,0.0,0.0,False,clear,1.0,0.0
EXP_CC2CE078,42,2147,35.783333,1,670.313124,66.235198,80.0,-60.0,0.0,0.0,True,straight,2000,2000,10,0.0,0.0,0.0,0.0,-2.060492,-5.817292,-9.686876,-693.764802,False,False,False,0.0,False,0.0,False,0.0,False,0.0,0.0,False,linear,0.0,0.0,0.0,0.0,False,clear,1.0,0.0
EXP_CC2CE078,42,2148,35.8,1,671.646458,65.235198,80.0,-60.0,0.0,0.0,True,straight,2000,2000,10,0.0,0.0,0.0,0.0,-2.052166,-5.823479,-8.353542,-694.764802,False,False,False,0.0,False,0.0,False,0.0,False,0.0,0.0,False,linear,0.0,0.0,0.0,0.0,False,clear,1.0,0.0
EXP_CC2CE078,42,2149,35.816667,1,672.979791,64.235198,80.0,-60.0,0.0,0.0,True,straight,2000,2000,10,0.0,0.0,0.0,0.0,-2.043839,-5.829666,-7.020209,-695.764802,False,False,False,0.0,False,0.0,False,0.0,False,0.0,0.0,False,linear,0.0,0.0,0.0,0.0,False,clear,1.0,0.0
EXP_CC2CE078,42,2150,35.833333,1,674.313124,63.235198,80.0,-60.0,0.0,0.0,True,straight,2000,2000,10,0.0,0.0,0.0,0.0,-2.035513,-5.835853,-5.686876,-696.764802,False,False,False,0.0,False,0.0,False,0.0,False,0.0,0.0,False,linear,0.0,0.0,0.0,0.0,False,clear,1.0,0.0
EXP_CC2CE078,42,2151,35.85,1,675.646458,62.235198,80.0,-60.0,0.0,0.0,True,straight,2000,2000,10,0.0,0.0,0.0,0.0,-2.027187,-5.842039,-4.353542,-697.764802,False,False,False,0.0,False,0.0,False,0.0,False,0.0,0.0,False,linear,0.0,0.0,0.0,0.0,False,clear,1.0,0.0
EXP_CC2CE078,42,2152,35.866667,1,676.979791,61.235198,80.0,-60.0,0.0,0.0,True,straight,2000,2000,10,0.0,0.0,0.0,0.0,-2.018861,-5.848226,-3.020209,-698.764802,False,False,False,0.0,False,0.0,False,0.0,False,0.0,0.0,False,linear,0.0,0.0,0.0,0.0,False,clear,1.0,0.0
EXP_CC2CE078,42,2153,35.883333,1,678.313124,60.235198,80.0,-60.0,0.0,0.0,True,straight,2000,2000,10,0.0,0.0,0.0,0.0,-2.010534,-5.854412,-1.686876,-699.764802,False,False,False,0.0,False,0.0,False,0.0,False,0.0,0.0,False,linear,0.0,0.0,0.0,0.0,False,clear,1.0,0.0
EXP_CC2CE078,42,2154,35.9,1,679.646458,59.235198,80.0,-60.0,0.0,0.0,True,straight,2000,2000,10,0.0,0.0,0.0,0.0,-2.002208,-5.860599,-0.353542,-700.764802,False,False,False,0.0,False,0.0,False,0.0,False,0.0,0.0,False,linear,0.0,0.0,0.0,0.0,False,clear,1.0,0.0
EXP_CC2CE078,42,2155,35.916667,1,680.979791,58.235198,80.0,-60.0,0.0,0.0,True,straight,2000,2000,10,0.0,0.0,0.0,0.0,-1.993881,-5.866785,0.979791,-701.764802,False,False,False,0.0,False,0.0,False,0.0,False,0.0,0.0,False,linear,0.0,0.0,0.0,0.0,False,clear,1.0,0.0
EXP_CC2CE078,42,2156,35.933333,1,682.313124,57.235198,80.0,-60.0,0.0,0.0,True,straight,2000,2000,10,0.0,0.0,0.0,0.0,-1.985555,-5.872971,2.313124,-702.764802,False,False,False,0.0,False,0.0,False,0.0,False,0.0,0.0,False,linear,0.0,0.0,0.0,0.0,False,clear,1.0,0.0
EXP_CC2CE078,42,2157,35.95,1,683.646458,56.235198,80.0,-60.0,0.0,0.0,True,straight,2000,2000,10,0.0,0.0,0.0,0.0,-1.977228,-5.879157,3.646458,-703.764802,False,False,False,0.0,False,0.0,False,0.0,False,0.0,0.0,False,linear,0.0,0.0,0.0,0.0,False,clear,1.0,0.0
EXP_CC2CE078,42,2158,35.966667,1,684.979791,55.235198,80.0,-60.0,0.0,0.0,True,straight,2000,2000,10,0.0,0.0,0.0,0.0,-1.968901,-5.885343,4.979791,-704.764802,False,False,False,0.0,False,0.0,False,0.0,False,0.0,0.0,False,linear,0.0,0.0,0.0,0.0,False,clear,1.0,0.0
EXP_CC2CE078,42,2159,35.983333,1,686.313124,54.235198,80.0,-60.0,0.0,0.0,True,straight,2000,2000,10,0.0,0.0,0.0,0.0,-1.960574,-5.891528,6.313124,-705.764802,False,False,False,0.0,False,0.0,False,0.0,False,0.0,0.0,False,linear,0.0,0.0,0.0,0.0,False,clear,1.0,0.0
EXP_CC2CE078,42,2160,36.0,1,687.646458,53.235198,80.0,-60.0,0.0,0.0,True,straight,2000,2000,10,0.0,0.0,0.0,0.0,-1.952247,-5.897714,7.646458,-706.764802,False,False,False,0.0,False,0.0,False,0.0,False,0.0,0.0,False,linear,0.0,0.0,0.0,0.0,False,clear,1.0,0.0
EXP_CC2CE078,42,2161,36.016667,1,688.979791,52.235198,80.0,-60.0,0.0,0.0,True,straight,2000,2000,10,0.0,0.0,0.0,0.0,-1.94392,-5.903899,8.979791,-707.764802,False,False,False,0.0,False,0.0,False,0.0,False,0.0,0.0,False,linear,0.0,0.0,0.0,0.0,False,clear,1.0,0.0
EXP_CC2CE078,42,2162,36.033333,1,690.313124,51.235198,80.0,-60.0,0.0,0.0,True,straight,2000,2000,10,0.0,0.0,0.0,0.0,-1.935593,-5.910084,10.313124,-708.764802,False,False,False,0.0,False,0.0,False,0.0,False,0.0,0.0,False,linear,0.0,0.0,0.0,0.0,False,clear,1.0,0.0
EXP_CC2CE078,42,2163,36.05,1,691.646458,50.235198,80.0,-60.0,0.0,0.0,True,straight,2000,2000,10,0.0,0.0,0.0,0.0,-1.927266,-5.916269,11.646458,-709.764802,False,False,False,0.0,False,0.0,False,0.0,False,0.0,0.0,False,linear,0.0,0.0,0.0,0.0,False,clear,1.0,0.0
EXP_CC2CE078,42,2164,36.066667,1,692.979791,49.235198,80.0,-60.0,0.0,0.0,True,straight,2000,2000,10,0.0,0.0,0.0,0.0,-1.918938,-5.922454,12.979791,-710.764802,False,False,False,0.0,False,0.0,False,0.0,False,0.0,0.0,False,linear,0.0,0.0,0.0,0.0,False,clear,1.0,0.0
EXP_CC2CE078,42,2165,36.083333,1,694.313124,48.235198,80.0,-60.0,0.0,0.0,True,straight,2000,2000,10,0.0,0.0,0.0,0.0,-1.910611,-5.928639,14.313124,-711.764802,False,False,False,0.0,False,0.0,False,0.0,False,0.0,0.0,False,linear,0.0,0.0,0.0,0.0,False,clear,1.0,0.0
EXP_CC2CE078,42,2166,36.1,1,695.646458,47.235198,80.0,-60.0,0.0,0.0,True,straight,2000,2000,10,0.0,0.0,0.0,0.0,-1.902283,-5.934824,15.646458,-712.764802,False,False,False,0.0,False,0.0,False,0.0,False,0.0,0.0,False,linear,0.0,0.0,0.0,0.0,False,clear,1.0,0.0
EXP_CC2CE078,42,2167,36.116667,1,696.979791,46.235198,80.0,-60.0,0.0,0.0,True,straight,2000,2000,10,0.0,0.0,0.0,0.0,-1.893956,-5.941008,16.979791,-713.764802,False,False,False,0.0,False,0.0,False,0.0,False,0.0,0.0,False,linear,0.0,0.0,0.0,0.0,False,clear,1.0,0.0
EXP_CC2CE078,42,2168,36.133333,1,698.313124,45.235198,80.0,-60.0,0.0,0.0,True,straight,2000,2000,10,0.0,0.0,0.0,0.0,-1.885628,-5.947193,18.313124,-714.764802,False,False,False,0.0,False,0.0,False,0.0,False,0.0,0.0,False,linear,0.0,0.0,0.0,0.0,False,clear,1.0,0.0
EXP_CC2CE078,42,2169,36.15,1,699.646458,44.235198,80.0,-60.0,0.0,0.0,True,straight,2000,2000,10,0.0,0.0,0.0,0.0,-1.8773,-5.953377,19.646458,-715.764802,False,False,False,0.0,False,0.0,False,0.0,False,0.0,0.0,False,linear,0.0,0.0,0.0,0.0,False,clear,1.0,0.0
EXP_CC2CE078,42,2170,36.166667,1,700.979791,43.235198,80.0,-60.0,0.0,0.0,True,straight,2000,2000,10,0.0,0.0,0.0,0.0,-1.868973,-5.959561,20.979791,-716.764802,False,False,False,0.0,False,0.0,False,0.0,False,0.0,0.0,False,linear,0.0,0.0,0.0,0.0,False,clear,1.0,0.0
EXP_CC2CE078,42,2171,36.183333,1,702.313124,42.235198,80.0,-60.0,0.0,0.0,True,straight,2000,2000,10,0.0,0.0,0.0,0.0,-1.860645,-5.965745,22.313124,-717.764802,False,False,False,0.0,False,0.0,False,0.0,False,0.0,0.0,False,linear,0.0,0.0,0.0,0.0,False,clear,1.0,0.0
EXP_CC2CE078,42,2172,36.2,1,703.646458,41.235198,80.0,-60.0,0.0,0.0,True,straight,2000,2000,10,0.0,0.0,0.0,0.0,-1.852317,-5.971929,23.646458,-718.764802,False,False,False,0.0,False,0.0,False,0.0,False,0.0,0.0,False,linear,0.0,0.0,0.0,0.0,False,clear,1.0,0.0
EXP_CC2CE078,42,2173,36.216667,1,704.979791,40.235198,80.0,-60.0,0.0,0.0,True,straight,2000,2000,10,0.0,0.0,0.0,0.0,-1.843989,-5.978113,24.979791,-719.764802,False,False,False,0.0,False,0.0,False,0.0,False,0.0,0.0,False,linear,0.0,0.0,0.0,0.0,False,clear,1.0,0.0
EXP_CC2CE078,42,2174,36.233333,1,706.313124,39.235198,80.0,-60.0,0.0,0.0,True,straight,2000,2000,10,0.0,0.0,0.0,0.0,-1.835661,-5.984296,26.313124,-720.764802,False,False,False,0.0,False,0.0,False,0.0,False,0.0,0.0,False,linear,0.0,0.0,0.0,0.0,False,clear,1.0,0.0
EXP_CC2CE078,42,2175,36.25,1,707.646458,38.235198,80.0,-60.0,0.0,0.0,True,straight,2000,2000,10,0.0,0.0,0.0,0.0,-1.827332,-5.99048,27.646458,-721.764802,False,False,False,0.0,False,0.0,False,0.0,False,0.0,0.0,False,linear,0.0,0.0,0.0,0.0,False,clear,1.0,0.0
EXP_CC2CE078,42,2176,36.266667,1,708.979791,37.235198,80.0,-60.0,0.0,0.0,True,straight,2000,2000,10,0.0,0.0,0.0,0.0,-1.819004,-5.996663,28.979791,-722.764802,False,False,False,0.0,False,0.0,False,0.0,False,0.0,0.0,False,linear,0.0,0.0,0.0,0.0,False,clear,1.0,0.0
EXP_CC2CE078,42,2177,36.283333,1,710.313124,36.235198,80.0,-60.0,0.0,0.0,True,straight,2000,2000,10,0.0,0.0,0.0,0.0,-1.810676,-6.002846,30.313124,-723.764802,False,False,False,0.0,False,0.0,False,0.0,False,0.0,0.0,False,linear,0.0,0.0,0.0,0.0,False,clear,1.0,0.0
EXP_CC2CE078,42,2178,36.3,1,711.646458,35.235198,80.0,-60.0,0.0,0.0,True,straight,2000,2000,10,0.0,0.0,0.0,0.0,-1.802347,-6.009029,31.646458,-724.764802,False,False,False,0.0,False,0.0,False,0.0,False,0.0,0.0,False,linear,0.0,0.0,0.0,0.0,False,clear,1.0,0.0
EXP_CC2CE078,42,2179,36.316667,1,712.979791,34.235198,80.0,-60.0,0.0,0.0,True,straight,2000,2000,10,0.0,0.0,0.0,0.0,-1.794019,-6.015212,32.979791,-725.764802,False,False,False,0.0,False,0.0,False,0.0,False,0.0,0.0,False,linear,0.0,0.0,0.0,0.0,False,clear,1.0,0.0
EXP_CC2CE078,42,2180,36.333333,1,714.313124,33.235198,80.0,-60.0,0.0,0.0,True,straight,2000,2000,10,0.0,0.0,0.0,0.0,-1.78569,-6.021395,34.313124,-726.764802,False,False,False,0.0,False,0.0,False,0.0,False,0.0,0.0,False,linear,0.0,0.0,0.0,0.0,False,clear,1.0,0.0
EXP_CC2CE078,42,2181,36.35,1,715.646458,32.235198,80.0,-60.0,0.0,0.0,True,straight,2000,2000,10,0.0,0.0,0.0,0.0,-1.777361,-6.027577,35.646458,-727.764802,False,False,False,0.0,False,0.0,False,0.0,False,0.0,0.0,False,linear,0.0,0.0,0.0,0.0,False,clear,1.0,0.0
EXP_CC2CE078,42,2182,36.366667,1,716.979791,31.235198,80.0,-60.0,0.0,0.0,True,straight,2000,2000,10,0.0,0.0,0.0,0.0,-1.769033,-6.03376,36.979791,-728.764802,False,False,False,0.0,False,0.0,False,0.0,False,0.0,0.0,False,linear,0.0,0.0,0.0,0.0,False,clear,1.0,0.0
EXP_CC2CE078,42,2183,36.383333,1,718.313124,30.235198,80.0,-60.0,0.0,0.0,True,straight,2000,2000,10,0.0,0.0,0.0,0.0,-1.760704,-6.039942,38.313124,-729.764802,False,False,False,0.0,False,0.0,False,0.0,False,0.0,0.0,False,linear,0.0,0.0,0.0,0.0,False,clear,1.0,0.0
EXP_CC2CE078,42,2184,36.4,1,719.646458,29.235198,80.0,-60.0,0.0,0.0,True,straight,2000,2000,10,0.0,0.0,0.0,0.0,-1.752375,-6.046124,39.646458,-730.764802,False,False,False,0.0,False,0.0,False,0.0,False,0.0,0.0,False,linear,0.0,0.0,0.0,0.0,False,clear,1.0,0.0
EXP_CC2CE078,42,2185,36.416667,1,720.979791,28.235198,80.0,-60.0,0.0,0.0,True,straight,2000,2000,10,0.0,0.0,0.0,0.0,-1.744046,-6.052306,40.979791,-731.764802,False,False,False,0.0,False,0.0,False,0.0,False,0.0,0.0,False,linear,0.0,0.0,0.0,0.0,False,clear,1.0,0.0
EXP_CC2CE078,42,2186,36.433333,1,722.313124,27.235198,80.0,-60.0,0.0,0.0,True,straight,2000,2000,10,0.0,0.0,0.0,0.0,-1.735717,-6.058488,42.313124,-732.764802,False,False,False,0.0,False,0.0,False,0.0,False,0.0,0.0,False,linear,0.0,0.0,0.0,0.0,False,clear,1.0,0.0
EXP_CC2CE078,42,2187,36.45,1,723.646458,26.235198,80.0,-60.0,0.0,0.0,True,straight,2000,2000,10,0.0,0.0,0.0,0.0,-1.727388,-6.06467,43.646458,-733.764802,False,False,False,0.0,False,0.0,False,0.0,False,0.0,0.0,False,linear,0.0,0.0,0.0,0.0,False,clear,1.0,0.0
EXP_CC2CE078,42,2188,36.466667,1,724.979791,25.235198,80.0,-60.0,0.0,0.0,True,straight,2000,2000,10,0.0,0.0,0.0,0.0,-1.719059,-6.070851,44.979791,-734.764802,False,False,False,0.0,False,0.0,False,0.0,False,0.0,0.0,False,linear,0.0,0.0,0.0,0.0,False,clear,1.0,0.0
EXP_CC2CE078,42,2189,36.483333,1,726.313124,24.235198,80.0,-60.0,0.0,0.0,True,straight,2000,2000,10,0.0,0.0,0.0,0.0,-1.71073,-6.077033,46.313124,-735.764802,False,False,False,0.0,False,0.0,False,0.0,False,0.0,0.0,False,linear,0.0,0.0,0.0,0.0,False,clear,1.0,0.0
EXP_CC2CE078,42,2190,36.5,1,727.646458,23.235198,80.0,-60.0,0.0,0.0,True,straight,2000,2000,10,0.0,0.0,0.0,0.0,-1.7024,-6.083214,47.646458,-736.764802,False,False,False,0.0,False,0.0,False,0.0,False,0.0,0.0,False,linear,0.0,0.0,0.0,0.0,False,clear,1.0,0.0
EXP_CC2CE078,42,2191,36.516667,1,728.979791,22.235198,80.0,-60.0,0.0,0.0,True,straight,2000,2000,10,0.0,0.0,0.0,0.0,-1.694071,-6.089395,48.979791,-737.764802,False,False,False,0.0,False,0.0,False,0.0,False,0.0,0.0,False,linear,0.0,0.0,0.0,0.0,False,clear,1.0,0.0
EXP_CC2CE078,42,2192,36.533333,1,730.313124,21.235198,80.0,-60.0,0.0,0.0,True,straight,2000,2000,10,0.0,0.0,0.0,0.0,-1.685741,-6.095576,50.313124,-738.764802,False,False,False,0.0,False,0.0,False,0.0,False,0.0,0.0,False,linear,0.0,0.0,0.0,0.0,False,clear,1.0,0.0
EXP_CC2CE078,42,2193,36.55,1,731.646458,20.235198,80.0,-60.0,0.0,0.0,True,straight,2000,2000,10,0.0,0.0,0.0,0.0,-1.677412,-6.101757,51.646458,-739.764802,False,False,False,0.0,False,0.0,False,0.0,False,0.0,0.0,False,linear,0.0,0.0,0.0,0.0,False,clear,1.0,0.0
EXP_CC2CE078,42,2194,36.566667,1,732.979791,19.235198,80.0,-60.0,0.0,0.0,True,straight,2000,2000,10,0.0,0.0,0.0,0.0,-1.669082,-6.107938,52.979791,-740.764802,False,False,False,0.0,False,0.0,False,0.0,False,0.0,0.0,False,linear,0.0,0.0,0.0,0.0,False,clear,1.0,0.0
EXP_CC2CE078,42,2195,36.583333,1,734.313124,18.235198,80.0,-60.0,0.0,0.0,True,straight,2000,2000,10,0.0,0.0,0.0,0.0,-1.660752,-6.114118,54.313124,-741.764802,False,False,False,0.0,False,0.0,False,0.0,False,0.0,0.0,False,linear,0.0,0.0,0.0,0.0,False,clear,1.0,0.0
EXP_CC2CE078,42,2196,36.6,1,735.646458,17.235198,80.0,-60.0,0.0,0.0,True,straight,2000,2000,10,0.0,0.0,0.0,0.0,-1.652423,-6.120299,55.646458,-742.764802,False,False,False,0.0,False,0.0,False,0.0,False,0.0,0.0,False,linear,0.0,0.0,0.0,0.0,False,clear,1.0,0.0
EXP_CC2CE078,42,2197,36.616667,1,736.979791,16.235198,80.0,-60.0,0.0,0.0,True,straight,2000,2000,10,0.0,0.0,0.0,0.0,-1.644093,-6.126479,56.979791,-743.764802,False,False,False,0.0,False,0.0,False,0.0,False,0.0,0.0,False,linear,0.0,0.0,0.0,0.0,False,clear,1.0,0.0
EXP_CC2CE078,42,2198,36.633333,1,738.313124,15.235198,80.0,-60.0,0.0,0.0,True,straight,2000,2000,10,0.0,0.0,0.0,0.0,-1.635763,-6.132659,58.313124,-744.764802,False,False,False,0.0,False,0.0,False,0.0,False,0.0,0.0,False,linear,0.0,0.0,0.0,0.0,False,clear,1.0,0.0
EXP_CC2CE078,42,2199,36.65,1,739.646458,14.235198,80.0,-60.0,0.0,0.0,True,straight,2000,2000,10,0.0,0.0,0.0,0.0,-1.627433,-6.138839,59.646458,-745.764802,False,False,False,0.0,False,0.0,False,0.0,False,0.0,0.0,False,linear,0.0,0.0,0.0,0.0,False,clear,1.0,0.0
EXP_CC2CE078,42,2200,36.666667,1,740.979791,13.235198,80.0,-60.0,0.0,0.0,True,straight,2000,2000,10,0.0,0.0,0.0,0.0,-1.619103,-6.145019,60.979791,-746.764802,False,False,False,0.0,False,0.0,False,0.0,False,0.0,0.0,False,linear,0.0,0.0,0.0,0.0,False,clear,1.0,0.0
EXP_CC2CE078,42,2201,36.683333,1,742.313124,12.235198,80.0,-60.0,0.0,0.0,True,straight,2000,2000,10,0.0,0.0,0.0,0.0,-1.610773,-6.151199,62.313124,-747.764802,False,False,False,0.0,False,0.0,False,0.0,False,0.0,0.0,False,linear,0.0,0.0,0.0,0.0,False,clear,1.0,0.0
EXP_CC2CE078,42,2202,36.7,1,743.646458,11.235198,80.0,-60.0,0.0,0.0,True,straight,2000,2000,10,0.0,0.0,0.0,0.0,-1.602443,-6.157378,63.646458,-748.764802,False,False,False,0.0,False,0.0,False,0.0,False,0.0,0.0,False,linear,0.0,0.0,0.0,0.0,False,clear,1.0,0.0
EXP_CC2CE078,42,2203,36.716667,1,744.979791,10.235198,80.0,-60.0,0.0,0.0,True,straight,2000,2000,10,0.0,0.0,0.0,0.0,-1.594113,-6.163558,64.979791,-749.764802,False,False,False,0.0,False,0.0,False,0.0,False,0.0,0.0,False,linear,0.0,0.0,0.0,0.0,False,clear,1.0,0.0
EXP_CC2CE078,42,2204,36.733333,1,746.313124,9.235198,80.0,-60.0,0.0,0.0,True,straight,2000,2000,10,0.0,0.0,0.0,0.0,-1.585782,-6.169737,66.313124,-750.764802,False,False,False,0.0,False,0.0,False,0.0,False,0.0,0.0,False,linear,0.0,0.0,0.0,0.0,False,clear,1.0,0.0
EXP_CC2CE078,42,2205,36.75,1,747.646458,8.235198,80.0,-60.0,0.0,0.0,True,straight,2000,2000,10,0.0,0.0,0.0,0.0,-1.577452,-6.175916,67.646458,-751.764802,False,False,False,0.0,False,0.0,False,0.0,False,0.0,0.0,False,linear,0.0,0.0,0.0,0.0,False,clear,1.0,0.0
EXP_CC2CE078,42,2206,36.766667,1,748.979791,7.235198,80.0,-60.0,0.0,0.0,True,straight,2000,2000,10,0.0,0.0,0.0,0.0,-1.569121,-6.182095,68.979791,-752.764802,False,False,False,0.0,False,0.0,False,0.0,False,0.0,0.0,False,linear,0.0,0.0,0.0,0.0,False,clear,1.0,0.0
EXP_CC2CE078,42,2207,36.783333,1,750.313124,6.235198,80.0,-60.0,0.0,0.0,True,straight,2000,2000,10,0.0,0.0,0.0,0.0,-1.560791,-6.188274,70.313124,-753.764802,False,False,False,0.0,False,0.0,False,0.0,False,0.0,0.0,False,linear,0.0,0.0,0.0,0.0,False,clear,1.0,0.0
EXP_CC2CE078,42,2208,36.8,1,751.646458,5.235198,80.0,-60.0,0.0,0.0,True,straight,2000,2000,10,0.0,0.0,0.0,0.0,-1.55246,-6.194453,71.646458,-754.764802,False,False,False,0.0,False,0.0,False,0.0,False,0.0,0.0,False,linear,0.0,0.0,0.0,0.0,False,clear,1.0,0.0
EXP_CC2CE078,42,2209,36.816667,1,752.979791,5.764802,80.0,60.0,0.0,0.0,True,straight,2000,2000,10,0.0,0.0,0.0,0.0,-1.54413,-6.19118,72.979791,-754.235198,False,False,False,0.0,False,0.0,False,0.0,False,0.0,0.0,False,linear,0.0,0.0,0.0,0.0,False,clear,1.0,0.0
EXP_CC2CE078,42,2210,36.833333,1,754.313124,6.764802,80.0,60.0,0.0,0.0,True,straight,2000,2000,10,0.0,0.0,0.0,0.0,-1.535799,-6.185002,74.313124,-753.235198,False,False,False,0.0,False,0.0,False,0.0,False,0.0,0.0,False,linear,0.0,0.0,0.0,0.0,False,clear,1.0,0.0
EXP_CC2CE078,42,2211,36.85,1,755.646458,7.764802,80.0,60.0,0.0,0.0,True,straight,2000,2000,10,0.0,0.0,0.0,0.0,-1.527468,-6.178823,75.646458,-752.235198,False,False,False,0.0,False,0.0,False,0.0,False,0.0,0.0,False,linear,0.0,0.0,0.0,0.0,False,clear,1.0,0.0
EXP_CC2CE078,42,2212,36.866667,1,756.979791,8.764802,80.0,60.0,0.0,0.0,True,straight,2000,2000,10,0.0,0.0,0.0,0.0,-1.519137,-6.172644,76.979791,-751.235198,False,False,False,0.0,False,0.0,False,0.0,False,0.0,0.0,False,linear,0.0,0.0,0.0,0.0,False,clear,1.0,0.0
EXP_CC2CE078,42,2213,36.883333,1,758.313124,9.764802,80.0,60.0,0.0,0.0,True,straight,2000,2000,10,0.0,0.0,0.0,0.0,-1.510807,-6.166464,78.313124,-750.235198,False,False,False,0.0,False,0.0,False,0.0,False,0.0,0.0,False,linear,0.0,0.0,0.0,0.0,False,clear,1.0,0.0
EXP_CC2CE078,42,2214,36.9,1,759.646458,10.764802,80.0,60.0,0.0,0.0,True,straight,2000,2000,10,0.0,0.0,0.0,0.0,-1.502476,-6.160285,79.646458,-749.235198,False,False,False,0.0,False,0.0,False,0.0,False,0.0,0.0,False,linear,0.0,0.0,0.0,0.0,False,clear,1.0,0.0
EXP_CC2CE078,42,2215,36.916667,1,760.979791,11.764802,80.0,60.0,0.0,0.0,True,straight,2000,2000,10,0.0,0.0,0.0,0.0,-1.494145,-6.154106,80.979791,-748.235198,False,False,False,0.0,False,0.0,False,0.0,False,0.0,0.0,False,linear,0.0,0.0,0.0,0.0,False,clear,1.0,0.0
EXP_CC2CE078,42,2216,36.933333,1,762.313124,12.764802,80.0,60.0,0.0,0.0,True,straight,2000,2000,10,0.0,0.0,0.0,0.0,-1.485813,-6.147926,82.313124,-747.235198,False,False,False,0.0,False,0.0,False,0.0,False,0.0,0.0,False,linear,0.0,0.0,0.0,0.0,False,clear,1.0,0.0
EXP_CC2CE078,42,2217,36.95,1,763.646458,13.764802,80.0,60.0,0.0,0.0,True,straight,2000,2000,10,0.0,0.0,0.0,0.0,-1.477482,-6.141746,83.646458,-746.235198,False,False,False,0.0,False,0.0,False,0.0,False,0.0,0.0,False,linear,0.0,0.0,0.0,0.0,False,clear,1.0,0.0
EXP_CC2CE078,42,2218,36.966667,1,764.979791,14.764802,80.0,60.0,0.0,0.0,True,straight,2000,2000,10,0.0,0.0,0.0,0.0,-1.469151,-6.135566,84.979791,-745.235198,False,False,False,0.0,False,0.0,False,0.0,False,0.0,0.0,False,linear,0.0,0.0,0.0,0.0,False,clear,1.0,0.0
EXP_CC2CE078,42,2219,36.983333,1,766.313124,15.764802,80.0,60.0,0.0,0.0,True,straight,2000,2000,10,0.0,0.0,0.0,0.0,-1.46082,-6.129386,86.313124,-744.235198,False,False,False,0.0,False,0.0,False,0.0,False,0.0,0.0,False,linear,0.0,0.0,0.0,0.0,False,clear,1.0,0.0
EXP_CC2CE078,42,2220,37.0,1,767.646458,16.764802,80.0,60.0,0.0,0.0,True,straight,2000,2000,10,0.0,0.0,0.0,0.0,-1.452489,-6.123206,87.646458,-743.235198,False,False,False,0.0,False,0.0,False,0.0,False,0.0,0.0,False,linear,0.0,0.0,0.0,0.0,False,clear,1.0,0.0
EXP_CC2CE078,42,2221,37.016667,1,768.979791,17.764802,80.0,60.0,0.0,0.0,True,straight,2000,2000,10,0.0,0.0,0.0,0.0,-1.444157,-6.117025,88.979791,-742.235198,False,False,False,0.0,False,0.0,False,0.0,False,0.0,0.0,False,linear,0.0,0.0,0.0,0.0,False,clear,1.0,0.0
EXP_CC2CE078,42,2222,37.033333,1,770.313124,18.764802,80.0,60.0,0.0,0.0,True,straight,2000,2000,10,0.0,0.0,0.0,0.0,-1.435826,-6.110845,90.313124,-741.235198,False,False,False,0.0,False,0.0,False,0.0,False,0.0,0.0,False,linear,0.0,0.0,0.0,0.0,False,clear,1.0,0.0
EXP_CC2CE078,42,2223,37.05,1,771.646458,19.764802,80.0,60.0,0.0,0.0,True,straight,2000,2000,10,0.0,0.0,0.0,0.0,-1.427494,-6.104664,91.646458,-740.235198,False,False,False,0.0,False,0.0,False,0.0,False,0.0,0.0,False,linear,0.0,0.0,0.0,0.0,False,clear,1.0,0.0
EXP_CC2CE078,42,2224,37.066667,1,772.979791,20.764802,80.0,60.0,0.0,0.0,True,straight,2000,2000,10,0.0,0.0,0.0,0.0,-1.419163,-6.098483,92.979791,-739.235198,False,False,False,0.0,False,0.0,False,0.0,False,0.0,0.0,False,linear,0.0,0.0,0.0,0.0,False,clear,1.0,0.0
EXP_CC2CE078,42,2225,37.083333,1,774.313124,21.764802,80.0,60.0,0.0,0.0,True,straight,2000,2000,10,0.0,0.0,0.0,0.0,-1.410831,-6.092303,94.313124,-738.235198,False,False,False,0.0,False,0.0,False,0.0,False,0.0,0.0,False,linear,0.0,0.0,0.0,0.0,False,clear,1.0,0.0
EXP_CC2CE078,42,2226,37.1,1,775.646458,22.764802,80.0,60.0,0.0,0.0,True,straight,2000,2000,10,0.0,0.0,0.0,0.0,-1.402499,-6.086121,95.646458,-737.235198,False,False,False,0.0,False,0.0,False,0.0,False,0.0,0.0,False,linear,0.0,0.0,0.0,0.0,False,clear,1.0,0.0
EXP_CC2CE078,42,2227,37.116667,1,776.979791,23.764802,80.0,60.0,0.0,0.0,True,straight,2000,2000,10,0.0,0.0,0.0,0.0,-1.394167,-6.07994,96.979791,-736.235198,False,False,False,0.0,False,0.0,False,0.0,False,0.0,0.0,False,linear,0.0,0.0,0.0,0.0,False,clear,1.0,0.0
EXP_CC2CE078,42,2228,37.133333,1,778.313124,24.764802,80.0,60.0,0.0,0.0,True,straight,2000,2000,10,0.0,0.0,0.0,0.0,-1.385836,-6.073759,98.313124,-735.235198,False,False,False,0.0,False,0.0,False,0.0,False,0.0,0.0,False,linear,0.0,0.0,0.0,0.0,False,clear,1.0,0.0
EXP_CC2CE078,42,2229,37.15,1,779.646458,25.764802,80.0,60.0,0.0,0.0,True,straight,2000,2000,10,0.0,0.0,0.0,0.0,-1.377504,-6.067577,99.646458,-734.235198,False,False,False,0.0,False,0.0,False,0.0,False,0.0,0.0,False,linear,0.0,0.0,0.0,0.0,False,clear,1.0,0.0
EXP_CC2CE078,42,2230,37.166667,1,780.979791,26.764802,80.0,60.0,0.0,0.0,True,straight,2000,2000,10,0.0,0.0,0.0,0.0,-1.369172,-6.061396,100.979791,-733.235198,False,False,False,0.0,False,0.0,False,0.0,False,0.0,0.0,False,linear,0.0,0.0,0.0,0.0,False,clear,1.0,0.0
EXP_CC2CE078,42,2231,37.183333,1,782.313124,27.764802,80.0,60.0,0.0,0.0,True,straight,2000,2000,10,0.0,0.0,0.0,0.0,-1.36084,-6.055214,102.313124,-732.235198,False,False,False,0.0,False,0.0,False,0.0,False,0.0,0.0,False,linear,0.0,0.0,0.0,0.0,False,clear,1.0,0.0
EXP_CC2CE078,42,2232,37.2,1,783.646458,28.764802,80.0,60.0,0.0,0.0,True,straight,2000,2000,10,0.0,0.0,0.0,0.0,-1.352508,-6.049032,103.646458,-731.235198,False,False,False,0.0,False,0.0,False,0.0,False,0.0,0.0,False,linear,0.0,0.0,0.0,0.0,False,clear,1.0,0.0
EXP_CC2CE078,42,2233,37.216667,1,784.979791,29.764802,80.0,60.0,0.0,0.0,True,straight,2000,2000,10,0.0,0.0,0.0,0.0,-1.344176,-6.04285,104.979791,-730.235198,False,False,False,0.0,False,0.0,False,0.0,False,0.0,0.0,False,linear,0.0,0.0,0.0,0.0,False,clear,1.0,0.0
EXP_CC2CE078,42,2234,37.233333,1,786.313124,30.764802,80.0,60.0,0.0,0.0,True,straight,2000,2000,10,0.0,0.0,0.0,0.0,-1.335844,-6.036668,106.313124,-729.235198,False,False,False,0.0,False,0.0,False,0.0,False,0.0,0.0,False,linear,0.0,0.0,0.0,0.0,False,clear,1.0,0.0
EXP_CC2CE078,42,2235,37.25,1,787.646458,31.764802,80.0,60.0,0.0,0.0,True,straight,2000,2000,10,0.0,0.0,0.0,0.0,-1.327511,-6.030485,107.646458,-728.235198,False,False,False,0.0,False,0.0,False,0.0,False,0.0,0.0,False,linear,0.0,0.0,0.0,0.0,False,clear,1.0,0.0
EXP_CC2CE078,42,2236,37.266667,1,788.979791,32.764802,80.0,60.0,0.0,0.0,True,straight,2000,2000,10,0.0,0.0,0.0,0.0,-1.319179,-6.024303,108.979791,-727.235198,False,False,False,0.0,False,0.0,False,0.0,False,0.0,0.0,False,linear,0.0,0.0,0.0,0.0,False,clear,1.0,0.0
EXP_CC2CE078,42,2237,37.283333,1,790.313124,33.764802,80.0,60.0,0.0,0.0,True,straight,2000,2000,10,0.0,0.0,0.0,0.0,-1.310847,-6.01812,110.313124,-726.235198,False,False,False,0.0,False,0.0,False,0.0,False,0.0,0.0,False,linear,0.0,0.0,0.0,0.0,False,clear,1.0,0.0
EXP_CC2CE078,42,2238,37.3,1,791.646458,34.764802,80.0,60.0,0.0,0.0,True,straight,2000,2000,10,0.0,0.0,0.0,0.0,-1.302514,-6.011937,111.646458,-725.235198,False,False,False,0.0,False,0.0,False,0.0,False,0.0,0.0,False,linear,0.0,0.0,0.0,0.0,False,clear,1.0,0.0
EXP_CC2CE078,42,2239,37.316667,1,792.979791,35.764802,80.0,60.0,0.0,0.0,True,straight,2000,2000,10,0.0,0.0,0.0,0.0,-1.294182,-6.005754,112.979791,-724.235198,False,False,False,0.0,False,0.0,False,0.0,False,0.0,0.0,False,linear,0.0,0.0,0.0,0.0,False,clear,1.0,0.0
EXP_CC2CE078,42,2240,37.333333,1,794.313124,36.764802,80.0,60.0,0.0,0.0,True,straight,2000,2000,10,0.0,0.0,0.0,0.0,-1.285849,-5.999571,114.313124,-723.235198,False,False,False,0.0,False,0.0,False,0.0,False,0.0,0.0,False,linear,0.0,0.0,0.0,0.0,False,clear,1.0,0.0
EXP_CC2CE078,42,2241,37.35,1,795.646458,37.764802,80.0,60.0,0.0,0.0,True,straight,2000,2000,10,0.0,0.0,0.0,0.0,-1.277517,-5.993388,115.646458,-722.235198,False,False,False,0.0,False,0.0,False,0.0,False,0.0,0.0,False,linear,0.0,0.0,0.0,0.0,False,clear,1.0,0.0
EXP_CC2CE078,42,2242,37.366667,1,796.979791,38.764802,80.0,60.0,0.0,0.0,True,straight,2000,2000,10,0.0,0.0,0.0,0.0,-1.269184,-5.987205,116.979791,-721.235198,False,False,False,0.0,False,0.0,False,0.0,False,0.0,0.0,False,linear,0.0,0.0,0.0,0.0,False,clear,1.0,0.0
EXP_CC2CE078,42,2243,37.383333,1,798.313124,39.764802,80.0,60.0,0.0,0.0,True,straight,2000,2000,10,0.0,0.0,0.0,0.0,-1.260852,-5.981021,118.313124,-720.235198,False,False,False,0.0,False,0.0,False,0.0,False,0.0,0.0,False,linear,0.0,0.0,0.0,0.0,False,clear,1.0,0.0
EXP_CC2CE078,42,2244,37.4,1,799.646458,40.764802,80.0,60.0,0.0,0.0,True,straight,2000,2000,10,0.0,0.0,0.0,0.0,-1.252519,-5.974838,119.646458,-719.235198,False,False,False,0.0,False,0.0,False,0.0,False,0.0,0.0,False,linear,0.0,0.0,0.0,0.0,False,clear,1.0,0.0
EXP_CC2CE078,42,2245,37.416667,1,800.979791,41.764802,80.0,60.0,0.0,0.0,True,straight,2000,2000,10,0.0,0.0,0.0,0.0,-1.244186,-5.968654,120.979791,-718.235198,False,False,False,0.0,False,0.0,False,0.0,False,0.0,0.0,False,linear,0.0,0.0,0.0,0.0,False,clear,1.0,0.0
EXP_CC2CE078,42,2246,37.433333,1,802.313124,42.764802,80.0,60.0,0.0,0.0,True,straight,2000,2000,10,0.0,0.0,0.0,0.0,-1.235853,-5.96247,122.313124,-717.235198,False,False,False,0.0,False,0.0,False,0.0,False,0.0,0.0,False,linear,0.0,0.0,0.0,0.0,False,clear,1.0,0.0
EXP_CC2CE078,42,2247,37.45,1,803.646458,43.764802,80.0,60.0,0.0,0.0,True,straight,2000,2000,10,0.0,0.0,0.0,0.0,-1.22752,-5.956286,123.646458,-716.235198,False,False,False,0.0,False,0.0,False,0.0,False,0.0,0.0,False,linear,0.0,0.0,0.0,0.0,False,clear,1.0,0.0
EXP_CC2CE078,42,2248,37.466667,1,804.979791,44.764802,80.0,60.0,0.0,0.0,True,straight,2000,2000,10,0.0,0.0,0.0,0.0,-1.219188,-5.950102,124.979791,-715.235198,False,False,False,0.0,False,0.0,False,0.0,False,0.0,0.0,False,linear,0.0,0.0,0.0,0.0,False,clear,1.0,0.0
EXP_CC2CE078,42,2249,37.483333,1,806.313124,45.764802,80.0,60.0,0.0,0.0,True,straight,2000,2000,10,0.0,0.0,0.0,0.0,-1.210855,-5.943918,126.313124,-714.235198,False,False,False,0.0,False,0.0,False,0.0,False,0.0,0.0,False,linear,0.0,0.0,0.0,0.0,False,clear,1.0,0.0
EXP_CC2CE078,42,2250,37.5,1,807.646458,46.764802,80.0,60.0,0.0,0.0,True,straight,2000,2000,10,0.0,0.0,0.0,0.0,-1.202522,-5.937733,127.646458,-713.235198,False,False,False,0.0,False,0.0,False,0.0,False,0.0,0.0,False,linear,0.0,0.0,0.0,0.0,False,clear,1.0,0.0
EXP_CC2CE078,42,2251,37.516667,1,808.979791,47.764802,80.0,60.0,0.0,0.0,True,straight,2000,2000,10,0.0,0.0,0.0,0.0,-1.194188,-5.931548,128.979791,-712.235198,False,False,False,0.0,False,0.0,False,0.0,False,0.0,0.0,False,linear,0.0,0.0,0.0,0.0,False,clear,1.0,0.0
EXP_CC2CE078,42,2252,37.533333,1,810.313124,48.764802,80.0,60.0,0.0,0.0,True,straight,2000,2000,10,0.0,0.0,0.0,0.0,-1.185855,-5.925364,130.313124,-711.235198,False,False,False,0.0,False,0.0,False,0.0,False,0.0,0.0,False,linear,0.0,0.0,0.0,0.0,False,clear,1.0,0.0
EXP_CC2CE078,42,2253,37.55,1,811.646458,49.764802,80.0,60.0,0.0,0.0,True,straight,2000,2000,10,0.0,0.0,0.0,0.0,-1.177522,-5.919179,131.646458,-710.235198,False,False,False,0.0,False,0.0,False,0.0,False,0.0,0.0,False,linear,0.0,0.0,0.0,0.0,False,clear,1.0,0.0
EXP_CC2CE078,42,2254,37.566667,1,812.979791,50.764802,80.0,60.0,0.0,0.0,True,straight,2000,2000,10,0.0,0.0,0.0,0.0,-1.169189,-5.912994,132.979791,-709.235198,False,False,False,0.0,False,0.0,False,0.0,False,0.0,0.0,False,linear,0.0,0.0,0.0,0.0,False,clear,1.0,0.0
EXP_CC2CE078,42,2255,37.583333,1,814.313124,51.764802,80.0,60.0,0.0,0.0,True,straight,2000,2000,10,0.0,0.0,0.0,0.0,-1.160856,-5.906809,134.313124,-708.235198,False,False,False,0.0,False,0.0,False,0.0,False,0.0,0.0,False,linear,0.0,0.0,0.0,0.0,False,clear,1.0,0.0
EXP_CC2CE078,42,2256,37.6,1,815.646458,52.764802,80.0,60.0,0.0,0.0,True,straight,2000,2000,10,0.0,0.0,0.0,0.0,-1.152522,-5.900623,135.646458,-707.235198,False,False,False,0.0,False,0.0,False,0.0,False,0.0,0.0,False,linear,0.0,0.0,0.0,0.0,False,clear,1.0,0.0
EXP_CC2CE078,42,2257,37.616667,1,816.979791,53.764802,80.0,60.0,0.0,0.0,True,straight,2000,2000,10,0.0,0.0,0.0,0.0,-1.144189,-5.894438,136.979791,-706.235198,False,False,False,0.0,False,0.0,False,0.0,False,0.0,0.0,False,linear,0.0,0.0,0.0,0.0,False,clear,1.0,0.0
EXP_CC2CE078,42,2258,37.633333,1,818.313124,54.764802,80.0,60.0,0.0,0.0,True,straight,2000,2000,10,0.0,0.0,0.0,0.0,-1.135856,-5.888252,138.313124,-705.235198,False,False,False,0.0,False,0.0,False,0.0,False,0.0,0.0,False,linear,0.0,0.0,0.0,0.0,False,clear,1.0,0.0
EXP_CC2CE078,42,2259,37.65,1,819.646458,55.764802,80.0,60.0,0.0,0.0,True,straight,2000,2000,10,0.0,0.0,0.0,0.0,-1.127522,-5.882067,139.646458,-704.235198,False,False,False,0.0,False,0.0,False,0.0,False,0.0,0.0,False,linear,0.0,0.0,0.0,0.0,False,clear,1.0,0.0
EXP_CC2CE078,42,2260,37.666667,1,820.979791,56.764802,80.0,60.0,0.0,0.0,True,straight,2000,2000,10,0.0,0.0,0.0,0.0,-1.119189,-5.875881,140.979791,-703.235198,False,False,False,0.0,False,0.0,False,0.0,False,0.0,0.0,False,linear,0.0,0.0,0.0,0.0,False,clear,1.0,0.0
EXP_CC2CE078,42,2261,37.683333,1,822.313124,57.764802,80.0,60.0,0.0,0.0,True,straight,2000,2000,10,0.0,0.0,0.0,0.0,-1.110855,-5.869695,142.313124,-702.235198,False,False,False,0.0,False,0.0,False,0.0,False,0.0,0.0,False,linear,0.0,0.0,0.0,0.0,False,clear,1.0,0.0
EXP_CC2CE078,42,2262,37.7,1,823.646458,58.764802,80.0,60.0,0.0,0.0,True,straight,2000,2000,10,0.0,0.0,0.0,0.0,-1.102521,-5.863509,143.646458,-701.235198,False,False,False,0.0,False,0.0,False,0.0,False,0.0,0.0,False,linear,0.0,0.0,0.0,0.0,False,clear,1.0,0.0
EXP_CC2CE078,42,2263,37.716667,1,824.979791,59.764802,80.0,60.0,0.0,0.0,True,straight,2000,2000,10,0.0,0.0,0.0,0.0,-1.094188,-5.857323,144.979791,-700.235198,False,False,False,0.0,False,0.0,False,0.0,False,0.0,0.0,False,linear,0.0,0.0,0.0,0.0,False,clear,1.0,0.0
EXP_CC2CE078,42,2264,37.733333,1,826.313124,60.764802,80.0,60.0,0.0,0.0,True,straight,2000,2000,10,0.0,0.0,0.0,0.0,-1.085854,-5.851136,146.313124,-699.235198,False,False,False,0.0,False,0.0,False,0.0,False,0.0,0.0,False,linear,0.0,0.0,0.0,0.0,False,clear,1.0,0.0
EXP_CC2CE078,42,2265,37.75,1,827.646458,61.764802,80.0,60.0,0.0,0.0,True,straight,2000,2000,10,0.0,0.0,0.0,0.0,-1.07752,-5.84495,147.646458,-698.235198,False,False,False,0.0,False,0.0,False,0.0,False,0.0,0.0,False,linear,0.0,0.0,0.0,0.0,False,clear,1.0,0.0
EXP_CC2CE078,42,2266,37.766667,1,828.979791,62.764802,80.0,60.0,0.0,0.0,True,straight,2000,2000,10,0.0,0.0,0.0,0.0,-1.069187,-5.838763,148.979791,-697.235198,False,False,False,0.0,False,0.0,False,0.0,False,0.0,0.0,False,linear,0.0,0.0,0.0,0.0,False,clear,1.0,0.0
EXP_CC2CE078,42,2267,37.783333,1,830.313124,63.764802,80.0,60.0,0.0,0.0,True,straight,2000,2000,10,0.0,0.0,0.0,0.0,-1.060853,-5.832576,150.313124,-696.235198,False,False,False,0.0,False,0.0,False,0.0,False,0.0,0.0,False,linear,0.0,0.0,0.0,0.0,False,clear,1.0,0.0
EXP_CC2CE078,42,2268,37.8,1,831.646458,64.764802,80.0,60.0,0.0,0.0,True,straight,2000,2000,10,0.0,0.0,0.0,0.0,-1.052519,-5.826389,151.646458,-695.235198,False,False,False,0.0,False,0.0,False,0.0,False,0.0,0.0,False,linear,0.0,0.0,0.0,0.0,False,clear,1.0,0.0
EXP_CC2CE078,42,2269,37.816667,1,832.979791,65.764802,80.0,60.0,0.0,0.0,True,straight,2000,2000,10,0.0,0.0,0.0,0.0,-1.044185,-5.820202,152.979791,-694.235198,False,False,False,0.0,False,0.0,False,0.0,False,0.0,0.0,False,linear,0.0,0.0,0.0,0.0,False,clear,1.0,0.0
EXP_CC2CE078,42,2270,37.833333,1,834.313124,66.764802,80.0,60.0,0.0,0.0,True,straight,2000,2000,10,0.0,0.0,0.0,0.0,-1.035851,-5.814015,154.313124,-693.235198,False,False,False,0.0,False,0.0,False,0.0,False,0.0,0.0,False,linear,0.0,0.0,0.0,0.0,False,clear,1.0,0.0
EXP_CC2CE078,42,2271,37.85,1,835.646458,67.764802,80.0,60.0,0.0,0.0,True,straight,2000,2000,10,0.0,0.0,0.0,0.0,-1.027517,-5.807828,155.646458,-692.235198,False,False,False,0.0,False,0.0,False,0.0,False,0.0,0.0,False,linear,0.0,0.0,0.0,0.0,False,clear,1.0,0.0
EXP_CC2CE078,42,2272,37.866667,1,836.979791,68.764802,80.0,60.0,0.0,0.0,True,straight,2000,2000,10,0.0,0.0,0.0,0.0,-1.019183,-5.80164,156.979791,-691.235198,False,False,False,0.0,False,0.0,False,0.0,False,0.0,0.0,False,linear,0.0,0.0,0.0,0.0,False,clear,1.0,0.0
EXP_CC2CE078,42,2273,37.883333,1,838.313124,69.764802,80.0,60.0,0.0,0.0,True,straight,2000,2000,10,0.0,0.0,0.0,0.0,-1.010849,-5.795452,158.313124,-690.235198,False,False,False,0.0,False,0.0,False,0.0,False,0.0,0.0,False,linear,0.0,0.0,0.0,0.0,False,clear,1.0,0.0
EXP_CC2CE078,42,2274,37.9,1,839.646458,70.764802,80.0,60.0,0.0,0.0,True,straight,2000,2000,10,0.0,0.0,0.0,0.0,-1.002515,-5.789265,159.646458,-689.235198,False,False,False,0.0,False,0.0,False,0.0,False,0.0,0.0,False,linear,0.0,0.0,0.0,0.0,False,clear,1.0,0.0
EXP_CC2CE078,42,2275,37.916667,1,840.979791,71.764802,80.0,60.0,0.0,0.0,True,straight,2000,2000,10,0.0,0.0,0.0,0.0,-0.99418,-5.783077,160.979791,-688.235198,False,False,False,0.0,False,0.0,False,0.0,False,0.0,0.0,False,linear,0.0,0.0,0.0,0.0,False,clear,1.0,0.0
EXP_CC2CE078,42,2276,37.933333,1,842.313124,72.764802,80.0,60.0,0.0,0.0,True,straight,2000,2000,10,0.0,0.0,0.0,0.0,-0.985846,-5.776889,162.313124,-687.235198,False,False,False,0.0,False,0.0,False,0.0,False,0.0,0.0,False,linear,0.0,0.0,0.0,0.0,False,clear,1.0,0.0
EXP_CC2CE078,42,2277,37.95,1,843.646458,73.764802,80.0,60.0,0.0,0.0,True,straight,2000,2000,10,0.0,0.0,0.0,0.0,-0.977512,-5.770701,163.646458,-686.235198,False,False,False,0.0,False,0.0,False,0.0,False,0.0,0.0,False,linear,0.0,0.0,0.0,0.0,False,clear,1.0,0.0
EXP_CC2CE078,42,2278,37.966667,1,844.979791,74.764802,80.0,60.0,0.0,0.0,True,straight,2000,2000,10,0.0,0.0,0.0,0.0,-0.969178,-5.764512,164.979791,-685.235198,False,False,False,0.0,False,0.0,False,0.0,False,0.0,0.0,False,linear,0.0,0.0,0.0,0.0,False,clear,1.0,0.0
EXP_CC2CE078,42,2279,37.983333,1,846.313124,75.764802,80.0,60.0,0.0,0.0,True,straight,2000,2000,10,0.0,0.0,0.0,0.0,-0.960843,-5.758324,166.313124,-684.235198,False,False,False,0.0,False,0.0,False,0.0,False,0.0,0.0,False,linear,0.0,0.0,0.0,0.0,False,clear,1.0,0.0
EXP_CC2CE078,42,2280,38.0,1,847.646458,76.764802,80.0,60.0,0.0,0.0,True,straight,2000,2000,10,0.0,0.0,0.0,0.0,-0.952509,-5.752135,167.646458,-683.235198,False,False,False,0.0,False,0.0,False,0.0,False,0.0,0.0,False,linear,0.0,0.0,0.0,0.0,False,clear,1.0,0.0
EXP_CC2CE078,42,2281,38.016667,1,848.979791,77.764802,80.0,60.0,0.0,0.0,True,straight,2000,2000,10,0.0,0.0,0.0,0.0,-0.944174,-5.745947,168.979791,-682.235198,False,False,False,0.0,False,0.0,False,0.0,False,0.0,0.0,False,linear,0.0,0.0,0.0,0.0,False,clear,1.0,0.0
EXP_CC2CE078,42,2282,38.033333,1,850.313124,78.764802,80.0,60.0,0.0,0.0,True,straight,2000,2000,10,0.0,0.0,0.0,0.0,-0.93584,-5.739758,170.313124,-681.235198,False,False,False,0.0,False,0.0,False,0.0,False,0.0,0.0,False,linear,0.0,0.0,0.0,0.0,False,clear,1.0,0.0
EXP_CC2CE078,42,2283,38.05,1,851.646458,79.764802,80.0,60.0,0.0,0.0,True,straight,2000,2000,10,0.0,0.0,0.0,0.0,-0.927505,-5.733569,171.646458,-680.235198,False,False,False,0.0,False,0.0,False,0.0,False,0.0,0.0,False,linear,0.0,0.0,0.0,0.0,False,clear,1.0,0.0
EXP_CC2CE078,42,2284,38.066667,1,852.979791,80.764802,80.0,60.0,0.0,0.0,True,straight,2000,2000,10,0.0,0.0,0.0,0.0,-0.919171,-5.72738,172.979791,-679.235198,False,False,False,0.0,False,0.0,False,0.0,False,0.0,0.0,False,linear,0.0,0.0,0.0,0.0,False,clear,1.0,0.0
EXP_CC2CE078,42,2285,38.083333,1,854.313124,81.764802,80.0,60.0,0.0,0.0,True,straight,2000,2000,10,0.0,0.0,0.0,0.0,-0.910836,-5.721191,174.313124,-678.235198,False,False,False,0.0,False,0.0,False,0.0,False,0.0,0.0,False,linear,0.0,0.0,0.0,0.0,False,clear,1.0,0.0
EXP_CC2CE078,42,2286,38.1,1,855.646458,82.764802,80.0,60.0,0.0,0.0,True,straight,2000,2000,10,0.0,0.0,0.0,0.0,-0.902502,-5.715001,175.646458,-677.235198,False,False,False,0.0,False,0.0,False,0.0,False,0.0,0.0,False,linear,0.0,0.0,0.0,0.0,False,clear,1.0,0.0
EXP_CC2CE078,42,2287,38.116667,1,856.979791,83.764802,80.0,60.0,0.0,0.0,True,straight,2000,2000,10,0.0,0.0,0.0,0.0,-0.894167,-5.708812,176.979791,-676.235198,False,False,False,0.0,False,0.0,False,0.0,False,0.0,0.0,False,linear,0.0,0.0,0.0,0.0,False,clear,1.0,0.0
EXP_CC2CE078,42,2288,38.133333,1,858.313124,84.764802,80.0,60.0,0.0,0.0,True,straight,2000,2000,10,0.0,0.0,0.0,0.0,-0.885832,-5.702622,178.313124,-675.235198,False,False,False,0.0,False,0.0,False,0.0,False,0.0,0.0,False,linear,0.0,0.0,0.0,0.0,False,clear,1.0,0.0
EXP_CC2CE078,42,2289,38.15,1,859.646458,85.764802,80.0,60.0,0.0,0.0,True,straight,2000,2000,10,0.0,0.0,0.0,0.0,-0.877497,-5.696432,179.646458,-674.235198,False,False,False,0.0,False,0.0,False,0.0,False,0.0,0.0,False,linear,0.0,0.0,0.0,0.0,False,clear,1.0,0.0
EXP_CC2CE078,42,2290,38.166667,1,860.979791,86.764802,80.0,60.0,0.0,0.0,True,straight,2000,2000,10,0.0,0.0,0.0,0.0,-0.869163,-5.690242,180.979791,-673.235198,False,False,False,0.0,False,0.0,False,0.0,False,0.0,0.0,False,linear,0.0,0.0,0.0,0.0,False,clear,1.0,0.0
EXP_CC2CE078,42,2291,38.183333,1,862.313124,87.764802,80.0,60.0,0.0,0.0,True,straight,2000,2000,10,0.0,0.0,0.0,0.0,-0.860828,-5.684052,182.313124,-672.235198,False,False,False,0.0,False,0.0,False,0.0,False,0.0,0.0,False,linear,0.0,0.0,0.0,0.0,False,clear,1.0,0.0
EXP_CC2CE078,42,2292,38.2,1,863.646458,88.764802,80.0,60.0,0.0,0.0,True,straight,2000,2000,10,0.0,0.0,0.0,0.0,-0.852493,-5.677862,183.646458,-671.235198,False,False,False,0.0,False,0.0,False,0.0,False,0.0,0.0,False,linear,0.0,0.0,0.0,0.0,False,clear,1.0,0.0
EXP_CC2CE078,42,2293,38.216667,1,864.979791,89.764802,80.0,60.0,0.0,0.0,True,straight,2000,2000,10,0.0,0.0,0.0,0.0,-0.844158,-5.671672,184.979791,-670.235198,False,False,False,0.0,False,0.0,False,0.0,False,0.0,0.0,False,linear,0.0,0.0,0.0,0.0,False,clear,1.0,0.0
EXP_CC2CE078,42,2294,38.233333,1,866.313124,90.764802,80.0,60.0,0.0,0.0,True,straight,2000,2000,10,0.0,0.0,0.0,0.0,-0.835823,-5.665481,186.313124,-669.235198,False,False,False,0.0,False,0.0,False,0.0,False,0.0,0.0,False,linear,0.0,0.0,0.0,0.0,False,clear,1.0,0.0
EXP_CC2CE078,42,2295,38.25,1,867.646458,91.764802,80.0,60.0,0.0,0.0,True,straight,2000,2000,10,0.0,0.0,0.0,0.0,-0.827488,-5.659291,187.646458,-668.235198,False,False,False,0.0,False,0.0,False,0.0,False,0.0,0.0,False,linear,0.0,0.0,0.0,0.0,False,clear,1.0,0.0
EXP_CC2CE078,42,2296,38.266667,1,868.979791,92.764802,80.0,60.0,0.0,0.0,True,straight,2000,2000,10,0.0,0.0,0.0,0.0,-0.819153,-5.6531,188.979791,-667.235198,False,False,False,0.0,False,0.0,False,0.0,False,0.0,0.0,False,linear,0.0,0.0,0.0,0.0,False,clear,1.0,0.0
EXP_CC2CE078,42,2297,38.283333,1,870.313124,93.764802,80.0,60.0,0.0,0.0,True,straight,2000,2000,10,0.0,0.0,0.0,0.0,-0.810818,-5.646909,190.313124,-666.235198,False,False,False,0.0,False,0.0,False,0.0,False,0.0,0.0,False,linear,0.0,0.0,0.0,0.0,False,clear,1.0,0.0
EXP_CC2CE078,42,2298,38.3,1,871.646458,94.764802,80.0,60.0,0.0,0.0,True,straight,2000,2000,10,0.0,0.0,0.0,0.0,-0.802483,-5.640718,191.646458,-665.235198,False,False,False,0.0,False,0.0,False,0.0,False,0.0,0.0,False,linear,0.0,0.0,0.0,0.0,False,clear,1.0,0.0
EXP_CC2CE078,42,2299,38.316667,1,872.979791,95.764802,80.0,60.0,0.0,0.0,True,straight,2000,2000,10,0.0,0.0,0.0,0.0,-0.794148,-5.634527,192.979791,-664.235198,False,False,False,0.0,False,0.0,False,0.0,False,0.0,0.0,False,linear,0.0,0.0,0.0,0.0,False,clear,1.0,0.0
EXP_CC2CE078,42,2300,38.333333,1,874.313124,96.764802,80.0,60.0,0.0,0.0,True,straight,2000,2000,10,0.0,0.0,0.0,0.0,-0.785813,-5.628336,194.313124,-663.235198,False,False,False,0.0,False,0.0,False,0.0,False,0.0,0.0,False,linear,0.0,0.0,0.0,0.0,False,clear,1.0,0.0
EXP_CC2CE078,42,2301,38.35,1,875.646458,97.764802,80.0,60.0,0.0,0.0,True,straight,2000,2000,10,0.0,0.0,0.0,0.0,-0.777478,-5.622145,195.646458,-662.235198,False,False,False,0.0,False,0.0,False,0.0,False,0.0,0.0,False,linear,0.0,0.0,0.0,0.0,False,clear,1.0,0.0
EXP_CC2CE078,42,2302,38.366667,1,876.979791,98.764802,80.0,60.0,0.0,0.0,True,straight,2000,2000,10,0.0,0.0,0.0,0.0,-0.769143,-5.615953,196.979791,-661.235198,False,False,False,0.0,False,0.0,False,0.0,False,0.0,0.0,False,linear,0.0,0.0,0.0,0.0,False,clear,1.0,0.0
EXP_CC2CE078,42,2303,38.383333,1,878.313124,99.764802,80.0,60.0,0.0,0.0,True,straight,2000,2000,10,0.0,0.0,0.0,0.0,-0.760807,-5.609761,198.313124,-660.235198,False,False,False,0.0,False,0.0,False,0.0,False,0.0,0.0,False,linear,0.0,0.0,0.0,0.0,False,clear,1.0,0.0
EXP_CC2CE078,42,2304,38.4,1,879.646458,100.764802,80.0,60.0,0.0,0.0,True,straight,2000,2000,10,0.0,0.0,0.0,0.0,-0.752472,-5.60357,199.646458,-659.235198,False,False,False,0.0,False,0.0,False,0.0,False,0.0,0.0,False,linear,0.0,0.0,0.0,0.0,False,clear,1.0,0.0
EXP_CC2CE078,42,2305,38.416667,1,880.979791,101.764802,80.0,60.0,0.0,0.0,True,straight,2000,2000,10,0.0,0.0,0.0,0.0,-0.744137,-5.597378,200.979791,-658.235198,False,False,False,0.0,False,0.0,False,0.0,False,0.0,0.0,False,linear,0.0,0.0,0.0,0.0,False,clear,1.0,0.0
EXP_CC2CE078,42,2306,38.433333,1,882.313124,102.764802,80.0,60.0,0.0,0.0,True,straight,2000,2000,10,0.0,0.0,0.0,0.0,-0.735801,-5.591186,202.313124,-657.235198,False,False,False,0.0,False,0.0,False,0.0,False,0.0,0.0,False,linear,0.0,0.0,0.0,0.0,False,clear,1.0,0.0
EXP_CC2CE078,42,2307,38.45,1,883.646458,103.764802,80.0,60.0,0.0,0.0,True,straight,2000,2000,10,0.0,0.0,0.0,0.0,-0.727466,-5.584994,203.646458,-656.235198,False,False,False,0.0,False,0.0,False,0.0,False,0.0,0.0,False,linear,0.0,0.0,0.0,0.0,False,clear,1.0,0.0
EXP_CC2CE078,42,2308,38.466667,1,884.979791,104.764802,80.0,60.0,0.0,0.0,True,straight,2000,2000,10,0.0,0.0,0.0,0.0,-0.719131,-5.578801,204.979791,-655.235198,False,False,False,0.0,False,0.0,False,0.0,False,0.0,0.0,False,linear,0.0,0.0,0.0,0.0,False,clear,1.0,0.0
EXP_CC2CE078,42,2309,38.483333,1,886.313124,105.764802,80.0,60.0,0.0,0.0,True,straight,2000,2000,10,0.0,0.0,0.0,0.0,-0.710795,-5.572609,206.313124,-654.235198,False,False,False,0.0,False,0.0,False,0.0,False,0.0,0.0,False,linear,0.0,0.0,0.0,0.0,False,clear,1.0,0.0
EXP_CC2CE078,42,2310,38.5,1,887.646458,106.764802,80.0,60.0,0.0,0.0,True,straight,2000,2000,10,0.0,0.0,0.0,0.0,-0.70246,-5.566416,207.646458,-653.235198,False,False,False,0.0,False,0.0,False,0.0,False,0.0,0.0,False,linear,0.0,0.0,0.0,0.0,False,clear,1.0,0.0
EXP_CC2CE078,42,2311,38.516667,1,888.979791,107.764802,80.0,60.0,0.0,0.0,True,straight,2000,2000,10,0.0,0.0,0.0,0.0,-0.694124,-5.560224,208.979791,-652.235198,False,False,False,0.0,False,0.0,False,0.0,False,0.0,0.0,False,linear,0.0,0.0,0.0,0.0,False,clear,1.0,0.0
EXP_CC2CE078,42,2312,38.533333,1,890.313124,108.764802,80.0,60.0,0.0,0.0,True,straight,2000,2000,10,0.0,0.0,0.0,0.0,-0.685789,-5.554031,210.313124,-651.235198,False,False,False,0.0,False,0.0,False,0.0,False,0.0,0.0,False,linear,0.0,0.0,0.0,0.0,False,clear,1.0,0.0
EXP_CC2CE078,42,2313,38.55,1,891.646458,109.764802,80.0,60.0,0.0,0.0,True,straight,2000,2000,10,0.0,0.0,0.0,0.0,-0.677453,-5.547838,211.646458,-650.235198,False,False,False,0.0,False,0.0,False,0.0,False,0.0,0.0,False,linear,0.0,0.0,0.0,0.0,False,clear,1.0,0.0
EXP_CC2CE078,42,2314,38.566667,1,892.979791,110.764802,80.0,60.0,0.0,0.0,True,straight,2000,2000,10,0.0,0.0,0.0,0.0,-0.669118,-5.541645,212.979791,-649.235198,False,False,False,0.0,False,0.0,False,0.0,False,0.0,0.0,False,linear,0.0,0.0,0.0,0.0,False,clear,1.0,0.0
EXP_CC2CE078,42,2315,38.583333,1,894.313124,111.764802,80.0,60.0,0.0,0.0,True,straight,2000,2000,10,0.0,0.0,0.0,0.0,-0.660782,-5.535452,214.313124,-648.235198,False,False,False,0.0,False,0.0,False,0.0,False,0.0,0.0,False,linear,0.0,0.0,0.0,0.0,False,clear,1.0,0.0
EXP_CC2CE078,42,2316,38.6,1,895.646458,112.764802,80.0,60.0,0.0,0.0,True,straight,2000,2000,10,0.0,0.0,0.0,0.0,-0.652446,-5.529258,215.646458,-647.235198,False,False,False,0.0,False,0.0,False,0.0,False,0.0,0.0,False,linear,0.0,0.0,0.0,0.0,False,clear,1.0,0.0
EXP_CC2CE078,42,2317,38.616667,1,896.979791,113.764802,80.0,60.0,0.0,0.0,True,straight,2000,2000,10,0.0,0.0,0.0,0.0,-0.644111,-5.523065,216.979791,-646.235198,False,False,False,0.0,False,0.0,False,0.0,False,0.0,0.0,False,linear,0.0,0.0,0.0,0.0,False,clear,1.0,0.0
EXP_CC2CE078,42,2318,38.633333,1,898.313124,114.764802,80.0,60.0,0.0,0.0,True,straight,2000,2000,10,0.0,0.0,0.0,0.0,-0.635775,-5.516871,218.313124,-645.235198,False,False,False,0.0,False,0.0,False,0.0,False,0.0,0.0,False,linear,0.0,0.0,0.0,0.0,False,clear,1.0,0.0
EXP_CC2CE078,42,2319,38.65,1,899.646458,115.764802,80.0,60.0,0.0,0.0,True,straight,2000,2000,10,0.0,0.0,0.0,0.0,-0.627439,-5.510678,219.646458,-644.235198,False,False,False,0.0,False,0.0,False,0.0,False,0.0,0.0,False,linear,0.0,0.0,0.0,0.0,False,clear,1.0,0.0
EXP_CC2CE078,42,2320,38.666667,1,900.979791,116.764802,80.0,60.0,0.0,0.0,True,straight,2000,2000,10,0.0,0.0,0.0,0.0,-0.619104,-5.504484,220.979791,-643.235198,False,False,False,0.0,False,0.0,False,0.0,False,0.0,0.0,False,linear,0.0,0.0,0.0,0.0,False,clear,1.0,0.0
EXP_CC2CE078,42,2321,38.683333,1,902.313124,117.764802,80.0,60.0,0.0,0.0,True,straight,2000,2000,10,0.0,0.0,0.0,0.0,-0.610768,-5.49829,222.313124,-642.235198,False,False,False,0.0,False,0.0,False,0.0,False,0.0,0.0,False,linear,0.0,0.0,0.0,0.0,False,clear,1.0,0.0
EXP_CC2CE078,42,2322,38.7,1,903.646458,118.764802,80.0,60.0,0.0,0.0,True,straight,2000,2000,10,0.0,0.0,0.0,0.0,-0.602432,-5.492096,223.646458,-641.235198,False,False,False,0.0,False,0.0,False,0.0,False,0.0,0.0,False,linear,0.0,0.0,0.0,0.0,False,clear,1.0,0.0
EXP_CC2CE078,42,2323,38.716667,1,904.979791,119.764802,80.0,60.0,0.0,0.0,True,straight,2000,2000,10,0.0,0.0,0.0,0.0,-0.594096,-5.485902,224.979791,-640.235198,False,False,False,0.0,False,0.0,False,0.0,False,0.0,0.0,False,linear,0.0,0.0,0.0,0.0,False,clear,1.0,0.0
EXP_CC2CE078,42,2324,38.733333,1,906.313124,120.764802,80.0,60.0,0.0,0.0,True,straight,2000,2000,10,0.0,0.0,0.0,0.0,-0.585761,-5.479707,226.313124,-639.235198,False,False,False,0.0,False,0.0,False,0.0,False,0.0,0.0,False,linear,0.0,0.0,0.0,0.0,False,clear,1.0,0.0
EXP_CC2CE078,42,2325,38.75,1,907.646458,121.764802,80.0,60.0,0.0,0.0,True,straight,2000,2000,10,0.0,0.0,0.0,0.0,-0.577425,-5.473513,227.646458,-638.235198,False,False,False,0.0,False,0.0,False,0.0,False,0.0,0.0,False,linear,0.0,0.0,0.0,0.0,False,clear,1.0,0.0
EXP_CC2CE078,42,2326,38.766667,1,908.979791,122.764802,80.0,60.0,0.0,0.0,True,straight,2000,2000,10,0.0,0.0,0.0,0.0,-0.569089,-5.467318,228.979791,-637.235198,False,False,False,0.0,False,0.0,False,0.0,False,0.0,0.0,False,linear,0.0,0.0,0.0,0.0,False,clear,1.0,0.0
EXP_CC2CE078,42,2327,38.783333,1,910.313124,123.764802,80.0,60.0,0.0,0.0,True,straight,2000,2000,10,0.0,0.0,0.0,0.0,-0.560753,-5.461123,230.313124,-636.235198,False,False,False,0.0,False,0.0,False,0.0,False,0.0,0.0,False,linear,0.0,0.0,0.0,0.0,False,clear,1.0,0.0
EXP_CC2CE078,42,2328,38.8,1,911.646458,124.764802,80.0,60.0,0.0,0.0,True,straight,2000,2000,10,0.0,0.0,0.0,0.0,-0.552417,-5.454928,231.646458,-635.235198,False,False,False,0.0,False,0.0,False,0.0,False,0.0,0.0,False,linear,0.0,0.0,0.0,0.0,False,clear,1.0,0.0
EXP_CC2CE078,42,2329,38.816667,1,912.979791,125.764802,80.0,60.0,0.0,0.0,True,straight,2000,2000,10,0.0,0.0,0.0,0.0,-0.544081,-5.448733,232.979791,-634.235198,False,False,False,0.0,False,0.0,False,0.0,False,0.0,0.0,False,linear,0.0,0.0,0.0,0.0,False,clear,1.0,0.0
EXP_CC2CE078,42,2330,38.833333,1,914.313124,126.764802,80.0,60.0,0.0,0.0,True,straight,2000,2000,10,0.0,0.0,0.0,0.0,-0.535745,-5.442538,234.313124,-633.235198,False,False,False,0.0,False,0.0,False,0.0,False,0.0,0.0,False,linear,0.0,0.0,0.0,0.0,False,clear,1.0,0.0
EXP_CC2CE078,42,2331,38.85,1,915.646458,127.764802,80.0,60.0,0.0,0.0,True,straight,2000,2000,10,0.0,0.0,0.0,0.0,-0.527409,-5.436343,235.646458,-632.235198,False,False,False,0.0,False,0.0,False,0.0,False,0.0,0.0,False,linear,0.0,0.0,0.0,0.0,False,clear,1.0,0.0
EXP_CC2CE078,42,2332,38.866667,1,916.979791,128.764802,80.0,60.0,0.0,0.0,True,straight,2000,2000,10,0.0,0.0,0.0,0.0,-0.519073,-5.430148,236.979791,-631.235198,False,False,False,0.0,False,0.0,False,0.0,False,0.0,0.0,False,linear,0.0,0.0,0.0,0.0,False,clear,1.0,0.0
EXP_CC2CE078,42,2333,38.883333,1,918.313124,129.764802,80.0,60.0,0.0,0.0,True,straight,2000,2000,10,0.0,0.0,0.0,0.0,-0.510737,-5.423952,238.313124,-630.235198,False,False,False,0.0,False,0.0,False,0.0,False,0.0,0.0,False,linear,0.0,0.0,0.0,0.0,False,clear,1.0,0.0
EXP_CC2CE078,42,2334,38.9,1,919.646458,130.764802,80.0,60.0,0.0,0.0,True,straight,2000,2000,10,0.0,0.0,0.0,0.0,-0.502401,-5.417757,239.646458,-629.235198,False,False,False,0.0,False,0.0,False,0.0,False,0.0,0.0,False,linear,0.0,0.0,0.0,0.0,False,clear,1.0,0.0
EXP_CC2CE078,42,2335,38.916667,1,920.979791,131.764802,80.0,60.0,0.0,0.0,True,straight,2000,2000,10,0.0,0.0,0.0,0.0,-0.494065,-5.411561,240.979791,-628.235198,False,False,False,0.0,False,0.0,False,0.0,False,0.0,0.0,False,linear,0.0,0.0,0.0,0.0,False,clear,1.0,0.0
EXP_CC2CE078,42,2336,38.933333,1,922.313124,132.764802,80.0,60.0,0.0,0.0,True,straight,2000,2000,10,0.0,0.0,0.0,0.0,-0.485729,-5.405365,242.313124,-627.235198,False,False,False,0.0,False,0.0,False,0.0,False,0.0,0.0,False,linear,0.0,0.0,0.0,0.0,False,clear,1.0,0.0
EXP_CC2CE078,42,2337,38.95,1,923.646458,133.764802,80.0,60.0,0.0,0.0,True,straight,2000,2000,10,0.0,0.0,0.0,0.0,-0.477393,-5.399169,243.646458,-626.235198,False,False,False,0.0,False,0.0,False,0.0,False,0.0,0.0,False,linear,0.0,0.0,0.0,0.0,False,clear,1.0,0.0
EXP_CC2CE078,42,2338,38.966667,1,924.979791,134.764802,80.0,60.0,0.0,0.0,True,straight,2000,2000,10,0.0,0.0,0.0,0.0,-0.469056,-5.392973,244.979791,-625.235198,False,False,False,0.0,False,0.0,False,0.0,False,0.0,0.0,False,linear,0.0,0.0,0.0,0.0,False,clear,1.0,0.0
EXP_CC2CE078,42,2339,38.983333,1,926.313124,135.764802,80.0,60.0,0.0,0.0,True,straight,2000,2000,10,0.0,0.0,0.0,0.0,-0.46072,-5.386776,246.313124,-624.235198,False,False,False,0.0,False,0.0,False,0.0,False,0.0,0.0,False,linear,0.0,0.0,0.0,0.0,False,clear,1.0,0.0
EXP_CC2CE078,42,2340,39.0,1,927.646458,136.764802,80.0,60.0,0.0,0.0,True,straight,2000,2000,10,0.0,0.0,0.0,0.0,-0.452384,-5.38058,247.646458,-623.235198,False,False,False,0.0,False,0.0,False,0.0,False,0.0,0.0,False,linear,0.0,0.0,0.0,0.0,False,clear,1.0,0.0
EXP_CC2CE078,42,2341,39.016667,1,928.979791,137.764802,80.0,60.0,0.0,0.0,True,straight,2000,2000,10,0.0,0.0,0.0,0.0,-0.444048,-5.374384,248.979791,-622.235198,False,False,False,0.0,False,0.0,False,0.0,False,0.0,0.0,False,linear,0.0,0.0,0.0,0.0,False,clear,1.0,0.0
EXP_CC2CE078,42,2342,39.033333,1,930.313124,138.764802,80.0,60.0,0.0,0.0,True,straight,2000,2000,10,0.0,0.0,0.0,0.0,-0.435712,-5.368187,250.313124,-621.235198,False,False,False,0.0,False,0.0,False,0.0,False,0.0,0.0,False,linear,0.0,0.0,0.0,0.0,False,clear,1.0,0.0
EXP_CC2CE078,42,2343,39.05,1,931.646458,139.764802,80.0,60.0,0.0,0.0,True,straight,2000,2000,10,0.0,0.0,0.0,0.0,-0.427375,-5.36199,251.646458,-620.235198,False,False,False,0.0,False,0.0,False,0.0,False,0.0,0.0,False,linear,0.0,0.0,0.0,0.0,False,clear,1.0,0.0
EXP_CC2CE078,42,2344,39.066667,1,932.979791,140.764802,80.0,60.0,0.0,0.0,True,straight,2000,2000,10,0.0,0.0,0.0,0.0,-0.419039,-5.355793,252.979791,-619.235198,False,False,False,0.0,False,0.0,False,0.0,False,0.0,0.0,False,linear,0.0,0.0,0.0,0.0,False,clear,1.0,0.0
EXP_CC2CE078,42,2345,39.083333,1,934.313124,141.764802,80.0,60.0,0.0,0.0,True,straight,2000,2000,10,0.0,0.0,0.0,0.0,-0.410703,-5.349596,254.313124,-618.235198,False,False,False,0.0,False,0.0,False,0.0,False,0.0,0.0,False,linear,0.0,0.0,0.0,0.0,False,clear,1.0,0.0
EXP_CC2CE078,42,2346,39.1,1,935.646458,142.764802,80.0,60.0,0.0,0.0,True,straight,2000,2000,10,0.0,0.0,0.0,0.0,-0.402366,-5.343399,255.646458,-617.235198,False,False,False,0.0,False,0.0,False,0.0,False,0.0,0.0,False,linear,0.0,0.0,0.0,0.0,False,clear,1.0,0.0
EXP_CC2CE078,42,2347,39.116667,1,936.979791,143.764802,80.0,60.0,0.0,0.0,True,straight,2000,2000,10,0.0,0.0,0.0,0.0,-0.39403,-5.337202,256.979791,-616.235198,False,False,False,0.0,False,0.0,False,0.0,False,0.0,0.0,False,linear,0.0,0.0,0.0,0.0,False,clear,1.0,0.0
EXP_CC2CE078,42,2348,39.133333,1,938.313124,144.764802,80.0,60.0,0.0,0.0,True,straight,2000,2000,10,0.0,0.0,0.0,0.0,-0.385694,-5.331004,258.313124,-615.235198,False,False,False,0.0,False,0.0,False,0.0,False,0.0,0.0,False,linear,0.0,0.0,0.0,0.0,False,clear,1.0,0.0
EXP_CC2CE078,42,2349,39.15,1,939.646458,145.764802,80.0,60.0,0.0,0.0,True,straight,2000,2000,10,0.0,0.0,0.0,0.0,-0.377357,-5.324807,259.646458,-614.235198,False,False,False,0.0,False,0.0,False,0.0,False,0.0,0.0,False,linear,0.0,0.0,0.0,0.0,False,clear,1.0,0.0
EXP_CC2CE078,42,2350,39.166667,1,940.979791,146.764802,80.0,60.0,0.0,0.0,True,straight,2000,2000,10,0.0,0.0,0.0,0.0,-0.369021,-5.318609,260.979791,-613.235198,False,False,False,0.0,False,0.0,False,0.0,False,0.0,0.0,False,linear,0.0,0.0,0.0,0.0,False,clear,1.0,0.0
EXP_CC2CE078,42,2351,39.183333,1,942.313124,147.764802,80.0,60.0,0.0,0.0,True,straight,2000,2000,10,0.0,0.0,0.0,0.0,-0.360685,-5.312411,262.313124,-612.235198,False,False,False,0.0,False,0.0,False,0.0,False,0.0,0.0,False,linear,0.0,0.0,0.0,0.0,False,clear,1.0,0.0
EXP_CC2CE078,42,2352,39.2,1,943.646458,148.764802,80.0,60.0,0.0,0.0,True,straight,2000,2000,10,0.0,0.0,0.0,0.0,-0.352348,-5.306213,263.646458,-611.235198,False,False,False,0.0,False,0.0,False,0.0,False,0.0,0.0,False,linear,0.0,0.0,0.0,0.0,False,clear,1.0,0.0
EXP_CC2CE078,42,2353,39.216667,1,944.979791,149.764802,80.0,60.0,0.0,0.0,True,straight,2000,2000,10,0.0,0.0,0.0,0.0,-0.344012,-5.300015,264.979791,-610.235198,False,False,False,0.0,False,0.0,False,0.0,False,0.0,0.0,False,linear,0.0,0.0,0.0,0.0,False,clear,1.0,0.0
EXP_CC2CE078,42,2354,39.233333,1,946.313124,150.764802,80.0,60.0,0.0,0.0,True,straight,2000,2000,10,0.0,0.0,0.0,0.0,-0.335675,-5.293817,266.313124,-609.235198,False,False,False,0.0,False,0.0,False,0.0,False,0.0,0.0,False,linear,0.0,0.0,0.0,0.0,False,clear,1.0,0.0
EXP_CC2CE078,42,2355,39.25,1,947.646458,151.764802,80.0,60.0,0.0,0.0,True,straight,2000,2000,10,0.0,0.0,0.0,0.0,-0.327339,-5.287619,267.646458,-608.235198,False,False,False,0.0,False,0.0,False,0.0,False,0.0,0.0,False,linear,0.0,0.0,0.0,0.0,False,clear,1.0,0.0
EXP_CC2CE078,42,2356,39.266667,1,948.979791,152.764802,80.0,60.0,0.0,0.0,True,straight,2000,2000,10,0.0,0.0,0.0,0.0,-0.319003,-5.281421,268.979791,-607.235198,False,False,False,0.0,False,0.0,False,0.0,False,0.0,0.0,False,linear,0.0,0.0,0.0,0.0,False,clear,1.0,0.0
EXP_CC2CE078,42,2357,39.283333,1,950.313124,153.764802,80.0,60.0,0.0,0.0,True,straight,2000,2000,10,0.0,0.0,0.0,0.0,-0.310666,-5.275222,270.313124,-606.235198,False,False,False,0.0,False,0.0,False,0.0,False,0.0,0.0,False,linear,0.0,0.0,0.0,0.0,False,clear,1.0,0.0
EXP_CC2CE078,42,2358,39.3,1,951.646458,154.764802,80.0,60.0,0.0,0.0,True,straight,2000,2000,10,0.0,0.0,0.0,0.0,-0.30233,-5.269023,271.646458,-605.235198,False,False,False,0.0,False,0.0,False,0.0,False,0.0,0.0,False,linear,0.0,0.0,0.0,0.0,False,clear,1.0,0.0
EXP_CC2CE078,42,2359,39.316667,1,952.979791,155.764802,80.0,60.0,0.0,0.0,True,straight,2000,2000,10,0.0,0.0,0.0,0.0,-0.293993,-5.262825,272.979791,-604.235198,False,False,False,0.0,False,0.0,False,0.0,False,0.0,0.0,False,linear,0.0,0.0,0.0,0.0,False,clear,1.0,0.0
EXP_CC2CE078,42,2360,39.333333,1,954.313124,156.764802,80.0,60.0,0.0,0.0,True,straight,2000,2000,10,0.0,0.0,0.0,0.0,-0.285657,-5.256626,274.313124,-603.235198,False,False,False,0.0,False,0.0,False,0.0,False,0.0,0.0,False,linear,0.0,0.0,0.0,0.0,False,clear,1.0,0.0
EXP_CC2CE078,42,2361,39.35,1,955.646458,157.764802,80.0,60.0,0.0,0.0,True,straight,2000,2000,10,0.0,0.0,0.0,0.0,-0.27732,-5.250427,275.646458,-602.235198,False,False,False,0.0,False,0.0,False,0.0,False,0.0,0.0,False,linear,0.0,0.0,0.0,0.0,False,clear,1.0,0.0
EXP_CC2CE078,42,2362,39.366667,1,956.979791,158.764802,80.0,60.0,0.0,0.0,True,straight,2000,2000,10,0.0,0.0,0.0,0.0,-0.268984,-5.244228,276.979791,-601.235198,False,False,False,0.0,False,0.0,False,0.0,False,0.0,0.0,False,linear,0.0,0.0,0.0,0.0,False,clear,1.0,0.0
EXP_CC2CE078,42,2363,39.383333,1,958.313124,159.764802,80.0,60.0,0.0,0.0,True,straight,2000,2000,10,0.0,0.0,0.0,0.0,-0.260647,-5.238028,278.313124,-600.235198,False,False,False,0.0,False,0.0,False,0.0,False,0.0,0.0,False,linear,0.0,0.0,0.0,0.0,False,clear,1.0,0.0
EXP_CC2CE078,42,2364,39.4,1,959.646458,160.764802,80.0,60.0,0.0,0.0,True,straight,2000,2000,10,0.0,0.0,0.0,0.0,-0.25231,-5.231829,279.646458,-599.235198,False,False,False,0.0,False,0.0,False,0.0,False,0.0,0.0,False,linear,0.0,0.0,0.0,0.0,False,clear,1.0,0.0
EXP_CC2CE078,42,2365,39.416667,1,960.979791,161.764802,80.0,60.0,0.0,0.0,True,straight,2000,2000,10,0.0,0.0,0.0,0.0,-0.243974,-5.225629,280.979791,-598.235198,False,False,False,0.0,False,0.0,False,0.0,False,0.0,0.0,False,linear,0.0,0.0,0.0,0.0,False,clear,1.0,0.0
EXP_CC2CE078,42,2366,39.433333,1,962.313124,162.764802,80.0,60.0,0.0,0.0,True,straight,2000,2000,10,0.0,0.0,0.0,0.0,-0.235637,-5.21943,282.313124,-597.235198,False,False,False,0.0,False,0.0,False,0.0,False,0.0,0.0,False,linear,0.0,0.0,0.0,0.0,False,clear,1.0,0.0
EXP_CC2CE078,42,2367,39.45,1,963.646458,163.764802,80.0,60.0,0.0,0.0,True,straight,2000,2000,10,0.0,0.0,0.0,0.0,-0.227301,-5.21323,283.646458,-596.235198,False,False,False,0.0,False,0.0,False,0.0,False,0.0,0.0,False,linear,0.0,0.0,0.0,0.0,False,clear,1.0,0.0
EXP_CC2CE078,42,2368,39.466667,1,964.979791,164.764802,80.0,60.0,0.0,0.0,True,straight,2000,2000,10,0.0,0.0,0.0,0.0,-0.218964,-5.20703,284.979791,-595.235198,False,False,False,0.0,False,0.0,False,0.0,False,0.0,0.0,False,linear,0.0,0.0,0.0,0.0,False,clear,1.0,0.0
EXP_CC2CE078,42,2369,39.483333,1,966.313124,165.764802,80.0,60.0,0.0,0.0,True,straight,2000,2000,10,0.0,0.0,0.0,0.0,-0.210628,-5.20083,286.313124,-594.235198,False,False,False,0.0,False,0.0,False,0.0,False,0.0,0.0,False,linear,0.0,0.0,0.0,0.0,False,clear,1.0,0.0
EXP_CC2CE078,42,2370,39.5,1,967.646458,166.764802,80.0,60.0,0.0,0.0,True,straight,2000,2000,10,0.0,0.0,0.0,0.0,-0.202291,-5.19463,287.646458,-593.235198,False,False,False,0.0,False,0.0,False,0.0,False,0.0,0.0,False,linear,0.0,0.0,0.0,0.0,False,clear,1.0,0.0
EXP_CC2CE078,42,2371,39.516667,1,968.979791,167.764802,80.0,60.0,0.0,0.0,True,straight,2000,2000,10,0.0,0.0,0.0,0.0,-0.193954,-5.18843,288.979791,-592.235198,False,False,False,0.0,False,0.0,False,0.0,False,0.0,0.0,False,linear,0.0,0.0,0.0,0.0,False,clear,1.0,0.0
EXP_CC2CE078,42,2372,39.533333,1,970.313124,168.764802,80.0,60.0,0.0,0.0,True,straight,2000,2000,10,0.0,0.0,0.0,0.0,-0.185618,-5.182229,290.313124,-591.235198,False,False,False,0.0,False,0.0,False,0.0,False,0.0,0.0,False,linear,0.0,0.0,0.0,0.0,False,clear,1.0,0.0
EXP_CC2CE078,42,2373,39.55,1,971.646458,169.764802,80.0,60.0,0.0,0.0,True,straight,2000,2000,10,0.0,0.0,0.0,0.0,-0.177281,-5.176029,291.646458,-590.235198,False,False,False,0.0,False,0.0,False,0.0,False,0.0,0.0,False,linear,0.0,0.0,0.0,0.0,False,clear,1.0,0.0
EXP_CC2CE078,42,2374,39.566667,1,972.979791,170.764802,80.0,60.0,0.0,0.0,True,straight,2000,2000,10,0.0,0.0,0.0,0.0,-0.168944,-5.169828,292.979791,-589.235198,False,False,False,0.0,False,0.0,False,0.0,False,0.0,0.0,False,linear,0.0,0.0,0.0,0.0,False,clear,1.0,0.0
EXP_CC2CE078,42,2375,39.583333,1,974.313124,171.764802,80.0,60.0,0.0,0.0,True,straight,2000,2000,10,0.0,0.0,0.0,0.0,-0.160608,-5.163628,294.313124,-588.235198,False,False,False,0.0,False,0.0,False,0.0,False,0.0,0.0,False,linear,0.0,0.0,0.0,0.0,False,clear,1.0,0.0
EXP_CC2CE078,42,2376,39.6,1,975.646458,172.764802,80.0,60.0,0.0,0.0,True,straight,2000,2000,10,0.0,0.0,0.0,0.0,-0.152271,-5.157427,295.646458,-587.235198,False,False,False,0.0,False,0.0,False,0.0,False,0.0,0.0,False,linear,0.0,0.0,0.0,0.0,False,clear,1.0,0.0
EXP_CC2CE078,42,2377,39.616667,1,976.979791,173.764802,80.0,60.0,0.0,0.0,True,straight,2000,2000,10,0.0,0.0,0.0,0.0,-0.143934,-5.151226,296.979791,-586.235198,False,False,False,0.0,False,0.0,False,0.0,False,0.0,0.0,False,linear,0.0,0.0,0.0,0.0,False,clear,1.0,0.0
EXP_CC2CE078,42,2378,39.633333,1,978.313124,174.764802,80.0,60.0,0.0,0.0,True,straight,2000,2000,10,0.0,0.0,0.0,0.0,-0.135598,-5.145025,298.313124,-585.235198,False,False,False,0.0,False,0.0,False,0.0,False,0.0,0.0,False,linear,0.0,0.0,0.0,0.0,False,clear,1.0,0.0
EXP_CC2CE078,42,2379,39.65,1,979.646458,175.764802,80.0,60.0,0.0,0.0,True,straight,2000,2000,10,0.0,0.0,0.0,0.0,-0.127261,-5.138824,299.646458,-584.235198,False,False,False,0.0,False,0.0,False,0.0,False,0.0,0.0,False,linear,0.0,0.0,0.0,0.0,False,clear,1.0,0.0
EXP_CC2CE078,42,2380,39.666667,1,980.979791,176.764802,80.0,60.0,0.0,0.0,True,straight,2000,2000,10,0.0,0.0,0.0,0.0,-0.118924,-5.132622,300.979791,-583.235198,False,False,False,0.0,False,0.0,False,0.0,False,0.0,0.0,False,linear,0.0,0.0,0.0,0.0,False,clear,1.0,0.0
EXP_CC2CE078,42,2381,39.683333,1,982.313124,177.764802,80.0,60.0,0.0,0.0,True,straight,2000,2000,10,0.0,0.0,0.0,0.0,-0.110588,-5.126421,302.313124,-582.235198,False,False,False,0.0,False,0.0,False,0.0,False,0.0,0.0,False,linear,0.0,0.0,0.0,0.0,False,clear,1.0,0.0
EXP_CC2CE078,42,2382,39.7,1,983.646458,178.764802,80.0,60.0,0.0,0.0,True,straight,2000,2000,10,0.0,0.0,0.0,0.0,-0.102251,-5.120219,303.646458,-581.235198,False,False,False,0.0,False,0.0,False,0.0,False,0.0,0.0,False,linear,0.0,0.0,0.0,0.0,False,clear,1.0,0.0
EXP_CC2CE078,42,2383,39.716667,1,984.979791,179.764802,80.0,60.0,0.0,0.0,True,straight,2000,2000,10,0.0,0.0,0.0,0.0,-0.093914,-5.114017,304.979791,-580.235198,False,False,False,0.0,False,0.0,False,0.0,False,0.0,0.0,False,linear,0.0,0.0,0.0,0.0,False,clear,1.0,0.0
EXP_CC2CE078,42,2384,39.733333,1,986.313124,180.764802,80.0,60.0,0.0,0.0,True,straight,2000,2000,10,0.0,0.0,0.0,0.0,-0.085578,-5.107816,306.313124,-579.235198,False,False,False,0.0,False,0.0,False,0.0,False,0.0,0.0,False,linear,0.0,0.0,0.0,0.0,False,clear,1.0,0.0
EXP_CC2CE078,42,2385,39.75,1,987.646458,181.764802,80.0,60.0,0.0,0.0,True,straight,2000,2000,10,0.0,0.0,0.0,0.0,-0.077241,-5.101614,307.646458,-578.235198,False,False,False,0.0,False,0.0,False,0.0,False,0.0,0.0,False,linear,0.0,0.0,0.0,0.0,False,clear,1.0,0.0
EXP_CC2CE078,42,2386,39.766667,1,988.979791,182.764802,80.0,60.0,0.0,0.0,True,straight,2000,2000,10,0.0,0.0,0.0,0.0,-0.068904,-5.095412,308.979791,-577.235198,False,False,False,0.0,False,0.0,False,0.0,False,0.0,0.0,False,linear,0.0,0.0,0.0,0.0,False,clear,1.0,0.0
EXP_CC2CE078,42,2387,39.783333,1,990.313124,183.764802,80.0,60.0,0.0,0.0,True,straight,2000,2000,10,0.0,0.0,0.0,0.0,-0.060568,-5.089209,310.313124,-576.235198,False,False,False,0.0,False,0.0,False,0.0,False,0.0,0.0,False,linear,0.0,0.0,0.0,0.0,False,clear,1.0,0.0
EXP_CC2CE078,42,2388,39.8,1,991.646458,184.764802,80.0,60.0,0.0,0.0,True,straight,2000,2000,10,0.0,0.0,0.0,0.0,-0.052231,-5.083007,311.646458,-575.235198,False,False,False,0.0,False,0.0,False,0.0,False,0.0,0.0,False,linear,0.0,0.0,0.0,0.0,False,clear,1.0,0.0
EXP_CC2CE078,42,2389,39.816667,1,992.979791,185.764802,80.0,60.0,0.0,0.0,True,straight,2000,2000,10,0.0,0.0,0.0,0.0,-0.043894,-5.076805,312.979791,-574.235198,False,False,False,0.0,False,0.0,False,0.0,False,0.0,0.0,False,linear,0.0,0.0,0.0,0.0,False,clear,1.0,0.0
EXP_CC2CE078,42,2390,39.833333,1,994.313124,186.764802,80.0,60.0,0.0,0.0,True,straight,2000,2000,10,0.0,0.0,0.0,0.0,-0.035557,-5.070602,314.313124,-573.235198,False,False,False,0.0,False,0.0,False,0.0,False,0.0,0.0,False,linear,0.0,0.0,0.0,0.0,False,clear,1.0,0.0
EXP_CC2CE078,42,2391,39.85,1,995.646458,187.764802,80.0,60.0,0.0,0.0,True,straight,2000,2000,10,0.0,0.0,0.0,0.0,-0.027221,-5.0644,315.646458,-572.235198,False,False,False,0.0,False,0.0,False,0.0,False,0.0,0.0,False,linear,0.0,0.0,0.0,0.0,False,clear,1.0,0.0
EXP_CC2CE078,42,2392,39.866667,1,996.979791,188.764802,80.0,60.0,0.0,0.0,True,straight,2000,2000,10,0.0,0.0,0.0,0.0,-0.018884,-5.058197,316.979791,-571.235198,False,False,False,0.0,False,0.0,False,0.0,False,0.0,0.0,False,linear,0.0,0.0,0.0,0.0,False,clear,1.0,0.0
EXP_CC2CE078,42,2393,39.883333,1,998.313124,189.764802,80.0,60.0,0.0,0.0,True,straight,2000,2000,10,0.0,0.0,0.0,0.0,-0.010547,-5.051994,318.313124,-570.235198,False,False,False,0.0,False,0.0,False,0.0,False,0.0,0.0,False,linear,0.0,0.0,0.0,0.0,False,clear,1.0,0.0
EXP_CC2CE078,42,2394,39.9,1,999.646458,190.764802,80.0,60.0,0.0,0.0,True,straight,2000,2000,10,0.0,0.0,0.0,0.0,-0.002211,-5.045791,319.646458,-569.235198,False,False,False,0.0,False,0.0,False,0.0,False,0.0,0.0,False,linear,0.0,0.0,0.0,0.0,False,clear,1.0,0.0
EXP_CC2CE078,42,2395,39.916667,1,1000.979791,191.764802,80.0,60.0,0.0,0.0,True,straight,2000,2000,10,0.0,0.0,0.0,0.0,0.006126,-5.039588,320.979791,-568.235198,False,False,False,0.0,False,0.0,False,0.0,False,0.0,0.0,False,linear,0.0,0.0,0.0,0.0,False,clear,1.0,0.0
EXP_CC2CE078,42,2396,39.933333,1,1002.313124,192.764802,80.0,60.0,0.0,0.0,True,straight,2000,2000,10,0.0,0.0,0.0,0.0,0.014463,-5.033385,322.313124,-567.235198,False,False,False,0.0,False,0.0,False,0.0,False,0.0,0.0,False,linear,0.0,0.0,0.0,0.0,False,clear,1.0,0.0
EXP_CC2CE078,42,2397,39.95,1,1003.646458,193.764802,80.0,60.0,0.0,0.0,True,straight,2000,2000,10,0.0,0.0,0.0,0.0,0.0228,-5.027181,323.646458,-566.235198,False,False,False,0.0,False,0.0,False,0.0,False,0.0,0.0,False,linear,0.0,0.0,0.0,0.0,False,clear,1.0,0.0
EXP_CC2CE078,42,2398,39.966667,1,1004.979791,194.764802,80.0,60.0,0.0,0.0,True,straight,2000,2000,10,0.0,0.0,0.0,0.0,0.031136,-5.020978,324.979791,-565.235198,False,False,False,0.0,False,0.0,False,0.0,False,0.0,0.0,False,linear,0.0,0.0,0.0,0.0,False,clear,1.0,0.0
EXP_CC2CE078,42,2399,39.983333,1,1006.313124,195.764802,80.0,60.0,0.0,0.0,True,straight,2000,2000,10,0.0,0.0,0.0,0.0,0.039473,-5.014774,326.313124,-564.235198,False,False,False,0.0,False,0.0,False,0.0,False,0.0,0.0,False,linear,0.0,0.0,0.0,0.0,False,clear,1.0,0.0
EXP_CC2CE078,42,2400,40.0,1,1007.646458,196.764802,80.0,60.0,0.0,0.0,True,straight,2000,2000,10,0.0,0.0,0.0,0.0,0.04781,-5.00857,327.646458,-563.235198,False,False,False,0.0,False,0.0,False,0.0,False,0.0,0.0,False,linear,0.0,0.0,0.0,0.0,False,clear,1.0,0.0
EXP_CC2CE078,42,2401,40.016667,1,1008.979791,197.764802,80.0,60.0,0.0,0.0,True,straight,2000,2000,10,0.0,0.0,0.0,0.0,0.056146,-5.002367,328.979791,-562.235198,False,False,False,0.0,False,0.0,False,0.0,False,0.0,0.0,False,linear,0.0,0.0,0.0,0.0,False,clear,1.0,0.0
EXP_CC2CE078,42,2402,40.033333,1,1010.313124,198.764802,80.0,60.0,0.0,0.0,True,straight,2000,2000,10,0.0,0.0,0.0,0.0,0.064483,-4.996163,330.313124,-561.235198,False,False,False,0.0,False,0.0,False,0.0,False,0.0,0.0,False,linear,0.0,0.0,0.0,0.0,False,clear,1.0,0.0
EXP_CC2CE078,42,2403,40.05,1,1011.646458,199.764802,80.0,60.0,0.0,0.0,True,straight,2000,2000,10,0.0,0.0,0.0,0.0,0.07282,-4.989958,331.646458,-560.235198,False,False,False,0.0,False,0.0,False,0.0,False,0.0,0.0,False,linear,0.0,0.0,0.0,0.0,False,clear,1.0,0.0
EXP_CC2CE078,42,2404,40.066667,1,1012.979791,200.764802,80.0,60.0,0.0,0.0,True,straight,2000,2000,10,0.0,0.0,0.0,0.0,0.081157,-4.983754,332.979791,-559.235198,False,False,False,0.0,False,0.0,False,0.0,False,0.0,0.0,False,linear,0.0,0.0,0.0,0.0,False,clear,1.0,0.0
EXP_CC2CE078,42,2405,40.083333,1,1014.313124,201.764802,80.0,60.0,0.0,0.0,True,straight,2000,2000,10,0.0,0.0,0.0,0.0,0.089493,-4.97755,334.313124,-558.235198,False,False,False,0.0,False,0.0,False,0.0,False,0.0,0.0,False,linear,0.0,0.0,0.0,0.0,False,clear,1.0,0.0
EXP_CC2CE078,42,2406,40.1,1,1015.646458,202.764802,80.0,60.0,0.0,0.0,True,straight,2000,2000,10,0.0,0.0,0.0,0.0,0.09783,-4.971346,335.646458,-557.235198,False,False,False,0.0,False,0.0,False,0.0,False,0.0,0.0,False,linear,0.0,0.0,0.0,0.0,False,clear,1.0,0.0
EXP_CC2CE078,42,2407,40.116667,1,1016.979791,203.764802,80.0,60.0,0.0,0.0,True,straight,2000,2000,10,0.0,0.0,0.0,0.0,0.106167,-4.965141,336.979791,-556.235198,False,False,False,0.0,False,0.0,False,0.0,False,0.0,0.0,False,linear,0.0,0.0,0.0,0.0,False,clear,1.0,0.0
EXP_CC2CE078,42,2408,40.133333,1,1018.313124,204.764802,80.0,60.0,0.0,0.0,True,straight,2000,2000,10,0.0,0.0,0.0,0.0,0.114503,-4.958936,338.313124,-555.235198,False,False,False,0.0,False,0.0,False,0.0,False,0.0,0.0,False,linear,0.0,0.0,0.0,0.0,False,clear,1.0,0.0
EXP_CC2CE078,42,2409,40.15,1,1019.646458,205.764802,80.0,60.0,0.0,0.0,True,straight,2000,2000,10,0.0,0.0,0.0,0.0,0.12284,-4.952732,339.646458,-554.235198,False,False,False,0.0,False,0.0,False,0.0,False,0.0,0.0,False,linear,0.0,0.0,0.0,0.0,False,clear,1.0,0.0
EXP_CC2CE078,42,2410,40.166667,1,1020.979791,206.764802,80.0,60.0,0.0,0.0,True,straight,2000,2000,10,0.0,0.0,0.0,0.0,0.131177,-4.946527,340.979791,-553.235198,False,False,False,0.0,False,0.0,False,0.0,False,0.0,0.0,False,linear,0.0,0.0,0.0,0.0,False,clear,1.0,0.0
EXP_CC2CE078,42,2411,40.183333,1,1022.313124,207.764802,80.0,60.0,0.0,0.0,True,straight,2000,2000,10,0.0,0.0,0.0,0.0,0.139513,-4.940322,342.313124,-552.235198,False,False,False,0.0,False,0.0,False,0.0,False,0.0,0.0,False,linear,0.0,0.0,0.0,0.0,False,clear,1.0,0.0
EXP_CC2CE078,42,2412,40.2,1,1023.646458,208.764802,80.0,60.0,0.0,0.0,True,straight,2000,2000,10,0.0,0.0,0.0,0.0,0.14785,-4.934117,343.646458,-551.235198,False,False,False,0.0,False,0.0,False,0.0,False,0.0,0.0,False,linear,0.0,0.0,0.0,0.0,False,clear,1.0,0.0
EXP_CC2CE078,42,2413,40.216667,1,1024.979791,209.764802,80.0,60.0,0.0,0.0,True,straight,2000,2000,10,0.0,0.0,0.0,0.0,0.156187,-4.927911,344.979791,-550.235198,False,False,False,0.0,False,0.0,False,0.0,False,0.0,0.0,False,linear,0.0,0.0,0.0,0.0,False,clear,1.0,0.0
EXP_CC2CE078,42,2414,40.233333,1,1026.313124,210.764802,80.0,60.0,0.0,0.0,True,straight,2000,2000,10,0.0,0.0,0.0,0.0,0.164523,-4.921706,346.313124,-549.235198,False,False,False,0.0,False,0.0,False,0.0,False,0.0,0.0,False,linear,0.0,0.0,0.0,0.0,False,clear,1.0,0.0
EXP_CC2CE078,42,2415,40.25,1,1027.646458,211.764802,80.0,60.0,0.0,0.0,True,straight,2000,2000,10,0.0,0.0,0.0,0.0,0.17286,-4.9155,347.646458,-548.235198,False,False,False,0.0,False,0.0,False,0.0,False,0.0,0.0,False,linear,0.0,0.0,0.0,0.0,False,clear,1.0,0.0
EXP_CC2CE078,42,2416,40.266667,1,1028.979791,212.764802,80.0,60.0,0.0,0.0,True,straight,2000,2000,10,0.0,0.0,0.0,0.0,0.181197,-4.909295,348.979791,-547.235198,False,False,False,0.0,False,0.0,False,0.0,False,0.0,0.0,False,linear,0.0,0.0,0.0,0.0,False,clear,1.0,0.0
EXP_CC2CE078,42,2417,40.283333,1,1030.313124,213.764802,80.0,60.0,0.0,0.0,True,straight,2000,2000,10,0.0,0.0,0.0,0.0,0.189533,-4.903089,350.313124,-546.235198,False,False,False,0.0,False,0.0,False,0.0,False,0.0,0.0,False,linear,0.0,0.0,0.0,0.0,False,clear,1.0,0.0
EXP_CC2CE078,42,2418,40.3,1,1031.646458,214.764802,80.0,60.0,0.0,0.0,True,straight,2000,2000,10,0.0,0.0,0.0,0.0,0.19787,-4.896883,351.646458,-545.235198,False,False,False,0.0,False,0.0,False,0.0,False,0.0,0.0,False,linear,0.0,0.0,0.0,0.0,False,clear,1.0,0.0
EXP_CC2CE078,42,2419,40.316667,1,1032.979791,215.764802,80.0,60.0,0.0,0.0,True,straight,2000,2000,10,0.0,0.0,0.0,0.0,0.206207,-4.890677,352.979791,-544.235198,False,False,False,0.0,False,0.0,False,0.0,False,0.0,0.0,False,linear,0.0,0.0,0.0,0.0,False,clear,1.0,0.0
EXP_CC2CE078,42,2420,40.333333,1,1034.313124,216.764802,80.0,60.0,0.0,0.0,True,straight,2000,2000,10,0.0,0.0,0.0,0.0,0.214543,-4.884471,354.313124,-543.235198,False,False,False,0.0,False,0.0,False,0.0,False,0.0,0.0,False,linear,0.0,0.0,0.0,0.0,False,clear,1.0,0.0
EXP_CC2CE078,42,2421,40.35,1,1035.646458,217.764802,80.0,60.0,0.0,0.0,True,straight,2000,2000,10,0.0,0.0,0.0,0.0,0.22288,-4.878265,355.646458,-542.235198,False,False,False,0.0,False,0.0,False,0.0,False,0.0,0.0,False,linear,0.0,0.0,0.0,0.0,False,clear,1.0,0.0
EXP_CC2CE078,42,2422,40.366667,1,1036.979791,218.764802,80.0,60.0,0.0,0.0,True,straight,2000,2000,10,0.0,0.0,0.0,0.0,0.231216,-4.872059,356.979791,-541.235198,False,False,False,0.0,False,0.0,False,0.0,False,0.0,0.0,False,linear,0.0,0.0,0.0,0.0,False,clear,1.0,0.0
EXP_CC2CE078,42,2423,40.383333,1,1038.313124,219.764802,80.0,60.0,0.0,0.0,True,straight,2000,2000,10,0.0,0.0,0.0,0.0,0.239553,-4.865853,358.313124,-540.235198,False,False,False,0.0,False,0.0,False,0.0,False,0.0,0.0,False,linear,0.0,0.0,0.0,0.0,False,clear,1.0,0.0
EXP_CC2CE078,42,2424,40.4,1,1039.646458,220.764802,80.0,60.0,0.0,0.0,True,straight,2000,2000,10,0.0,0.0,0.0,0.0,0.24789,-4.859646,359.646458,-539.235198,False,False,False,0.0,False,0.0,False,0.0,False,0.0,0.0,False,linear,0.0,0.0,0.0,0.0,False,clear,1.0,0.0
EXP_CC2CE078,42,2425,40.416667,1,1040.979791,221.764802,80.0,60.0,0.0,0.0,True,straight,2000,2000,10,0.0,0.0,0.0,0.0,0.256226,-4.853439,360.979791,-538.235198,False,False,False,0.0,False,0.0,False,0.0,False,0.0,0.0,False,linear,0.0,0.0,0.0,0.0,False,clear,1.0,0.0
EXP_CC2CE078,42,2426,40.433333,1,1042.313124,222.764802,80.0,60.0,0.0,0.0,True,straight,2000,2000,10,0.0,0.0,0.0,0.0,0.264563,-4.847233,362.313124,-537.235198,False,False,False,0.0,False,0.0,False,0.0,False,0.0,0.0,False,linear,0.0,0.0,0.0,0.0,False,clear,1.0,0.0
EXP_CC2CE078,42,2427,40.45,1,1043.646458,223.764802,80.0,60.0,0.0,0.0,True,straight,2000,2000,10,0.0,0.0,0.0,0.0,0.272899,-4.841026,363.646458,-536.235198,False,False,False,0.0,False,0.0,False,0.0,False,0.0,0.0,False,linear,0.0,0.0,0.0,0.0,False,clear,1.0,0.0
EXP_CC2CE078,42,2428,40.466667,1,1044.979791,224.764802,80.0,60.0,0.0,0.0,True,straight,2000,2000,10,0.0,0.0,0.0,0.0,0.281236,-4.834819,364.979791,-535.235198,False,False,False,0.0,False,0.0,False,0.0,False,0.0,0.0,False,linear,0.0,0.0,0.0,0.0,False,clear,1.0,0.0
EXP_CC2CE078,42,2429,40.483333,1,1046.313124,225.764802,80.0,60.0,0.0,0.0,True,straight,2000,2000,10,0.0,0.0,0.0,0.0,0.289572,-4.828612,366.313124,-534.235198,False,False,False,0.0,False,0.0,False,0.0,False,0.0,0.0,False,linear,0.0,0.0,0.0,0.0,False,clear,1.0,0.0
EXP_CC2CE078,42,2430,40.5,1,1047.646458,226.764802,80.0,60.0,0.0,0.0,True,straight,2000,2000,10,0.0,0.0,0.0,0.0,0.297909,-4.822405,367.646458,-533.235198,False,False,False,0.0,False,0.0,False,0.0,False,0.0,0.0,False,linear,0.0,0.0,0.0,0.0,False,clear,1.0,0.0
EXP_CC2CE078,42,2431,40.516667,1,1048.979791,227.764802,80.0,60.0,0.0,0.0,True,straight,2000,2000,10,0.0,0.0,0.0,0.0,0.306245,-4.816197,368.979791,-532.235198,False,False,False,0.0,False,0.0,False,0.0,False,0.0,0.0,False,linear,0.0,0.0,0.0,0.0,False,clear,1.0,0.0
EXP_CC2CE078,42,2432,40.533333,1,1050.313124,228.764802,80.0,60.0,0.0,0.0,True,straight,2000,2000,10,0.0,0.0,0.0,0.0,0.314582,-4.80999,370.313124,-531.235198,False,False,False,0.0,False,0.0,False,0.0,False,0.0,0.0,False,linear,0.0,0.0,0.0,0.0,False,clear,1.0,0.0
EXP_CC2CE078,42,2433,40.55,1,1051.646458,229.764802,80.0,60.0,0.0,0.0,True,straight,2000,2000,10,0.0,0.0,0.0,0.0,0.322918,-4.803782,371.646458,-530.235198,False,False,False,0.0,False,0.0,False,0.0,False,0.0,0.0,False,linear,0.0,0.0,0.0,0.0,False,clear,1.0,0.0
EXP_CC2CE078,42,2434,40.566667,1,1052.979791,230.764802,80.0,60.0,0.0,0.0,True,straight,2000,2000,10,0.0,0.0,0.0,0.0,0.331255,-4.797575,372.979791,-529.235198,False,False,False,0.0,False,0.0,False,0.0,False,0.0,0.0,False,linear,0.0,0.0,0.0,0.0,False,clear,1.0,0.0
EXP_CC2CE078,42,2435,40.583333,1,1054.313124,231.764802,80.0,60.0,0.0,0.0,True,straight,2000,2000,10,0.0,0.0,0.0,0.0,0.339591,-4.791367,374.313124,-528.235198,False,False,False,0.0,False,0.0,False,0.0,False,0.0,0.0,False,linear,0.0,0.0,0.0,0.0,False,clear,1.0,0.0
EXP_CC2CE078,42,2436,40.6,1,1055.646458,232.764802,80.0,60.0,0.0,0.0,True,straight,2000,2000,10,0.0,0.0,0.0,0.0,0.347927,-4.785159,375.646458,-527.235198,False,False,False,0.0,False,0.0,False,0.0,False,0.0,0.0,False,linear,0.0,0.0,0.0,0.0,False,clear,1.0,0.0
EXP_CC2CE078,42,2437,40.616667,1,1056.979791,233.764802,80.0,60.0,0.0,0.0,True,straight,2000,2000,10,0.0,0.0,0.0,0.0,0.356264,-4.778951,376.979791,-526.235198,False,False,False,0.0,False,0.0,False,0.0,False,0.0,0.0,False,linear,0.0,0.0,0.0,0.0,False,clear,1.0,0.0
EXP_CC2CE078,42,2438,40.633333,1,1058.313124,234.764802,80.0,60.0,0.0,0.0,True,straight,2000,2000,10,0.0,0.0,0.0,0.0,0.3646,-4.772743,378.313124,-525.235198,False,False,False,0.0,False,0.0,False,0.0,False,0.0,0.0,False,linear,0.0,0.0,0.0,0.0,False,clear,1.0,0.0
EXP_CC2CE078,42,2439,40.65,1,1059.646458,235.764802,80.0,60.0,0.0,0.0,True,straight,2000,2000,10,0.0,0.0,0.0,0.0,0.372937,-4.766535,379.646458,-524.235198,False,False,False,0.0,False,0.0,False,0.0,False,0.0,0.0,False,linear,0.0,0.0,0.0,0.0,False,clear,1.0,0.0
EXP_CC2CE078,42,2440,40.666667,1,1060.979791,236.764802,80.0,60.0,0.0,0.0,True,straight,2000,2000,10,0.0,0.0,0.0,0.0,0.381273,-4.760327,380.979791,-523.235198,False,False,False,0.0,False,0.0,False,0.0,False,0.0,0.0,False,linear,0.0,0.0,0.0,0.0,False,clear,1.0,0.0
EXP_CC2CE078,42,2441,40.683333,1,1062.313124,237.764802,80.0,60.0,0.0,0.0,True,straight,2000,2000,10,0.0,0.0,0.0,0.0,0.389609,-4.754118,382.313124,-522.235198,False,False,False,0.0,False,0.0,False,0.0,False,0.0,0.0,False,linear,0.0,0.0,0.0,0.0,False,clear,1.0,0.0
EXP_CC2CE078,42,2442,40.7,1,1063.646458,238.764802,80.0,60.0,0.0,0.0,True,straight,2000,2000,10,0.0,0.0,0.0,0.0,0.397946,-4.74791,383.646458,-521.235198,False,False,False,0.0,False,0.0,False,0.0,False,0.0,0.0,False,linear,0.0,0.0,0.0,0.0,False,clear,1.0,0.0
EXP_CC2CE078,42,2443,40.716667,1,1064.979791,239.764802,80.0,60.0,0.0,0.0,True,straight,2000,2000,10,0.0,0.0,0.0,0.0,0.406282,-4.741701,384.979791,-520.235198,False,False,False,0.0,False,0.0,False,0.0,False,0.0,0.0,False,linear,0.0,0.0,0.0,0.0,False,clear,1.0,0.0
EXP_CC2CE078,42,2444,40.733333,1,1066.313124,240.764802,80.0,60.0,0.0,0.0,True,straight,2000,2000,10,0.0,0.0,0.0,0.0,0.414618,-4.735492,386.313124,-519.235198,False,False,False,0.0,False,0.0,False,0.0,False,0.0,0.0,False,linear,0.0,0.0,0.0,0.0,False,clear,1.0,0.0
EXP_CC2CE078,42,2445,40.75,1,1067.646458,241.764802,80.0,60.0,0.0,0.0,True,straight,2000,2000,10,0.0,0.0,0.0,0.0,0.422954,-4.729283,387.646458,-518.235198,False,False,False,0.0,False,0.0,False,0.0,False,0.0,0.0,False,linear,0.0,0.0,0.0,0.0,False,clear,1.0,0.0
EXP_CC2CE078,42,2446,40.766667,1,1068.979791,242.764802,80.0,60.0,0.0,0.0,True,straight,2000,2000,10,0.0,0.0,0.0,0.0,0.431291,-4.723074,388.979791,-517.235198,False,False,False,0.0,False,0.0,False,0.0,False,0.0,0.0,False,linear,0.0,0.0,0.0,0.0,False,clear,1.0,0.0
EXP_CC2CE078,42,2447,40.783333,1,1070.313124,243.764802,80.0,60.0,0.0,0.0,True,straight,2000,2000,10,0.0,0.0,0.0,0.0,0.439627,-4.716865,390.313124,-516.235198,False,False,False,0.0,False,0.0,False,0.0,False,0.0,0.0,False,linear,0.0,0.0,0.0,0.0,False,clear,1.0,0.0
EXP_CC2CE078,42,2448,40.8,1,1071.646458,244.764802,80.0,60.0,0.0,0.0,True,straight,2000,2000,10,0.0,0.0,0.0,0.0,0.447963,-4.710656,391.646458,-515.235198,False,False,False,0.0,False,0.0,False,0.0,False,0.0,0.0,False,linear,0.0,0.0,0.0,0.0,False,clear,1.0,0.0
EXP_CC2CE078,42,2449,40.816667,1,1072.979791,245.764802,80.0,60.0,0.0,0.0,True,straight,2000,2000,10,0.0,0.0,0.0,0.0,0.456299,-4.704447,392.979791,-514.235198,False,False,False,0.0,False,0.0,False,0.0,False,0.0,0.0,False,linear,0.0,0.0,0.0,0.0,False,clear,1.0,0.0
EXP_CC2CE078,42,2450,40.833333,1,1074.313124,246.764802,80.0,60.0,0.0,0.0,True,straight,2000,2000,10,0.0,0.0,0.0,0.0,0.464636,-4.698237,394.313124,-513.235198,False,False,False,0.0,False,0.0,False,0.0,False,0.0,0.0,False,linear,0.0,0.0,0.0,0.0,False,clear,1.0,0.0
EXP_CC2CE078,42,2451,40.85,1,1075.646458,247.764802,80.0,60.0,0.0,0.0,True,straight,2000,2000,10,0.0,0.0,0.0,0.0,0.472972,-4.692028,395.646458,-512.235198,False,False,False,0.0,False,0.0,False,0.0,False,0.0,0.0,False,linear,0.0,0.0,0.0,0.0,False,clear,1.0,0.0
EXP_CC2CE078,42,2452,40.866667,1,1076.979791,248.764802,80.0,60.0,0.0,0.0,True,straight,2000,2000,10,0.0,0.0,0.0,0.0,0.481308,-4.685818,396.979791,-511.235198,False,False,False,0.0,False,0.0,False,0.0,False,0.0,0.0,False,linear,0.0,0.0,0.0,0.0,False,clear,1.0,0.0
EXP_CC2CE078,42,2453,40.883333,1,1078.313124,249.764802,80.0,60.0,0.0,0.0,True,straight,2000,2000,10,0.0,0.0,0.0,0.0,0.489644,-4.679608,398.313124,-510.235198,False,False,False,0.0,False,0.0,False,0.0,False,0.0,0.0,False,linear,0.0,0.0,0.0,0.0,False,clear,1.0,0.0
EXP_CC2CE078,42,2454,40.9,1,1079.646458,250.764802,80.0,60.0,0.0,0.0,True,straight,2000,2000,10,0.0,0.0,0.0,0.0,0.49798,-4.673398,399.646458,-509.235198,False,False,False,0.0,False,0.0,False,0.0,False,0.0,0.0,False,linear,0.0,0.0,0.0,0.0,False,clear,1.0,0.0
EXP_CC2CE078,42,2455,40.916667,1,1080.979791,251.764802,80.0,60.0,0.0,0.0,True,straight,2000,2000,10,0.0,0.0,0.0,0.0,0.506316,-4.667188,400.979791,-508.235198,False,False,False,0.0,False,0.0,False,0.0,False,0.0,0.0,False,linear,0.0,0.0,0.0,0.0,False,clear,1.0,0.0
EXP_CC2CE078,42,2456,40.933333,1,1082.313124,252.764802,80.0,60.0,0.0,0.0,True,straight,2000,2000,10,0.0,0.0,0.0,0.0,0.514652,-4.660978,402.313124,-507.235198,False,False,False,0.0,False,0.0,False,0.0,False,0.0,0.0,False,linear,0.0,0.0,0.0,0.0,False,clear,1.0,0.0
EXP_CC2CE078,42,2457,40.95,1,1083.646458,253.764802,80.0,60.0,0.0,0.0,True,straight,2000,2000,10,0.0,0.0,0.0,0.0,0.522988,-4.654768,403.646458,-506.235198,False,False,False,0.0,False,0.0,False,0.0,False,0.0,0.0,False,linear,0.0,0.0,0.0,0.0,False,clear,1.0,0.0
EXP_CC2CE078,42,2458,40.966667,1,1084.979791,254.764802,80.0,60.0,0.0,0.0,True,straight,2000,2000,10,0.0,0.0,0.0,0.0,0.531324,-4.648558,404.979791,-505.235198,False,False,False,0.0,False,0.0,False,0.0,False,0.0,0.0,False,linear,0.0,0.0,0.0,0.0,False,clear,1.0,0.0
EXP_CC2CE078,42,2459,40.983333,1,1086.313124,255.764802,80.0,60.0,0.0,0.0,True,straight,2000,2000,10,0.0,0.0,0.0,0.0,0.53966,-4.642347,406.313124,-504.235198,False,False,False,0.0,False,0.0,False,0.0,False,0.0,0.0,False,linear,0.0,0.0,0.0,0.0,False,clear,1.0,0.0
EXP_CC2CE078,42,2460,41.0,1,1087.646458,256.764802,80.0,60.0,0.0,0.0,True,straight,2000,2000,10,0.0,0.0,0.0,0.0,0.547996,-4.636137,407.646458,-503.235198,False,False,False,0.0,False,0.0,False,0.0,False,0.0,0.0,False,linear,0.0,0.0,0.0,0.0,False,clear,1.0,0.0
EXP_CC2CE078,42,2461,41.016667,1,1088.979791,257.764802,80.0,60.0,0.0,0.0,True,straight,2000,2000,10,0.0,0.0,0.0,0.0,0.556332,-4.629926,408.979791,-502.235198,False,False,False,0.0,False,0.0,False,0.0,False,0.0,0.0,False,linear,0.0,0.0,0.0,0.0,False,clear,1.0,0.0
EXP_CC2CE078,42,2462,41.033333,1,1090.313124,258.764802,80.0,60.0,0.0,0.0,True,straight,2000,2000,10,0.0,0.0,0.0,0.0,0.564668,-4.623715,410.313124,-501.235198,False,False,False,0.0,False,0.0,False,0.0,False,0.0,0.0,False,linear,0.0,0.0,0.0,0.0,False,clear,1.0,0.0
EXP_CC2CE078,42,2463,41.05,1,1091.646458,259.764802,80.0,60.0,0.0,0.0,True,straight,2000,2000,10,0.0,0.0,0.0,0.0,0.573004,-4.617505,411.646458,-500.235198,False,False,False,0.0,False,0.0,False,0.0,False,0.0,0.0,False,linear,0.0,0.0,0.0,0.0,False,clear,1.0,0.0
EXP_CC2CE078,42,2464,41.066667,1,1092.979791,260.764802,80.0,60.0,0.0,0.0,True,straight,2000,2000,10,0.0,0.0,0.0,0.0,0.58134,-4.611294,412.979791,-499.235198,False,False,False,0.0,False,0.0,False,0.0,False,0.0,0.0,False,linear,0.0,0.0,0.0,0.0,False,clear,1.0,0.0
EXP_CC2CE078,42,2465,41.083333,1,1094.313124,261.764802,80.0,60.0,0.0,0.0,True,straight,2000,2000,10,0.0,0.0,0.0,0.0,0.589676,-4.605082,414.313124,-498.235198,False,False,False,0.0,False,0.0,False,0.0,False,0.0,0.0,False,linear,0.0,0.0,0.0,0.0,False,clear,1.0,0.0
EXP_CC2CE078,42,2466,41.1,1,1095.646458,262.764802,80.0,60.0,0.0,0.0,True,straight,2000,2000,10,0.0,0.0,0.0,0.0,0.598012,-4.598871,415.646458,-497.235198,False,False,False,0.0,False,0.0,False,0.0,False,0.0,0.0,False,linear,0.0,0.0,0.0,0.0,False,clear,1.0,0.0
EXP_CC2CE078,42,2467,41.116667,1,1096.979791,263.764802,80.0,60.0,0.0,0.0,True,straight,2000,2000,10,0.0,0.0,0.0,0.0,0.606347,-4.59266,416.979791,-496.235198,False,False,False,0.0,False,0.0,False,0.0,False,0.0,0.0,False,linear,0.0,0.0,0.0,0.0,False,clear,1.0,0.0
EXP_CC2CE078,42,2468,41.133333,1,1098.313124,264.764802,80.0,60.0,0.0,0.0,True,straight,2000,2000,10,0.0,0.0,0.0,0.0,0.614683,-4.586449,418.313124,-495.235198,False,False,False,0.0,False,0.0,False,0.0,False,0.0,0.0,False,linear,0.0,0.0,0.0,0.0,False,clear,1.0,0.0
EXP_CC2CE078,42,2469,41.15,1,1099.646458,265.764802,80.0,60.0,0.0,0.0,True,straight,2000,2000,10,0.0,0.0,0.0,0.0,0.623019,-4.580237,419.646458,-494.235198,False,False,False,0.0,False,0.0,False,0.0,False,0.0,0.0,False,linear,0.0,0.0,0.0,0.0,False,clear,1.0,0.0
EXP_CC2CE078,42,2470,41.166667,1,1100.979791,266.764802,80.0,60.0,0.0,0.0,True,straight,2000,2000,10,0.0,0.0,0.0,0.0,0.631355,-4.574025,420.979791,-493.235198,False,False,False,0.0,False,0.0,False,0.0,False,0.0,0.0,False,linear,0.0,0.0,0.0,0.0,False,clear,1.0,0.0
EXP_CC2CE078,42,2471,41.183333,1,1102.313124,267.764802,80.0,60.0,0.0,0.0,True,straight,2000,2000,10,0.0,0.0,0.0,0.0,0.63969,-4.567814,422.313124,-492.235198,False,False,False,0.0,False,0.0,False,0.0,False,0.0,0.0,False,linear,0.0,0.0,0.0,0.0,False,clear,1.0,0.0
EXP_CC2CE078,42,2472,41.2,1,1103.646458,268.764802,80.0,60.0,0.0,0.0,True,straight,2000,2000,10,0.0,0.0,0.0,0.0,0.648026,-4.561602,423.646458,-491.235198,False,False,False,0.0,False,0.0,False,0.0,False,0.0,0.0,False,linear,0.0,0.0,0.0,0.0,False,clear,1.0,0.0
EXP_CC2CE078,42,2473,41.216667,1,1104.979791,269.764802,80.0,60.0,0.0,0.0,True,straight,2000,2000,10,0.0,0.0,0.0,0.0,0.656362,-4.55539,424.979791,-490.235198,False,False,False,0.0,False,0.0,False,0.0,False,0.0,0.0,False,linear,0.0,0.0,0.0,0.0,False,clear,1.0,0.0
EXP_CC2CE078,42,2474,41.233333,1,1106.313124,270.764802,80.0,60.0,0.0,0.0,True,straight,2000,2000,10,0.0,0.0,0.0,0.0,0.664697,-4.549178,426.313124,-489.235198,False,False,False,0.0,False,0.0,False,0.0,False,0.0,0.0,False,linear,0.0,0.0,0.0,0.0,False,clear,1.0,0.0
EXP_CC2CE078,42,2475,41.25,1,1107.646458,271.764802,80.0,60.0,0.0,0.0,True,straight,2000,2000,10,0.0,0.0,0.0,0.0,0.673033,-4.542966,427.646458,-488.235198,False,False,False,0.0,False,0.0,False,0.0,False,0.0,0.0,False,linear,0.0,0.0,0.0,0.0,False,clear,1.0,0.0
EXP_CC2CE078,42,2476,41.266667,1,1108.979791,272.764802,80.0,60.0,0.0,0.0,True,straight,2000,2000,10,0.0,0.0,0.0,0.0,0.681368,-4.536754,428.979791,-487.235198,False,False,False,0.0,False,0.0,False,0.0,False,0.0,0.0,False,linear,0.0,0.0,0.0,0.0,False,clear,1.0,0.0
EXP_CC2CE078,42,2477,41.283333,1,1110.313124,273.764802,80.0,60.0,0.0,0.0,True,straight,2000,2000,10,0.0,0.0,0.0,0.0,0.689704,-4.530541,430.313124,-486.235198,False,False,False,0.0,False,0.0,False,0.0,False,0.0,0.0,False,linear,0.0,0.0,0.0,0.0,False,clear,1.0,0.0
EXP_CC2CE078,42,2478,41.3,1,1111.646458,274.764802,80.0,60.0,0.0,0.0,True,straight,2000,2000,10,0.0,0.0,0.0,0.0,0.698039,-4.524329,431.646458,-485.235198,False,False,False,0.0,False,0.0,False,0.0,False,0.0,0.0,False,linear,0.0,0.0,0.0,0.0,False,clear,1.0,0.0
EXP_CC2CE078,42,2479,41.316667,1,1112.979791,275.764802,80.0,60.0,0.0,0.0,True,straight,2000,2000,10,0.0,0.0,0.0,0.0,0.706375,-4.518116,432.979791,-484.235198,False,False,False,0.0,False,0.0,False,0.0,False,0.0,0.0,False,linear,0.0,0.0,0.0,0.0,False,clear,1.0,0.0
EXP_CC2CE078,42,2480,41.333333,1,1114.313124,276.764802,80.0,60.0,0.0,0.0,True,straight,2000,2000,10,0.0,0.0,0.0,0.0,0.71471,-4.511903,434.313124,-483.235198,False,False,False,0.0,False,0.0,False,0.0,False,0.0,0.0,False,linear,0.0,0.0,0.0,0.0,False,clear,1.0,0.0
EXP_CC2CE078,42,2481,41.35,1,1115.646458,277.764802,80.0,60.0,0.0,0.0,True,straight,2000,2000,10,0.0,0.0,0.0,0.0,0.723046,-4.505691,435.646458,-482.235198,False,False,False,0.0,False,0.0,False,0.0,False,0.0,0.0,False,linear,0.0,0.0,0.0,0.0,False,clear,1.0,0.0
EXP_CC2CE078,42,2482,41.366667,1,1116.979791,278.764802,80.0,60.0,0.0,0.0,True,straight,2000,2000,10,0.0,0.0,0.0,0.0,0.731381,-4.499478,436.979791,-481.235198,False,False,False,0.0,False,0.0,False,0.0,False,0.0,0.0,False,linear,0.0,0.0,0.0,0.0,False,clear,1.0,0.0
EXP_CC2CE078,42,2483,41.383333,1,1118.313124,279.764802,80.0,60.0,0.0,0.0,True,straight,2000,2000,10,0.0,0.0,0.0,0.0,0.739716,-4.493265,438.313124,-480.235198,False,False,False,0.0,False,0.0,False,0.0,False,0.0,0.0,False,linear,0.0,0.0,0.0,0.0,False,clear,1.0,0.0
EXP_CC2CE078,42,2484,41.4,1,1119.646458,280.764802,80.0,60.0,0.0,0.0,True,straight,2000,2000,10,0.0,0.0,0.0,0.0,0.748052,-4.487052,439.646458,-479.235198,False,False,False,0.0,False,0.0,False,0.0,False,0.0,0.0,False,linear,0.0,0.0,0.0,0.0,False,clear,1.0,0.0
EXP_CC2CE078,42,2485,41.416667,1,1120.979791,281.764802,80.0,60.0,0.0,0.0,True,straight,2000,2000,10,0.0,0.0,0.0,0.0,0.756387,-4.480838,440.979791,-478.235198,False,False,False,0.0,False,0.0,False,0.0,False,0.0,0.0,False,linear,0.0,0.0,0.0,0.0,False,clear,1.0,0.0
EXP_CC2CE078,42,2486,41.433333,1,1122.313124,282.764802,80.0,60.0,0.0,0.0,True,straight,2000,2000,10,0.0,0.0,0.0,0.0,0.764722,-4.474625,442.313124,-477.235198,False,False,False,0.0,False,0.0,False,0.0,False,0.0,0.0,False,linear,0.0,0.0,0.0,0.0,False,clear,1.0,0.0
EXP_CC2CE078,42,2487,41.45,1,1123.646458,283.764802,80.0,60.0,0.0,0.0,True,straight,2000,2000,10,0.0,0.0,0.0,0.0,0.773057,-4.468412,443.646458,-476.235198,False,False,False,0.0,False,0.0,False,0.0,False,0.0,0.0,False,linear,0.0,0.0,0.0,0.0,False,clear,1.0,0.0
EXP_CC2CE078,42,2488,41.466667,1,1124.979791,284.764802,80.0,60.0,0.0,0.0,True,straight,2000,2000,10,0.0,0.0,0.0,0.0,0.781393,-4.462198,444.979791,-475.235198,False,False,False,0.0,False,0.0,False,0.0,False,0.0,0.0,False,linear,0.0,0.0,0.0,0.0,False,clear,1.0,0.0
EXP_CC2CE078,42,2489,41.483333,1,1126.313124,285.764802,80.0,60.0,0.0,0.0,True,straight,2000,2000,10,0.0,0.0,0.0,0.0,0.789728,-4.455984,446.313124,-474.235198,False,False,False,0.0,False,0.0,False,0.0,False,0.0,0.0,False,linear,0.0,0.0,0.0,0.0,False,clear,1.0,0.0
EXP_CC2CE078,42,2490,41.5,1,1127.646458,286.764802,80.0,60.0,0.0,0.0,True,straight,2000,2000,10,0.0,0.0,0.0,0.0,0.798063,-4.449771,447.646458,-473.235198,False,False,False,0.0,False,0.0,False,0.0,False,0.0,0.0,False,linear,0.0,0.0,0.0,0.0,False,clear,1.0,0.0
EXP_CC2CE078,42,2491,41.516667,1,1128.979791,287.764802,80.0,60.0,0.0,0.0,True,straight,2000,2000,10,0.0,0.0,0.0,0.0,0.806398,-4.443557,448.979791,-472.235198,False,False,False,0.0,False,0.0,False,0.0,False,0.0,0.0,False,linear,0.0,0.0,0.0,0.0,False,clear,1.0,0.0
EXP_CC2CE078,42,2492,41.533333,1,1130.313124,288.764802,80.0,60.0,0.0,0.0,True,straight,2000,2000,10,0.0,0.0,0.0,0.0,0.814733,-4.437343,450.313124,-471.235198,False,False,False,0.0,False,0.0,False,0.0,False,0.0,0.0,False,linear,0.0,0.0,0.0,0.0,False,clear,1.0,0.0
EXP_CC2CE078,42,2493,41.55,1,1131.646458,289.764802,80.0,60.0,0.0,0.0,True,straight,2000,2000,10,0.0,0.0,0.0,0.0,0.823068,-4.431129,451.646458,-470.235198,False,False,False,0.0,False,0.0,False,0.0,False,0.0,0.0,False,linear,0.0,0.0,0.0,0.0,False,clear,1.0,0.0
EXP_CC2CE078,42,2494,41.566667,1,1132.979791,290.764802,80.0,60.0,0.0,0.0,True,straight,2000,2000,10,0.0,0.0,0.0,0.0,0.831403,-4.424915,452.979791,-469.235198,False,False,False,0.0,False,0.0,False,0.0,False,0.0,0.0,False,linear,0.0,0.0,0.0,0.0,False,clear,1.0,0.0
EXP_CC2CE078,42,2495,41.583333,1,1134.313124,291.764802,80.0,60.0,0.0,0.0,True,straight,2000,2000,10,0.0,0.0,0.0,0.0,0.839738,-4.4187,454.313124,-468.235198,False,False,False,0.0,False,0.0,False,0.0,False,0.0,0.0,False,linear,0.0,0.0,0.0,0.0,False,clear,1.0,0.0
EXP_CC2CE078,42,2496,41.6,1,1135.646458,292.764802,80.0,60.0,0.0,0.0,True,straight,2000,2000,10,0.0,0.0,0.0,0.0,0.848073,-4.412486,455.646458,-467.235198,False,False,False,0.0,False,0.0,False,0.0,False,0.0,0.0,False,linear,0.0,0.0,0.0,0.0,False,clear,1.0,0.0
EXP_CC2CE078,42,2497,41.616667,1,1136.979791,293.764802,80.0,60.0,0.0,0.0,True,straight,2000,2000,10,0.0,0.0,0.0,0.0,0.856408,-4.406272,456.979791,-466.235198,False,False,False,0.0,False,0.0,False,0.0,False,0.0,0.0,False,linear,0.0,0.0,0.0,0.0,False,clear,1.0,0.0
EXP_CC2CE078,42,2498,41.633333,1,1138.313124,294.764802,80.0,60.0,0.0,0.0,True,straight,2000,2000,10,0.0,0.0,0.0,0.0,0.864743,-4.400057,458.313124,-465.235198,False,False,False,0.0,False,0.0,False,0.0,False,0.0,0.0,False,linear,0.0,0.0,0.0,0.0,False,clear,1.0,0.0
EXP_CC2CE078,42,2499,41.65,1,1139.646458,295.764802,80.0,60.0,0.0,0.0,True,straight,2000,2000,10,0.0,0.0,0.0,0.0,0.873077,-4.393842,459.646458,-464.235198,False,False,False,0.0,False,0.0,False,0.0,False,0.0,0.0,False,linear,0.0,0.0,0.0,0.0,False,clear,1.0,0.0
EXP_CC2CE078,42,2500,41.666667,1,1140.979791,296.764802,80.0,60.0,0.0,0.0,True,straight,2000,2000,10,0.0,0.0,0.0,0.0,0.881412,-4.387627,460.979791,-463.235198,False,False,False,0.0,False,0.0,False,0.0,False,0.0,0.0,False,linear,0.0,0.0,0.0,0.0,False,clear,1.0,0.0
EXP_CC2CE078,42,2501,41.683333,1,1142.313124,297.764802,80.0,60.0,0.0,0.0,True,straight,2000,2000,10,0.0,0.0,0.0,0.0,0.889747,-4.381413,462.313124,-462.235198,False,False,False,0.0,False,0.0,False,0.0,False,0.0,0.0,False,linear,0.0,0.0,0.0,0.0,False,clear,1.0,0.0
EXP_CC2CE078,42,2502,41.7,1,1143.646458,298.764802,80.0,60.0,0.0,0.0,True,straight,2000,2000,10,0.0,0.0,0.0,0.0,0.898082,-4.375198,463.646458,-461.235198,False,False,False,0.0,False,0.0,False,0.0,False,0.0,0.0,False,linear,0.0,0.0,0.0,0.0,False,clear,1.0,0.0
EXP_CC2CE078,42,2503,41.716667,1,1144.979791,299.764802,80.0,60.0,0.0,0.0,True,straight,2000,2000,10,0.0,0.0,0.0,0.0,0.906416,-4.368983,464.979791,-460.235198,False,False,False,0.0,False,0.0,False,0.0,False,0.0,0.0,False,linear,0.0,0.0,0.0,0.0,False,clear,1.0,0.0
EXP_CC2CE078,42,2504,41.733333,1,1146.313124,300.764802,80.0,60.0,0.0,0.0,True,straight,2000,2000,10,0.0,0.0,0.0,0.0,0.914751,-4.362767,466.313124,-459.235198,False,False,False,0.0,False,0.0,False,0.0,False,0.0,0.0,False,linear,0.0,0.0,0.0,0.0,False,clear,1.0,0.0
EXP_CC2CE078,42,2505,41.75,1,1147.646458,301.764802,80.0,60.0,0.0,0.0,True,straight,2000,2000,10,0.0,0.0,0.0,0.0,0.923085,-4.356552,467.646458,-458.235198,False,False,False,0.0,False,0.0,False,0.0,False,0.0,0.0,False,linear,0.0,0.0,0.0,0.0,False,clear,1.0,0.0
EXP_CC2CE078,42,2506,41.766667,1,1148.979791,302.764802,80.0,60.0,0.0,0.0,True,straight,2000,2000,10,0.0,0.0,0.0,0.0,0.93142,-4.350337,468.979791,-457.235198,False,False,False,0.0,False,0.0,False,0.0,False,0.0,0.0,False,linear,0.0,0.0,0.0,0.0,False,clear,1.0,0.0
EXP_CC2CE078,42,2507,41.783333,1,1150.313124,303.764802,80.0,60.0,0.0,0.0,True,straight,2000,2000,10,0.0,0.0,0.0,0.0,0.939755,-4.344121,470.313124,-456.235198,False,False,False,0.0,False,0.0,False,0.0,False,0.0,0.0,False,linear,0.0,0.0,0.0,0.0,False,clear,1.0,0.0
EXP_CC2CE078,42,2508,41.8,1,1151.646458,304.764802,80.0,60.0,0.0,0.0,True,straight,2000,2000,10,0.0,0.0,0.0,0.0,0.948089,-4.337905,471.646458,-455.235198,False,False,False,0.0,False,0.0,False,0.0,False,0.0,0.0,False,linear,0.0,0.0,0.0,0.0,False,clear,1.0,0.0
EXP_CC2CE078,42,2509,41.816667,1,1152.979791,305.764802,80.0,60.0,0.0,0.0,True,straight,2000,2000,10,0.0,0.0,0.0,0.0,0.956423,-4.33169,472.979791,-454.235198,False,False,False,0.0,False,0.0,False,0.0,False,0.0,0.0,False,linear,0.0,0.0,0.0,0.0,False,clear,1.0,0.0
EXP_CC2CE078,42,2510,41.833333,1,1154.313124,306.764802,80.0,60.0,0.0,0.0,True,straight,2000,2000,10,0.0,0.0,0.0,0.0,0.964758,-4.325474,474.313124,-453.235198,False,False,False,0.0,False,0.0,False,0.0,False,0.0,0.0,False,linear,0.0,0.0,0.0,0.0,False,clear,1.0,0.0
EXP_CC2CE078,42,2511,41.85,1,1155.646458,307.764802,80.0,60.0,0.0,0.0,True,straight,2000,2000,10,0.0,0.0,0.0,0.0,0.973092,-4.319258,475.646458,-452.235198,False,False,False,0.0,False,0.0,False,0.0,False,0.0,0.0,False,linear,0.0,0.0,0.0,0.0,False,clear,1.0,0.0
EXP_CC2CE078,42,2512,41.866667,1,1156.979791,308.764802,80.0,60.0,0.0,0.0,True,straight,2000,2000,10,0.0,0.0,0.0,0.0,0.981426,-4.313042,476.979791,-451.235198,False,False,False,0.0,False,0.0,False,0.0,False,0.0,0.0,False,linear,0.0,0.0,0.0,0.0,False,clear,1.0,0.0
EXP_CC2CE078,42,2513,41.883333,1,1158.313124,309.764802,80.0,60.0,0.0,0.0,True,straight,2000,2000,10,0.0,0.0,0.0,0.0,0.989761,-4.306826,478.313124,-450.235198,False,False,False,0.0,False,0.0,False,0.0,False,0.0,0.0,False,linear,0.0,0.0,0.0,0.0,False,clear,1.0,0.0
EXP_CC2CE078,42,2514,41.9,1,1159.646458,310.764802,80.0,60.0,0.0,0.0,True,straight,2000,2000,10,0.0,0.0,0.0,0.0,0.998095,-4.30061,479.646458,-449.235198,False,False,False,0.0,False,0.0,False,0.0,False,0.0,0.0,False,linear,0.0,0.0,0.0,0.0,False,clear,1.0,0.0
EXP_CC2CE078,42,2515,41.916667,1,1160.979791,311.764802,80.0,60.0,0.0,0.0,True,straight,2000,2000,10,0.0,0.0,0.0,0.0,1.006429,-4.294393,480.979791,-448.235198,False,False,False,0.0,False,0.0,False,0.0,False,0.0,0.0,False,linear,0.0,0.0,0.0,0.0,False,clear,1.0,0.0
EXP_CC2CE078,42,2516,41.933333,1,1162.313124,312.764802,80.0,60.0,0.0,0.0,True,straight,2000,2000,10,0.0,0.0,0.0,0.0,1.014763,-4.288177,482.313124,-447.235198,False,False,False,0.0,False,0.0,False,0.0,False,0.0,0.0,False,linear,0.0,0.0,0.0,0.0,False,clear,1.0,0.0
EXP_CC2CE078,42,2517,41.95,1,1163.646458,313.764802,80.0,60.0,0.0,0.0,True,straight,2000,2000,10,0.0,0.0,0.0,0.0,1.023097,-4.28196,483.646458,-446.235198,False,False,False,0.0,False,0.0,False,0.0,False,0.0,0.0,False,linear,0.0,0.0,0.0,0.0,False,clear,1.0,0.0
EXP_CC2CE078,42,2518,41.966667,1,1164.979791,314.764802,80.0,60.0,0.0,0.0,True,straight,2000,2000,10,0.0,0.0,0.0,0.0,1.031431,-4.275744,484.979791,-445.235198,False,False,False,0.0,False,0.0,False,0.0,False,0.0,0.0,False,linear,0.0,0.0,0.0,0.0,False,clear,1.0,0.0
EXP_CC2CE078,42,2519,41.983333,1,1166.313124,315.764802,80.0,60.0,0.0,0.0,True,straight,2000,2000,10,0.0,0.0,0.0,0.0,1.039765,-4.269527,486.313124,-444.235198,False,False,False,0.0,False,0.0,False,0.0,False,0.0,0.0,False,linear,0.0,0.0,0.0,0.0,False,clear,1.0,0.0
EXP_CC2CE078,42,2520,42.0,1,1167.646458,316.764802,80.0,60.0,0.0,0.0,True,straight,2000,2000,10,0.0,0.0,0.0,0.0,1.048099,-4.26331,487.646458,-443.235198,False,False,False,0.0,False,0.0,False,0.0,False,0.0,0.0,False,linear,0.0,0.0,0.0,0.0,False,clear,1.0,0.0
EXP_CC2CE078,42,2521,42.016667,1,1168.979791,317.764802,80.0,60.0,0.0,0.0,True,straight,2000,2000,10,0.0,0.0,0.0,0.0,1.056433,-4.257093,488.979791,-442.235198,False,False,False,0.0,False,0.0,False,0.0,False,0.0,0.0,False,linear,0.0,0.0,0.0,0.0,False,clear,1.0,0.0
EXP_CC2CE078,42,2522,42.033333,1,1170.313124,318.764802,80.0,60.0,0.0,0.0,True,straight,2000,2000,10,0.0,0.0,0.0,0.0,1.064767,-4.250876,490.313124,-441.235198,False,False,False,0.0,False,0.0,False,0.0,False,0.0,0.0,False,linear,0.0,0.0,0.0,0.0,False,clear,1.0,0.0
EXP_CC2CE078,42,2523,42.05,1,1171.646458,319.764802,80.0,60.0,0.0,0.0,True,straight,2000,2000,10,0.0,0.0,0.0,0.0,1.073101,-4.244659,491.646458,-440.235198,False,False,False,0.0,False,0.0,False,0.0,False,0.0,0.0,False,linear,0.0,0.0,0.0,0.0,False,clear,1.0,0.0
EXP_CC2CE078,42,2524,42.066667,1,1172.979791,320.764802,80.0,60.0,0.0,0.0,True,straight,2000,2000,10,0.0,0.0,0.0,0.0,1.081435,-4.238442,492.979791,-439.235198,False,False,False,0.0,False,0.0,False,0.0,False,0.0,0.0,False,linear,0.0,0.0,0.0,0.0,False,clear,1.0,0.0
EXP_CC2CE078,42,2525,42.083333,1,1174.313124,321.764802,80.0,60.0,0.0,0.0,True,straight,2000,2000,10,0.0,0.0,0.0,0.0,1.089768,-4.232225,494.313124,-438.235198,False,False,False,0.0,False,0.0,False,0.0,False,0.0,0.0,False,linear,0.0,0.0,0.0,0.0,False,clear,1.0,0.0
EXP_CC2CE078,42,2526,42.1,1,1175.646458,322.764802,80.0,60.0,0.0,0.0,True,straight,2000,2000,10,0.0,0.0,0.0,0.0,1.098102,-4.226007,495.646458,-437.235198,False,False,False,0.0,False,0.0,False,0.0,False,0.0,0.0,False,linear,0.0,0.0,0.0,0.0,False,clear,1.0,0.0
EXP_CC2CE078,42,2527,42.116667,1,1176.979791,323.764802,80.0,60.0,0.0,0.0,True,straight,2000,2000,10,0.0,0.0,0.0,0.0,1.106436,-4.21979,496.979791,-436.235198,False,False,False,0.0,False,0.0,False,0.0,False,0.0,0.0,False,linear,0.0,0.0,0.0,0.0,False,clear,1.0,0.0
EXP_CC2CE078,42,2528,42.133333,1,1178.313124,324.764802,80.0,60.0,0.0,0.0,True,straight,2000,2000,10,0.0,0.0,0.0,0.0,1.114769,-4.213572,498.313124,-435.235198,False,False,False,0.0,False,0.0,False,0.0,False,0.0,0.0,False,linear,0.0,0.0,0.0,0.0,False,clear,1.0,0.0
EXP_CC2CE078,42,2529,42.15,1,1179.646458,325.764802,80.0,60.0,0.0,0.0,True,straight,2000,2000,10,0.0,0.0,0.0,0.0,1.123103,-4.207354,499.646458,-434.235198,False,False,False,0.0,False,0.0,False,0.0,False,0.0,0.0,False,linear,0.0,0.0,0.0,0.0,False,clear,1.0,0.0
EXP_CC2CE078,42,2530,42.166667,1,1180.979791,326.764802,80.0,60.0,0.0,0.0,True,straight,2000,2000,10,0.0,0.0,0.0,0.0,1.131436,-4.201136,500.979791,-433.235198,False,False,False,0.0,False,0.0,False,0.0,False,0.0,0.0,False,linear,0.0,0.0,0.0,0.0,False,clear,1.0,0.0
EXP_CC2CE078,42,2531,42.183333,1,1182.313124,327.764802,80.0,60.0,0.0,0.0,True,straight,2000,2000,10,0.0,0.0,0.0,0.0,1.13977,-4.194918,502.313124,-432.235198,False,False,False,0.0,False,0.0,False,0.0,False,0.0,0.0,False,linear,0.0,0.0,0.0,0.0,False,clear,1.0,0.0
EXP_CC2CE078,42,2532,42.2,1,1183.646458,328.764802,80.0,60.0,0.0,0.0,True,straight,2000,2000,10,0.0,0.0,0.0,0.0,1.148103,-4.1887,503.646458,-431.235198,False,False,False,0.0,False,0.0,False,0.0,False,0.0,0.0,False,linear,0.0,0.0,0.0,0.0,False,clear,1.0,0.0
EXP_CC2CE078,42,2533,42.216667,1,1184.979791,329.764802,80.0,60.0,0.0,0.0,True,straight,2000,2000,10,0.0,0.0,0.0,0.0,1.156436,-4.182482,504.979791,-430.235198,False,False,False,0.0,False,0.0,False,0.0,False,0.0,0.0,False,linear,0.0,0.0,0.0,0.0,False,clear,1.0,0.0
EXP_CC2CE078,42,2534,42.233333,1,1186.313124,330.764802,80.0,60.0,0.0,0.0,True,straight,2000,2000,10,0.0,0.0,0.0,0.0,1.16477,-4.176264,506.313124,-429.235198,False,False,False,0.0,False,0.0,False,0.0,False,0.0,0.0,False,linear,0.0,0.0,0.0,0.0,False,clear,1.0,0.0
EXP_CC2CE078,42,2535,42.25,1,1187.646458,331.764802,80.0,60.0,0.0,0.0,True,straight,2000,2000,10,0.0,0.0,0.0,0.0,1.173103,-4.170046,507.646458,-428.235198,False,False,False,0.0,False,0.0,False,0.0,False,0.0,0.0,False,linear,0.0,0.0,0.0,0.0,False,clear,1.0,0.0
EXP_CC2CE078,42,2536,42.266667,1,1188.979791,332.764802,80.0,60.0,0.0,0.0,True,straight,2000,2000,10,0.0,0.0,0.0,0.0,1.181436,-4.163827,508.979791,-427.235198,False,False,False,0.0,False,0.0,False,0.0,False,0.0,0.0,False,linear,0.0,0.0,0.0,0.0,False,clear,1.0,0.0
EXP_CC2CE078,42,2537,42.283333,1,1190.313124,333.764802,80.0,60.0,0.0,0.0,True,straight,2000,2000,10,0.0,0.0,0.0,0.0,1.189769,-4.157609,510.313124,-426.235198,False,False,False,0.0,False,0.0,False,0.0,False,0.0,0.0,False,linear,0.0,0.0,0.0,0.0,False,clear,1.0,0.0
EXP_CC2CE078,42,2538,42.3,1,1191.646458,334.764802,80.0,60.0,0.0,0.0,True,straight,2000,2000,10,0.0,0.0,0.0,0.0,1.198102,-4.15139,511.646458,-425.235198,False,False,False,0.0,False,0.0,False,0.0,False,0.0,0.0,False,linear,0.0,0.0,0.0,0.0,False,clear,1.0,0.0
EXP_CC2CE078,42,2539,42.316667,1,1192.979791,335.764802,80.0,60.0,0.0,0.0,True,straight,2000,2000,10,0.0,0.0,0.0,0.0,1.206435,-4.145171,512.979791,-424.235198,False,False,False,0.0,False,0.0,False,0.0,False,0.0,0.0,False,linear,0.0,0.0,0.0,0.0,False,clear,1.0,0.0
EXP_CC2CE078,42,2540,42.333333,1,1194.313124,336.764802,80.0,60.0,0.0,0.0,True,straight,2000,2000,10,0.0,0.0,0.0,0.0,1.214768,-4.138953,514.313124,-423.235198,False,False,False,0.0,False,0.0,False,0.0,False,0.0,0.0,False,linear,0.0,0.0,0.0,0.0,False,clear,1.0,0.0
EXP_CC2CE078,42,2541,42.35,1,1195.646458,337.764802,80.0,60.0,0.0,0.0,True,straight,2000,2000,10,0.0,0.0,0.0,0.0,1.223101,-4.132734,515.646458,-422.235198,False,False,False,0.0,False,0.0,False,0.0,False,0.0,0.0,False,linear,0.0,0.0,0.0,0.0,False,clear,1.0,0.0
EXP_CC2CE078,42,2542,42.366667,1,1196.979791,338.764802,80.0,60.0,0.0,0.0,True,straight,2000,2000,10,0.0,0.0,0.0,0.0,1.231434,-4.126515,516.979791,-421.235198,False,False,False,0.0,False,0.0,False,0.0,False,0.0,0.0,False,linear,0.0,0.0,0.0,0.0,False,clear,1.0,0.0
EXP_CC2CE078,42,2543,42.383333,1,1198.313124,339.764802,80.0,60.0,0.0,0.0,True,straight,2000,2000,10,0.0,0.0,0.0,0.0,1.239767,-4.120296,518.313124,-420.235198,False,False,False,0.0,False,0.0,False,0.0,False,0.0,0.0,False,linear,0.0,0.0,0.0,0.0,False,clear,1.0,0.0
EXP_CC2CE078,42,2544,42.4,1,1199.646458,340.764802,80.0,60.0,0.0,0.0,True,straight,2000,2000,10,0.0,0.0,0.0,0.0,1.2481,-4.114076,519.646458,-419.235198,False,False,False,0.0,False,0.0,False,0.0,False,0.0,0.0,False,linear,0.0,0.0,0.0,0.0,False,clear,1.0,0.0
EXP_CC2CE078,42,2545,42.416667,1,1200.979791,341.764802,80.0,60.0,0.0,0.0,True,straight,2000,2000,10,0.0,0.0,0.0,0.0,1.256433,-4.107857,520.979791,-418.235198,False,False,False,0.0,False,0.0,False,0.0,False,0.0,0.0,False,linear,0.0,0.0,0.0,0.0,False,clear,1.0,0.0
EXP_CC2CE078,42,2546,42.433333,1,1202.313124,342.764802,80.0,60.0,0.0,0.0,True,straight,2000,2000,10,0.0,0.0,0.0,0.0,1.264765,-4.101638,522.313124,-417.235198,False,False,False,0.0,False,0.0,False,0.0,False,0.0,0.0,False,linear,0.0,0.0,0.0,0.0,False,clear,1.0,0.0
EXP_CC2CE078,42,2547,42.45,1,1203.646458,343.764802,80.0,60.0,0.0,0.0,True,straight,2000,2000,10,0.0,0.0,0.0,0.0,1.273098,-4.095418,523.646458,-416.235198,False,False,False,0.0,False,0.0,False,0.0,False,0.0,0.0,False,linear,0.0,0.0,0.0,0.0,False,clear,1.0,0.0
EXP_CC2CE078,42,2548,42.466667,1,1204.979791,344.764802,80.0,60.0,0.0,0.0,True,straight,2000,2000,10,0.0,0.0,0.0,0.0,1.281431,-4.089199,524.979791,-415.235198,False,False,False,0.0,False,0.0,False,0.0,False,0.0,0.0,False,linear,0.0,0.0,0.0,0.0,False,clear,1.0,0.0
EXP_CC2CE078,42,2549,42.483333,1,1206.313124,345.764802,80.0,60.0,0.0,0.0,True,straight,2000,2000,10,0.0,0.0,0.0,0.0,1.289763,-4.082979,526.313124,-414.235198,False,False,False,0.0,False,0.0,False,0.0,False,0.0,0.0,False,linear,0.0,0.0,0.0,0.0,False,clear,1.0,0.0
EXP_CC2CE078,42,2550,42.5,1,1207.646458,346.764802,80.0,60.0,0.0,0.0,True,straight,2000,2000,10,0.0,0.0,0.0,0.0,1.298096,-4.076759,527.646458,-413.235198,False,False,False,0.0,False,0.0,False,0.0,False,0.0,0.0,False,linear,0.0,0.0,0.0,0.0,False,clear,1.0,0.0
EXP_CC2CE078,42,2551,42.516667,1,1208.979791,347.764802,80.0,60.0,0.0,0.0,True,straight,2000,2000,10,0.0,0.0,0.0,0.0,1.306428,-4.070539,528.979791,-412.235198,False,False,False,0.0,False,0.0,False,0.0,False,0.0,0.0,False,linear,0.0,0.0,0.0,0.0,False,clear,1.0,0.0
EXP_CC2CE078,42,2552,42.533333,1,1210.313124,348.764802,80.0,60.0,0.0,0.0,True,straight,2000,2000,10,0.0,0.0,0.0,0.0,1.31476,-4.064319,530.313124,-411.235198,False,False,False,0.0,False,0.0,False,0.0,False,0.0,0.0,False,linear,0.0,0.0,0.0,0.0,False,clear,1.0,0.0
EXP_CC2CE078,42,2553,42.55,1,1211.646458,349.764802,80.0,60.0,0.0,0.0,True,straight,2000,2000,10,0.0,0.0,0.0,0.0,1.323093,-4.058099,531.646458,-410.235198,False,False,False,0.0,False,0.0,False,0.0,False,0.0,0.0,False,linear,0.0,0.0,0.0,0.0,False,clear,1.0,0.0
EXP_CC2CE078,42,2554,42.566667,1,1212.979791,350.764802,80.0,60.0,0.0,0.0,True,straight,2000,2000,10,0.0,0.0,0.0,0.0,1.331425,-4.051879,532.979791,-409.235198,False,False,False,0.0,False,0.0,False,0.0,False,0.0,0.0,False,linear,0.0,0.0,0.0,0.0,False,clear,1.0,0.0
EXP_CC2CE078,42,2555,42.583333,1,1214.313124,351.764802,80.0,60.0,0.0,0.0,True,straight,2000,2000,10,0.0,0.0,0.0,0.0,1.339757,-4.045659,534.313124,-408.235198,False,False,False,0.0,False,0.0,False,0.0,False,0.0,0.0,False,linear,0.0,0.0,0.0,0.0,False,clear,1.0,0.0
EXP_CC2CE078,42,2556,42.6,1,1215.646458,352.764802,80.0,60.0,0.0,0.0,True,straight,2000,2000,10,0.0,0.0,0.0,0.0,1.348089,-4.039438,535.646458,-407.235198,False,False,False,0.0,False,0.0,False,0.0,False,0.0,0.0,False,linear,0.0,0.0,0.0,0.0,False,clear,1.0,0.0
EXP_CC2CE078,42,2557,42.616667,1,1216.979791,353.764802,80.0,60.0,0.0,0.0,True,straight,2000,2000,10,0.0,0.0,0.0,0.0,1.356421,-4.033218,536.979791,-406.235198,False,False,False,0.0,False,0.0,False,0.0,False,0.0,0.0,False,linear,0.0,0.0,0.0,0.0,False,clear,1.0,0.0
EXP_CC2CE078,42,2558,42.633333,1,1218.313124,354.764802,80.0,60.0,0.0,0.0,True,straight,2000,2000,10,0.0,0.0,0.0,0.0,1.364753,-4.026997,538.313124,-405.235198,False,False,False,0.0,False,0.0,False,0.0,False,0.0,0.0,False,linear,0.0,0.0,0.0,0.0,False,clear,1.0,0.0
EXP_CC2CE078,42,2559,42.65,1,1219.646458,355.764802,80.0,60.0,0.0,0.0,True,straight,2000,2000,10,0.0,0.0,0.0,0.0,1.373085,-4.020777,539.646458,-404.235198,False,False,False,0.0,False,0.0,False,0.0,False,0.0,0.0,False,linear,0.0,0.0,0.0,0.0,False,clear,1.0,0.0
EXP_CC2CE078,42,2560,42.666667,1,1220.979791,356.764802,80.0,60.0,0.0,0.0,True,straight,2000,2000,10,0.0,0.0,0.0,0.0,1.381417,-4.014556,540.979791,-403.235198,False,False,False,0.0,False,0.0,False,0.0,False,0.0,0.0,False,linear,0.0,0.0,0.0,0.0,False,clear,1.0,0.0
EXP_CC2CE078,42,2561,42.683333,1,1222.313124,357.764802,80.0,60.0,0.0,0.0,True,straight,2000,2000,10,0.0,0.0,0.0,0.0,1.389749,-4.008335,542.313124,-402.235198,False,False,False,0.0,False,0.0,False,0.0,False,0.0,0.0,False,linear,0.0,0.0,0.0,0.0,False,clear,1.0,0.0
EXP_CC2CE078,42,2562,42.7,1,1223.646458,358.764802,80.0,60.0,0.0,0.0,True,straight,2000,2000,10,0.0,0.0,0.0,0.0,1.398081,-4.002114,543.646458,-401.235198,False,False,False,0.0,False,0.0,False,0.0,False,0.0,0.0,False,linear,0.0,0.0,0.0,0.0,False,clear,1.0,0.0
EXP_CC2CE078,42,2563,42.716667,1,1224.979791,359.764802,80.0,60.0,0.0,0.0,True,straight,2000,2000,10,0.0,0.0,0.0,0.0,1.406413,-3.995893,544.979791,-400.235198,False,False,False,0.0,False,0.0,False,0.0,False,0.0,0.0,False,linear,0.0,0.0,0.0,0.0,False,clear,1.0,0.0
EXP_CC2CE078,42,2564,42.733333,1,1226.313124,360.764802,80.0,60.0,0.0,0.0,True,straight,2000,2000,10,0.0,0.0,0.0,0.0,1.414744,-3.989672,546.313124,-399.235198,False,False,False,0.0,False,0.0,False,0.0,False,0.0,0.0,False,linear,0.0,0.0,0.0,0.0,False,clear,1.0,0.0
EXP_CC2CE078,42,2565,42.75,1,1227.646458,361.764802,80.0,60.0,0.0,0.0,True,straight,2000,2000,10,0.0,0.0,0.0,0.0,1.423076,-3.983451,547.646458,-398.235198,False,False,False,0.0,False,0.0,False,0.0,False,0.0,0.0,False,linear,0.0,0.0,0.0,0.0,False,clear,1.0,0.0
EXP_CC2CE078,42,2566,42.766667,1,1228.979791,362.764802,80.0,60.0,0.0,0.0,True,straight,2000,2000,10,0.0,0.0,0.0,0.0,1.431407,-3.97723,548.979791,-397.235198,False,False,False,0.0,False,0.0,False,0.0,False,0.0,0.0,False,linear,0.0,0.0,0.0,0.0,False,clear,1.0,0.0
EXP_CC2CE078,42,2567,42.783333,1,1230.313124,363.764802,80.0,60.0,0.0,0.0,True,straight,2000,2000,10,0.0,0.0,0.0,0.0,1.439739,-3.971008,550.313124,-396.235198,False,False,False,0.0,False,0.0,False,0.0,False,0.0,0.0,False,linear,0.0,0.0,0.0,0.0,False,clear,1.0,0.0
EXP_CC2CE078,42,2568,42.8,1,1231.646458,364.764802,80.0,60.0,0.0,0.0,True,straight,2000,2000,10,0.0,0.0,0.0,0.0,1.44807,-3.964787,551.646458,-395.235198,False,False,False,0.0,False,0.0,False,0.0,False,0.0,0.0,False,linear,0.0,0.0,0.0,0.0,False,clear,1.0,0.0
EXP_CC2CE078,42,2569,42.816667,1,1232.979791,365.764802,80.0,60.0,0.0,0.0,True,straight,2000,2000,10,0.0,0.0,0.0,0.0,1.456402,-3.958565,552.979791,-394.235198,False,False,False,0.0,False,0.0,False,0.0,False,0.0,0.0,False,linear,0.0,0.0,0.0,0.0,False,clear,1.0,0.0
EXP_CC2CE078,42,2570,42.833333,1,1234.313124,366.764802,80.0,60.0,0.0,0.0,True,straight,2000,2000,10,0.0,0.0,0.0,0.0,1.464733,-3.952343,554.313124,-393.235198,False,False,False,0.0,False,0.0,False,0.0,False,0.0,0.0,False,linear,0.0,0.0,0.0,0.0,False,clear,1.0,0.0
EXP_CC2CE078,42,2571,42.85,1,1235.646458,367.764802,80.0,60.0,0.0,0.0,True,straight,2000,2000,10,0.0,0.0,0.0,0.0,1.473064,-3.946122,555.646458,-392.235198,False,False,False,0.0,False,0.0,False,0.0,False,0.0,0.0,False,linear,0.0,0.0,0.0,0.0,False,clear,1.0,0.0
EXP_CC2CE078,42,2572,42.866667,1,1236.979791,368.764802,80.0,60.0,0.0,0.0,True,straight,2000,2000,10,0.0,0.0,0.0,0.0,1.481395,-3.9399,556.979791,-391.235198,False,False,False,0.0,False,0.0,False,0.0,False,0.0,0.0,False,linear,0.0,0.0,0.0,0.0,False,clear,1.0,0.0
EXP_CC2CE078,42,2573,42.883333,1,1238.313124,369.764802,80.0,60.0,0.0,0.0,True,straight,2000,2000,10,0.0,0.0,0.0,0.0,1.489726,-3.933678,558.313124,-390.235198,False,False,False,0.0,False,0.0,False,0.0,False,0.0,0.0,False,linear,0.0,0.0,0.0,0.0,False,clear,1.0,0.0
EXP_CC2CE078,42,2574,42.9,1,1239.646458,370.764802,80.0,60.0,0.0,0.0,True,straight,2000,2000,10,0.0,0.0,0.0,0.0,1.498058,-3.927456,559.646458,-389.235198,False,False,False,0.0,False,0.0,False,0.0,False,0.0,0.0,False,linear,0.0,0.0,0.0,0.0,False,clear,1.0,0.0
EXP_CC2CE078,42,2575,42.916667,1,1240.979791,371.764802,80.0,60.0,0.0,0.0,True,straight,2000,2000,10,0.0,0.0,0.0,0.0,1.506389,-3.921234,560.979791,-388.235198,False,False,False,0.0,False,0.0,False,0.0,False,0.0,0.0,False,linear,0.0,0.0,0.0,0.0,False,clear,1.0,0.0
EXP_CC2CE078,42,2576,42.933333,1,1242.313124,372.764802,80.0,60.0,0.0,0.0,True,straight,2000,2000,10,0.0,0.0,0.0,0.0,1.514719,-3.915011,562.313124,-387.235198,False,False,False,0.0,False,0.0,False,0.0,False,0.0,0.0,False,linear,0.0,0.0,0.0,0.0,False,clear,1.0,0.0
EXP_CC2CE078,42,2577,42.95,1,1243.646458,373.764802,80.0,60.0,0.0,0.0,True,straight,2000,2000,10,0.0,0.0,0.0,0.0,1.52305,-3.908789,563.646458,-386.235198,False,False,False,0.0,False,0.0,False,0.0,False,0.0,0.0,False,linear,0.0,0.0,0.0,0.0,False,clear,1.0,0.0
EXP_CC2CE078,42,2578,42.966667,1,1244.979791,374.764802,80.0,60.0,0.0,0.0,True,straight,2000,2000,10,0.0,0.0,0.0,0.0,1.531381,-3.902567,564.979791,-385.235198,False,False,False,0.0,False,0.0,False,0.0,False,0.0,0.0,False,linear,0.0,0.0,0.0,0.0,False,clear,1.0,0.0
EXP_CC2CE078,42,2579,42.983333,1,1246.313124,375.764802,80.0,60.0,0.0,0.0,True,straight,2000,2000,10,0.0,0.0,0.0,0.0,1.539712,-3.896344,566.313124,-384.235198,False,False,False,0.0,False,0.0,False,0.0,False,0.0,0.0,False,linear,0.0,0.0,0.0,0.0,False,clear,1.0,0.0
EXP_CC2CE078,42,2580,43.0,1,1247.646458,376.764802,80.0,60.0,0.0,0.0,True,straight,2000,2000,10,0.0,0.0,0.0,0.0,1.548043,-3.890122,567.646458,-383.235198,False,False,False,0.0,False,0.0,False,0.0,False,0.0,0.0,False,linear,0.0,0.0,0.0,0.0,False,clear,1.0,0.0
EXP_CC2CE078,42,2581,43.016667,1,1248.979791,377.764802,80.0,60.0,0.0,0.0,True,straight,2000,2000,10,0.0,0.0,0.0,0.0,1.556373,-3.883899,568.979791,-382.235198,False,False,False,0.0,False,0.0,False,0.0,False,0.0,0.0,False,linear,0.0,0.0,0.0,0.0,False,clear,1.0,0.0
EXP_CC2CE078,42,2582,43.033333,1,1250.313124,378.764802,80.0,60.0,0.0,0.0,True,straight,2000,2000,10,0.0,0.0,0.0,0.0,1.564704,-3.877676,570.313124,-381.235198,False,False,False,0.0,False,0.0,False,0.0,False,0.0,0.0,False,linear,0.0,0.0,0.0,0.0,False,clear,1.0,0.0
EXP_CC2CE078,42,2583,43.05,1,1251.646458,379.764802,80.0,60.0,0.0,0.0,True,straight,2000,2000,10,0.0,0.0,0.0,0.0,1.573034,-3.871453,571.646458,-380.235198,False,False,False,0.0,False,0.0,False,0.0,False,0.0,0.0,False,linear,0.0,0.0,0.0,0.0,False,clear,1.0,0.0
EXP_CC2CE078,42,2584,43.066667,1,1252.979791,380.764802,80.0,60.0,0.0,0.0,True,straight,2000,2000,10,0.0,0.0,0.0,0.0,1.581365,-3.86523,572.979791,-379.235198,False,False,False,0.0,False,0.0,False,0.0,False,0.0,0.0,False,linear,0.0,0.0,0.0,0.0,False,clear,1.0,0.0
EXP_CC2CE078,42,2585,43.083333,1,1254.313124,381.764802,80.0,60.0,0.0,0.0,True,straight,2000,2000,10,0.0,0.0,0.0,0.0,1.589695,-3.859007,574.313124,-378.235198,False,False,False,0.0,False,0.0,False,0.0,False,0.0,0.0,False,linear,0.0,0.0,0.0,0.0,False,clear,1.0,0.0
EXP_CC2CE078,42,2586,43.1,1,1255.646458,382.764802,80.0,60.0,0.0,0.0,True,straight,2000,2000,10,0.0,0.0,0.0,0.0,1.598025,-3.852784,575.646458,-377.235198,False,False,False,0.0,False,0.0,False,0.0,False,0.0,0.0,False,linear,0.0,0.0,0.0,0.0,False,clear,1.0,0.0
EXP_CC2CE078,42,2587,43.116667,1,1256.979791,383.764802,80.0,60.0,0.0,0.0,True,straight,2000,2000,10,0.0,0.0,0.0,0.0,1.606355,-3.846561,576.979791,-376.235198,False,False,False,0.0,False,0.0,False,0.0,False,0.0,0.0,False,linear,0.0,0.0,0.0,0.0,False,clear,1.0,0.0
EXP_CC2CE078,42,2588,43.133333,1,1258.313124,384.764802,80.0,60.0,0.0,0.0,True,straight,2000,2000,10,0.0,0.0,0.0,0.0,1.614685,-3.840337,578.313124,-375.235198,False,False,False,0.0,False,0.0,False,0.0,False,0.0,0.0,False,linear,0.0,0.0,0.0,0.0,False,clear,1.0,0.0
EXP_CC2CE078,42,2589,43.15,1,1259.646458,385.764802,80.0,60.0,0.0,0.0,True,straight,2000,2000,10,0.0,0.0,0.0,0.0,1.623016,-3.834114,579.646458,-374.235198,False,False,False,0.0,False,0.0,False,0.0,False,0.0,0.0,False,linear,0.0,0.0,0.0,0.0,False,clear,1.0,0.0
EXP_CC2CE078,42,2590,43.166667,1,1260.979791,386.764802,80.0,60.0,0.0,0.0,True,straight,2000,2000,10,0.0,0.0,0.0,0.0,1.631346,-3.82789,580.979791,-373.235198,False,False,False,0.0,False,0.0,False,0.0,False,0.0,0.0,False,linear,0.0,0.0,0.0,0.0,False,clear,1.0,0.0
EXP_CC2CE078,42,2591,43.183333,1,1262.313124,387.764802,80.0,60.0,0.0,0.0,True,straight,2000,2000,10,0.0,0.0,0.0,0.0,1.639675,-3.821667,582.313124,-372.235198,False,False,False,0.0,False,0.0,False,0.0,False,0.0,0.0,False,linear,0.0,0.0,0.0,0.0,False,clear,1.0,0.0
EXP_CC2CE078,42,2592,43.2,1,1263.646458,388.764802,80.0,60.0,0.0,0.0,True,straight,2000,2000,10,0.0,0.0,0.0,0.0,1.648005,-3.815443,583.646458,-371.235198,False,False,False,0.0,False,0.0,False,0.0,False,0.0,0.0,False,linear,0.0,0.0,0.0,0.0,False,clear,1.0,0.0
EXP_CC2CE078,42,2593,43.216667,1,1264.979791,389.764802,80.0,60.0,0.0,0.0,True,straight,2000,2000,10,0.0,0.0,0.0,0.0,1.656335,-3.809219,584.979791,-370.235198,False,False,False,0.0,False,0.0,False,0.0,False,0.0,0.0,False,linear,0.0,0.0,0.0,0.0,False,clear,1.0,0.0
EXP_CC2CE078,42,2594,43.233333,1,1266.313124,390.764802,80.0,60.0,0.0,0.0,True,straight,2000,2000,10,0.0,0.0,0.0,0.0,1.664665,-3.802995,586.313124,-369.235198,False,False,False,0.0,False,0.0,False,0.0,False,0.0,0.0,False,linear,0.0,0.0,0.0,0.0,False,clear,1.0,0.0
EXP_CC2CE078,42,2595,43.25,1,1267.646458,391.764802,80.0,60.0,0.0,0.0,True,straight,2000,2000,10,0.0,0.0,0.0,0.0,1.672994,-3.796771,587.646458,-368.235198,False,False,False,0.0,False,0.0,False,0.0,False,0.0,0.0,False,linear,0.0,0.0,0.0,0.0,False,clear,1.0,0.0
EXP_CC2CE078,42,2596,43.266667,1,1268.979791,392.764802,80.0,60.0,0.0,0.0,True,straight,2000,2000,10,0.0,0.0,0.0,0.0,1.681324,-3.790547,588.979791,-367.235198,False,False,False,0.0,False,0.0,False,0.0,False,0.0,0.0,False,linear,0.0,0.0,0.0,0.0,False,clear,1.0,0.0
EXP_CC2CE078,42,2597,43.283333,1,1270.313124,393.764802,80.0,60.0,0.0,0.0,True,straight,2000,2000,10,0.0,0.0,0.0,0.0,1.689654,-3.784323,590.313124,-366.235198,False,False,False,0.0,False,0.0,False,0.0,False,0.0,0.0,False,linear,0.0,0.0,0.0,0.0,False,clear,1.0,0.0
EXP_CC2CE078,42,2598,43.3,1,1271.646458,394.764802,80.0,60.0,0.0,0.0,True,straight,2000,2000,10,0.0,0.0,0.0,0.0,1.697983,-3.778099,591.646458,-365.235198,False,False,False,0.0,False,0.0,False,0.0,False,0.0,0.0,False,linear,0.0,0.0,0.0,0.0,False,clear,1.0,0.0
EXP_CC2CE078,42,2599,43.316667,1,1272.979791,395.764802,80.0,60.0,0.0,0.0,True,straight,2000,2000,10,0.0,0.0,0.0,0.0,1.706312,-3.771875,592.979791,-364.235198,False,False,False,0.0,False,0.0,False,0.0,False,0.0,0.0,False,linear,0.0,0.0,0.0,0.0,False,clear,1.0,0.0
EXP_CC2CE078,42,2600,43.333333,1,1274.313124,396.764802,80.0,60.0,0.0,0.0,True,straight,2000,2000,10,0.0,0.0,0.0,0.0,1.714642,-3.76565,594.313124,-363.235198,False,False,False,0.0,False,0.0,False,0.0,False,0.0,0.0,False,linear,0.0,0.0,0.0,0.0,False,clear,1.0,0.0
EXP_CC2CE078,42,2601,43.35,1,1275.646458,397.764802,80.0,60.0,0.0,0.0,True,straight,2000,2000,10,0.0,0.0,0.0,0.0,1.722971,-3.759426,595.646458,-362.235198,False,False,False,0.0,False,0.0,False,0.0,False,0.0,0.0,False,linear,0.0,0.0,0.0,0.0,False,clear,1.0,0.0
EXP_CC2CE078,42,2602,43.366667,1,1276.979791,398.764802,80.0,60.0,0.0,0.0,True,straight,2000,2000,10,0.0,0.0,0.0,0.0,1.7313,-3.753201,596.979791,-361.235198,False,False,False,0.0,False,0.0,False,0.0,False,0.0,0.0,False,linear,0.0,0.0,0.0,0.0,False,clear,1.0,0.0
EXP_CC2CE078,42,2603,43.383333,1,1278.313124,399.764802,80.0,60.0,0.0,0.0,True,straight,2000,2000,10,0.0,0.0,0.0,0.0,1.739629,-3.746976,598.313124,-360.235198,False,False,False,0.0,False,0.0,False,0.0,False,0.0,0.0,False,linear,0.0,0.0,0.0,0.0,False,clear,1.0,0.0
EXP_CC2CE078,42,2604,43.4,1,1279.646458,400.764802,80.0,60.0,0.0,0.0,True,straight,2000,2000,10,0.0,0.0,0.0,0.0,1.747958,-3.740752,599.646458,-359.235198,False,False,False,0.0,False,0.0,False,0.0,False,0.0,0.0,False,linear,0.0,0.0,0.0,0.0,False,clear,1.0,0.0
EXP_CC2CE078,42,2605,43.416667,1,1280.979791,401.764802,80.0,60.0,0.0,0.0,True,straight,2000,2000,10,0.0,0.0,0.0,0.0,1.756287,-3.734527,600.979791,-358.235198,False,False,False,0.0,False,0.0,False,0.0,False,0.0,0.0,False,linear,0.0,0.0,0.0,0.0,False,clear,1.0,0.0
EXP_CC2CE078,42,2606,43.433333,1,1282.313124,402.764802,80.0,60.0,0.0,0.0,True,straight,2000,2000,10,0.0,0.0,0.0,0.0,1.764616,-3.728302,602.313124,-357.235198,False,False,False,0.0,False,0.0,False,0.0,False,0.0,0.0,False,linear,0.0,0.0,0.0,0.0,False,clear,1.0,0.0
EXP_CC2CE078,42,2607,43.45,1,1283.646458,403.764802,80.0,60.0,0.0,0.0,True,straight,2000,2000,10,0.0,0.0,0.0,0.0,1.772945,-3.722077,603.646458,-356.235198,False,False,False,0.0,False,0.0,False,0.0,False,0.0,0.0,False,linear,0.0,0.0,0.0,0.0,False,clear,1.0,0.0
EXP_CC2CE078,42,2608,43.466667,1,1284.979791,404.764802,80.0,60.0,0.0,0.0,True,straight,2000,2000,10,0.0,0.0,0.0,0.0,1.781273,-3.715852,604.979791,-355.235198,False,False,False,0.0,False,0.0,False,0.0,False,0.0,0.0,False,linear,0.0,0.0,0.0,0.0,False,clear,1.0,0.0
EXP_CC2CE078,42,2609,43.483333,1,1286.313124,405.764802,80.0,60.0,0.0,0.0,True,straight,2000,2000,10,0.0,0.0,0.0,0.0,1.789602,-3.709627,606.313124,-354.235198,False,False,False,0.0,False,0.0,False,0.0,False,0.0,0.0,False,linear,0.0,0.0,0.0,0.0,False,clear,1.0,0.0
EXP_CC2CE078,42,2610,43.5,1,1287.646458,406.764802,80.0,60.0,0.0,0.0,True,straight,2000,2000,10,0.0,0.0,0.0,0.0,1.797931,-3.703401,607.646458,-353.235198,False,False,False,0.0,False,0.0,False,0.0,False,0.0,0.0,False,linear,0.0,0.0,0.0,0.0,False,clear,1.0,0.0
EXP_CC2CE078,42,2611,43.516667,1,1288.979791,407.764802,80.0,60.0,0.0,0.0,True,straight,2000,2000,10,0.0,0.0,0.0,0.0,1.806259,-3.697176,608.979791,-352.235198,False,False,False,0.0,False,0.0,False,0.0,False,0.0,0.0,False,linear,0.0,0.0,0.0,0.0,False,clear,1.0,0.0
EXP_CC2CE078,42,2612,43.533333,1,1290.313124,408.764802,80.0,60.0,0.0,0.0,True,straight,2000,2000,10,0.0,0.0,0.0,0.0,1.814587,-3.69095,610.313124,-351.235198,False,False,False,0.0,False,0.0,False,0.0,False,0.0,0.0,False,linear,0.0,0.0,0.0,0.0,False,clear,1.0,0.0
EXP_CC2CE078,42,2613,43.55,1,1291.646458,409.764802,80.0,60.0,0.0,0.0,True,straight,2000,2000,10,0.0,0.0,0.0,0.0,1.822916,-3.684725,611.646458,-350.235198,False,False,False,0.0,False,0.0,False,0.0,False,0.0,0.0,False,linear,0.0,0.0,0.0,0.0,False,clear,1.0,0.0
EXP_CC2CE078,42,2614,43.566667,1,1292.979791,410.764802,80.0,60.0,0.0,0.0,True,straight,2000,2000,10,0.0,0.0,0.0,0.0,1.831244,-3.678499,612.979791,-349.235198,False,False,False,0.0,False,0.0,False,0.0,False,0.0,0.0,False,linear,0.0,0.0,0.0,0.0,False,clear,1.0,0.0
EXP_CC2CE078,42,2615,43.583333,1,1294.313124,411.764802,80.0,60.0,0.0,0.0,True,straight,2000,2000,10,0.0,0.0,0.0,0.0,1.839572,-3.672273,614.313124,-348.235198,False,False,False,0.0,False,0.0,False,0.0,False,0.0,0.0,False,linear,0.0,0.0,0.0,0.0,False,clear,1.0,0.0
EXP_CC2CE078,42,2616,43.6,1,1295.646458,412.764802,80.0,60.0,0.0,0.0,True,straight,2000,2000,10,0.0,0.0,0.0,0.0,1.8479,-3.666048,615.646458,-347.235198,False,False,False,0.0,False,0.0,False,0.0,False,0.0,0.0,False,linear,0.0,0.0,0.0,0.0,False,clear,1.0,0.0
EXP_CC2CE078,42,2617,43.616667,1,1296.979791,413.764802,80.0,60.0,0.0,0.0,True,straight,2000,2000,10,0.0,0.0,0.0,0.0,1.856228,-3.659822,616.979791,-346.235198,False,False,False,0.0,False,0.0,False,0.0,False,0.0,0.0,False,linear,0.0,0.0,0.0,0.0,False,clear,1.0,0.0
EXP_CC2CE078,42,2618,43.633333,1,1298.313124,414.764802,80.0,60.0,0.0,0.0,True,straight,2000,2000,10,0.0,0.0,0.0,0.0,1.864556,-3.653596,618.313124,-345.235198,False,False,False,0.0,False,0.0,False,0.0,False,0.0,0.0,False,linear,0.0,0.0,0.0,0.0,False,clear,1.0,0.0
EXP_CC2CE078,42,2619,43.65,1,1299.646458,415.764802,80.0,60.0,0.0,0.0,True,straight,2000,2000,10,0.0,0.0,0.0,0.0,1.872884,-3.64737,619.646458,-344.235198,False,False,False,0.0,False,0.0,False,0.0,False,0.0,0.0,False,linear,0.0,0.0,0.0,0.0,False,clear,1.0,0.0
EXP_CC2CE078,42,2620,43.666667,1,1300.979791,416.764802,80.0,60.0,0.0,0.0,True,straight,2000,2000,10,0.0,0.0,0.0,0.0,1.881212,-3.641143,620.979791,-343.235198,False,False,False,0.0,False,0.0,False,0.0,False,0.0,0.0,False,linear,0.0,0.0,0.0,0.0,False,clear,1.0,0.0
EXP_CC2CE078,42,2621,43.683333,1,1302.313124,417.764802,80.0,60.0,0.0,0.0,True,straight,2000,2000,10,0.0,0.0,0.0,0.0,1.88954,-3.634917,622.313124,-342.235198,False,False,False,0.0,False,0.0,False,0.0,False,0.0,0.0,False,linear,0.0,0.0,0.0,0.0,False,clear,1.0,0.0
EXP_CC2CE078,42,2622,43.7,1,1303.646458,418.764802,80.0,60.0,0.0,0.0,True,straight,2000,2000,10,0.0,0.0,0.0,0.0,1.897867,-3.628691,623.646458,-341.235198,False,False,False,0.0,False,0.0,False,0.0,False,0.0,0.0,False,linear,0.0,0.0,0.0,0.0,False,clear,1.0,0.0
EXP_CC2CE078,42,2623,43.716667,1,1304.979791,419.764802,80.0,60.0,0.0,0.0,True,straight,2000,2000,10,0.0,0.0,0.0,0.0,1.906195,-3.622464,624.979791,-340.235198,False,False,False,0.0,False,0.0,False,0.0,False,0.0,0.0,False,linear,0.0,0.0,0.0,0.0,False,clear,1.0,0.0
EXP_CC2CE078,42,2624,43.733333,1,1306.313124,420.764802,80.0,60.0,0.0,0.0,True,straight,2000,2000,10,0.0,0.0,0.0,0.0,1.914522,-3.616238,626.313124,-339.235198,False,False,False,0.0,False,0.0,False,0.0,False,0.0,0.0,False,linear,0.0,0.0,0.0,0.0,False,clear,1.0,0.0
EXP_CC2CE078,42,2625,43.75,1,1307.646458,421.764802,80.0,60.0,0.0,0.0,True,straight,2000,2000,10,0.0,0.0,0.0,0.0,1.922849,-3.610011,627.646458,-338.235198,False,False,False,0.0,False,0.0,False,0.0,False,0.0,0.0,False,linear,0.0,0.0,0.0,0.0,False,clear,1.0,0.0
EXP_CC2CE078,42,2626,43.766667,1,1308.979791,422.764802,80.0,60.0,0.0,0.0,True,straight,2000,2000,10,0.0,0.0,0.0,0.0,1.931177,-3.603785,628.979791,-337.235198,False,False,False,0.0,False,0.0,False,0.0,False,0.0,0.0,False,linear,0.0,0.0,0.0,0.0,False,clear,1.0,0.0
EXP_CC2CE078,42,2627,43.783333,1,1310.313124,423.764802,80.0,60.0,0.0,0.0,True,straight,2000,2000,10,0.0,0.0,0.0,0.0,1.939504,-3.597558,630.313124,-336.235198,False,False,False,0.0,False,0.0,False,0.0,False,0.0,0.0,False,linear,0.0,0.0,0.0,0.0,False,clear,1.0,0.0
EXP_CC2CE078,42,2628,43.8,1,1311.646458,424.764802,80.0,60.0,0.0,0.0,True,straight,2000,2000,10,0.0,0.0,0.0,0.0,1.947831,-3.591331,631.646458,-335.235198,False,False,False,0.0,False,0.0,False,0.0,False,0.0,0.0,False,linear,0.0,0.0,0.0,0.0,False,clear,1.0,0.0
EXP_CC2CE078,42,2629,43.816667,1,1312.979791,425.764802,80.0,60.0,0.0,0.0,True,straight,2000,2000,10,0.0,0.0,0.0,0.0,1.956158,-3.585104,632.979791,-334.235198,False,False,False,0.0,False,0.0,False,0.0,False,0.0,0.0,False,linear,0.0,0.0,0.0,0.0,False,clear,1.0,0.0
EXP_CC2CE078,42,2630,43.833333,1,1314.313124,426.764802,80.0,60.0,0.0,0.0,True,straight,2000,2000,10,0.0,0.0,0.0,0.0,1.964485,-3.578877,634.313124,-333.235198,False,False,False,0.0,False,0.0,False,0.0,False,0.0,0.0,False,linear,0.0,0.0,0.0,0.0,False,clear,1.0,0.0
EXP_CC2CE078,42,2631,43.85,1,1315.646458,427.764802,80.0,60.0,0.0,0.0,True,straight,2000,2000,10,0.0,0.0,0.0,0.0,1.972812,-3.57265,635.646458,-332.235198,False,False,False,0.0,False,0.0,False,0.0,False,0.0,0.0,False,linear,0.0,0.0,0.0,0.0,False,clear,1.0,0.0
EXP_CC2CE078,42,2632,43.866667,1,1316.979791,428.764802,80.0,60.0,0.0,0.0,True,straight,2000,2000,10,0.0,0.0,0.0,0.0,1.981139,-3.566423,636.979791,-331.235198,False,False,False,0.0,False,0.0,False,0.0,False,0.0,0.0,False,linear,0.0,0.0,0.0,0.0,False,clear,1.0,0.0
EXP_CC2CE078,42,2633,43.883333,1,1318.313124,429.764802,80.0,60.0,0.0,0.0,True,straight,2000,2000,10,0.0,0.0,0.0,0.0,1.989466,-3.560195,638.313124,-330.235198,False,False,False,0.0,False,0.0,False,0.0,False,0.0,0.0,False,linear,0.0,0.0,0.0,0.0,False,clear,1.0,0.0
EXP_CC2CE078,42,2634,43.9,1,1319.646458,430.764802,80.0,60.0,0.0,0.0,True,straight,2000,2000,10,0.0,0.0,0.0,0.0,1.997792,-3.553968,639.646458,-329.235198,False,False,False,0.0,False,0.0,False,0.0,False,0.0,0.0,False,linear,0.0,0.0,0.0,0.0,False,clear,1.0,0.0
EXP_CC2CE078,42,2635,43.916667,1,1320.979791,431.764802,80.0,60.0,0.0,0.0,True,straight,2000,2000,10,0.0,0.0,0.0,0.0,2.006119,-3.547741,640.979791,-328.235198,False,False,False,0.0,False,0.0,False,0.0,False,0.0,0.0,False,linear,0.0,0.0,0.0,0.0,False,clear,1.0,0.0
EXP_CC2CE078,42,2636,43.933333,1,1322.313124,432.764802,80.0,60.0,0.0,0.0,True,straight,2000,2000,10,0.0,0.0,0.0,0.0,2.014445,-3.541513,642.313124,-327.235198,False,False,False,0.0,False,0.0,False,0.0,False,0.0,0.0,False,linear,0.0,0.0,0.0,0.0,False,clear,1.0,0.0
EXP_CC2CE078,42,2637,43.95,1,1323.646458,433.764802,80.0,60.0,0.0,0.0,True,straight,2000,2000,10,0.0,0.0,0.0,0.0,2.022772,-3.535285,643.646458,-326.235198,False,False,False,0.0,False,0.0,False,0.0,False,0.0,0.0,False,linear,0.0,0.0,0.0,0.0,False,clear,1.0,0.0
EXP_CC2CE078,42,2638,43.966667,1,1324.979791,434.764802,80.0,60.0,0.0,0.0,True,straight,2000,2000,10,0.0,0.0,0.0,0.0,2.031098,-3.529058,644.979791,-325.235198,False,False,False,0.0,False,0.0,False,0.0,False,0.0,0.0,False,linear,0.0,0.0,0.0,0.0,False,clear,1.0,0.0
EXP_CC2CE078,42,2639,43.983333,1,1326.313124,435.764802,80.0,60.0,0.0,0.0,True,straight,2000,2000,10,0.0,0.0,0.0,0.0,2.039424,-3.52283,646.313124,-324.235198,False,False,False,0.0,False,0.0,False,0.0,False,0.0,0.0,False,linear,0.0,0.0,0.0,0.0,False,clear,1.0,0.0
EXP_CC2CE078,42,2640,44.0,1,1327.646458,436.764802,80.0,60.0,0.0,0.0,True,straight,2000,2000,10,0.0,0.0,0.0,0.0,2.04775,-3.516602,647.646458,-323.235198,False,False,False,0.0,False,0.0,False,0.0,False,0.0,0.0,False,linear,0.0,0.0,0.0,0.0,False,clear,1.0,0.0
EXP_CC2CE078,42,2641,44.016667,1,1328.979791,437.764802,80.0,60.0,0.0,0.0,True,straight,2000,2000,10,0.0,0.0,0.0,0.0,2.056076,-3.510374,648.979791,-322.235198,False,False,False,0.0,False,0.0,False,0.0,False,0.0,0.0,False,linear,0.0,0.0,0.0,0.0,False,clear,1.0,0.0
EXP_CC2CE078,42,2642,44.033333,1,1330.313124,438.764802,80.0,60.0,0.0,0.0,True,straight,2000,2000,10,0.0,0.0,0.0,0.0,2.064402,-3.504146,650.313124,-321.235198,False,False,False,0.0,False,0.0,False,0.0,False,0.0,0.0,False,linear,0.0,0.0,0.0,0.0,False,clear,1.0,0.0
EXP_CC2CE078,42,2643,44.05,1,1331.646458,439.764802,80.0,60.0,0.0,0.0,True,straight,2000,2000,10,0.0,0.0,0.0,0.0,2.072728,-3.497918,651.646458,-320.235198,False,False,False,0.0,False,0.0,False,0.0,False,0.0,0.0,False,linear,0.0,0.0,0.0,0.0,False,clear,1.0,0.0
EXP_CC2CE078,42,2644,44.066667,1,1332.979791,440.764802,80.0,60.0,0.0,0.0,True,straight,2000,2000,10,0.0,0.0,0.0,0.0,2.081054,-3.49169,652.979791,-319.235198,False,False,False,0.0,False,0.0,False,0.0,False,0.0,0.0,False,linear,0.0,0.0,0.0,0.0,False,clear,1.0,0.0
EXP_CC2CE078,42,2645,44.083333,1,1334.313124,441.764802,80.0,60.0,0.0,0.0,True,straight,2000,2000,10,0.0,0.0,0.0,0.0,2.089379,-3.485461,654.313124,-318.235198,False,False,False,0.0,False,0.0,False,0.0,False,0.0,0.0,False,linear,0.0,0.0,0.0,0.0,False,clear,1.0,0.0
EXP_CC2CE078,42,2646,44.1,1,1335.646458,442.764802,80.0,60.0,0.0,0.0,True,straight,2000,2000,10,0.0,0.0,0.0,0.0,2.097705,-3.479233,655.646458,-317.235198,False,False,False,0.0,False,0.0,False,0.0,False,0.0,0.0,False,linear,0.0,0.0,0.0,0.0,False,clear,1.0,0.0
EXP_CC2CE078,42,2647,44.116667,1,1336.979791,443.764802,80.0,60.0,0.0,0.0,True,straight,2000,2000,10,0.0,0.0,0.0,0.0,2.106031,-3.473005,656.979791,-316.235198,False,False,False,0.0,False,0.0,False,0.0,False,0.0,0.0,False,linear,0.0,0.0,0.0,0.0,False,clear,1.0,0.0
EXP_CC2CE078,42,2648,44.133333,1,1338.313124,444.764802,80.0,60.0,0.0,0.0,True,straight,2000,2000,10,0.0,0.0,0.0,0.0,2.114356,-3.466776,658.313124,-315.235198,False,False,False,0.0,False,0.0,False,0.0,False,0.0,0.0,False,linear,0.0,0.0,0.0,0.0,False,clear,1.0,0.0
EXP_CC2CE078,42,2649,44.15,1,1339.646458,445.764802,80.0,60.0,0.0,0.0,True,straight,2000,2000,10,0.0,0.0,0.0,0.0,2.122681,-3.460548,659.646458,-314.235198,False,False,False,0.0,False,0.0,False,0.0,False,0.0,0.0,False,linear,0.0,0.0,0.0,0.0,False,clear,1.0,0.0
EXP_CC2CE078,42,2650,44.166667,1,1340.979791,446.764802,80.0,60.0,0.0,0.0,True,straight,2000,2000,10,0.0,0.0,0.0,0.0,2.131007,-3.454319,660.979791,-313.235198,False,False,False,0.0,False,0.0,False,0.0,False,0.0,0.0,False,linear,0.0,0.0,0.0,0.0,False,clear,1.0,0.0
EXP_CC2CE078,42,2651,44.183333,1,1342.313124,447.764802,80.0,60.0,0.0,0.0,True,straight,2000,2000,10,0.0,0.0,0.0,0.0,2.139332,-3.44809,662.313124,-312.235198,False,False,False,0.0,False,0.0,False,0.0,False,0.0,0.0,False,linear,0.0,0.0,0.0,0.0,False,clear,1.0,0.0
EXP_CC2CE078,42,2652,44.2,1,1343.646458,448.764802,80.0,60.0,0.0,0.0,True,straight,2000,2000,10,0.0,0.0,0.0,0.0,2.147657,-3.441861,663.646458,-311.235198,False,False,False,0.0,False,0.0,False,0.0,False,0.0,0.0,False,linear,0.0,0.0,0.0,0.0,False,clear,1.0,0.0
EXP_CC2CE078,42,2653,44.216667,1,1344.979791,449.764802,80.0,60.0,0.0,0.0,True,straight,2000,2000,10,0.0,0.0,0.0,0.0,2.155982,-3.435632,664.979791,-310.235198,False,False,False,0.0,False,0.0,False,0.0,False,0.0,0.0,False,linear,0.0,0.0,0.0,0.0,False,clear,1.0,0.0
EXP_CC2CE078,42,2654,44.233333,1,1346.313124,450.764802,80.0,60.0,0.0,0.0,True,straight,2000,2000,10,0.0,0.0,0.0,0.0,2.164307,-3.429403,666.313124,-309.235198,False,False,False,0.0,False,0.0,False,0.0,False,0.0,0.0,False,linear,0.0,0.0,0.0,0.0,False,clear,1.0,0.0
EXP_CC2CE078,42,2655,44.25,1,1347.646458,451.764802,80.0,60.0,0.0,0.0,True,straight,2000,2000,10,0.0,0.0,0.0,0.0,2.172631,-3.423174,667.646458,-308.235198,False,False,False,0.0,False,0.0,False,0.0,False,0.0,0.0,False,linear,0.0,0.0,0.0,0.0,False,clear,1.0,0.0
EXP_CC2CE078,42,2656,44.266667,1,1348.979791,452.764802,80.0,60.0,0.0,0.0,True,straight,2000,2000,10,0.0,0.0,0.0,0.0,2.180956,-3.416945,668.979791,-307.235198,False,False,False,0.0,False,0.0,False,0.0,False,0.0,0.0,False,linear,0.0,0.0,0.0,0.0,False,clear,1.0,0.0
EXP_CC2CE078,42,2657,44.283333,1,1350.313124,453.764802,80.0,60.0,0.0,0.0,True,straight,2000,2000,10,0.0,0.0,0.0,0.0,2.189281,-3.410716,670.313124,-306.235198,False,False,False,0.0,False,0.0,False,0.0,False,0.0,0.0,False,linear,0.0,0.0,0.0,0.0,False,clear,1.0,0.0
EXP_CC2CE078,42,2658,44.3,1,1351.646458,454.764802,80.0,60.0,0.0,0.0,True,straight,2000,2000,10,0.0,0.0,0.0,0.0,2.197605,-3.404486,671.646458,-305.235198,False,False,False,0.0,False,0.0,False,0.0,False,0.0,0.0,False,linear,0.0,0.0,0.0,0.0,False,clear,1.0,0.0
EXP_CC2CE078,42,2659,44.316667,1,1352.979791,455.764802,80.0,60.0,0.0,0.0,True,straight,2000,2000,10,0.0,0.0,0.0,0.0,2.20593,-3.398257,672.979791,-304.235198,False,False,False,0.0,False,0.0,False,0.0,False,0.0,0.0,False,linear,0.0,0.0,0.0,0.0,False,clear,1.0,0.0
EXP_CC2CE078,42,2660,44.333333,1,1354.313124,456.764802,80.0,60.0,0.0,0.0,True,straight,2000,2000,10,0.0,0.0,0.0,0.0,2.214254,-3.392027,674.313124,-303.235198,False,False,False,0.0,False,0.0,False,0.0,False,0.0,0.0,False,linear,0.0,0.0,0.0,0.0,False,clear,1.0,0.0
EXP_CC2CE078,42,2661,44.35,1,1355.646458,457.764802,80.0,60.0,0.0,0.0,True,straight,2000,2000,10,0.0,0.0,0.0,0.0,2.222578,-3.385798,675.646458,-302.235198,False,False,False,0.0,False,0.0,False,0.0,False,0.0,0.0,False,linear,0.0,0.0,0.0,0.0,False,clear,1.0,0.0
EXP_CC2CE078,42,2662,44.366667,1,1356.979791,458.764802,80.0,60.0,0.0,0.0,True,straight,2000,2000,10,0.0,0.0,0.0,0.0,2.230902,-3.379568,676.979791,-301.235198,False,False,False,0.0,False,0.0,False,0.0,False,0.0,0.0,False,linear,0.0,0.0,0.0,0.0,False,clear,1.0,0.0
EXP_CC2CE078,42,2663,44.383333,1,1358.313124,459.764802,80.0,60.0,0.0,0.0,True,straight,2000,2000,10,0.0,0.0,0.0,0.0,2.239226,-3.373338,678.313124,-300.235198,False,False,False,0.0,False,0.0,False,0.0,False,0.0,0.0,False,linear,0.0,0.0,0.0,0.0,False,clear,1.0,0.0
EXP_CC2CE078,42,2664,44.4,1,1359.646458,460.764802,80.0,60.0,0.0,0.0,True,straight,2000,2000,10,0.0,0.0,0.0,0.0,2.24755,-3.367109,679.646458,-299.235198,False,False,False,0.0,False,0.0,False,0.0,False,0.0,0.0,False,linear,0.0,0.0,0.0,0.0,False,clear,1.0,0.0
EXP_CC2CE078,42,2665,44.416667,1,1360.979791,461.764802,80.0,60.0,0.0,0.0,True,straight,2000,2000,10,0.0,0.0,0.0,0.0,2.255874,-3.360879,680.979791,-298.235198,False,False,False,0.0,False,0.0,False,0.0,False,0.0,0.0,False,linear,0.0,0.0,0.0,0.0,False,clear,1.0,0.0
EXP_CC2CE078,42,2666,44.433333,1,1362.313124,462.764802,80.0,60.0,0.0,0.0,True,straight,2000,2000,10,0.0,0.0,0.0,0.0,2.264198,-3.354649,682.313124,-297.235198,False,False,False,0.0,False,0.0,False,0.0,False,0.0,0.0,False,linear,0.0,0.0,0.0,0.0,False,clear,1.0,0.0
EXP_CC2CE078,42,2667,44.45,1,1363.646458,463.764802,80.0,60.0,0.0,0.0,True,straight,2000,2000,10,0.0,0.0,0.0,0.0,2.272521,-3.348419,683.646458,-296.235198,False,False,False,0.0,False,0.0,False,0.0,False,0.0,0.0,False,linear,0.0,0.0,0.0,0.0,False,clear,1.0,0.0
EXP_CC2CE078,42,2668,44.466667,1,1364.979791,464.764802,80.0,60.0,0.0,0.0,True,straight,2000,2000,10,0.0,0.0,0.0,0.0,2.280845,-3.342189,684.979791,-295.235198,False,False,False,0.0,False,0.0,False,0.0,False,0.0,0.0,False,linear,0.0,0.0,0.0,0.0,False,clear,1.0,0.0
EXP_CC2CE078,42,2669,44.483333,1,1366.313124,465.764802,80.0,60.0,0.0,0.0,True,straight,2000,2000,10,0.0,0.0,0.0,0.0,2.289169,-3.335958,686.313124,-294.235198,False,False,False,0.0,False,0.0,False,0.0,False,0.0,0.0,False,linear,0.0,0.0,0.0,0.0,False,clear,1.0,0.0
EXP_CC2CE078,42,2670,44.5,1,1367.646458,466.764802,80.0,60.0,0.0,0.0,True,straight,2000,2000,10,0.0,0.0,0.0,0.0,2.297492,-3.329728,687.646458,-293.235198,False,False,False,0.0,False,0.0,False,0.0,False,0.0,0.0,False,linear,0.0,0.0,0.0,0.0,False,clear,1.0,0.0
EXP_CC2CE078,42,2671,44.516667,1,1368.979791,467.764802,80.0,60.0,0.0,0.0,True,straight,2000,2000,10,0.0,0.0,0.0,0.0,2.305815,-3.323498,688.979791,-292.235198,False,False,False,0.0,False,0.0,False,0.0,False,0.0,0.0,False,linear,0.0,0.0,0.0,0.0,False,clear,1.0,0.0
EXP_CC2CE078,42,2672,44.533333,1,1370.313124,468.764802,80.0,60.0,0.0,0.0,True,straight,2000,2000,10,0.0,0.0,0.0,0.0,2.314138,-3.317267,690.313124,-291.235198,False,False,False,0.0,False,0.0,False,0.0,False,0.0,0.0,False,linear,0.0,0.0,0.0,0.0,False,clear,1.0,0.0
EXP_CC2CE078,42,2673,44.55,1,1371.646458,469.764802,80.0,60.0,0.0,0.0,True,straight,2000,2000,10,0.0,0.0,0.0,0.0,2.322461,-3.311037,691.646458,-290.235198,False,False,False,0.0,False,0.0,False,0.0,False,0.0,0.0,False,linear,0.0,0.0,0.0,0.0,False,clear,1.0,0.0
EXP_CC2CE078,42,2674,44.566667,1,1372.979791,470.764802,80.0,60.0,0.0,0.0,True,straight,2000,2000,10,0.0,0.0,0.0,0.0,2.330784,-3.304806,692.979791,-289.235198,False,False,False,0.0,False,0.0,False,0.0,False,0.0,0.0,False,linear,0.0,0.0,0.0,0.0,False,clear,1.0,0.0
EXP_CC2CE078,42,2675,44.583333,1,1374.313124,471.764802,80.0,60.0,0.0,0.0,True,straight,2000,2000,10,0.0,0.0,0.0,0.0,2.339107,-3.298575,694.313124,-288.235198,False,False,False,0.0,False,0.0,False,0.0,False,0.0,0.0,False,linear,0.0,0.0,0.0,0.0,False,clear,1.0,0.0
EXP_CC2CE078,42,2676,44.6,1,1375.646458,472.764802,80.0,60.0,0.0,0.0,True,straight,2000,2000,10,0.0,0.0,0.0,0.0,2.34743,-3.292345,695.646458,-287.235198,False,False,False,0.0,False,0.0,False,0.0,False,0.0,0.0,False,linear,0.0,0.0,0.0,0.0,False,clear,1.0,0.0
EXP_CC2CE078,42,2677,44.616667,1,1376.979791,473.764802,80.0,60.0,0.0,0.0,True,straight,2000,2000,10,0.0,0.0,0.0,0.0,2.355753,-3.286114,696.979791,-286.235198,False,False,False,0.0,False,0.0,False,0.0,False,0.0,0.0,False,linear,0.0,0.0,0.0,0.0,False,clear,1.0,0.0
EXP_CC2CE078,42,2678,44.633333,1,1378.313124,474.764802,80.0,60.0,0.0,0.0,True,straight,2000,2000,10,0.0,0.0,0.0,0.0,2.364075,-3.279883,698.313124,-285.235198,False,False,False,0.0,False,0.0,False,0.0,False,0.0,0.0,False,linear,0.0,0.0,0.0,0.0,False,clear,1.0,0.0
EXP_CC2CE078,42,2679,44.65,1,1379.646458,475.764802,80.0,60.0,0.0,0.0,True,straight,2000,2000,10,0.0,0.0,0.0,0.0,2.372398,-3.273652,699.646458,-284.235198,False,False,False,0.0,False,0.0,False,0.0,False,0.0,0.0,False,linear,0.0,0.0,0.0,0.0,False,clear,1.0,0.0
EXP_CC2CE078,42,2680,44.666667,1,1380.979791,476.764802,80.0,60.0,0.0,0.0,True,straight,2000,2000,10,0.0,0.0,0.0,0.0,2.38072,-3.267421,700.979791,-283.235198,False,False,False,0.0,False,0.0,False,0.0,False,0.0,0.0,False,linear,0.0,0.0,0.0,0.0,False,clear,1.0,0.0
EXP_CC2CE078,42,2681,44.683333,1,1382.313124,477.764802,80.0,60.0,0.0,0.0,True,straight,2000,2000,10,0.0,0.0,0.0,0.0,2.389042,-3.26119,702.313124,-282.235198,False,False,False,0.0,False,0.0,False,0.0,False,0.0,0.0,False,linear,0.0,0.0,0.0,0.0,False,clear,1.0,0.0
EXP_CC2CE078,42,2682,44.7,1,1383.646458,478.764802,80.0,60.0,0.0,0.0,True,straight,2000,2000,10,0.0,0.0,0.0,0.0,2.397365,-3.254958,703.646458,-281.235198,False,False,False,0.0,False,0.0,False,0.0,False,0.0,0.0,False,linear,0.0,0.0,0.0,0.0,False,clear,1.0,0.0
EXP_CC2CE078,42,2683,44.716667,1,1384.979791,479.764802,80.0,60.0,0.0,0.0,True,straight,2000,2000,10,0.0,0.0,0.0,0.0,2.405687,-3.248727,704.979791,-280.235198,False,False,False,0.0,False,0.0,False,0.0,False,0.0,0.0,False,linear,0.0,0.0,0.0,0.0,False,clear,1.0,0.0
EXP_CC2CE078,42,2684,44.733333,1,1386.313124,480.764802,80.0,60.0,0.0,0.0,True,straight,2000,2000,10,0.0,0.0,0.0,0.0,2.414009,-3.242496,706.313124,-279.235198,False,False,False,0.0,False,0.0,False,0.0,False,0.0,0.0,False,linear,0.0,0.0,0.0,0.0,False,clear,1.0,0.0
EXP_CC2CE078,42,2685,44.75,1,1387.646458,481.764802,80.0,60.0,0.0,0.0,True,straight,2000,2000,10,0.0,0.0,0.0,0.0,2.422331,-3.236264,707.646458,-278.235198,False,False,False,0.0,False,0.0,False,0.0,False,0.0,0.0,False,linear,0.0,0.0,0.0,0.0,False,clear,1.0,0.0
EXP_CC2CE078,42,2686,44.766667,1,1388.979791,482.764802,80.0,60.0,0.0,0.0,True,straight,2000,2000,10,0.0,0.0,0.0,0.0,2.430652,-3.230033,708.979791,-277.235198,False,False,False,0.0,False,0.0,False,0.0,False,0.0,0.0,False,linear,0.0,0.0,0.0,0.0,False,clear,1.0,0.0
EXP_CC2CE078,42,2687,44.783333,1,1390.313124,483.764802,80.0,60.0,0.0,0.0,True,straight,2000,2000,10,0.0,0.0,0.0,0.0,2.438974,-3.223801,710.313124,-276.235198,False,False,False,0.0,False,0.0,False,0.0,False,0.0,0.0,False,linear,0.0,0.0,0.0,0.0,False,clear,1.0,0.0
EXP_CC2CE078,42,2688,44.8,1,1391.646458,484.764802,80.0,60.0,0.0,0.0,True,straight,2000,2000,10,0.0,0.0,0.0,0.0,2.447296,-3.217569,711.646458,-275.235198,False,False,False,0.0,False,0.0,False,0.0,False,0.0,0.0,False,linear,0.0,0.0,0.0,0.0,False,clear,1.0,0.0
EXP_CC2CE078,42,2689,44.816667,1,1392.979791,485.764802,80.0,60.0,0.0,0.0,True,straight,2000,2000,10,0.0,0.0,0.0,0.0,2.455617,-3.211338,712.979791,-274.235198,False,False,False,0.0,False,0.0,False,0.0,False,0.0,0.0,False,linear,0.0,0.0,0.0,0.0,False,clear,1.0,0.0
EXP_CC2CE078,42,2690,44.833333,1,1394.313124,486.764802,80.0,60.0,0.0,0.0,True,straight,2000,2000,10,0.0,0.0,0.0,0.0,2.463938,-3.205106,714.313124,-273.235198,False,False,False,0.0,False,0.0,False,0.0,False,0.0,0.0,False,linear,0.0,0.0,0.0,0.0,False,clear,1.0,0.0
EXP_CC2CE078,42,2691,44.85,1,1395.646458,487.764802,80.0,60.0,0.0,0.0,True,straight,2000,2000,10,0.0,0.0,0.0,0.0,2.47226,-3.198874,715.646458,-272.235198,False,False,False,0.0,False,0.0,False,0.0,False,0.0,0.0,False,linear,0.0,0.0,0.0,0.0,False,clear,1.0,0.0
EXP_CC2CE078,42,2692,44.866667,1,1396.979791,488.764802,80.0,60.0,0.0,0.0,True,straight,2000,2000,10,0.0,0.0,0.0,0.0,2.480581,-3.192642,716.979791,-271.235198,False,False,False,0.0,False,0.0,False,0.0,False,0.0,0.0,False,linear,0.0,0.0,0.0,0.0,False,clear,1.0,0.0
EXP_CC2CE078,42,2693,44.883333,1,1398.313124,489.764802,80.0,60.0,0.0,0.0,True,straight,2000,2000,10,0.0,0.0,0.0,0.0,2.488902,-3.18641,718.313124,-270.235198,False,False,False,0.0,False,0.0,False,0.0,False,0.0,0.0,False,linear,0.0,0.0,0.0,0.0,False,clear,1.0,0.0
EXP_CC2CE078,42,2694,44.9,1,1399.646458,490.764802,80.0,60.0,0.0,0.0,True,straight,2000,2000,10,0.0,0.0,0.0,0.0,2.497223,-3.180178,719.646458,-269.235198,False,False,False,0.0,False,0.0,False,0.0,False,0.0,0.0,False,linear,0.0,0.0,0.0,0.0,False,clear,1.0,0.0
EXP_CC2CE078,42,2695,44.916667,1,1400.979791,491.764802,80.0,60.0,0.0,0.0,True,straight,2000,2000,10,0.0,0.0,0.0,0.0,2.505544,-3.173945,720.979791,-268.235198,False,False,False,0.0,False,0.0,False,0.0,False,0.0,0.0,False,linear,0.0,0.0,0.0,0.0,False,clear,1.0,0.0
EXP_CC2CE078,42,2696,44.933333,1,1402.313124,492.764802,80.0,60.0,0.0,0.0,True,straight,2000,2000,10,0.0,0.0,0.0,0.0,2.513864,-3.167713,722.313124,-267.235198,False,False,False,0.0,False,0.0,False,0.0,False,0.0,0.0,False,linear,0.0,0.0,0.0,0.0,False,clear,1.0,0.0
EXP_CC2CE078,42,2697,44.95,1,1403.646458,493.764802,80.0,60.0,0.0,0.0,True,straight,2000,2000,10,0.0,0.0,0.0,0.0,2.522185,-3.161481,723.646458,-266.235198,False,False,False,0.0,False,0.0,False,0.0,False,0.0,0.0,False,linear,0.0,0.0,0.0,0.0,False,clear,1.0,0.0
EXP_CC2CE078,42,2698,44.966667,1,1404.979791,494.764802,80.0,60.0,0.0,0.0,True,straight,2000,2000,10,0.0,0.0,0.0,0.0,2.530506,-3.155248,724.979791,-265.235198,False,False,False,0.0,False,0.0,False,0.0,False,0.0,0.0,False,linear,0.0,0.0,0.0,0.0,False,clear,1.0,0.0
EXP_CC2CE078,42,2699,44.983333,1,1406.313124,495.764802,80.0,60.0,0.0,0.0,True,straight,2000,2000,10,0.0,0.0,0.0,0.0,2.538826,-3.149016,726.313124,-264.235198,False,False,False,0.0,False,0.0,False,0.0,False,0.0,0.0,False,linear,0.0,0.0,0.0,0.0,False,clear,1.0,0.0
EXP_CC2CE078,42,2700,45.0,1,1407.646458,496.764802,80.0,60.0,0.0,0.0,True,straight,2000,2000,10,0.0,0.0,0.0,0.0,2.547146,-3.142783,727.646458,-263.235198,False,False,False,0.0,False,0.0,False,0.0,False,0.0,0.0,False,linear,0.0,0.0,0.0,0.0,False,clear,1.0,0.0
EXP_CC2CE078,42,2701,45.016667,1,1408.979791,497.764802,80.0,60.0,0.0,0.0,True,straight,2000,2000,10,0.0,0.0,0.0,0.0,2.555467,-3.13655,728.979791,-262.235198,False,False,False,0.0,False,0.0,False,0.0,False,0.0,0.0,False,linear,0.0,0.0,0.0,0.0,False,clear,1.0,0.0
EXP_CC2CE078,42,2702,45.033333,1,1410.313124,498.764802,80.0,60.0,0.0,0.0,True,straight,2000,2000,10,0.0,0.0,0.0,0.0,2.563787,-3.130318,730.313124,-261.235198,False,False,False,0.0,False,0.0,False,0.0,False,0.0,0.0,False,linear,0.0,0.0,0.0,0.0,False,clear,1.0,0.0
EXP_CC2CE078,42,2703,45.05,1,1411.646458,499.764802,80.0,60.0,0.0,0.0,True,straight,2000,2000,10,0.0,0.0,0.0,0.0,2.572107,-3.124085,731.646458,-260.235198,False,False,False,0.0,False,0.0,False,0.0,False,0.0,0.0,False,linear,0.0,0.0,0.0,0.0,False,clear,1.0,0.0
EXP_CC2CE078,42,2704,45.066667,1,1412.979791,500.764802,80.0,60.0,0.0,0.0,True,straight,2000,2000,10,0.0,0.0,0.0,0.0,2.580426,-3.117852,732.979791,-259.235198,False,False,False,0.0,False,0.0,False,0.0,False,0.0,0.0,False,linear,0.0,0.0,0.0,0.0,False,clear,1.0,0.0
EXP_CC2CE078,42,2705,45.083333,1,1414.313124,501.764802,80.0,60.0,0.0,0.0,True,straight,2000,2000,10,0.0,0.0,0.0,0.0,2.588746,-3.111619,734.313124,-258.235198,False,False,False,0.0,False,0.0,False,0.0,False,0.0,0.0,False,linear,0.0,0.0,0.0,0.0,False,clear,1.0,0.0
EXP_CC2CE078,42,2706,45.1,1,1415.646458,502.764802,80.0,60.0,0.0,0.0,True,straight,2000,2000,10,0.0,0.0,0.0,0.0,2.597066,-3.105386,735.646458,-257.235198,False,False,False,0.0,False,0.0,False,0.0,False,0.0,0.0,False,linear,0.0,0.0,0.0,0.0,False,clear,1.0,0.0
EXP_CC2CE078,42,2707,45.116667,1,1416.979791,503.764802,80.0,60.0,0.0,0.0,True,straight,2000,2000,10,0.0,0.0,0.0,0.0,2.605385,-3.099153,736.979791,-256.235198,False,False,False,0.0,False,0.0,False,0.0,False,0.0,0.0,False,linear,0.0,0.0,0.0,0.0,False,clear,1.0,0.0
EXP_CC2CE078,42,2708,45.133333,1,1418.313124,504.764802,80.0,60.0,0.0,0.0,True,straight,2000,2000,10,0.0,0.0,0.0,0.0,2.613705,-3.09292,738.313124,-255.235198,False,False,False,0.0,False,0.0,False,0.0,False,0.0,0.0,False,linear,0.0,0.0,0.0,0.0,False,clear,1.0,0.0
EXP_CC2CE078,42,2709,45.15,1,1419.646458,505.764802,80.0,60.0,0.0,0.0,True,straight,2000,2000,10,0.0,0.0,0.0,0.0,2.622024,-3.086686,739.646458,-254.235198,False,False,False,0.0,False,0.0,False,0.0,False,0.0,0.0,False,linear,0.0,0.0,0.0,0.0,False,clear,1.0,0.0
EXP_CC2CE078,42,2710,45.166667,1,1420.979791,506.764802,80.0,60.0,0.0,0.0,True,straight,2000,2000,10,0.0,0.0,0.0,0.0,2.630343,-3.080453,740.979791,-253.235198,False,False,False,0.0,False,0.0,False,0.0,False,0.0,0.0,False,linear,0.0,0.0,0.0,0.0,False,clear,1.0,0.0
EXP_CC2CE078,42,2711,45.183333,1,1422.313124,507.764802,80.0,60.0,0.0,0.0,True,straight,2000,2000,10,0.0,0.0,0.0,0.0,2.638663,-3.07422,742.313124,-252.235198,False,False,False,0.0,False,0.0,False,0.0,False,0.0,0.0,False,linear,0.0,0.0,0.0,0.0,False,clear,1.0,0.0
EXP_CC2CE078,42,2712,45.2,1,1423.646458,508.764802,80.0,60.0,0.0,0.0,True,straight,2000,2000,10,0.0,0.0,0.0,0.0,2.646982,-3.067986,743.646458,-251.235198,False,False,False,0.0,False,0.0,False,0.0,False,0.0,0.0,False,linear,0.0,0.0,0.0,0.0,False,clear,1.0,0.0
EXP_CC2CE078,42,2713,45.216667,1,1424.979791,509.764802,80.0,60.0,0.0,0.0,True,straight,2000,2000,10,0.0,0.0,0.0,0.0,2.6553,-3.061752,744.979791,-250.235198,False,False,False,0.0,False,0.0,False,0.0,False,0.0,0.0,False,linear,0.0,0.0,0.0,0.0,False,clear,1.0,0.0
EXP_CC2CE078,42,2714,45.233333,1,1426.313124,510.764802,80.0,60.0,0.0,0.0,True,straight,2000,2000,10,0.0,0.0,0.0,0.0,2.663619,-3.055519,746.313124,-249.235198,False,False,False,0.0,False,0.0,False,0.0,False,0.0,0.0,False,linear,0.0,0.0,0.0,0.0,False,clear,1.0,0.0
EXP_CC2CE078,42,2715,45.25,1,1427.646458,511.764802,80.0,60.0,0.0,0.0,True,straight,2000,2000,10,0.0,0.0,0.0,0.0,2.671938,-3.049285,747.646458,-248.235198,False,False,False,0.0,False,0.0,False,0.0,False,0.0,0.0,False,linear,0.0,0.0,0.0,0.0,False,clear,1.0,0.0
EXP_CC2CE078,42,2716,45.266667,1,1428.979791,512.764802,80.0,60.0,0.0,0.0,True,straight,2000,2000,10,0.0,0.0,0.0,0.0,2.680256,-3.043051,748.979791,-247.235198,False,False,False,0.0,False,0.0,False,0.0,False,0.0,0.0,False,linear,0.0,0.0,0.0,0.0,False,clear,1.0,0.0
EXP_CC2CE078,42,2717,45.283333,1,1430.313124,513.764802,80.0,60.0,0.0,0.0,True,straight,2000,2000,10,0.0,0.0,0.0,0.0,2.688575,-3.036818,750.313124,-246.235198,False,False,False,0.0,False,0.0,False,0.0,False,0.0,0.0,False,linear,0.0,0.0,0.0,0.0,False,clear,1.0,0.0
EXP_CC2CE078,42,2718,45.3,1,1431.646458,514.764802,80.0,60.0,0.0,0.0,True,straight,2000,2000,10,0.0,0.0,0.0,0.0,2.696893,-3.030584,751.646458,-245.235198,False,False,False,0.0,False,0.0,False,0.0,False,0.0,0.0,False,linear,0.0,0.0,0.0,0.0,False,clear,1.0,0.0
EXP_CC2CE078,42,2719,45.316667,1,1432.979791,515.764802,80.0,60.0,0.0,0.0,True,straight,2000,2000,10,0.0,0.0,0.0,0.0,2.705211,-3.02435,752.979791,-244.235198,False,False,False,0.0,False,0.0,False,0.0,False,0.0,0.0,False,linear,0.0,0.0,0.0,0.0,False,clear,1.0,0.0
EXP_CC2CE078,42,2720,45.333333,1,1434.313124,516.764802,80.0,60.0,0.0,0.0,True,straight,2000,2000,10,0.0,0.0,0.0,0.0,2.713529,-3.018116,754.313124,-243.235198,False,False,False,0.0,False,0.0,False,0.0,False,0.0,0.0,False,linear,0.0,0.0,0.0,0.0,False,clear,1.0,0.0
EXP_CC2CE078,42,2721,45.35,1,1435.646458,517.764802,80.0,60.0,0.0,0.0,True,straight,2000,2000,10,0.0,0.0,0.0,0.0,2.721847,-3.011881,755.646458,-242.235198,False,False,False,0.0,False,0.0,False,0.0,False,0.0,0.0,False,linear,0.0,0.0,0.0,0.0,False,clear,1.0,0.0
EXP_CC2CE078,42,2722,45.366667,1,1436.979791,518.764802,80.0,60.0,0.0,0.0,True,straight,2000,2000,10,0.0,0.0,0.0,0.0,2.730165,-3.005647,756.979791,-241.235198,False,False,False,0.0,False,0.0,False,0.0,False,0.0,0.0,False,linear,0.0,0.0,0.0,0.0,False,clear,1.0,0.0
EXP_CC2CE078,42,2723,45.383333,1,1438.313124,519.764802,80.0,60.0,0.0,0.0,True,straight,2000,2000,10,0.0,0.0,0.0,0.0,2.738483,-2.999413,758.313124,-240.235198,False,False,False,0.0,False,0.0,False,0.0,False,0.0,0.0,False,linear,0.0,0.0,0.0,0.0,False,clear,1.0,0.0
EXP_CC2CE078,42,2724,45.4,1,1439.646458,520.764802,80.0,60.0,0.0,0.0,True,straight,2000,2000,10,0.0,0.0,0.0,0.0,2.746801,-2.993179,759.646458,-239.235198,False,False,False,0.0,False,0.0,False,0.0,False,0.0,0.0,False,linear,0.0,0.0,0.0,0.0,False,clear,1.0,0.0
EXP_CC2CE078,42,2725,45.416667,1,1440.979791,521.764802,80.0,60.0,0.0,0.0,True,straight,2000,2000,10,0.0,0.0,0.0,0.0,2.755118,-2.986944,760.979791,-238.235198,False,False,False,0.0,False,0.0,False,0.0,False,0.0,0.0,False,linear,0.0,0.0,0.0,0.0,False,clear,1.0,0.0
EXP_CC2CE078,42,2726,45.433333,1,1442.313124,522.764802,80.0,60.0,0.0,0.0,True,straight,2000,2000,10,0.0,0.0,0.0,0.0,2.763436,-2.98071,762.313124,-237.235198,False,False,False,0.0,False,0.0,False,0.0,False,0.0,0.0,False,linear,0.0,0.0,0.0,0.0,False,clear,1.0,0.0
EXP_CC2CE078,42,2727,45.45,1,1443.646458,523.764802,80.0,60.0,0.0,0.0,True,straight,2000,2000,10,0.0,0.0,0.0,0.0,2.771753,-2.974475,763.646458,-236.235198,False,False,False,0.0,False,0.0,False,0.0,False,0.0,0.0,False,linear,0.0,0.0,0.0,0.0,False,clear,1.0,0.0
EXP_CC2CE078,42,2728,45.466667,1,1444.979791,524.764802,80.0,60.0,0.0,0.0,True,straight,2000,2000,10,0.0,0.0,0.0,0.0,2.78007,-2.968241,764.979791,-235.235198,False,False,False,0.0,False,0.0,False,0.0,False,0.0,0.0,False,linear,0.0,0.0,0.0,0.0,False,clear,1.0,0.0
EXP_CC2CE078,42,2729,45.483333,1,1446.313124,525.764802,80.0,60.0,0.0,0.0,True,straight,2000,2000,10,0.0,0.0,0.0,0.0,2.788387,-2.962006,766.313124,-234.235198,False,False,False,0.0,False,0.0,False,0.0,False,0.0,0.0,False,linear,0.0,0.0,0.0,0.0,False,clear,1.0,0.0
EXP_CC2CE078,42,2730,45.5,1,1447.646458,526.764802,80.0,60.0,0.0,0.0,True,straight,2000,2000,10,0.0,0.0,0.0,0.0,2.796704,-2.955771,767.646458,-233.235198,False,False,False,0.0,False,0.0,False,0.0,False,0.0,0.0,False,linear,0.0,0.0,0.0,0.0,False,clear,1.0,0.0
EXP_CC2CE078,42,2731,45.516667,1,1448.979791,527.764802,80.0,60.0,0.0,0.0,True,straight,2000,2000,10,0.0,0.0,0.0,0.0,2.805021,-2.949536,768.979791,-232.235198,False,False,False,0.0,False,0.0,False,0.0,False,0.0,0.0,False,linear,0.0,0.0,0.0,0.0,False,clear,1.0,0.0
EXP_CC2CE078,42,2732,45.533333,1,1450.313124,528.764802,80.0,60.0,0.0,0.0,True,straight,2000,2000,10,0.0,0.0,0.0,0.0,2.813338,-2.943301,770.313124,-231.235198,False,False,False,0.0,False,0.0,False,0.0,False,0.0,0.0,False,linear,0.0,0.0,0.0,0.0,False,clear,1.0,0.0
EXP_CC2CE078,42,2733,45.55,1,1451.646458,529.764802,80.0,60.0,0.0,0.0,True,straight,2000,2000,10,0.0,0.0,0.0,0.0,2.821654,-2.937066,771.646458,-230.235198,False,False,False,0.0,False,0.0,False,0.0,False,0.0,0.0,False,linear,0.0,0.0,0.0,0.0,False,clear,1.0,0.0
EXP_CC2CE078,42,2734,45.566667,1,1452.979791,530.764802,80.0,60.0,0.0,0.0,True,straight,2000,2000,10,0.0,0.0,0.0,0.0,2.829971,-2.930831,772.979791,-229.235198,False,False,False,0.0,False,0.0,False,0.0,False,0.0,0.0,False,linear,0.0,0.0,0.0,0.0,False,clear,1.0,0.0
EXP_CC2CE078,42,2735,45.583333,1,1454.313124,531.764802,80.0,60.0,0.0,0.0,True,straight,2000,2000,10,0.0,0.0,0.0,0.0,2.838287,-2.924596,774.313124,-228.235198,False,False,False,0.0,False,0.0,False,0.0,False,0.0,0.0,False,linear,0.0,0.0,0.0,0.0,False,clear,1.0,0.0
EXP_CC2CE078,42,2736,45.6,1,1455.646458,532.764802,80.0,60.0,0.0,0.0,True,straight,2000,2000,10,0.0,0.0,0.0,0.0,2.846603,-2.918361,775.646458,-227.235198,False,False,False,0.0,False,0.0,False,0.0,False,0.0,0.0,False,linear,0.0,0.0,0.0,0.0,False,clear,1.0,0.0
EXP_CC2CE078,42,2737,45.616667,1,1456.979791,533.764802,80.0,60.0,0.0,0.0,True,straight,2000,2000,10,0.0,0.0,0.0,0.0,2.854919,-2.912126,776.979791,-226.235198,False,False,False,0.0,False,0.0,False,0.0,False,0.0,0.0,False,linear,0.0,0.0,0.0,0.0,False,clear,1.0,0.0
EXP_CC2CE078,42,2738,45.633333,1,1458.313124,534.764802,80.0,60.0,0.0,0.0,True,straight,2000,2000,10,0.0,0.0,0.0,0.0,2.863235,-2.90589,778.313124,-225.235198,False,False,False,0.0,False,0.0,False,0.0,False,0.0,0.0,False,linear,0.0,0.0,0.0,0.0,False,clear,1.0,0.0
EXP_CC2CE078,42,2739,45.65,1,1459.646458,535.764802,80.0,60.0,0.0,0.0,True,straight,2000,2000,10,0.0,0.0,0.0,0.0,2.871551,-2.899655,779.646458,-224.235198,False,False,False,0.0,False,0.0,False,0.0,False,0.0,0.0,False,linear,0.0,0.0,0.0,0.0,False,clear,1.0,0.0
EXP_CC2CE078,42,2740,45.666667,1,1460.979791,536.764802,80.0,60.0,0.0,0.0,True,straight,2000,2000,10,0.0,0.0,0.0,0.0,2.879867,-2.893419,780.979791,-223.235198,False,False,False,0.0,False,0.0,False,0.0,False,0.0,0.0,False,linear,0.0,0.0,0.0,0.0,False,clear,1.0,0.0
EXP_CC2CE078,42,2741,45.683333,1,1462.313124,537.764802,80.0,60.0,0.0,0.0,True,straight,2000,2000,10,0.0,0.0,0.0,0.0,2.888182,-2.887184,782.313124,-222.235198,False,False,False,0.0,False,0.0,False,0.0,False,0.0,0.0,False,linear,0.0,0.0,0.0,0.0,False,clear,1.0,0.0
EXP_CC2CE078,42,2742,45.7,1,1463.646458,538.764802,80.0,60.0,0.0,0.0,True,straight,2000,2000,10,0.0,0.0,0.0,0.0,2.896498,-2.880948,783.646458,-221.235198,False,False,False,0.0,False,0.0,False,0.0,False,0.0,0.0,False,linear,0.0,0.0,0.0,0.0,False,clear,1.0,0.0
EXP_CC2CE078,42,2743,45.716667,1,1464.979791,539.764802,80.0,60.0,0.0,0.0,True,straight,2000,2000,10,0.0,0.0,0.0,0.0,2.904813,-2.874713,784.979791,-220.235198,False,False,False,0.0,False,0.0,False,0.0,False,0.0,0.0,False,linear,0.0,0.0,0.0,0.0,False,clear,1.0,0.0
EXP_CC2CE078,42,2744,45.733333,1,1466.313124,540.764802,80.0,60.0,0.0,0.0,True,straight,2000,2000,10,0.0,0.0,0.0,0.0,2.913129,-2.868477,786.313124,-219.235198,False,False,False,0.0,False,0.0,False,0.0,False,0.0,0.0,False,linear,0.0,0.0,0.0,0.0,False,clear,1.0,0.0
EXP_CC2CE078,42,2745,45.75,1,1467.646458,541.764802,80.0,60.0,0.0,0.0,True,straight,2000,2000,10,0.0,0.0,0.0,0.0,2.921444,-2.862241,787.646458,-218.235198,False,False,False,0.0,False,0.0,False,0.0,False,0.0,0.0,False,linear,0.0,0.0,0.0,0.0,False,clear,1.0,0.0
EXP_CC2CE078,42,2746,45.766667,1,1468.979791,542.764802,80.0,60.0,0.0,0.0,True,straight,2000,2000,10,0.0,0.0,0.0,0.0,2.929759,-2.856005,788.979791,-217.235198,False,False,False,0.0,False,0.0,False,0.0,False,0.0,0.0,False,linear,0.0,0.0,0.0,0.0,False,clear,1.0,0.0
EXP_CC2CE078,42,2747,45.783333,1,1470.313124,543.764802,80.0,60.0,0.0,0.0,True,straight,2000,2000,10,0.0,0.0,0.0,0.0,2.938074,-2.849769,790.313124,-216.235198,False,False,False,0.0,False,0.0,False,0.0,False,0.0,0.0,False,linear,0.0,0.0,0.0,0.0,False,clear,1.0,0.0
EXP_CC2CE078,42,2748,45.8,1,1471.646458,544.764802,80.0,60.0,0.0,0.0,True,straight,2000,2000,10,0.0,0.0,0.0,0.0,2.946388,-2.843533,791.646458,-215.235198,False,False,False,0.0,False,0.0,False,0.0,False,0.0,0.0,False,linear,0.0,0.0,0.0,0.0,False,clear,1.0,0.0
EXP_CC2CE078,42,2749,45.816667,1,1472.979791,545.764802,80.0,60.0,0.0,0.0,True,straight,2000,2000,10,0.0,0.0,0.0,0.0,2.954703,-2.837297,792.979791,-214.235198,False,False,False,0.0,False,0.0,False,0.0,False,0.0,0.0,False,linear,0.0,0.0,0.0,0.0,False,clear,1.0,0.0
EXP_CC2CE078,42,2750,45.833333,1,1474.313124,546.764802,80.0,60.0,0.0,0.0,True,straight,2000,2000,10,0.0,0.0,0.0,0.0,2.963017,-2.831061,794.313124,-213.235198,False,False,False,0.0,False,0.0,False,0.0,False,0.0,0.0,False,linear,0.0,0.0,0.0,0.0,False,clear,1.0,0.0
EXP_CC2CE078,42,2751,45.85,1,1475.646458,547.764802,80.0,60.0,0.0,0.0,True,straight,2000,2000,10,0.0,0.0,0.0,0.0,2.971332,-2.824825,795.646458,-212.235198,False,False,False,0.0,False,0.0,False,0.0,False,0.0,0.0,False,linear,0.0,0.0,0.0,0.0,False,clear,1.0,0.0
EXP_CC2CE078,42,2752,45.866667,1,1476.979791,548.764802,80.0,60.0,0.0,0.0,True,straight,2000,2000,10,0.0,0.0,0.0,0.0,2.979646,-2.818589,796.979791,-211.235198,False,False,False,0.0,False,0.0,False,0.0,False,0.0,0.0,False,linear,0.0,0.0,0.0,0.0,False,clear,1.0,0.0
EXP_CC2CE078,42,2753,45.883333,1,1478.313124,549.764802,80.0,60.0,0.0,0.0,True,straight,2000,2000,10,0.0,0.0,0.0,0.0,2.98796,-2.812352,798.313124,-210.235198,False,False,False,0.0,False,0.0,False,0.0,False,0.0,0.0,False,linear,0.0,0.0,0.0,0.0,False,clear,1.0,0.0
EXP_CC2CE078,42,2754,45.9,1,1479.646458,550.764802,80.0,60.0,0.0,0.0,True,straight,2000,2000,10,0.0,0.0,0.0,0.0,2.996274,-2.806116,799.646458,-209.235198,False,False,False,0.0,False,0.0,False,0.0,False,0.0,0.0,False,linear,0.0,0.0,0.0,0.0,False,clear,1.0,0.0
EXP_CC2CE078,42,2755,45.916667,1,1480.979791,551.764802,80.0,60.0,0.0,0.0,True,straight,2000,2000,10,0.0,0.0,0.0,0.0,3.004588,-2.799879,800.979791,-208.235198,False,False,False,0.0,False,0.0,False,0.0,False,0.0,0.0,False,linear,0.0,0.0,0.0,0.0,False,clear,1.0,0.0
EXP_CC2CE078,42,2756,45.933333,1,1482.313124,552.764802,80.0,60.0,0.0,0.0,True,straight,2000,2000,10,0.0,0.0,0.0,0.0,3.012902,-2.793643,802.313124,-207.235198,False,False,False,0.0,False,0.0,False,0.0,False,0.0,0.0,False,linear,0.0,0.0,0.0,0.0,False,clear,1.0,0.0
EXP_CC2CE078,42,2757,45.95,1,1483.646458,553.764802,80.0,60.0,0.0,0.0,True,straight,2000,2000,10,0.0,0.0,0.0,0.0,3.021215,-2.787406,803.646458,-206.235198,False,False,False,0.0,False,0.0,False,0.0,False,0.0,0.0,False,linear,0.0,0.0,0.0,0.0,False,clear,1.0,0.0
EXP_CC2CE078,42,2758,45.966667,1,1484.979791,554.764802,80.0,60.0,0.0,0.0,True,straight,2000,2000,10,0.0,0.0,0.0,0.0,3.029529,-2.78117,804.979791,-205.235198,False,False,False,0.0,False,0.0,False,0.0,False,0.0,0.0,False,linear,0.0,0.0,0.0,0.0,False,clear,1.0,0.0
EXP_CC2CE078,42,2759,45.983333,1,1486.313124,555.764802,80.0,60.0,0.0,0.0,True,straight,2000,2000,10,0.0,0.0,0.0,0.0,3.037842,-2.774933,806.313124,-204.235198,False,False,False,0.0,False,0.0,False,0.0,False,0.0,0.0,False,linear,0.0,0.0,0.0,0.0,False,clear,1.0,0.0
EXP_CC2CE078,42,2760,46.0,1,1487.646458,556.764802,80.0,60.0,0.0,0.0,True,straight,2000,2000,10,0.0,0.0,0.0,0.0,3.046156,-2.768696,807.646458,-203.235198,False,False,False,0.0,False,0.0,False,0.0,False,0.0,0.0,False,linear,0.0,0.0,0.0,0.0,False,clear,1.0,0.0
EXP_CC2CE078,42,2761,46.016667,1,1488.979791,557.764802,80.0,60.0,0.0,0.0,True,straight,2000,2000,10,0.0,0.0,0.0,0.0,3.054469,-2.762459,808.979791,-202.235198,False,False,False,0.0,False,0.0,False,0.0,False,0.0,0.0,False,linear,0.0,0.0,0.0,0.0,False,clear,1.0,0.0
EXP_CC2CE078,42,2762,46.033333,1,1490.313124,558.764802,80.0,60.0,0.0,0.0,True,straight,2000,2000,10,0.0,0.0,0.0,0.0,3.062782,-2.756222,810.313124,-201.235198,False,False,False,0.0,False,0.0,False,0.0,False,0.0,0.0,False,linear,0.0,0.0,0.0,0.0,False,clear,1.0,0.0
EXP_CC2CE078,42,2763,46.05,1,1491.646458,559.764802,80.0,60.0,0.0,0.0,True,straight,2000,2000,10,0.0,0.0,0.0,0.0,3.071094,-2.749985,811.646458,-200.235198,False,False,False,0.0,False,0.0,False,0.0,False,0.0,0.0,False,linear,0.0,0.0,0.0,0.0,False,clear,1.0,0.0
EXP_CC2CE078,42,2764,46.066667,1,1492.979791,560.764802,80.0,60.0,0.0,0.0,True,straight,2000,2000,10,0.0,0.0,0.0,0.0,3.079407,-2.743748,812.979791,-199.235198,False,False,False,0.0,False,0.0,False,0.0,False,0.0,0.0,False,linear,0.0,0.0,0.0,0.0,False,clear,1.0,0.0
EXP_CC2CE078,42,2765,46.083333,1,1494.313124,561.764802,80.0,60.0,0.0,0.0,True,straight,2000,2000,10,0.0,0.0,0.0,0.0,3.08772,-2.737511,814.313124,-198.235198,False,False,False,0.0,False,0.0,False,0.0,False,0.0,0.0,False,linear,0.0,0.0,0.0,0.0,False,clear,1.0,0.0
EXP_CC2CE078,42,2766,46.1,1,1495.646458,562.764802,80.0,60.0,0.0,0.0,True,straight,2000,2000,10,0.0,0.0,0.0,0.0,3.096032,-2.731274,815.646458,-197.235198,False,False,False,0.0,False,0.0,False,0.0,False,0.0,0.0,False,linear,0.0,0.0,0.0,0.0,False,clear,1.0,0.0
EXP_CC2CE078,42,2767,46.116667,1,1496.979791,563.764802,80.0,60.0,0.0,0.0,True,straight,2000,2000,10,0.0,0.0,0.0,0.0,3.104345,-2.725036,816.979791,-196.235198,False,False,False,0.0,False,0.0,False,0.0,False,0.0,0.0,False,linear,0.0,0.0,0.0,0.0,False,clear,1.0,0.0
EXP_CC2CE078,42,2768,46.133333,1,1498.313124,564.764802,80.0,60.0,0.0,0.0,True,straight,2000,2000,10,0.0,0.0,0.0,0.0,3.112657,-2.718799,818.313124,-195.235198,False,False,False,0.0,False,0.0,False,0.0,False,0.0,0.0,False,linear,0.0,0.0,0.0,0.0,False,clear,1.0,0.0
EXP_CC2CE078,42,2769,46.15,1,1499.646458,565.764802,80.0,60.0,0.0,0.0,True,straight,2000,2000,10,0.0,0.0,0.0,0.0,3.120969,-2.712562,819.646458,-194.235198,False,False,False,0.0,False,0.0,False,0.0,False,0.0,0.0,False,linear,0.0,0.0,0.0,0.0,False,clear,1.0,0.0
EXP_CC2CE078,42,2770,46.166667,1,1500.979791,566.764802,80.0,60.0,0.0,0.0,True,straight,2000,2000,10,0.0,0.0,0.0,0.0,3.129281,-2.706324,820.979791,-193.235198,False,False,False,0.0,False,0.0,False,0.0,False,0.0,0.0,False,linear,0.0,0.0,0.0,0.0,False,clear,1.0,0.0
EXP_CC2CE078,42,2771,46.183333,1,1502.313124,567.764802,80.0,60.0,0.0,0.0,True,straight,2000,2000,10,0.0,0.0,0.0,0.0,3.137593,-2.700087,822.313124,-192.235198,False,False,False,0.0,False,0.0,False,0.0,False,0.0,0.0,False,linear,0.0,0.0,0.0,0.0,False,clear,1.0,0.0
EXP_CC2CE078,42,2772,46.2,1,1503.646458,568.764802,80.0,60.0,0.0,0.0,True,straight,2000,2000,10,0.0,0.0,0.0,0.0,3.145904,-2.693849,823.646458,-191.235198,False,False,False,0.0,False,0.0,False,0.0,False,0.0,0.0,False,linear,0.0,0.0,0.0,0.0,False,clear,1.0,0.0
EXP_CC2CE078,42,2773,46.216667,1,1504.979791,569.764802,80.0,60.0,0.0,0.0,True,straight,2000,2000,10,0.0,0.0,0.0,0.0,3.154216,-2.687612,824.979791,-190.235198,False,False,False,0.0,False,0.0,False,0.0,False,0.0,0.0,False,linear,0.0,0.0,0.0,0.0,False,clear,1.0,0.0
EXP_CC2CE078,42,2774,46.233333,1,1506.313124,570.764802,80.0,60.0,0.0,0.0,True,straight,2000,2000,10,0.0,0.0,0.0,0.0,3.162527,-2.681374,826.313124,-189.235198,False,False,False,0.0,False,0.0,False,0.0,False,0.0,0.0,False,linear,0.0,0.0,0.0,0.0,False,clear,1.0,0.0
EXP_CC2CE078,42,2775,46.25,1,1507.646458,571.764802,80.0,60.0,0.0,0.0,True,straight,2000,2000,10,0.0,0.0,0.0,0.0,3.170839,-2.675136,827.646458,-188.235198,False,False,False,0.0,False,0.0,False,0.0,False,0.0,0.0,False,linear,0.0,0.0,0.0,0.0,False,clear,1.0,0.0
EXP_CC2CE078,42,2776,46.266667,1,1508.979791,572.764802,80.0,60.0,0.0,0.0,True,straight,2000,2000,10,0.0,0.0,0.0,0.0,3.17915,-2.668898,828.979791,-187.235198,False,False,False,0.0,False,0.0,False,0.0,False,0.0,0.0,False,linear,0.0,0.0,0.0,0.0,False,clear,1.0,0.0
EXP_CC2CE078,42,2777,46.283333,1,1510.313124,573.764802,80.0,60.0,0.0,0.0,True,straight,2000,2000,10,0.0,0.0,0.0,0.0,3.187461,-2.66266,830.313124,-186.235198,False,False,False,0.0,False,0.0,False,0.0,False,0.0,0.0,False,linear,0.0,0.0,0.0,0.0,False,clear,1.0,0.0
EXP_CC2CE078,42,2778,46.3,1,1511.646458,574.764802,80.0,60.0,0.0,0.0,True,straight,2000,2000,10,0.0,0.0,0.0,0.0,3.195772,-2.656422,831.646458,-185.235198,False,False,False,0.0,False,0.0,False,0.0,False,0.0,0.0,False,linear,0.0,0.0,0.0,0.0,False,clear,1.0,0.0
EXP_CC2CE078,42,2779,46.316667,1,1512.979791,575.764802,80.0,60.0,0.0,0.0,True,straight,2000,2000,10,0.0,0.0,0.0,0.0,3.204082,-2.650184,832.979791,-184.235198,False,False,False,0.0,False,0.0,False,0.0,False,0.0,0.0,False,linear,0.0,0.0,0.0,0.0,False,clear,1.0,0.0
EXP_CC2CE078,42,2780,46.333333,1,1514.313124,576.764802,80.0,60.0,0.0,0.0,True,straight,2000,2000,10,0.0,0.0,0.0,0.0,3.212393,-2.643946,834.313124,-183.235198,False,False,False,0.0,False,0.0,False,0.0,False,0.0,0.0,False,linear,0.0,0.0,0.0,0.0,False,clear,1.0,0.0
EXP_CC2CE078,42,2781,46.35,1,1515.646458,577.764802,80.0,60.0,0.0,0.0,True,straight,2000,2000,10,0.0,0.0,0.0,0.0,3.220703,-2.637708,835.646458,-182.235198,False,False,False,0.0,False,0.0,False,0.0,False,0.0,0.0,False,linear,0.0,0.0,0.0,0.0,False,clear,1.0,0.0
EXP_CC2CE078,42,2782,46.366667,1,1516.979791,578.764802,80.0,60.0,0.0,0.0,True,straight,2000,2000,10,0.0,0.0,0.0,0.0,3.229014,-2.63147,836.979791,-181.235198,False,False,False,0.0,False,0.0,False,0.0,False,0.0,0.0,False,linear,0.0,0.0,0.0,0.0,False,clear,1.0,0.0
EXP_CC2CE078,42,2783,46.383333,1,1518.313124,579.764802,80.0,60.0,0.0,0.0,True,straight,2000,2000,10,0.0,0.0,0.0,0.0,3.237324,-2.625232,838.313124,-180.235198,False,False,False,0.0,False,0.0,False,0.0,False,0.0,0.0,False,linear,0.0,0.0,0.0,0.0,False,clear,1.0,0.0
EXP_CC2CE078,42,2784,46.4,1,1519.646458,580.764802,80.0,60.0,0.0,0.0,True,straight,2000,2000,10,0.0,0.0,0.0,0.0,3.245634,-2.618993,839.646458,-179.235198,False,False,False,0.0,False,0.0,False,0.0,False,0.0,0.0,False,linear,0.0,0.0,0.0,0.0,False,clear,1.0,0.0
EXP_CC2CE078,42,2785,46.416667,1,1520.979791,581.764802,80.0,60.0,0.0,0.0,True,straight,2000,2000,10,0.0,0.0,0.0,0.0,3.253944,-2.612755,840.979791,-178.235198,False,False,False,0.0,False,0.0,False,0.0,False,0.0,0.0,False,linear,0.0,0.0,0.0,0.0,False,clear,1.0,0.0
EXP_CC2CE078,42,2786,46.433333,1,1522.313124,582.764802,80.0,60.0,0.0,0.0,True,straight,2000,2000,10,0.0,0.0,0.0,0.0,3.262254,-2.606516,842.313124,-177.235198,False,False,False,0.0,False,0.0,False,0.0,False,0.0,0.0,False,linear,0.0,0.0,0.0,0.0,False,clear,1.0,0.0
EXP_CC2CE078,42,2787,46.45,1,1523.646458,583.764802,80.0,60.0,0.0,0.0,True,straight,2000,2000,10,0.0,0.0,0.0,0.0,3.270563,-2.600278,843.646458,-176.235198,False,False,False,0.0,False,0.0,False,0.0,False,0.0,0.0,False,linear,0.0,0.0,0.0,0.0,False,clear,1.0,0.0
EXP_CC2CE078,42,2788,46.466667,1,1524.979791,584.764802,80.0,60.0,0.0,0.0,True,straight,2000,2000,10,0.0,0.0,0.0,0.0,3.278873,-2.594039,844.979791,-175.235198,False,False,False,0.0,False,0.0,False,0.0,False,0.0,0.0,False,linear,0.0,0.0,0.0,0.0,False,clear,1.0,0.0
EXP_CC2CE078,42,2789,46.483333,1,1526.313124,585.764802,80.0,60.0,0.0,0.0,True,straight,2000,2000,10,0.0,0.0,0.0,0.0,3.287182,-2.587801,846.313124,-174.235198,False,False,False,0.0,False,0.0,False,0.0,False,0.0,0.0,False,linear,0.0,0.0,0.0,0.0,False,clear,1.0,0.0
EXP_CC2CE078,42,2790,46.5,1,1527.646458,586.764802,80.0,60.0,0.0,0.0,True,straight,2000,2000,10,0.0,0.0,0.0,0.0,3.295492,-2.581562,847.646458,-173.235198,False,False,False,0.0,False,0.0,False,0.0,False,0.0,0.0,False,linear,0.0,0.0,0.0,0.0,False,clear,1.0,0.0
EXP_CC2CE078,42,2791,46.516667,1,1528.979791,587.764802,80.0,60.0,0.0,0.0,True,straight,2000,2000,10,0.0,0.0,0.0,0.0,3.303801,-2.575323,848.979791,-172.235198,False,False,False,0.0,False,0.0,False,0.0,False,0.0,0.0,False,linear,0.0,0.0,0.0,0.0,False,clear,1.0,0.0
EXP_CC2CE078,42,2792,46.533333,1,1530.313124,588.764802,80.0,60.0,0.0,0.0,True,straight,2000,2000,10,0.0,0.0,0.0,0.0,3.31211,-2.569084,850.313124,-171.235198,False,False,False,0.0,False,0.0,False,0.0,False,0.0,0.0,False,linear,0.0,0.0,0.0,0.0,False,clear,1.0,0.0
EXP_CC2CE078,42,2793,46.55,1,1531.646458,589.764802,80.0,60.0,0.0,0.0,True,straight,2000,2000,10,0.0,0.0,0.0,0.0,3.320418,-2.562845,851.646458,-170.235198,False,False,False,0.0,False,0.0,False,0.0,False,0.0,0.0,False,linear,0.0,0.0,0.0,0.0,False,clear,1.0,0.0
EXP_CC2CE078,42,2794,46.566667,1,1532.979791,590.764802,80.0,60.0,0.0,0.0,True,straight,2000,2000,10,0.0,0.0,0.0,0.0,3.328727,-2.556606,852.979791,-169.235198,False,False,False,0.0,False,0.0,False,0.0,False,0.0,0.0,False,linear,0.0,0.0,0.0,0.0,False,clear,1.0,0.0
EXP_CC2CE078,42,2795,46.583333,1,1534.313124,591.764802,80.0,60.0,0.0,0.0,True,straight,2000,2000,10,0.0,0.0,0.0,0.0,3.337036,-2.550367,854.313124,-168.235198,False,False,False,0.0,False,0.0,False,0.0,False,0.0,0.0,False,linear,0.0,0.0,0.0,0.0,False,clear,1.0,0.0
EXP_CC2CE078,42,2796,46.6,1,1535.646458,592.764802,80.0,60.0,0.0,0.0,True,straight,2000,2000,10,0.0,0.0,0.0,0.0,3.345344,-2.544128,855.646458,-167.235198,False,False,False,0.0,False,0.0,False,0.0,False,0.0,0.0,False,linear,0.0,0.0,0.0,0.0,False,clear,1.0,0.0
EXP_CC2CE078,42,2797,46.616667,1,1536.979791,593.764802,80.0,60.0,0.0,0.0,True,straight,2000,2000,10,0.0,0.0,0.0,0.0,3.353652,-2.537889,856.979791,-166.235198,False,False,False,0.0,False,0.0,False,0.0,False,0.0,0.0,False,linear,0.0,0.0,0.0,0.0,False,clear,1.0,0.0
EXP_CC2CE078,42,2798,46.633333,1,1538.313124,594.764802,80.0,60.0,0.0,0.0,True,straight,2000,2000,10,0.0,0.0,0.0,0.0,3.36196,-2.53165,858.313124,-165.235198,False,False,False,0.0,False,0.0,False,0.0,False,0.0,0.0,False,linear,0.0,0.0,0.0,0.0,False,clear,1.0,0.0
EXP_CC2CE078,42,2799,46.65,1,1539.646458,595.764802,80.0,60.0,0.0,0.0,True,straight,2000,2000,10,0.0,0.0,0.0,0.0,3.370268,-2.525411,859.646458,-164.235198,False,False,False,0.0,False,0.0,False,0.0,False,0.0,0.0,False,linear,0.0,0.0,0.0,0.0,False,clear,1.0,0.0
EXP_CC2CE078,42,2800,46.666667,1,1540.979791,596.764802,80.0,60.0,0.0,0.0,True,straight,2000,2000,10,0.0,0.0,0.0,0.0,3.378576,-2.519171,860.979791,-163.235198,False,False,False,0.0,False,0.0,False,0.0,False,0.0,0.0,False,linear,0.0,0.0,0.0,0.0,False,clear,1.0,0.0
EXP_CC2CE078,42,2801,46.683333,1,1542.313124,597.764802,80.0,60.0,0.0,0.0,True,straight,2000,2000,10,0.0,0.0,0.0,0.0,3.386884,-2.512932,862.313124,-162.235198,False,False,False,0.0,False,0.0,False,0.0,False,0.0,0.0,False,linear,0.0,0.0,0.0,0.0,False,clear,1.0,0.0
EXP_CC2CE078,42,2802,46.7,1,1543.646458,598.764802,80.0,60.0,0.0,0.0,True,straight,2000,2000,10,0.0,0.0,0.0,0.0,3.395191,-2.506693,863.646458,-161.235198,False,False,False,0.0,False,0.0,False,0.0,False,0.0,0.0,False,linear,0.0,0.0,0.0,0.0,False,clear,1.0,0.0
EXP_CC2CE078,42,2803,46.716667,1,1544.979791,599.764802,80.0,60.0,0.0,0.0,True,straight,2000,2000,10,0.0,0.0,0.0,0.0,3.403499,-2.500453,864.979791,-160.235198,False,False,False,0.0,False,0.0,False,0.0,False,0.0,0.0,False,linear,0.0,0.0,0.0,0.0,False,clear,1.0,0.0
EXP_CC2CE078,42,2804,46.733333,1,1546.313124,600.764802,80.0,60.0,0.0,0.0,True,straight,2000,2000,10,0.0,0.0,0.0,0.0,3.411806,-2.494213,866.313124,-159.235198,False,False,False,0.0,False,0.0,False,0.0,False,0.0,0.0,False,linear,0.0,0.0,0.0,0.0,False,clear,1.0,0.0
EXP_CC2CE078,42,2805,46.75,1,1547.646458,601.764802,80.0,60.0,0.0,0.0,True,straight,2000,2000,10,0.0,0.0,0.0,0.0,3.420113,-2.487974,867.646458,-158.235198,False,False,False,0.0,False,0.0,False,0.0,False,0.0,0.0,False,linear,0.0,0.0,0.0,0.0,False,clear,1.0,0.0
EXP_CC2CE078,42,2806,46.766667,1,1548.979791,602.764802,80.0,60.0,0.0,0.0,True,straight,2000,2000,10,0.0,0.0,0.0,0.0,3.42842,-2.481734,868.979791,-157.235198,False,False,False,0.0,False,0.0,False,0.0,False,0.0,0.0,False,linear,0.0,0.0,0.0,0.0,False,clear,1.0,0.0
EXP_CC2CE078,42,2807,46.783333,1,1550.313124,603.764802,80.0,60.0,0.0,0.0,True,straight,2000,2000,10,0.0,0.0,0.0,0.0,3.436727,-2.475494,870.313124,-156.235198,False,False,False,0.0,False,0.0,False,0.0,False,0.0,0.0,False,linear,0.0,0.0,0.0,0.0,False,clear,1.0,0.0
EXP_CC2CE078,42,2808,46.8,1,1551.646458,604.764802,80.0,60.0,0.0,0.0,True,straight,2000,2000,10,0.0,0.0,0.0,0.0,3.445034,-2.469255,871.646458,-155.235198,False,False,False,0.0,False,0.0,False,0.0,False,0.0,0.0,False,linear,0.0,0.0,0.0,0.0,False,clear,1.0,0.0
EXP_CC2CE078,42,2809,46.816667,1,1552.979791,605.764802,80.0,60.0,0.0,0.0,True,straight,2000,2000,10,0.0,0.0,0.0,0.0,3.45334,-2.463015,872.979791,-154.235198,False,False,False,0.0,False,0.0,False,0.0,False,0.0,0.0,False,linear,0.0,0.0,0.0,0.0,False,clear,1.0,0.0
EXP_CC2CE078,42,2810,46.833333,1,1554.313124,606.764802,80.0,60.0,0.0,0.0,True,straight,2000,2000,10,0.0,0.0,0.0,0.0,3.461647,-2.456775,874.313124,-153.235198,False,False,False,0.0,False,0.0,False,0.0,False,0.0,0.0,False,linear,0.0,0.0,0.0,0.0,False,clear,1.0,0.0
EXP_CC2CE078,42,2811,46.85,1,1555.646458,607.764802,80.0,60.0,0.0,0.0,True,straight,2000,2000,10,0.0,0.0,0.0,0.0,3.469953,-2.450535,875.646458,-152.235198,False,False,False,0.0,False,0.0,False,0.0,False,0.0,0.0,False,linear,0.0,0.0,0.0,0.0,False,clear,1.0,0.0
EXP_CC2CE078,42,2812,46.866667,1,1556.979791,608.764802,80.0,60.0,0.0,0.0,True,straight,2000,2000,10,0.0,0.0,0.0,0.0,3.478259,-2.444295,876.979791,-151.235198,False,False,False,0.0,False,0.0,False,0.0,False,0.0,0.0,False,linear,0.0,0.0,0.0,0.0,False,clear,1.0,0.0
EXP_CC2CE078,42,2813,46.883333,1,1558.313124,609.764802,80.0,60.0,0.0,0.0,True,straight,2000,2000,10,0.0,0.0,0.0,0.0,3.486565,-2.438055,878.313124,-150.235198,False,False,False,0.0,False,0.0,False,0.0,False,0.0,0.0,False,linear,0.0,0.0,0.0,0.0,False,clear,1.0,0.0
EXP_CC2CE078,42,2814,46.9,1,1559.646458,610.764802,80.0,60.0,0.0,0.0,True,straight,2000,2000,10,0.0,0.0,0.0,0.0,3.494871,-2.431815,879.646458,-149.235198,False,False,False,0.0,False,0.0,False,0.0,False,0.0,0.0,False,linear,0.0,0.0,0.0,0.0,False,clear,1.0,0.0
EXP_CC2CE078,42,2815,46.916667,1,1560.979791,611.764802,80.0,60.0,0.0,0.0,True,straight,2000,2000,10,0.0,0.0,0.0,0.0,3.503177,-2.425574,880.979791,-148.235198,False,False,False,0.0,False,0.0,False,0.0,False,0.0,0.0,False,linear,0.0,0.0,0.0,0.0,False,clear,1.0,0.0
EXP_CC2CE078,42,2816,46.933333,1,1562.313124,612.764802,80.0,60.0,0.0,0.0,True,straight,2000,2000,10,0.0,0.0,0.0,0.0,3.511482,-2.419334,882.313124,-147.235198,False,False,False,0.0,False,0.0,False,0.0,False,0.0,0.0,False,linear,0.0,0.0,0.0,0.0,False,clear,1.0,0.0
EXP_CC2CE078,42,2817,46.95,1,1563.646458,613.764802,80.0,60.0,0.0,0.0,True,straight,2000,2000,10,0.0,0.0,0.0,0.0,3.519787,-2.413094,883.646458,-146.235198,False,False,False,0.0,False,0.0,False,0.0,False,0.0,0.0,False,linear,0.0,0.0,0.0,0.0,False,clear,1.0,0.0
EXP_CC2CE078,42,2818,46.966667,1,1564.979791,614.764802,80.0,60.0,0.0,0.0,True,straight,2000,2000,10,0.0,0.0,0.0,0.0,3.528093,-2.406853,884.979791,-145.235198,False,False,False,0.0,False,0.0,False,0.0,False,0.0,0.0,False,linear,0.0,0.0,0.0,0.0,False,clear,1.0,0.0
EXP_CC2CE078,42,2819,46.983333,1,1566.313124,615.764802,80.0,60.0,0.0,0.0,True,straight,2000,2000,10,0.0,0.0,0.0,0.0,3.536398,-2.400613,886.313124,-144.235198,False,False,False,0.0,False,0.0,False,0.0,False,0.0,0.0,False,linear,0.0,0.0,0.0,0.0,False,clear,1.0,0.0
EXP_CC2CE078,42,2820,47.0,1,1567.646458,616.764802,80.0,60.0,0.0,0.0,True,straight,2000,2000,10,0.0,0.0,0.0,0.0,3.544703,-2.394373,887.646458,-143.235198,False,False,False,0.0,False,0.0,False,0.0,False,0.0,0.0,False,linear,0.0,0.0,0.0,0.0,False,clear,1.0,0.0
EXP_CC2CE078,42,2821,47.016667,1,1568.979791,617.764802,80.0,60.0,0.0,0.0,True,straight,2000,2000,10,0.0,0.0,0.0,0.0,3.553007,-2.388132,888.979791,-142.235198,False,False,False,0.0,False,0.0,False,0.0,False,0.0,0.0,False,linear,0.0,0.0,0.0,0.0,False,clear,1.0,0.0
EXP_CC2CE078,42,2822,47.033333,1,1570.313124,618.764802,80.0,60.0,0.0,0.0,True,straight,2000,2000,10,0.0,0.0,0.0,0.0,3.561312,-2.381891,890.313124,-141.235198,False,False,False,0.0,False,0.0,False,0.0,False,0.0,0.0,False,linear,0.0,0.0,0.0,0.0,False,clear,1.0,0.0
EXP_CC2CE078,42,2823,47.05,1,1571.646458,619.764802,80.0,60.0,0.0,0.0,True,straight,2000,2000,10,0.0,0.0,0.0,0.0,3.569617,-2.375651,891.646458,-140.235198,False,False,False,0.0,False,0.0,False,0.0,False,0.0,0.0,False,linear,0.0,0.0,0.0,0.0,False,clear,1.0,0.0
EXP_CC2CE078,42,2824,47.066667,1,1572.979791,620.764802,80.0,60.0,0.0,0.0,True,straight,2000,2000,10,0.0,0.0,0.0,0.0,3.577921,-2.36941,892.979791,-139.235198,False,False,False,0.0,False,0.0,False,0.0,False,0.0,0.0,False,linear,0.0,0.0,0.0,0.0,False,clear,1.0,0.0
EXP_CC2CE078,42,2825,47.083333,1,1574.313124,621.764802,80.0,60.0,0.0,0.0,True,straight,2000,2000,10,0.0,0.0,0.0,0.0,3.586225,-2.363169,894.313124,-138.235198,False,False,False,0.0,False,0.0,False,0.0,False,0.0,0.0,False,linear,0.0,0.0,0.0,0.0,False,clear,1.0,0.0
EXP_CC2CE078,42,2826,47.1,1,1575.646458,622.764802,80.0,60.0,0.0,0.0,True,straight,2000,2000,10,0.0,0.0,0.0,0.0,3.594529,-2.356928,895.646458,-137.235198,False,False,False,0.0,False,0.0,False,0.0,False,0.0,0.0,False,linear,0.0,0.0,0.0,0.0,False,clear,1.0,0.0
EXP_CC2CE078,42,2827,47.116667,1,1576.979791,623.764802,80.0,60.0,0.0,0.0,True,straight,2000,2000,10,0.0,0.0,0.0,0.0,3.602833,-2.350688,896.979791,-136.235198,False,False,False,0.0,False,0.0,False,0.0,False,0.0,0.0,False,linear,0.0,0.0,0.0,0.0,False,clear,1.0,0.0
EXP_CC2CE078,42,2828,47.133333,1,1578.313124,624.764802,80.0,60.0,0.0,0.0,True,straight,2000,2000,10,0.0,0.0,0.0,0.0,3.611137,-2.344447,898.313124,-135.235198,False,False,False,0.0,False,0.0,False,0.0,False,0.0,0.0,False,linear,0.0,0.0,0.0,0.0,False,clear,1.0,0.0
EXP_CC2CE078,42,2829,47.15,1,1579.646458,625.764802,80.0,60.0,0.0,0.0,True,straight,2000,2000,10,0.0,0.0,0.0,0.0,3.61944,-2.338206,899.646458,-134.235198,False,False,False,0.0,False,0.0,False,0.0,False,0.0,0.0,False,linear,0.0,0.0,0.0,0.0,False,clear,1.0,0.0
EXP_CC2CE078,42,2830,47.166667,1,1580.979791,626.764802,80.0,60.0,0.0,0.0,True,straight,2000,2000,10,0.0,0.0,0.0,0.0,3.627744,-2.331965,900.979791,-133.235198,False,False,False,0.0,False,0.0,False,0.0,False,0.0,0.0,False,linear,0.0,0.0,0.0,0.0,False,clear,1.0,0.0
EXP_CC2CE078,42,2831,47.183333,1,1582.313124,627.764802,80.0,60.0,0.0,0.0,True,straight,2000,2000,10,0.0,0.0,0.0,0.0,3.636047,-2.325723,902.313124,-132.235198,False,False,False,0.0,False,0.0,False,0.0,False,0.0,0.0,False,linear,0.0,0.0,0.0,0.0,False,clear,1.0,0.0
EXP_CC2CE078,42,2832,47.2,1,1583.646458,628.764802,80.0,60.0,0.0,0.0,True,straight,2000,2000,10,0.0,0.0,0.0,0.0,3.64435,-2.319482,903.646458,-131.235198,False,False,False,0.0,False,0.0,False,0.0,False,0.0,0.0,False,linear,0.0,0.0,0.0,0.0,False,clear,1.0,0.0
EXP_CC2CE078,42,2833,47.216667,1,1584.979791,629.764802,80.0,60.0,0.0,0.0,True,straight,2000,2000,10,0.0,0.0,0.0,0.0,3.652653,-2.313241,904.979791,-130.235198,False,False,False,0.0,False,0.0,False,0.0,False,0.0,0.0,False,linear,0.0,0.0,0.0,0.0,False,clear,1.0,0.0
EXP_CC2CE078,42,2834,47.233333,1,1586.313124,630.764802,80.0,60.0,0.0,0.0,True,straight,2000,2000,10,0.0,0.0,0.0,0.0,3.660956,-2.307,906.313124,-129.235198,False,False,False,0.0,False,0.0,False,0.0,False,0.0,0.0,False,linear,0.0,0.0,0.0,0.0,False,clear,1.0,0.0
EXP_CC2CE078,42,2835,47.25,1,1587.646458,631.764802,80.0,60.0,0.0,0.0,True,straight,2000,2000,10,0.0,0.0,0.0,0.0,3.669258,-2.300758,907.646458,-128.235198,False,False,False,0.0,False,0.0,False,0.0,False,0.0,0.0,False,linear,0.0,0.0,0.0,0.0,False,clear,1.0,0.0
EXP_CC2CE078,42,2836,47.266667,1,1588.979791,632.764802,80.0,60.0,0.0,0.0,True,straight,2000,2000,10,0.0,0.0,0.0,0.0,3.677561,-2.294517,908.979791,-127.235198,False,False,False,0.0,False,0.0,False,0.0,False,0.0,0.0,False,linear,0.0,0.0,0.0,0.0,False,clear,1.0,0.0
EXP_CC2CE078,42,2837,47.283333,1,1590.313124,633.764802,80.0,60.0,0.0,0.0,True,straight,2000,2000,10,0.0,0.0,0.0,0.0,3.685863,-2.288276,910.313124,-126.235198,False,False,False,0.0,False,0.0,False,0.0,False,0.0,0.0,False,linear,0.0,0.0,0.0,0.0,False,clear,1.0,0.0
EXP_CC2CE078,42,2838,47.3,1,1591.646458,634.764802,80.0,60.0,0.0,0.0,True,straight,2000,2000,10,0.0,0.0,0.0,0.0,3.694165,-2.282034,911.646458,-125.235198,False,False,False,0.0,False,0.0,False,0.0,False,0.0,0.0,False,linear,0.0,0.0,0.0,0.0,False,clear,1.0,0.0
EXP_CC2CE078,42,2839,47.316667,1,1592.979791,635.764802,80.0,60.0,0.0,0.0,True,straight,2000,2000,10,0.0,0.0,0.0,0.0,3.702468,-2.275793,912.979791,-124.235198,False,False,False,0.0,False,0.0,False,0.0,False,0.0,0.0,False,linear,0.0,0.0,0.0,0.0,False,clear,1.0,0.0
EXP_CC2CE078,42,2840,47.333333,1,1594.313124,636.764802,80.0,60.0,0.0,0.0,True,straight,2000,2000,10,0.0,0.0,0.0,0.0,3.710769,-2.269551,914.313124,-123.235198,False,False,False,0.0,False,0.0,False,0.0,False,0.0,0.0,False,linear,0.0,0.0,0.0,0.0,False,clear,1.0,0.0
EXP_CC2CE078,42,2841,47.35,1,1595.646458,637.764802,80.0,60.0,0.0,0.0,True,straight,2000,2000,10,0.0,0.0,0.0,0.0,3.719071,-2.263309,915.646458,-122.235198,False,False,False,0.0,False,0.0,False,0.0,False,0.0,0.0,False,linear,0.0,0.0,0.0,0.0,False,clear,1.0,0.0
EXP_CC2CE078,42,2842,47.366667,1,1596.979791,638.764802,80.0,60.0,0.0,0.0,True,straight,2000,2000,10,0.0,0.0,0.0,0.0,3.727373,-2.257068,916.979791,-121.235198,False,False,False,0.0,False,0.0,False,0.0,False,0.0,0.0,False,linear,0.0,0.0,0.0,0.0,False,clear,1.0,0.0
EXP_CC2CE078,42,2843,47.383333,1,1598.313124,639.764802,80.0,60.0,0.0,0.0,True,straight,2000,2000,10,0.0,0.0,0.0,0.0,3.735674,-2.250826,918.313124,-120.235198,False,False,False,0.0,False,0.0,False,0.0,False,0.0,0.0,False,linear,0.0,0.0,0.0,0.0,False,clear,1.0,0.0
EXP_CC2CE078,42,2844,47.4,1,1599.646458,640.764802,80.0,60.0,0.0,0.0,True,straight,2000,2000,10,0.0,0.0,0.0,0.0,3.743975,-2.244584,919.646458,-119.235198,False,False,False,0.0,False,0.0,False,0.0,False,0.0,0.0,False,linear,0.0,0.0,0.0,0.0,False,clear,1.0,0.0
EXP_CC2CE078,42,2845,47.416667,1,1600.979791,641.764802,80.0,60.0,0.0,0.0,True,straight,2000,2000,10,0.0,0.0,0.0,0.0,3.752276,-2.238342,920.979791,-118.235198,False,False,False,0.0,False,0.0,False,0.0,False,0.0,0.0,False,linear,0.0,0.0,0.0,0.0,False,clear,1.0,0.0
EXP_CC2CE078,42,2846,47.433333,1,1602.313124,642.764802,80.0,60.0,0.0,0.0,True,straight,2000,2000,10,0.0,0.0,0.0,0.0,3.760577,-2.2321,922.313124,-117.235198,False,False,False,0.0,False,0.0,False,0.0,False,0.0,0.0,False,linear,0.0,0.0,0.0,0.0,False,clear,1.0,0.0
EXP_CC2CE078,42,2847,47.45,1,1603.646458,643.764802,80.0,60.0,0.0,0.0,True,straight,2000,2000,10,0.0,0.0,0.0,0.0,3.768878,-2.225858,923.646458,-116.235198,False,False,False,0.0,False,0.0,False,0.0,False,0.0,0.0,False,linear,0.0,0.0,0.0,0.0,False,clear,1.0,0.0
EXP_CC2CE078,42,2848,47.466667,1,1604.979791,644.764802,80.0,60.0,0.0,0.0,True,straight,2000,2000,10,0.0,0.0,0.0,0.0,3.777179,-2.219616,924.979791,-115.235198,False,False,False,0.0,False,0.0,False,0.0,False,0.0,0.0,False,linear,0.0,0.0,0.0,0.0,False,clear,1.0,0.0
EXP_CC2CE078,42,2849,47.483333,1,1606.313124,645.764802,80.0,60.0,0.0,0.0,True,straight,2000,2000,10,0.0,0.0,0.0,0.0,3.785479,-2.213374,926.313124,-114.235198,False,False,False,0.0,False,0.0,False,0.0,False,0.0,0.0,False,linear,0.0,0.0,0.0,0.0,False,clear,1.0,0.0
EXP_CC2CE078,42,2850,47.5,1,1607.646458,646.764802,80.0,60.0,0.0,0.0,True,straight,2000,2000,10,0.0,0.0,0.0,0.0,3.79378,-2.207132,927.646458,-113.235198,False,False,False,0.0,False,0.0,False,0.0,False,0.0,0.0,False,linear,0.0,0.0,0.0,0.0,False,clear,1.0,0.0
EXP_CC2CE078,42,2851,47.516667,1,1608.979791,647.764802,80.0,60.0,0.0,0.0,True,straight,2000,2000,10,0.0,0.0,0.0,0.0,3.80208,-2.20089,928.979791,-112.235198,False,False,False,0.0,False,0.0,False,0.0,False,0.0,0.0,False,linear,0.0,0.0,0.0,0.0,False,clear,1.0,0.0
EXP_CC2CE078,42,2852,47.533333,1,1610.313124,648.764802,80.0,60.0,0.0,0.0,True,straight,2000,2000,10,0.0,0.0,0.0,0.0,3.81038,-2.194648,930.313124,-111.235198,False,False,False,0.0,False,0.0,False,0.0,False,0.0,0.0,False,linear,0.0,0.0,0.0,0.0,False,clear,1.0,0.0
EXP_CC2CE078,42,2853,47.55,1,1611.646458,649.764802,80.0,60.0,0.0,0.0,True,straight,2000,2000,10,0.0,0.0,0.0,0.0,3.818679,-2.188405,931.646458,-110.235198,False,False,False,0.0,False,0.0,False,0.0,False,0.0,0.0,False,linear,0.0,0.0,0.0,0.0,False,clear,1.0,0.0
EXP_CC2CE078,42,2854,47.566667,1,1612.979791,650.764802,80.0,60.0,0.0,0.0,True,straight,2000,2000,10,0.0,0.0,0.0,0.0,3.826979,-2.182163,932.979791,-109.235198,False,False,False,0.0,False,0.0,False,0.0,False,0.0,0.0,False,linear,0.0,0.0,0.0,0.0,False,clear,1.0,0.0
EXP_CC2CE078,42,2855,47.583333,1,1614.313124,651.764802,80.0,60.0,0.0,0.0,True,straight,2000,2000,10,0.0,0.0,0.0,0.0,3.835279,-2.175921,934.313124,-108.235198,False,False,False,0.0,False,0.0,False,0.0,False,0.0,0.0,False,linear,0.0,0.0,0.0,0.0,False,clear,1.0,0.0
EXP_CC2CE078,42,2856,47.6,1,1615.646458,652.764802,80.0,60.0,0.0,0.0,True,straight,2000,2000,10,0.0,0.0,0.0,0.0,3.843578,-2.169678,935.646458,-107.235198,False,False,False,0.0,False,0.0,False,0.0,False,0.0,0.0,False,linear,0.0,0.0,0.0,0.0,False,clear,1.0,0.0
EXP_CC2CE078,42,2857,47.616667,1,1616.979791,653.764802,80.0,60.0,0.0,0.0,True,straight,2000,2000,10,0.0,0.0,0.0,0.0,3.851877,-2.163436,936.979791,-106.235198,False,False,False,0.0,False,0.0,False,0.0,False,0.0,0.0,False,linear,0.0,0.0,0.0,0.0,False,clear,1.0,0.0
EXP_CC2CE078,42,2858,47.633333,1,1618.313124,654.764802,80.0,60.0,0.0,0.0,True,straight,2000,2000,10,0.0,0.0,0.0,0.0,3.860176,-2.157193,938.313124,-105.235198,False,False,False,0.0,False,0.0,False,0.0,False,0.0,0.0,False,linear,0.0,0.0,0.0,0.0,False,clear,1.0,0.0
EXP_CC2CE078,42,2859,47.65,1,1619.646458,655.764802,80.0,60.0,0.0,0.0,True,straight,2000,2000,10,0.0,0.0,0.0,0.0,3.868475,-2.150951,939.646458,-104.235198,False,False,False,0.0,False,0.0,False,0.0,False,0.0,0.0,False,linear,0.0,0.0,0.0,0.0,False,clear,1.0,0.0
EXP_CC2CE078,42,2860,47.666667,1,1620.979791,656.764802,80.0,60.0,0.0,0.0,True,straight,2000,2000,10,0.0,0.0,0.0,0.0,3.876774,-2.144708,940.979791,-103.235198,False,False,False,0.0,False,0.0,False,0.0,False,0.0,0.0,False,linear,0.0,0.0,0.0,0.0,False,clear,1.0,0.0
EXP_CC2CE078,42,2861,47.683333,1,1622.313124,657.764802,80.0,60.0,0.0,0.0,True,straight,2000,2000,10,0.0,0.0,0.0,0.0,3.885072,-2.138465,942.313124,-102.235198,False,False,False,0.0,False,0.0,False,0.0,False,0.0,0.0,False,linear,0.0,0.0,0.0,0.0,False,clear,1.0,0.0
EXP_CC2CE078,42,2862,47.7,1,1623.646458,658.764802,80.0,60.0,0.0,0.0,True,straight,2000,2000,10,0.0,0.0,0.0,0.0,3.893371,-2.132223,943.646458,-101.235198,False,False,False,0.0,False,0.0,False,0.0,False,0.0,0.0,False,linear,0.0,0.0,0.0,0.0,False,clear,1.0,0.0
EXP_CC2CE078,42,2863,47.716667,1,1624.979791,659.764802,80.0,60.0,0.0,0.0,True,straight,2000,2000,10,0.0,0.0,0.0,0.0,3.901669,-2.12598,944.979791,-100.235198,False,False,False,0.0,False,0.0,False,0.0,False,0.0,0.0,False,linear,0.0,0.0,0.0,0.0,False,clear,1.0,0.0
EXP_CC2CE078,42,2864,47.733333,1,1626.313124,660.764802,80.0,60.0,0.0,0.0,True,straight,2000,2000,10,0.0,0.0,0.0,0.0,3.909967,-2.119737,946.313124,-99.235198,False,False,False,0.0,False,0.0,False,0.0,False,0.0,0.0,False,linear,0.0,0.0,0.0,0.0,False,clear,1.0,0.0
EXP_CC2CE078,42,2865,47.75,1,1627.646458,661.764802,80.0,60.0,0.0,0.0,True,straight,2000,2000,10,0.0,0.0,0.0,0.0,3.918265,-2.113494,947.646458,-98.235198,False,False,False,0.0,False,0.0,False,0.0,False,0.0,0.0,False,linear,0.0,0.0,0.0,0.0,False,clear,1.0,0.0
EXP_CC2CE078,42,2866,47.766667,1,1628.979791,662.764802,80.0,60.0,0.0,0.0,True,straight,2000,2000,10,0.0,0.0,0.0,0.0,3.926562,-2.107251,948.979791,-97.235198,False,False,False,0.0,False,0.0,False,0.0,False,0.0,0.0,False,linear,0.0,0.0,0.0,0.0,False,clear,1.0,0.0
EXP_CC2CE078,42,2867,47.783333,1,1630.313124,663.764802,80.0,60.0,0.0,0.0,True,straight,2000,2000,10,0.0,0.0,0.0,0.0,3.93486,-2.101008,950.313124,-96.235198,False,False,False,0.0,False,0.0,False,0.0,False,0.0,0.0,False,linear,0.0,0.0,0.0,0.0,False,clear,1.0,0.0
EXP_CC2CE078,42,2868,47.8,1,1631.646458,664.764802,80.0,60.0,0.0,0.0,True,straight,2000,2000,10,0.0,0.0,0.0,0.0,3.943157,-2.094765,951.646458,-95.235198,False,False,False,0.0,False,0.0,False,0.0,False,0.0,0.0,False,linear,0.0,0.0,0.0,0.0,False,clear,1.0,0.0
EXP_CC2CE078,42,2869,47.816667,1,1632.979791,665.764802,80.0,60.0,0.0,0.0,True,straight,2000,2000,10,0.0,0.0,0.0,0.0,3.951455,-2.088522,952.979791,-94.235198,False,False,False,0.0,False,0.0,False,0.0,False,0.0,0.0,False,linear,0.0,0.0,0.0,0.0,False,clear,1.0,0.0
EXP_CC2CE078,42,2870,47.833333,1,1634.313124,666.764802,80.0,60.0,0.0,0.0,True,straight,2000,2000,10,0.0,0.0,0.0,0.0,3.959752,-2.082279,954.313124,-93.235198,False,False,False,0.0,False,0.0,False,0.0,False,0.0,0.0,False,linear,0.0,0.0,0.0,0.0,False,clear,1.0,0.0
EXP_CC2CE078,42,2871,47.85,1,1635.646458,667.764802,80.0,60.0,0.0,0.0,True,straight,2000,2000,10,0.0,0.0,0.0,0.0,3.968049,-2.076036,955.646458,-92.235198,False,False,False,0.0,False,0.0,False,0.0,False,0.0,0.0,False,linear,0.0,0.0,0.0,0.0,False,clear,1.0,0.0
EXP_CC2CE078,42,2872,47.866667,1,1636.979791,668.764802,80.0,60.0,0.0,0.0,True,straight,2000,2000,10,0.0,0.0,0.0,0.0,3.976345,-2.069792,956.979791,-91.235198,False,False,False,0.0,False,0.0,False,0.0,False,0.0,0.0,False,linear,0.0,0.0,0.0,0.0,False,clear,1.0,0.0
EXP_CC2CE078,42,2873,47.883333,1,1638.313124,669.764802,80.0,60.0,0.0,0.0,True,straight,2000,2000,10,0.0,0.0,0.0,0.0,3.984642,-2.063549,958.313124,-90.235198,False,False,False,0.0,False,0.0,False,0.0,False,0.0,0.0,False,linear,0.0,0.0,0.0,0.0,False,clear,1.0,0.0
EXP_CC2CE078,42,2874,47.9,1,1639.646458,670.764802,80.0,60.0,0.0,0.0,True,straight,2000,2000,10,0.0,0.0,0.0,0.0,3.992938,-2.057306,959.646458,-89.235198,False,False,False,0.0,False,0.0,False,0.0,False,0.0,0.0,False,linear,0.0,0.0,0.0,0.0,False,clear,1.0,0.0
EXP_CC2CE078,42,2875,47.916667,1,1640.979791,671.764802,80.0,60.0,0.0,0.0,True,straight,2000,2000,10,0.0,0.0,0.0,0.0,4.001234,-2.051062,960.979791,-88.235198,False,False,False,0.0,False,0.0,False,0.0,False,0.0,0.0,False,linear,0.0,0.0,0.0,0.0,False,clear,1.0,0.0
EXP_CC2CE078,42,2876,47.933333,1,1642.313124,672.764802,80.0,60.0,0.0,0.0,True,straight,2000,2000,10,0.0,0.0,0.0,0.0,4.00953,-2.044819,962.313124,-87.235198,False,False,False,0.0,False,0.0,False,0.0,False,0.0,0.0,False,linear,0.0,0.0,0.0,0.0,False,clear,1.0,0.0
EXP_CC2CE078,42,2877,47.95,1,1643.646458,673.764802,80.0,60.0,0.0,0.0,True,straight,2000,2000,10,0.0,0.0,0.0,0.0,4.017826,-2.038575,963.646458,-86.235198,False,False,False,0.0,False,0.0,False,0.0,False,0.0,0.0,False,linear,0.0,0.0,0.0,0.0,False,clear,1.0,0.0
EXP_CC2CE078,42,2878,47.966667,1,1644.979791,674.764802,80.0,60.0,0.0,0.0,True,straight,2000,2000,10,0.0,0.0,0.0,0.0,4.026122,-2.032332,964.979791,-85.235198,False,False,False,0.0,False,0.0,False,0.0,False,0.0,0.0,False,linear,0.0,0.0,0.0,0.0,False,clear,1.0,0.0
EXP_CC2CE078,42,2879,47.983333,1,1646.313124,675.764802,80.0,60.0,0.0,0.0,True,straight,2000,2000,10,0.0,0.0,0.0,0.0,4.034418,-2.026088,966.313124,-84.235198,False,False,False,0.0,False,0.0,False,0.0,False,0.0,0.0,False,linear,0.0,0.0,0.0,0.0,False,clear,1.0,0.0
EXP_CC2CE078,42,2880,48.0,1,1647.646458,676.764802,80.0,60.0,0.0,0.0,True,straight,2000,2000,10,0.0,0.0,0.0,0.0,4.042713,-2.019845,967.646458,-83.235198,False,False,False,0.0,False,0.0,False,0.0,False,0.0,0.0,False,linear,0.0,0.0,0.0,0.0,False,clear,1.0,0.0
EXP_CC2CE078,42,2881,48.016667,1,1648.979791,677.764802,80.0,60.0,0.0,0.0,True,straight,2000,2000,10,0.0,0.0,0.0,0.0,4.051008,-2.013601,968.979791,-82.235198,False,False,False,0.0,False,0.0,False,0.0,False,0.0,0.0,False,linear,0.0,0.0,0.0,0.0,False,clear,1.0,0.0
EXP_CC2CE078,42,2882,48.033333,1,1650.313124,678.764802,80.0,60.0,0.0,0.0,True,straight,2000,2000,10,0.0,0.0,0.0,0.0,4.059303,-2.007357,970.313124,-81.235198,False,False,False,0.0,False,0.0,False,0.0,False,0.0,0.0,False,linear,0.0,0.0,0.0,0.0,False,clear,1.0,0.0
EXP_CC2CE078,42,2883,48.05,1,1651.646458,679.764802,80.0,60.0,0.0,0.0,True,straight,2000,2000,10,0.0,0.0,0.0,0.0,4.067598,-2.001113,971.646458,-80.235198,False,False,False,0.0,False,0.0,False,0.0,False,0.0,0.0,False,linear,0.0,0.0,0.0,0.0,False,clear,1.0,0.0
EXP_CC2CE078,42,2884,48.066667,1,1652.979791,680.764802,80.0,60.0,0.0,0.0,True,straight,2000,2000,10,0.0,0.0,0.0,0.0,4.075893,-1.994869,972.979791,-79.235198,False,False,False,0.0,False,0.0,False,0.0,False,0.0,0.0,False,linear,0.0,0.0,0.0,0.0,False,clear,1.0,0.0
EXP_CC2CE078,42,2885,48.083333,1,1654.313124,681.764802,80.0,60.0,0.0,0.0,True,straight,2000,2000,10,0.0,0.0,0.0,0.0,4.084187,-1.988626,974.313124,-78.235198,False,False,False,0.0,False,0.0,False,0.0,False,0.0,0.0,False,linear,0.0,0.0,0.0,0.0,False,clear,1.0,0.0
EXP_CC2CE078,42,2886,48.1,1,1655.646458,682.764802,80.0,60.0,0.0,0.0,True,straight,2000,2000,10,0.0,0.0,0.0,0.0,4.092482,-1.982382,975.646458,-77.235198,False,False,False,0.0,False,0.0,False,0.0,False,0.0,0.0,False,linear,0.0,0.0,0.0,0.0,False,clear,1.0,0.0
EXP_CC2CE078,42,2887,48.116667,1,1656.979791,683.764802,80.0,60.0,0.0,0.0,True,straight,2000,2000,10,0.0,0.0,0.0,0.0,4.100776,-1.976138,976.979791,-76.235198,False,False,False,0.0,False,0.0,False,0.0,False,0.0,0.0,False,linear,0.0,0.0,0.0,0.0,False,clear,1.0,0.0
EXP_CC2CE078,42,2888,48.133333,1,1658.313124,684.764802,80.0,60.0,0.0,0.0,True,straight,2000,2000,10,0.0,0.0,0.0,0.0,4.10907,-1.969894,978.313124,-75.235198,False,False,False,0.0,False,0.0,False,0.0,False,0.0,0.0,False,linear,0.0,0.0,0.0,0.0,False,clear,1.0,0.0
EXP_CC2CE078,42,2889,48.15,1,1659.646458,685.764802,80.0,60.0,0.0,0.0,True,straight,2000,2000,10,0.0,0.0,0.0,0.0,4.117364,-1.96365,979.646458,-74.235198,False,False,False,0.0,False,0.0,False,0.0,False,0.0,0.0,False,linear,0.0,0.0,0.0,0.0,False,clear,1.0,0.0
EXP_CC2CE078,42,2890,48.166667,1,1660.979791,686.764802,80.0,60.0,0.0,0.0,True,straight,2000,2000,10,0.0,0.0,0.0,0.0,4.125657,-1.957406,980.979791,-73.235198,False,False,False,0.0,False,0.0,False,0.0,False,0.0,0.0,False,linear,0.0,0.0,0.0,0.0,False,clear,1.0,0.0
EXP_CC2CE078,42,2891,48.183333,1,1662.313124,687.764802,80.0,60.0,0.0,0.0,True,straight,2000,2000,10,0.0,0.0,0.0,0.0,4.133951,-1.951161,982.313124,-72.235198,False,False,False,0.0,False,0.0,False,0.0,False,0.0,0.0,False,linear,0.0,0.0,0.0,0.0,False,clear,1.0,0.0
EXP_CC2CE078,42,2892,48.2,1,1663.646458,688.764802,80.0,60.0,0.0,0.0,True,straight,2000,2000,10,0.0,0.0,0.0,0.0,4.142244,-1.944917,983.646458,-71.235198,False,False,False,0.0,False,0.0,False,0.0,False,0.0,0.0,False,linear,0.0,0.0,0.0,0.0,False,clear,1.0,0.0
EXP_CC2CE078,42,2893,48.216667,1,1664.979791,689.764802,80.0,60.0,0.0,0.0,True,straight,2000,2000,10,0.0,0.0,0.0,0.0,4.150537,-1.938673,984.979791,-70.235198,False,False,False,0.0,False,0.0,False,0.0,False,0.0,0.0,False,linear,0.0,0.0,0.0,0.0,False,clear,1.0,0.0
EXP_CC2CE078,42,2894,48.233333,1,1666.313124,690.764802,80.0,60.0,0.0,0.0,True,straight,2000,2000,10,0.0,0.0,0.0,0.0,4.15883,-1.932429,986.313124,-69.235198,False,False,False,0.0,False,0.0,False,0.0,False,0.0,0.0,False,linear,0.0,0.0,0.0,0.0,False,clear,1.0,0.0
EXP_CC2CE078,42,2895,48.25,1,1667.646458,691.764802,80.0,60.0,0.0,0.0,True,straight,2000,2000,10,0.0,0.0,0.0,0.0,4.167123,-1.926184,987.646458,-68.235198,False,False,False,0.0,False,0.0,False,0.0,False,0.0,0.0,False,linear,0.0,0.0,0.0,0.0,False,clear,1.0,0.0
EXP_CC2CE078,42,2896,48.266667,1,1668.979791,692.764802,80.0,60.0,0.0,0.0,True,straight,2000,2000,10,0.0,0.0,0.0,0.0,4.175415,-1.91994,988.979791,-67.235198,False,False,False,0.0,False,0.0,False,0.0,False,0.0,0.0,False,linear,0.0,0.0,0.0,0.0,False,clear,1.0,0.0
EXP_CC2CE078,42,2897,48.283333,1,1670.313124,693.764802,80.0,60.0,0.0,0.0,True,straight,2000,2000,10,0.0,0.0,0.0,0.0,4.183708,-1.913695,990.313124,-66.235198,False,False,False,0.0,False,0.0,False,0.0,False,0.0,0.0,False,linear,0.0,0.0,0.0,0.0,False,clear,1.0,0.0
EXP_CC2CE078,42,2898,48.3,1,1671.646458,694.764802,80.0,60.0,0.0,0.0,True,straight,2000,2000,10,0.0,0.0,0.0,0.0,4.192,-1.907451,991.646458,-65.235198,False,False,False,0.0,False,0.0,False,0.0,False,0.0,0.0,False,linear,0.0,0.0,0.0,0.0,False,clear,1.0,0.0
EXP_CC2CE078,42,2899,48.316667,1,1672.979791,695.764802,80.0,60.0,0.0,0.0,True,straight,2000,2000,10,0.0,0.0,0.0,0.0,4.200292,-1.901206,992.979791,-64.235198,False,False,False,0.0,False,0.0,False,0.0,False,0.0,0.0,False,linear,0.0,0.0,0.0,0.0,False,clear,1.0,0.0
EXP_CC2CE078,42,2900,48.333333,1,1674.313124,696.764802,80.0,60.0,0.0,0.0,True,straight,2000,2000,10,0.0,0.0,0.0,0.0,4.208584,-1.894962,994.313124,-63.235198,False,False,False,0.0,False,0.0,False,0.0,False,0.0,0.0,False,linear,0.0,0.0,0.0,0.0,False,clear,1.0,0.0
EXP_CC2CE078,42,2901,48.35,1,1675.646458,697.764802,80.0,60.0,0.0,0.0,True,straight,2000,2000,10,0.0,0.0,0.0,0.0,4.216876,-1.888717,995.646458,-62.235198,False,False,False,0.0,False,0.0,False,0.0,False,0.0,0.0,False,linear,0.0,0.0,0.0,0.0,False,clear,1.0,0.0
EXP_CC2CE078,42,2902,48.366667,1,1676.979791,698.764802,80.0,60.0,0.0,0.0,True,straight,2000,2000,10,0.0,0.0,0.0,0.0,4.225167,-1.882473,996.979791,-61.235198,False,False,False,0.0,False,0.0,False,0.0,False,0.0,0.0,False,linear,0.0,0.0,0.0,0.0,False,clear,1.0,0.0
EXP_CC2CE078,42,2903,48.383333,1,1678.313124,699.764802,80.0,60.0,0.0,0.0,True,straight,2000,2000,10,0.0,0.0,0.0,0.0,4.233459,-1.876228,998.313124,-60.235198,False,False,False,0.0,False,0.0,False,0.0,False,0.0,0.0,False,linear,0.0,0.0,0.0,0.0,False,clear,1.0,0.0
EXP_CC2CE078,42,2904,48.4,1,1679.646458,700.764802,80.0,60.0,0.0,0.0,True,straight,2000,2000,10,0.0,0.0,0.0,0.0,4.24175,-1.869983,999.646458,-59.235198,False,False,False,0.0,False,0.0,False,0.0,False,0.0,0.0,False,linear,0.0,0.0,0.0,0.0,False,clear,1.0,0.0
EXP_CC2CE078,42,2905,48.416667,1,1680.979791,701.764802,80.0,60.0,0.0,0.0,True,straight,2000,2000,10,0.0,0.0,0.0,0.0,4.250041,-1.863738,1000.979791,-58.235198,False,False,False,0.0,False,0.0,False,0.0,False,0.0,0.0,False,linear,0.0,0.0,0.0,0.0,False,clear,1.0,0.0
EXP_CC2CE078,42,2906,48.433333,1,1682.313124,702.764802,80.0,60.0,0.0,0.0,True,straight,2000,2000,10,0.0,0.0,0.0,0.0,4.258332,-1.857493,1002.313124,-57.235198,False,False,False,0.0,False,0.0,False,0.0,False,0.0,0.0,False,linear,0.0,0.0,0.0,0.0,False,clear,1.0,0.0
EXP_CC2CE078,42,2907,48.45,1,1683.646458,703.764802,80.0,60.0,0.0,0.0,True,straight,2000,2000,10,0.0,0.0,0.0,0.0,4.266623,-1.851249,1003.646458,-56.235198,False,False,False,0.0,False,0.0,False,0.0,False,0.0,0.0,False,linear,0.0,0.0,0.0,0.0,False,clear,1.0,0.0
EXP_CC2CE078,42,2908,48.466667,1,1684.979791,704.764802,80.0,60.0,0.0,0.0,True,straight,2000,2000,10,0.0,0.0,0.0,0.0,4.274913,-1.845004,1004.979791,-55.235198,False,False,False,0.0,False,0.0,False,0.0,False,0.0,0.0,False,linear,0.0,0.0,0.0,0.0,False,clear,1.0,0.0
EXP_CC2CE078,42,2909,48.483333,1,1686.313124,705.764802,80.0,60.0,0.0,0.0,True,straight,2000,2000,10,0.0,0.0,0.0,0.0,4.283203,-1.838759,1006.313124,-54.235198,False,False,False,0.0,False,0.0,False,0.0,False,0.0,0.0,False,linear,0.0,0.0,0.0,0.0,False,clear,1.0,0.0
EXP_CC2CE078,42,2910,48.5,1,1687.646458,706.764802,80.0,60.0,0.0,0.0,True,straight,2000,2000,10,0.0,0.0,0.0,0.0,4.291493,-1.832514,1007.646458,-53.235198,False,False,False,0.0,False,0.0,False,0.0,False,0.0,0.0,False,linear,0.0,0.0,0.0,0.0,False,clear,1.0,0.0
EXP_CC2CE078,42,2911,48.516667,1,1688.979791,707.764802,80.0,60.0,0.0,0.0,True,straight,2000,2000,10,0.0,0.0,0.0,0.0,4.299783,-1.826269,1008.979791,-52.235198,False,False,False,0.0,False,0.0,False,0.0,False,0.0,0.0,False,linear,0.0,0.0,0.0,0.0,False,clear,1.0,0.0
EXP_CC2CE078,42,2912,48.533333,1,1690.313124,708.764802,80.0,60.0,0.0,0.0,True,straight,2000,2000,10,0.0,0.0,0.0,0.0,4.308073,-1.820024,1010.313124,-51.235198,False,False,False,0.0,False,0.0,False,0.0,False,0.0,0.0,False,linear,0.0,0.0,0.0,0.0,False,clear,1.0,0.0
EXP_CC2CE078,42,2913,48.55,1,1691.646458,709.764802,80.0,60.0,0.0,0.0,True,straight,2000,2000,10,0.0,0.0,0.0,0.0,4.316363,-1.813778,1011.646458,-50.235198,False,False,False,0.0,False,0.0,False,0.0,False,0.0,0.0,False,linear,0.0,0.0,0.0,0.0,False,clear,1.0,0.0
EXP_CC2CE078,42,2914,48.566667,1,1692.979791,710.764802,80.0,60.0,0.0,0.0,True,straight,2000,2000,10,0.0,0.0,0.0,0.0,4.324652,-1.807533,1012.979791,-49.235198,False,False,False,0.0,False,0.0,False,0.0,False,0.0,0.0,False,linear,0.0,0.0,0.0,0.0,False,clear,1.0,0.0
EXP_CC2CE078,42,2915,48.583333,1,1694.313124,711.764802,80.0,60.0,0.0,0.0,True,straight,2000,2000,10,0.0,0.0,0.0,0.0,4.332941,-1.801288,1014.313124,-48.235198,False,False,False,0.0,False,0.0,False,0.0,False,0.0,0.0,False,linear,0.0,0.0,0.0,0.0,False,clear,1.0,0.0
EXP_CC2CE078,42,2916,48.6,1,1695.646458,712.764802,80.0,60.0,0.0,0.0,True,straight,2000,2000,10,0.0,0.0,0.0,0.0,4.34123,-1.795043,1015.646458,-47.235198,False,False,False,0.0,False,0.0,False,0.0,False,0.0,0.0,False,linear,0.0,0.0,0.0,0.0,False,clear,1.0,0.0
EXP_CC2CE078,42,2917,48.616667,1,1696.979791,713.764802,80.0,60.0,0.0,0.0,True,straight,2000,2000,10,0.0,0.0,0.0,0.0,4.349519,-1.788797,1016.979791,-46.235198,False,False,False,0.0,False,0.0,False,0.0,False,0.0,0.0,False,linear,0.0,0.0,0.0,0.0,False,clear,1.0,0.0
EXP_CC2CE078,42,2918,48.633333,1,1698.313124,714.764802,80.0,60.0,0.0,0.0,True,straight,2000,2000,10,0.0,0.0,0.0,0.0,4.357808,-1.782552,1018.313124,-45.235198,False,False,False,0.0,False,0.0,False,0.0,False,0.0,0.0,False,linear,0.0,0.0,0.0,0.0,False,clear,1.0,0.0
EXP_CC2CE078,42,2919,48.65,1,1699.646458,715.764802,80.0,60.0,0.0,0.0,True,straight,2000,2000,10,0.0,0.0,0.0,0.0,4.366096,-1.776307,1019.646458,-44.235198,False,False,False,0.0,False,0.0,False,0.0,False,0.0,0.0,False,linear,0.0,0.0,0.0,0.0,False,clear,1.0,0.0
EXP_CC2CE078,42,2920,48.666667,1,1700.979791,716.764802,80.0,60.0,0.0,0.0,True,straight,2000,2000,10,0.0,0.0,0.0,0.0,4.374385,-1.770061,1020.979791,-43.235198,False,False,False,0.0,False,0.0,False,0.0,False,0.0,0.0,False,linear,0.0,0.0,0.0,0.0,False,clear,1.0,0.0
EXP_CC2CE078,42,2921,48.683333,1,1702.313124,717.764802,80.0,60.0,0.0,0.0,True,straight,2000,2000,10,0.0,0.0,0.0,0.0,4.382673,-1.763816,1022.313124,-42.235198,False,False,False,0.0,False,0.0,False,0.0,False,0.0,0.0,False,linear,0.0,0.0,0.0,0.0,False,clear,1.0,0.0
EXP_CC2CE078,42,2922,48.7,1,1703.646458,718.764802,80.0,60.0,0.0,0.0,True,straight,2000,2000,10,0.0,0.0,0.0,0.0,4.390961,-1.75757,1023.646458,-41.235198,False,False,False,0.0,False,0.0,False,0.0,False,0.0,0.0,False,linear,0.0,0.0,0.0,0.0,False,clear,1.0,0.0
EXP_CC2CE078,42,2923,48.716667,1,1704.979791,719.764802,80.0,60.0,0.0,0.0,True,straight,2000,2000,10,0.0,0.0,0.0,0.0,4.399249,-1.751325,1024.979791,-40.235198,False,False,False,0.0,False,0.0,False,0.0,False,0.0,0.0,False,linear,0.0,0.0,0.0,0.0,False,clear,1.0,0.0
EXP_CC2CE078,42,2924,48.733333,1,1706.313124,720.764802,80.0,60.0,0.0,0.0,True,straight,2000,2000,10,0.0,0.0,0.0,0.0,4.407536,-1.745079,1026.313124,-39.235198,False,False,False,0.0,False,0.0,False,0.0,False,0.0,0.0,False,linear,0.0,0.0,0.0,0.0,False,clear,1.0,0.0
EXP_CC2CE078,42,2925,48.75,1,1707.646458,721.764802,80.0,60.0,0.0,0.0,True,straight,2000,2000,10,0.0,0.0,0.0,0.0,4.415824,-1.738833,1027.646458,-38.235198,False,False,False,0.0,False,0.0,False,0.0,False,0.0,0.0,False,linear,0.0,0.0,0.0,0.0,False,clear,1.0,0.0
EXP_CC2CE078,42,2926,48.766667,1,1708.979791,722.764802,80.0,60.0,0.0,0.0,True,straight,2000,2000,10,0.0,0.0,0.0,0.0,4.424111,-1.732588,1028.979791,-37.235198,False,False,False,0.0,False,0.0,False,0.0,False,0.0,0.0,False,linear,0.0,0.0,0.0,0.0,False,clear,1.0,0.0
EXP_CC2CE078,42,2927,48.783333,1,1710.313124,723.764802,80.0,60.0,0.0,0.0,True,straight,2000,2000,10,0.0,0.0,0.0,0.0,4.432398,-1.726342,1030.313124,-36.235198,False,False,False,0.0,False,0.0,False,0.0,False,0.0,0.0,False,linear,0.0,0.0,0.0,0.0,False,clear,1.0,0.0
EXP_CC2CE078,42,2928,48.8,1,1711.646458,724.764802,80.0,60.0,0.0,0.0,True,straight,2000,2000,10,0.0,0.0,0.0,0.0,4.440685,-1.720096,1031.646458,-35.235198,False,False,False,0.0,False,0.0,False,0.0,False,0.0,0.0,False,linear,0.0,0.0,0.0,0.0,False,clear,1.0,0.0
EXP_CC2CE078,42,2929,48.816667,1,1712.979791,725.764802,80.0,60.0,0.0,0.0,True,straight,2000,2000,10,0.0,0.0,0.0,0.0,4.448971,-1.71385,1032.979791,-34.235198,False,False,False,0.0,False,0.0,False,0.0,False,0.0,0.0,False,linear,0.0,0.0,0.0,0.0,False,clear,1.0,0.0
EXP_CC2CE078,42,2930,48.833333,1,1714.313124,726.764802,80.0,60.0,0.0,0.0,True,straight,2000,2000,10,0.0,0.0,0.0,0.0,4.457258,-1.707604,1034.313124,-33.235198,False,False,False,0.0,False,0.0,False,0.0,False,0.0,0.0,False,linear,0.0,0.0,0.0,0.0,False,clear,1.0,0.0
EXP_CC2CE078,42,2931,48.85,1,1715.646458,727.764802,80.0,60.0,0.0,0.0,True,straight,2000,2000,10,0.0,0.0,0.0,0.0,4.465544,-1.701359,1035.646458,-32.235198,False,False,False,0.0,False,0.0,False,0.0,False,0.0,0.0,False,linear,0.0,0.0,0.0,0.0,False,clear,1.0,0.0
EXP_CC2CE078,42,2932,48.866667,1,1716.979791,728.764802,80.0,60.0,0.0,0.0,True,straight,2000,2000,10,0.0,0.0,0.0,0.0,4.47383,-1.695113,1036.979791,-31.235198,False,False,False,0.0,False,0.0,False,0.0,False,0.0,0.0,False,linear,0.0,0.0,0.0,0.0,False,clear,1.0,0.0
EXP_CC2CE078,42,2933,48.883333,1,1718.313124,729.764802,80.0,60.0,0.0,0.0,True,straight,2000,2000,10,0.0,0.0,0.0,0.0,4.482116,-1.688867,1038.313124,-30.235198,False,False,False,0.0,False,0.0,False,0.0,False,0.0,0.0,False,linear,0.0,0.0,0.0,0.0,False,clear,1.0,0.0
EXP_CC2CE078,42,2934,48.9,1,1719.646458,730.764802,80.0,60.0,0.0,0.0,True,straight,2000,2000,10,0.0,0.0,0.0,0.0,4.490402,-1.682621,1039.646458,-29.235198,False,False,False,0.0,False,0.0,False,0.0,False,0.0,0.0,False,linear,0.0,0.0,0.0,0.0,False,clear,1.0,0.0
EXP_CC2CE078,42,2935,48.916667,1,1720.979791,731.764802,80.0,60.0,0.0,0.0,True,straight,2000,2000,10,0.0,0.0,0.0,0.0,4.498687,-1.676375,1040.979791,-28.235198,False,False,False,0.0,False,0.0,False,0.0,False,0.0,0.0,False,linear,0.0,0.0,0.0,0.0,False,clear,1.0,0.0
EXP_CC2CE078,42,2936,48.933333,1,1722.313124,732.764802,80.0,60.0,0.0,0.0,True,straight,2000,2000,10,0.0,0.0,0.0,0.0,4.506973,-1.670128,1042.313124,-27.235198,False,False,False,0.0,False,0.0,False,0.0,False,0.0,0.0,False,linear,0.0,0.0,0.0,0.0,False,clear,1.0,0.0
EXP_CC2CE078,42,2937,48.95,1,1723.646458,733.764802,80.0,60.0,0.0,0.0,True,straight,2000,2000,10,0.0,0.0,0.0,0.0,4.515258,-1.663882,1043.646458,-26.235198,False,False,False,0.0,False,0.0,False,0.0,False,0.0,0.0,False,linear,0.0,0.0,0.0,0.0,False,clear,1.0,0.0
EXP_CC2CE078,42,2938,48.966667,1,1724.979791,734.764802,80.0,60.0,0.0,0.0,True,straight,2000,2000,10,0.0,0.0,0.0,0.0,4.523543,-1.657636,1044.979791,-25.235198,False,False,False,0.0,False,0.0,False,0.0,False,0.0,0.0,False,linear,0.0,0.0,0.0,0.0,False,clear,1.0,0.0
EXP_CC2CE078,42,2939,48.983333,1,1726.313124,735.764802,80.0,60.0,0.0,0.0,True,straight,2000,2000,10,0.0,0.0,0.0,0.0,4.531827,-1.65139,1046.313124,-24.235198,False,False,False,0.0,False,0.0,False,0.0,False,0.0,0.0,False,linear,0.0,0.0,0.0,0.0,False,clear,1.0,0.0
EXP_CC2CE078,42,2940,49.0,1,1727.646458,736.764802,80.0,60.0,0.0,0.0,True,straight,2000,2000,10,0.0,0.0,0.0,0.0,4.540112,-1.645144,1047.646458,-23.235198,False,False,False,0.0,False,0.0,False,0.0,False,0.0,0.0,False,linear,0.0,0.0,0.0,0.0,False,clear,1.0,0.0
EXP_CC2CE078,42,2941,49.016667,1,1728.979791,737.764802,80.0,60.0,0.0,0.0,True,straight,2000,2000,10,0.0,0.0,0.0,0.0,4.548396,-1.638897,1048.979791,-22.235198,False,False,False,0.0,False,0.0,False,0.0,False,0.0,0.0,False,linear,0.0,0.0,0.0,0.0,False,clear,1.0,0.0
EXP_CC2CE078,42,2942,49.033333,1,1730.313124,738.764802,80.0,60.0,0.0,0.0,True,straight,2000,2000,10,0.0,0.0,0.0,0.0,4.556681,-1.632651,1050.313124,-21.235198,False,False,False,0.0,False,0.0,False,0.0,False,0.0,0.0,False,linear,0.0,0.0,0.0,0.0,False,clear,1.0,0.0
EXP_CC2CE078,42,2943,49.05,1,1731.646458,739.764802,80.0,60.0,0.0,0.0,True,straight,2000,2000,10,0.0,0.0,0.0,0.0,4.564965,-1.626405,1051.646458,-20.235198,False,False,False,0.0,False,0.0,False,0.0,False,0.0,0.0,False,linear,0.0,0.0,0.0,0.0,False,clear,1.0,0.0
EXP_CC2CE078,42,2944,49.066667,1,1732.979791,740.764802,80.0,60.0,0.0,0.0,True,straight,2000,2000,10,0.0,0.0,0.0,0.0,4.573248,-1.620158,1052.979791,-19.235198,False,False,False,0.0,False,0.0,False,0.0,False,0.0,0.0,False,linear,0.0,0.0,0.0,0.0,False,clear,1.0,0.0
EXP_CC2CE078,42,2945,49.083333,1,1734.313124,741.764802,80.0,60.0,0.0,0.0,True,straight,2000,2000,10,0.0,0.0,0.0,0.0,4.581532,-1.613912,1054.313124,-18.235198,False,False,False,0.0,False,0.0,False,0.0,False,0.0,0.0,False,linear,0.0,0.0,0.0,0.0,False,clear,1.0,0.0
EXP_CC2CE078,42,2946,49.1,1,1735.646458,742.764802,80.0,60.0,0.0,0.0,True,straight,2000,2000,10,0.0,0.0,0.0,0.0,4.589816,-1.607665,1055.646458,-17.235198,False,False,False,0.0,False,0.0,False,0.0,False,0.0,0.0,False,linear,0.0,0.0,0.0,0.0,False,clear,1.0,0.0
EXP_CC2CE078,42,2947,49.116667,1,1736.979791,743.764802,80.0,60.0,0.0,0.0,True,straight,2000,2000,10,0.0,0.0,0.0,0.0,4.598099,-1.601419,1056.979791,-16.235198,False,False,False,0.0,False,0.0,False,0.0,False,0.0,0.0,False,linear,0.0,0.0,0.0,0.0,False,clear,1.0,0.0
EXP_CC2CE078,42,2948,49.133333,1,1738.313124,744.764802,80.0,60.0,0.0,0.0,True,straight,2000,2000,10,0.0,0.0,0.0,0.0,4.606382,-1.595172,1058.313124,-15.235198,False,False,False,0.0,False,0.0,False,0.0,False,0.0,0.0,False,linear,0.0,0.0,0.0,0.0,False,clear,1.0,0.0
EXP_CC2CE078,42,2949,49.15,1,1739.646458,745.764802,80.0,60.0,0.0,0.0,True,straight,2000,2000,10,0.0,0.0,0.0,0.0,4.614665,-1.588926,1059.646458,-14.235198,False,False,False,0.0,False,0.0,False,0.0,False,0.0,0.0,False,linear,0.0,0.0,0.0,0.0,False,clear,1.0,0.0
EXP_CC2CE078,42,2950,49.166667,1,1740.979791,746.764802,80.0,60.0,0.0,0.0,True,straight,2000,2000,10,0.0,0.0,0.0,0.0,4.622947,-1.582679,1060.979791,-13.235198,False,False,False,0.0,False,0.0,False,0.0,False,0.0,0.0,False,linear,0.0,0.0,0.0,0.0,False,clear,1.0,0.0
EXP_CC2CE078,42,2951,49.183333,1,1742.313124,747.764802,80.0,60.0,0.0,0.0,True,straight,2000,2000,10,0.0,0.0,0.0,0.0,4.63123,-1.576432,1062.313124,-12.235198,False,False,False,0.0,False,0.0,False,0.0,False,0.0,0.0,False,linear,0.0,0.0,0.0,0.0,False,clear,1.0,0.0
EXP_CC2CE078,42,2952,49.2,1,1743.646458,748.764802,80.0,60.0,0.0,0.0,True,straight,2000,2000,10,0.0,0.0,0.0,0.0,4.639512,-1.570186,1063.646458,-11.235198,False,False,False,0.0,False,0.0,False,0.0,False,0.0,0.0,False,linear,0.0,0.0,0.0,0.0,False,clear,1.0,0.0
EXP_CC2CE078,42,2953,49.216667,1,1744.979791,749.764802,80.0,60.0,0.0,0.0,True,straight,2000,2000,10,0.0,0.0,0.0,0.0,4.647794,-1.563939,1064.979791,-10.235198,False,False,False,0.0,False,0.0,False,0.0,False,0.0,0.0,False,linear,0.0,0.0,0.0,0.0,False,clear,1.0,0.0
EXP_CC2CE078,42,2954,49.233333,1,1746.313124,750.764802,80.0,60.0,0.0,0.0,True,straight,2000,2000,10,0.0,0.0,0.0,0.0,4.656076,-1.557692,1066.313124,-9.235198,False,False,False,0.0,False,0.0,False,0.0,False,0.0,0.0,False,linear,0.0,0.0,0.0,0.0,False,clear,1.0,0.0
EXP_CC2CE078,42,2955,49.25,1,1747.646458,751.764802,80.0,60.0,0.0,0.0,True,straight,2000,2000,10,0.0,0.0,0.0,0.0,4.664358,-1.551445,1067.646458,-8.235198,False,False,False,0.0,False,0.0,False,0.0,False,0.0,0.0,False,linear,0.0,0.0,0.0,0.0,False,clear,1.0,0.0
EXP_CC2CE078,42,2956,49.266667,1,1748.979791,752.764802,80.0,60.0,0.0,0.0,True,straight,2000,2000,10,0.0,0.0,0.0,0.0,4.672639,-1.545198,1068.979791,-7.235198,False,False,False,0.0,False,0.0,False,0.0,False,0.0,0.0,False,linear,0.0,0.0,0.0,0.0,False,clear,1.0,0.0
EXP_CC2CE078,42,2957,49.283333,1,1750.313124,753.764802,80.0,60.0,0.0,0.0,True,straight,2000,2000,10,0.0,0.0,0.0,0.0,4.68092,-1.538951,1070.313124,-6.235198,False,False,False,0.0,False,0.0,False,0.0,False,0.0,0.0,False,linear,0.0,0.0,0.0,0.0,False,clear,1.0,0.0
EXP_CC2CE078,42,2958,49.3,1,1751.646458,754.764802,80.0,60.0,0.0,0.0,True,straight,2000,2000,10,0.0,0.0,0.0,0.0,4.689202,-1.532705,1071.646458,-5.235198,False,False,False,0.0,False,0.0,False,0.0,False,0.0,0.0,False,linear,0.0,0.0,0.0,0.0,False,clear,1.0,0.0
EXP_CC2CE078,42,2959,49.316667,1,1752.979791,755.764802,80.0,60.0,0.0,0.0,True,straight,2000,2000,10,0.0,0.0,0.0,0.0,4.697483,-1.526458,1072.979791,-4.235198,False,False,False,0.0,False,0.0,False,0.0,False,0.0,0.0,False,linear,0.0,0.0,0.0,0.0,False,clear,1.0,0.0
EXP_CC2CE078,42,2960,49.333333,1,1754.313124,756.764802,80.0,60.0,0.0,0.0,True,straight,2000,2000,10,0.0,0.0,0.0,0.0,4.705763,-1.520211,1074.313124,-3.235198,False,False,False,0.0,False,0.0,False,0.0,False,0.0,0.0,False,linear,0.0,0.0,0.0,0.0,False,clear,1.0,0.0
EXP_CC2CE078,42,2961,49.35,1,1755.646458,757.764802,80.0,60.0,0.0,0.0,True,straight,2000,2000,10,0.0,0.0,0.0,0.0,4.714044,-1.513964,1075.646458,-2.235198,False,False,False,0.0,False,0.0,False,0.0,False,0.0,0.0,False,linear,0.0,0.0,0.0,0.0,False,clear,1.0,0.0
EXP_CC2CE078,42,2962,49.366667,1,1756.979791,758.764802,80.0,60.0,0.0,0.0,True,straight,2000,2000,10,0.0,0.0,0.0,0.0,4.722324,-1.507716,1076.979791,-1.235198,False,False,False,0.0,False,0.0,False,0.0,False,0.0,0.0,False,linear,0.0,0.0,0.0,0.0,False,clear,1.0,0.0
EXP_CC2CE078,42,2963,49.383333,1,1758.313124,759.764802,80.0,60.0,0.0,0.0,True,straight,2000,2000,10,0.0,0.0,0.0,0.0,4.730604,-1.501469,1078.313124,-0.235198,False,False,False,0.0,False,0.0,False,0.0,False,0.0,0.0,False,linear,0.0,0.0,0.0,0.0,False,clear,1.0,0.0
EXP_CC2CE078,42,2964,49.4,1,1759.646458,760.764802,80.0,60.0,0.0,0.0,True,straight,2000,2000,10,0.0,0.0,0.0,0.0,4.738884,-1.495222,1079.646458,0.764802,False,False,False,0.0,False,0.0,False,0.0,False,0.0,0.0,False,linear,0.0,0.0,0.0,0.0,False,clear,1.0,0.0
EXP_CC2CE078,42,2965,49.416667,1,1760.979791,761.764802,80.0,60.0,0.0,0.0,True,straight,2000,2000,10,0.0,0.0,0.0,0.0,4.747164,-1.488975,1080.979791,1.764802,False,False,False,0.0,False,0.0,False,0.0,False,0.0,0.0,False,linear,0.0,0.0,0.0,0.0,False,clear,1.0,0.0
EXP_CC2CE078,42,2966,49.433333,1,1762.313124,762.764802,80.0,60.0,0.0,0.0,True,straight,2000,2000,10,0.0,0.0,0.0,0.0,4.755443,-1.482728,1082.313124,2.764802,False,False,False,0.0,False,0.0,False,0.0,False,0.0,0.0,False,linear,0.0,0.0,0.0,0.0,False,clear,1.0,0.0
EXP_CC2CE078,42,2967,49.45,1,1763.646458,763.764802,80.0,60.0,0.0,0.0,True,straight,2000,2000,10,0.0,0.0,0.0,0.0,4.763723,-1.47648,1083.646458,3.764802,False,False,False,0.0,False,0.0,False,0.0,False,0.0,0.0,False,linear,0.0,0.0,0.0,0.0,False,clear,1.0,0.0
EXP_CC2CE078,42,2968,49.466667,1,1764.979791,764.764802,80.0,60.0,0.0,0.0,True,straight,2000,2000,10,0.0,0.0,0.0,0.0,4.772002,-1.470233,1084.979791,4.764802,False,False,False,0.0,False,0.0,False,0.0,False,0.0,0.0,False,linear,0.0,0.0,0.0,0.0,False,clear,1.0,0.0
EXP_CC2CE078,42,2969,49.483333,1,1766.313124,765.764802,80.0,60.0,0.0,0.0,True,straight,2000,2000,10,0.0,0.0,0.0,0.0,4.780281,-1.463986,1086.313124,5.764802,False,False,False,0.0,False,0.0,False,0.0,False,0.0,0.0,False,linear,0.0,0.0,0.0,0.0,False,clear,1.0,0.0
EXP_CC2CE078,42,2970,49.5,1,1767.646458,766.764802,80.0,60.0,0.0,0.0,True,straight,2000,2000,10,0.0,0.0,0.0,0.0,4.788559,-1.457738,1087.646458,6.764802,False,False,False,0.0,False,0.0,False,0.0,False,0.0,0.0,False,linear,0.0,0.0,0.0,0.0,False,clear,1.0,0.0
EXP_CC2CE078,42,2971,49.516667,1,1768.979791,767.764802,80.0,60.0,0.0,0.0,True,straight,2000,2000,10,0.0,0.0,0.0,0.0,4.796838,-1.451491,1088.979791,7.764802,False,False,False,0.0,False,0.0,False,0.0,False,0.0,0.0,False,linear,0.0,0.0,0.0,0.0,False,clear,1.0,0.0
EXP_CC2CE078,42,2972,49.533333,1,1770.313124,768.764802,80.0,60.0,0.0,0.0,True,straight,2000,2000,10,0.0,0.0,0.0,0.0,4.805116,-1.445244,1090.313124,8.764802,False,False,False,0.0,False,0.0,False,0.0,False,0.0,0.0,False,linear,0.0,0.0,0.0,0.0,False,clear,1.0,0.0
EXP_CC2CE078,42,2973,49.55,1,1771.646458,769.764802,80.0,60.0,0.0,0.0,True,straight,2000,2000,10,0.0,0.0,0.0,0.0,4.813394,-1.438996,1091.646458,9.764802,False,False,False,0.0,False,0.0,False,0.0,False,0.0,0.0,False,linear,0.0,0.0,0.0,0.0,False,clear,1.0,0.0
EXP_CC2CE078,42,2974,49.566667,1,1772.979791,770.764802,80.0,60.0,0.0,0.0,True,straight,2000,2000,10,0.0,0.0,0.0,0.0,4.821672,-1.432749,1092.979791,10.764802,False,False,False,0.0,False,0.0,False,0.0,False,0.0,0.0,False,linear,0.0,0.0,0.0,0.0,False,clear,1.0,0.0
EXP_CC2CE078,42,2975,49.583333,1,1774.313124,771.764802,80.0,60.0,0.0,0.0,True,straight,2000,2000,10,0.0,0.0,0.0,0.0,4.82995,-1.426501,1094.313124,11.764802,False,False,False,0.0,False,0.0,False,0.0,False,0.0,0.0,False,linear,0.0,0.0,0.0,0.0,False,clear,1.0,0.0
EXP_CC2CE078,42,2976,49.6,1,1775.646458,772.764802,80.0,60.0,0.0,0.0,True,straight,2000,2000,10,0.0,0.0,0.0,0.0,4.838228,-1.420254,1095.646458,12.764802,False,False,False,0.0,False,0.0,False,0.0,False,0.0,0.0,False,linear,0.0,0.0,0.0,0.0,False,clear,1.0,0.0
EXP_CC2CE078,42,2977,49.616667,1,1776.979791,773.764802,80.0,60.0,0.0,0.0,True,straight,2000,2000,10,0.0,0.0,0.0,0.0,4.846505,-1.414006,1096.979791,13.764802,False,False,False,0.0,False,0.0,False,0.0,False,0.0,0.0,False,linear,0.0,0.0,0.0,0.0,False,clear,1.0,0.0
EXP_CC2CE078,42,2978,49.633333,1,1778.313124,774.764802,80.0,60.0,0.0,0.0,True,straight,2000,2000,10,0.0,0.0,0.0,0.0,4.854782,-1.407758,1098.313124,14.764802,False,False,False,0.0,False,0.0,False,0.0,False,0.0,0.0,False,linear,0.0,0.0,0.0,0.0,False,clear,1.0,0.0
EXP_CC2CE078,42,2979,49.65,1,1779.646458,775.764802,80.0,60.0,0.0,0.0,True,straight,2000,2000,10,0.0,0.0,0.0,0.0,4.863059,-1.401511,1099.646458,15.764802,False,False,False,0.0,False,0.0,False,0.0,False,0.0,0.0,False,linear,0.0,0.0,0.0,0.0,False,clear,1.0,0.0
EXP_CC2CE078,42,2980,49.666667,1,1780.979791,776.764802,80.0,60.0,0.0,0.0,True,straight,2000,2000,10,0.0,0.0,0.0,0.0,4.871336,-1.395263,1100.979791,16.764802,False,False,False,0.0,False,0.0,False,0.0,False,0.0,0.0,False,linear,0.0,0.0,0.0,0.0,False,clear,1.0,0.0
EXP_CC2CE078,42,2981,49.683333,1,1782.313124,777.764802,80.0,60.0,0.0,0.0,True,straight,2000,2000,10,0.0,0.0,0.0,0.0,4.879612,-1.389015,1102.313124,17.764802,False,False,False,0.0,False,0.0,False,0.0,False,0.0,0.0,False,linear,0.0,0.0,0.0,0.0,False,clear,1.0,0.0
EXP_CC2CE078,42,2982,49.7,1,1783.646458,778.764802,80.0,60.0,0.0,0.0,True,straight,2000,2000,10,0.0,0.0,0.0,0.0,4.887888,-1.382767,1103.646458,18.764802,False,False,False,0.0,False,0.0,False,0.0,False,0.0,0.0,False,linear,0.0,0.0,0.0,0.0,False,clear,1.0,0.0
EXP_CC2CE078,42,2983,49.716667,1,1784.979791,779.764802,80.0,60.0,0.0,0.0,True,straight,2000,2000,10,0.0,0.0,0.0,0.0,4.896164,-1.37652,1104.979791,19.764802,False,False,False,0.0,False,0.0,False,0.0,False,0.0,0.0,False,linear,0.0,0.0,0.0,0.0,False,clear,1.0,0.0
EXP_CC2CE078,42,2984,49.733333,1,1786.313124,780.764802,80.0,60.0,0.0,0.0,True,straight,2000,2000,10,0.0,0.0,0.0,0.0,4.90444,-1.370272,1106.313124,20.764802,False,False,False,0.0,False,0.0,False,0.0,False,0.0,0.0,False,linear,0.0,0.0,0.0,0.0,False,clear,1.0,0.0
EXP_CC2CE078,42,2985,49.75,1,1787.646458,781.764802,80.0,60.0,0.0,0.0,True,straight,2000,2000,10,0.0,0.0,0.0,0.0,4.912716,-1.364024,1107.646458,21.764802,False,False,False,0.0,False,0.0,False,0.0,False,0.0,0.0,False,linear,0.0,0.0,0.0,0.0,False,clear,1.0,0.0
EXP_CC2CE078,42,2986,49.766667,1,1788.979791,782.764802,80.0,60.0,0.0,0.0,True,straight,2000,2000,10,0.0,0.0,0.0,0.0,4.920992,-1.357776,1108.979791,22.764802,False,False,False,0.0,False,0.0,False,0.0,False,0.0,0.0,False,linear,0.0,0.0,0.0,0.0,False,clear,1.0,0.0
EXP_CC2CE078,42,2987,49.783333,1,1790.313124,783.764802,80.0,60.0,0.0,0.0,True,straight,2000,2000,10,0.0,0.0,0.0,0.0,4.929267,-1.351528,1110.313124,23.764802,False,False,False,0.0,False,0.0,False,0.0,False,0.0,0.0,False,linear,0.0,0.0,0.0,0.0,False,clear,1.0,0.0
EXP_CC2CE078,42,2988,49.8,1,1791.646458,784.764802,80.0,60.0,0.0,0.0,True,straight,2000,2000,10,0.0,0.0,0.0,0.0,4.937542,-1.34528,1111.646458,24.764802,False,False,False,0.0,False,0.0,False,0.0,False,0.0,0.0,False,linear,0.0,0.0,0.0,0.0,False,clear,1.0,0.0
EXP_CC2CE078,42,2989,49.816667,1,1792.979791,785.764802,80.0,60.0,0.0,0.0,True,straight,2000,2000,10,0.0,0.0,0.0,0.0,4.945817,-1.339032,1112.979791,25.764802,False,False,False,0.0,False,0.0,False,0.0,False,0.0,0.0,False,linear,0.0,0.0,0.0,0.0,False,clear,1.0,0.0
EXP_CC2CE078,42,2990,49.833333,1,1794.313124,786.764802,80.0,60.0,0.0,0.0,True,straight,2000,2000,10,0.0,0.0,0.0,0.0,4.954091,-1.332784,1114.313124,26.764802,False,False,False,0.0,False,0.0,False,0.0,False,0.0,0.0,False,linear,0.0,0.0,0.0,0.0,False,clear,1.0,0.0
EXP_CC2CE078,42,2991,49.85,1,1795.646458,787.764802,80.0,60.0,0.0,0.0,True,straight,2000,2000,10,0.0,0.0,0.0,0.0,4.962366,-1.326536,1115.646458,27.764802,False,False,False,0.0,False,0.0,False,0.0,False,0.0,0.0,False,linear,0.0,0.0,0.0,0.0,False,clear,1.0,0.0
EXP_CC2CE078,42,2992,49.866667,1,1796.979791,788.764802,80.0,60.0,0.0,0.0,True,straight,2000,2000,10,0.0,0.0,0.0,0.0,4.97064,-1.320288,1116.979791,28.764802,False,False,False,0.0,False,0.0,False,0.0,False,0.0,0.0,False,linear,0.0,0.0,0.0,0.0,False,clear,1.0,0.0
EXP_CC2CE078,42,2993,49.883333,1,1798.313124,789.764802,80.0,60.0,0.0,0.0,True,straight,2000,2000,10,0.0,0.0,0.0,0.0,4.978914,-1.31404,1118.313124,29.764802,False,False,False,0.0,False,0.0,False,0.0,False,0.0,0.0,False,linear,0.0,0.0,0.0,0.0,False,clear,1.0,0.0
EXP_CC2CE078,42,2994,49.9,1,1799.646458,790.764802,80.0,60.0,0.0,0.0,True,straight,2000,2000,10,0.0,0.0,0.0,0.0,4.987188,-1.307792,1119.646458,30.764802,False,False,False,0.0,False,0.0,False,0.0,False,0.0,0.0,False,linear,0.0,0.0,0.0,0.0,False,clear,1.0,0.0
EXP_CC2CE078,42,2995,49.916667,1,1800.979791,791.764802,80.0,60.0,0.0,0.0,True,straight,2000,2000,10,0.0,0.0,0.0,0.0,4.995461,-1.301543,1120.979791,31.764802,False,False,False,0.0,False,0.0,False,0.0,False,0.0,0.0,False,linear,0.0,0.0,0.0,0.0,False,clear,1.0,0.0
EXP_CC2CE078,42,2996,49.933333,1,1802.313124,792.764802,80.0,60.0,0.0,0.0,True,straight,2000,2000,10,0.0,0.0,0.0,0.0,5.003735,-1.295295,1122.313124,32.764802,False,False,False,0.0,False,0.0,False,0.0,False,0.0,0.0,False,linear,0.0,0.0,0.0,0.0,False,clear,1.0,0.0
EXP_CC2CE078,42,2997,49.95,1,1803.646458,793.764802,80.0,60.0,0.0,0.0,True,straight,2000,2000,10,0.0,0.0,0.0,0.0,5.012008,-1.289047,1123.646458,33.764802,False,False,False,0.0,False,0.0,False,0.0,False,0.0,0.0,False,linear,0.0,0.0,0.0,0.0,False,clear,1.0,0.0
EXP_CC2CE078,42,2998,49.966667,1,1804.979791,794.764802,80.0,60.0,0.0,0.0,True,straight,2000,2000,10,0.0,0.0,0.0,0.0,5.020281,-1.282799,1124.979791,34.764802,False,False,False,0.0,False,0.0,False,0.0,False,0.0,0.0,False,linear,0.0,0.0,0.0,0.0,False,clear,1.0,0.0
EXP_CC2CE078,42,2999,49.983333,1,1806.313124,795.764802,80.0,60.0,0.0,0.0,True,straight,2000,2000,10,0.0,0.0,0.0,0.0,5.028554,-1.27655,1126.313124,35.764802,False,False,False,0.0,False,0.0,False,0.0,False,0.0,0.0,False,linear,0.0,0.0,0.0,0.0,False,clear,1.0,0.0
EXP_CC2CE078,42,3000,50.0,1,1807.646458,796.764802,80.0,60.0,0.0,0.0,True,straight,2000,2000,10,0.0,0.0,0.0,0.0,5.036826,-1.270302,1127.646458,36.764802,False,False,False,0.0,False,0.0,False,0.0,False,0.0,0.0,False,linear,0.0,0.0,0.0,0.0,False,clear,1.0,0.0
EXP_CC2CE078,42,3001,50.016667,1,1808.979791,797.764802,80.0,60.0,0.0,0.0,True,straight,2000,2000,10,0.0,0.0,0.0,0.0,5.045099,-1.264054,1128.979791,37.764802,False,False,False,0.0,False,0.0,False,0.0,False,0.0,0.0,False,linear,0.0,0.0,0.0,0.0,False,clear,1.0,0.0
EXP_CC2CE078,42,3002,50.033333,1,1810.313124,798.764802,80.0,60.0,0.0,0.0,True,straight,2000,2000,10,0.0,0.0,0.0,0.0,5.053371,-1.257805,1130.313124,38.764802,False,False,False,0.0,False,0.0,False,0.0,False,0.0,0.0,False,linear,0.0,0.0,0.0,0.0,False,clear,1.0,0.0
EXP_CC2CE078,42,3003,50.05,1,1811.646458,799.764802,80.0,60.0,0.0,0.0,True,straight,2000,2000,10,0.0,0.0,0.0,0.0,5.061643,-1.251557,1131.646458,39.764802,False,False,False,0.0,False,0.0,False,0.0,False,0.0,0.0,False,linear,0.0,0.0,0.0,0.0,False,clear,1.0,0.0
EXP_CC2CE078,42,3004,50.066667,1,1812.979791,800.764802,80.0,60.0,0.0,0.0,True,straight,2000,2000,10,0.0,0.0,0.0,0.0,5.069915,-1.245308,1132.979791,40.764802,False,False,False,0.0,False,0.0,False,0.0,False,0.0,0.0,False,linear,0.0,0.0,0.0,0.0,False,clear,1.0,0.0
EXP_CC2CE078,42,3005,50.083333,1,1814.313124,801.764802,80.0,60.0,0.0,0.0,True,straight,2000,2000,10,0.0,0.0,0.0,0.0,5.078186,-1.23906,1134.313124,41.764802,False,False,False,0.0,False,0.0,False,0.0,False,0.0,0.0,False,linear,0.0,0.0,0.0,0.0,False,clear,1.0,0.0
EXP_CC2CE078,42,3006,50.1,1,1815.646458,802.764802,80.0,60.0,0.0,0.0,True,straight,2000,2000,10,0.0,0.0,0.0,0.0,5.086457,-1.232811,1135.646458,42.764802,False,False,False,0.0,False,0.0,False,0.0,False,0.0,0.0,False,linear,0.0,0.0,0.0,0.0,False,clear,1.0,0.0
EXP_CC2CE078,42,3007,50.116667,1,1816.979791,803.764802,80.0,60.0,0.0,0.0,True,straight,2000,2000,10,0.0,0.0,0.0,0.0,5.094728,-1.226563,1136.979791,43.764802,False,False,False,0.0,False,0.0,False,0.0,False,0.0,0.0,False,linear,0.0,0.0,0.0,0.0,False,clear,1.0,0.0
EXP_CC2CE078,42,3008,50.133333,1,1818.313124,804.764802,80.0,60.0,0.0,0.0,True,straight,2000,2000,10,0.0,0.0,0.0,0.0,5.102999,-1.220314,1138.313124,44.764802,False,False,False,0.0,False,0.0,False,0.0,False,0.0,0.0,False,linear,0.0,0.0,0.0,0.0,False,clear,1.0,0.0
EXP_CC2CE078,42,3009,50.15,1,1819.646458,805.764802,80.0,60.0,0.0,0.0,True,straight,2000,2000,10,0.0,0.0,0.0,0.0,5.11127,-1.214066,1139.646458,45.764802,False,False,False,0.0,False,0.0,False,0.0,False,0.0,0.0,False,linear,0.0,0.0,0.0,0.0,False,clear,1.0,0.0
EXP_CC2CE078,42,3010,50.166667,1,1820.979791,806.764802,80.0,60.0,0.0,0.0,True,straight,2000,2000,10,0.0,0.0,0.0,0.0,5.11954,-1.207817,1140.979791,46.764802,False,False,False,0.0,False,0.0,False,0.0,False,0.0,0.0,False,linear,0.0,0.0,0.0,0.0,False,clear,1.0,0.0
EXP_CC2CE078,42,3011,50.183333,1,1822.313124,807.764802,80.0,60.0,0.0,0.0,True,straight,2000,2000,10,0.0,0.0,0.0,0.0,5.127811,-1.201568,1142.313124,47.764802,False,False,False,0.0,False,0.0,False,0.0,False,0.0,0.0,False,linear,0.0,0.0,0.0,0.0,False,clear,1.0,0.0
EXP_CC2CE078,42,3012,50.2,1,1823.646458,808.764802,80.0,60.0,0.0,0.0,True,straight,2000,2000,10,0.0,0.0,0.0,0.0,5.136081,-1.19532,1143.646458,48.764802,False,False,False,0.0,False,0.0,False,0.0,False,0.0,0.0,False,linear,0.0,0.0,0.0,0.0,False,clear,1.0,0.0
EXP_CC2CE078,42,3013,50.216667,1,1824.979791,809.764802,80.0,60.0,0.0,0.0,True,straight,2000,2000,10,0.0,0.0,0.0,0.0,5.14435,-1.189071,1144.979791,49.764802,False,False,False,0.0,False,0.0,False,0.0,False,0.0,0.0,False,linear,0.0,0.0,0.0,0.0,False,clear,1.0,0.0
EXP_CC2CE078,42,3014,50.233333,1,1826.313124,810.764802,80.0,60.0,0.0,0.0,True,straight,2000,2000,10,0.0,0.0,0.0,0.0,5.15262,-1.182822,1146.313124,50.764802,False,False,False,0.0,False,0.0,False,0.0,False,0.0,0.0,False,linear,0.0,0.0,0.0,0.0,False,clear,1.0,0.0
EXP_CC2CE078,42,3015,50.25,1,1827.646458,811.764802,80.0,60.0,0.0,0.0,True,straight,2000,2000,10,0.0,0.0,0.0,0.0,5.160889,-1.176573,1147.646458,51.764802,False,False,False,0.0,False,0.0,False,0.0,False,0.0,0.0,False,linear,0.0,0.0,0.0,0.0,False,clear,1.0,0.0
EXP_CC2CE078,42,3016,50.266667,1,1828.979791,812.764802,80.0,60.0,0.0,0.0,True,straight,2000,2000,10,0.0,0.0,0.0,0.0,5.169159,-1.170325,1148.979791,52.764802,False,False,False,0.0,False,0.0,False,0.0,False,0.0,0.0,False,linear,0.0,0.0,0.0,0.0,False,clear,1.0,0.0
EXP_CC2CE078,42,3017,50.283333,1,1830.313124,813.764802,80.0,60.0,0.0,0.0,True,straight,2000,2000,10,0.0,0.0,0.0,0.0,5.177428,-1.164076,1150.313124,53.764802,False,False,False,0.0,False,0.0,False,0.0,False,0.0,0.0,False,linear,0.0,0.0,0.0,0.0,False,clear,1.0,0.0
EXP_CC2CE078,42,3018,50.3,1,1831.646458,814.764802,80.0,60.0,0.0,0.0,True,straight,2000,2000,10,0.0,0.0,0.0,0.0,5.185696,-1.157827,1151.646458,54.764802,False,False,False,0.0,False,0.0,False,0.0,False,0.0,0.0,False,linear,0.0,0.0,0.0,0.0,False,clear,1.0,0.0
EXP_CC2CE078,42,3019,50.316667,1,1832.979791,815.764802,80.0,60.0,0.0,0.0,True,straight,2000,2000,10,0.0,0.0,0.0,0.0,5.193965,-1.151578,1152.979791,55.764802,False,False,False,0.0,False,0.0,False,0.0,False,0.0,0.0,False,linear,0.0,0.0,0.0,0.0,False,clear,1.0,0.0
EXP_CC2CE078,42,3020,50.333333,1,1834.313124,816.764802,80.0,60.0,0.0,0.0,True,straight,2000,2000,10,0.0,0.0,0.0,0.0,5.202233,-1.145329,1154.313124,56.764802,False,False,False,0.0,False,0.0,False,0.0,False,0.0,0.0,False,linear,0.0,0.0,0.0,0.0,False,clear,1.0,0.0
EXP_CC2CE078,42,3021,50.35,1,1835.646458,817.764802,80.0,60.0,0.0,0.0,True,straight,2000,2000,10,0.0,0.0,0.0,0.0,5.210501,-1.13908,1155.646458,57.764802,False,False,False,0.0,False,0.0,False,0.0,False,0.0,0.0,False,linear,0.0,0.0,0.0,0.0,False,clear,1.0,0.0
EXP_CC2CE078,42,3022,50.366667,1,1836.979791,818.764802,80.0,60.0,0.0,0.0,True,straight,2000,2000,10,0.0,0.0,0.0,0.0,5.218769,-1.132831,1156.979791,58.764802,False,False,False,0.0,False,0.0,False,0.0,False,0.0,0.0,False,linear,0.0,0.0,0.0,0.0,False,clear,1.0,0.0
EXP_CC2CE078,42,3023,50.383333,1,1838.313124,819.764802,80.0,60.0,0.0,0.0,True,straight,2000,2000,10,0.0,0.0,0.0,0.0,5.227037,-1.126582,1158.313124,59.764802,False,False,False,0.0,False,0.0,False,0.0,False,0.0,0.0,False,linear,0.0,0.0,0.0,0.0,False,clear,1.0,0.0
EXP_CC2CE078,42,3024,50.4,1,1839.646458,820.764802,80.0,60.0,0.0,0.0,True,straight,2000,2000,10,0.0,0.0,0.0,0.0,5.235304,-1.120333,1159.646458,60.764802,False,False,False,0.0,False,0.0,False,0.0,False,0.0,0.0,False,linear,0.0,0.0,0.0,0.0,False,clear,1.0,0.0
EXP_CC2CE078,42,3025,50.416667,1,1840.979791,821.764802,80.0,60.0,0.0,0.0,True,straight,2000,2000,10,0.0,0.0,0.0,0.0,5.243571,-1.114084,1160.979791,61.764802,False,False,False,0.0,False,0.0,False,0.0,False,0.0,0.0,False,linear,0.0,0.0,0.0,0.0,False,clear,1.0,0.0
EXP_CC2CE078,42,3026,50.433333,1,1842.313124,822.764802,80.0,60.0,0.0,0.0,True,straight,2000,2000,10,0.0,0.0,0.0,0.0,5.251838,-1.107835,1162.313124,62.764802,False,False,False,0.0,False,0.0,False,0.0,False,0.0,0.0,False,linear,0.0,0.0,0.0,0.0,False,clear,1.0,0.0
EXP_CC2CE078,42,3027,50.45,1,1843.646458,823.764802,80.0,60.0,0.0,0.0,True,straight,2000,2000,10,0.0,0.0,0.0,0.0,5.260105,-1.101586,1163.646458,63.764802,False,False,False,0.0,False,0.0,False,0.0,False,0.0,0.0,False,linear,0.0,0.0,0.0,0.0,False,clear,1.0,0.0
EXP_CC2CE078,42,3028,50.466667,1,1844.979791,824.764802,80.0,60.0,0.0,0.0,True,straight,2000,2000,10,0.0,0.0,0.0,0.0,5.268371,-1.095337,1164.979791,64.764802,False,False,False,0.0,False,0.0,False,0.0,False,0.0,0.0,False,linear,0.0,0.0,0.0,0.0,False,clear,1.0,0.0
EXP_CC2CE078,42,3029,50.483333,1,1846.313124,825.764802,80.0,60.0,0.0,0.0,True,straight,2000,2000,10,0.0,0.0,0.0,0.0,5.276638,-1.089088,1166.313124,65.764802,False,False,False,0.0,False,0.0,False,0.0,False,0.0,0.0,False,linear,0.0,0.0,0.0,0.0,False,clear,1.0,0.0
EXP_CC2CE078,42,3030,50.5,1,1847.646458,826.764802,80.0,60.0,0.0,0.0,True,straight,2000,2000,10,0.0,0.0,0.0,0.0,5.284904,-1.082838,1167.646458,66.764802,False,False,False,0.0,False,0.0,False,0.0,False,0.0,0.0,False,linear,0.0,0.0,0.0,0.0,False,clear,1.0,0.0
EXP_CC2CE078,42,3031,50.516667,1,1848.979791,827.764802,80.0,60.0,0.0,0.0,True,straight,2000,2000,10,0.0,0.0,0.0,0.0,5.29317,-1.076589,1168.979791,67.764802,False,False,False,0.0,False,0.0,False,0.0,False,0.0,0.0,False,linear,0.0,0.0,0.0,0.0,False,clear,1.0,0.0
EXP_CC2CE078,42,3032,50.533333,1,1850.313124,828.764802,80.0,60.0,0.0,0.0,True,straight,2000,2000,10,0.0,0.0,0.0,0.0,5.301435,-1.07034,1170.313124,68.764802,False,False,False,0.0,False,0.0,False,0.0,False,0.0,0.0,False,linear,0.0,0.0,0.0,0.0,False,clear,1.0,0.0
EXP_CC2CE078,42,3033,50.55,1,1851.646458,829.764802,80.0,60.0,0.0,0.0,True,straight,2000,2000,10,0.0,0.0,0.0,0.0,5.309701,-1.064091,1171.646458,69.764802,False,False,False,0.0,False,0.0,False,0.0,False,0.0,0.0,False,linear,0.0,0.0,0.0,0.0,False,clear,1.0,0.0
EXP_CC2CE078,42,3034,50.566667,1,1852.979791,830.764802,80.0,60.0,0.0,0.0,True,straight,2000,2000,10,0.0,0.0,0.0,0.0,5.317966,-1.057841,1172.979791,70.764802,False,False,False,0.0,False,0.0,False,0.0,False,0.0,0.0,False,linear,0.0,0.0,0.0,0.0,False,clear,1.0,0.0
EXP_CC2CE078,42,3035,50.583333,1,1854.313124,831.764802,80.0,60.0,0.0,0.0,True,straight,2000,2000,10,0.0,0.0,0.0,0.0,5.326231,-1.051592,1174.313124,71.764802,False,False,False,0.0,False,0.0,False,0.0,False,0.0,0.0,False,linear,0.0,0.0,0.0,0.0,False,clear,1.0,0.0
EXP_CC2CE078,42,3036,50.6,1,1855.646458,832.764802,80.0,60.0,0.0,0.0,True,straight,2000,2000,10,0.0,0.0,0.0,0.0,5.334496,-1.045343,1175.646458,72.764802,False,False,False,0.0,False,0.0,False,0.0,False,0.0,0.0,False,linear,0.0,0.0,0.0,0.0,False,clear,1.0,0.0
EXP_CC2CE078,42,3037,50.616667,1,1856.979791,833.764802,80.0,60.0,0.0,0.0,True,straight,2000,2000,10,0.0,0.0,0.0,0.0,5.34276,-1.039093,1176.979791,73.764802,False,False,False,0.0,False,0.0,False,0.0,False,0.0,0.0,False,linear,0.0,0.0,0.0,0.0,False,clear,1.0,0.0
EXP_CC2CE078,42,3038,50.633333,1,1858.313124,834.764802,80.0,60.0,0.0,0.0,True,straight,2000,2000,10,0.0,0.0,0.0,0.0,5.351025,-1.032844,1178.313124,74.764802,False,False,False,0.0,False,0.0,False,0.0,False,0.0,0.0,False,linear,0.0,0.0,0.0,0.0,False,clear,1.0,0.0
EXP_CC2CE078,42,3039,50.65,1,1859.646458,835.764802,80.0,60.0,0.0,0.0,True,straight,2000,2000,10,0.0,0.0,0.0,0.0,5.359289,-1.026595,1179.646458,75.764802,False,False,False,0.0,False,0.0,False,0.0,False,0.0,0.0,False,linear,0.0,0.0,0.0,0.0,False,clear,1.0,0.0
EXP_CC2CE078,42,3040,50.666667,1,1860.979791,836.764802,80.0,60.0,0.0,0.0,True,straight,2000,2000,10,0.0,0.0,0.0,0.0,5.367553,-1.020345,1180.979791,76.764802,False,False,False,0.0,False,0.0,False,0.0,False,0.0,0.0,False,linear,0.0,0.0,0.0,0.0,False,clear,1.0,0.0
EXP_CC2CE078,42,3041,50.683333,1,1862.313124,837.764802,80.0,60.0,0.0,0.0,True,straight,2000,2000,10,0.0,0.0,0.0,0.0,5.375816,-1.014096,1182.313124,77.764802,False,False,False,0.0,False,0.0,False,0.0,False,0.0,0.0,False,linear,0.0,0.0,0.0,0.0,False,clear,1.0,0.0
EXP_CC2CE078,42,3042,50.7,1,1863.646458,838.764802,80.0,60.0,0.0,0.0,True,straight,2000,2000,10,0.0,0.0,0.0,0.0,5.38408,-1.007846,1183.646458,78.764802,False,False,False,0.0,False,0.0,False,0.0,False,0.0,0.0,False,linear,0.0,0.0,0.0,0.0,False,clear,1.0,0.0
EXP_CC2CE078,42,3043,50.716667,1,1864.979791,839.764802,80.0,60.0,0.0,0.0,True,straight,2000,2000,10,0.0,0.0,0.0,0.0,5.392343,-1.001597,1184.979791,79.764802,False,False,False,0.0,False,0.0,False,0.0,False,0.0,0.0,False,linear,0.0,0.0,0.0,0.0,False,clear,1.0,0.0
EXP_CC2CE078,42,3044,50.733333,1,1866.313124,840.764802,80.0,60.0,0.0,0.0,True,straight,2000,2000,10,0.0,0.0,0.0,0.0,5.400606,-0.995347,1186.313124,80.764802,False,False,False,0.0,False,0.0,False,0.0,False,0.0,0.0,False,linear,0.0,0.0,0.0,0.0,False,clear,1.0,0.0
EXP_CC2CE078,42,3045,50.75,1,1867.646458,841.764802,80.0,60.0,0.0,0.0,True,straight,2000,2000,10,0.0,0.0,0.0,0.0,5.408869,-0.989098,1187.646458,81.764802,False,False,False,0.0,False,0.0,False,0.0,False,0.0,0.0,False,linear,0.0,0.0,0.0,0.0,False,clear,1.0,0.0
EXP_CC2CE078,42,3046,50.766667,1,1868.979791,842.764802,80.0,60.0,0.0,0.0,True,straight,2000,2000,10,0.0,0.0,0.0,0.0,5.417131,-0.982848,1188.979791,82.764802,False,False,False,0.0,False,0.0,False,0.0,False,0.0,0.0,False,linear,0.0,0.0,0.0,0.0,False,clear,1.0,0.0
EXP_CC2CE078,42,3047,50.783333,1,1870.313124,843.764802,80.0,60.0,0.0,0.0,True,straight,2000,2000,10,0.0,0.0,0.0,0.0,5.425394,-0.976599,1190.313124,83.764802,False,False,False,0.0,False,0.0,False,0.0,False,0.0,0.0,False,linear,0.0,0.0,0.0,0.0,False,clear,1.0,0.0
EXP_CC2CE078,42,3048,50.8,1,1871.646458,844.764802,80.0,60.0,0.0,0.0,True,straight,2000,2000,10,0.0,0.0,0.0,0.0,5.433656,-0.970349,1191.646458,84.764802,False,False,False,0.0,False,0.0,False,0.0,False,0.0,0.0,False,linear,0.0,0.0,0.0,0.0,False,clear,1.0,0.0
EXP_CC2CE078,42,3049,50.816667,1,1872.979791,845.764802,80.0,60.0,0.0,0.0,True,straight,2000,2000,10,0.0,0.0,0.0,0.0,5.441918,-0.964099,1192.979791,85.764802,False,False,False,0.0,False,0.0,False,0.0,False,0.0,0.0,False,linear,0.0,0.0,0.0,0.0,False,clear,1.0,0.0
EXP_CC2CE078,42,3050,50.833333,1,1874.313124,846.764802,80.0,60.0,0.0,0.0,True,straight,2000,2000,10,0.0,0.0,0.0,0.0,5.450179,-0.95785,1194.313124,86.764802,False,False,False,0.0,False,0.0,False,0.0,False,0.0,0.0,False,linear,0.0,0.0,0.0,0.0,False,clear,1.0,0.0
EXP_CC2CE078,42,3051,50.85,1,1875.646458,847.764802,80.0,60.0,0.0,0.0,True,straight,2000,2000,10,0.0,0.0,0.0,0.0,5.458441,-0.9516,1195.646458,87.764802,False,False,False,0.0,False,0.0,False,0.0,False,0.0,0.0,False,linear,0.0,0.0,0.0,0.0,False,clear,1.0,0.0
EXP_CC2CE078,42,3052,50.866667,1,1876.979791,848.764802,80.0,60.0,0.0,0.0,True,straight,2000,2000,10,0.0,0.0,0.0,0.0,5.466702,-0.94535,1196.979791,88.764802,False,False,False,0.0,False,0.0,False,0.0,False,0.0,0.0,False,linear,0.0,0.0,0.0,0.0,False,clear,1.0,0.0
EXP_CC2CE078,42,3053,50.883333,1,1878.313124,849.764802,80.0,60.0,0.0,0.0,True,straight,2000,2000,10,0.0,0.0,0.0,0.0,5.474963,-0.9391,1198.313124,89.764802,False,False,False,0.0,False,0.0,False,0.0,False,0.0,0.0,False,linear,0.0,0.0,0.0,0.0,False,clear,1.0,0.0
EXP_CC2CE078,42,3054,50.9,1,1879.646458,850.764802,80.0,60.0,0.0,0.0,True,straight,2000,2000,10,0.0,0.0,0.0,0.0,5.483223,-0.932851,1199.646458,90.764802,False,False,False,0.0,False,0.0,False,0.0,False,0.0,0.0,False,linear,0.0,0.0,0.0,0.0,False,clear,1.0,0.0
EXP_CC2CE078,42,3055,50.916667,1,1880.979791,851.764802,80.0,60.0,0.0,0.0,True,straight,2000,2000,10,0.0,0.0,0.0,0.0,5.491484,-0.926601,1200.979791,91.764802,False,False,False,0.0,False,0.0,False,0.0,False,0.0,0.0,False,linear,0.0,0.0,0.0,0.0,False,clear,1.0,0.0
EXP_CC2CE078,42,3056,50.933333,1,1882.313124,852.764802,80.0,60.0,0.0,0.0,True,straight,2000,2000,10,0.0,0.0,0.0,0.0,5.499744,-0.920351,1202.313124,92.764802,False,False,False,0.0,False,0.0,False,0.0,False,0.0,0.0,False,linear,0.0,0.0,0.0,0.0,False,clear,1.0,0.0
EXP_CC2CE078,42,3057,50.95,1,1883.646458,853.764802,80.0,60.0,0.0,0.0,True,straight,2000,2000,10,0.0,0.0,0.0,0.0,5.508004,-0.914101,1203.646458,93.764802,False,False,False,0.0,False,0.0,False,0.0,False,0.0,0.0,False,linear,0.0,0.0,0.0,0.0,False,clear,1.0,0.0
EXP_CC2CE078,42,3058,50.966667,1,1884.979791,854.764802,80.0,60.0,0.0,0.0,True,straight,2000,2000,10,0.0,0.0,0.0,0.0,5.516264,-0.907851,1204.979791,94.764802,False,False,False,0.0,False,0.0,False,0.0,False,0.0,0.0,False,linear,0.0,0.0,0.0,0.0,False,clear,1.0,0.0
EXP_CC2CE078,42,3059,50.983333,1,1886.313124,855.764802,80.0,60.0,0.0,0.0,True,straight,2000,2000,10,0.0,0.0,0.0,0.0,5.524524,-0.901602,1206.313124,95.764802,False,False,False,0.0,False,0.0,False,0.0,False,0.0,0.0,False,linear,0.0,0.0,0.0,0.0,False,clear,1.0,0.0
EXP_CC2CE078,42,3060,51.0,1,1887.646458,856.764802,80.0,60.0,0.0,0.0,True,straight,2000,2000,10,0.0,0.0,0.0,0.0,5.532783,-0.895352,1207.646458,96.764802,False,False,False,0.0,False,0.0,False,0.0,False,0.0,0.0,False,linear,0.0,0.0,0.0,0.0,False,clear,1.0,0.0
EXP_CC2CE078,42,3061,51.016667,1,1888.979791,857.764802,80.0,60.0,0.0,0.0,True,straight,2000,2000,10,0.0,0.0,0.0,0.0,5.541042,-0.889102,1208.979791,97.764802,False,False,False,0.0,False,0.0,False,0.0,False,0.0,0.0,False,linear,0.0,0.0,0.0,0.0,False,clear,1.0,0.0
EXP_CC2CE078,42,3062,51.033333,1,1890.313124,858.764802,80.0,60.0,0.0,0.0,True,straight,2000,2000,10,0.0,0.0,0.0,0.0,5.549301,-0.882852,1210.313124,98.764802,False,False,False,0.0,False,0.0,False,0.0,False,0.0,0.0,False,linear,0.0,0.0,0.0,0.0,False,clear,1.0,0.0
EXP_CC2CE078,42,3063,51.05,1,1891.646458,859.764802,80.0,60.0,0.0,0.0,True,straight,2000,2000,10,0.0,0.0,0.0,0.0,5.55756,-0.876602,1211.646458,99.764802,False,False,False,0.0,False,0.0,False,0.0,False,0.0,0.0,False,linear,0.0,0.0,0.0,0.0,False,clear,1.0,0.0
EXP_CC2CE078,42,3064,51.066667,1,1892.979791,860.764802,80.0,60.0,0.0,0.0,True,straight,2000,2000,10,0.0,0.0,0.0,0.0,5.565818,-0.870352,1212.979791,100.764802,False,False,False,0.0,False,0.0,False,0.0,False,0.0,0.0,False,linear,0.0,0.0,0.0,0.0,False,clear,1.0,0.0
EXP_CC2CE078,42,3065,51.083333,1,1894.313124,861.764802,80.0,60.0,0.0,0.0,True,straight,2000,2000,10,0.0,0.0,0.0,0.0,5.574076,-0.864102,1214.313124,101.764802,False,False,False,0.0,False,0.0,False,0.0,False,0.0,0.0,False,linear,0.0,0.0,0.0,0.0,False,clear,1.0,0.0
EXP_CC2CE078,42,3066,51.1,1,1895.646458,862.764802,80.0,60.0,0.0,0.0,True,straight,2000,2000,10,0.0,0.0,0.0,0.0,5.582334,-0.857852,1215.646458,102.764802,False,False,False,0.0,False,0.0,False,0.0,False,0.0,0.0,False,linear,0.0,0.0,0.0,0.0,False,clear,1.0,0.0
EXP_CC2CE078,42,3067,51.116667,1,1896.979791,863.764802,80.0,60.0,0.0,0.0,True,straight,2000,2000,10,0.0,0.0,0.0,0.0,5.590592,-0.851602,1216.979791,103.764802,False,False,False,0.0,False,0.0,False,0.0,False,0.0,0.0,False,linear,0.0,0.0,0.0,0.0,False,clear,1.0,0.0
EXP_CC2CE078,42,3068,51.133333,1,1898.313124,864.764802,80.0,60.0,0.0,0.0,True,straight,2000,2000,10,0.0,0.0,0.0,0.0,5.598849,-0.845352,1218.313124,104.764802,False,False,False,0.0,False,0.0,False,0.0,False,0.0,0.0,False,linear,0.0,0.0,0.0,0.0,False,clear,1.0,0.0
EXP_CC2CE078,42,3069,51.15,1,1899.646458,865.764802,80.0,60.0,0.0,0.0,True,straight,2000,2000,10,0.0,0.0,0.0,0.0,5.607106,-0.839102,1219.646458,105.764802,False,False,False,0.0,False,0.0,False,0.0,False,0.0,0.0,False,linear,0.0,0.0,0.0,0.0,False,clear,1.0,0.0
EXP_CC2CE078,42,3070,51.166667,1,1900.979791,866.764802,80.0,60.0,0.0,0.0,True,straight,2000,2000,10,0.0,0.0,0.0,0.0,5.615364,-0.832852,1220.979791,106.764802,False,False,False,0.0,False,0.0,False,0.0,False,0.0,0.0,False,linear,0.0,0.0,0.0,0.0,False,clear,1.0,0.0
EXP_CC2CE078,42,3071,51.183333,1,1902.313124,867.764802,80.0,60.0,0.0,0.0,True,straight,2000,2000,10,0.0,0.0,0.0,0.0,5.62362,-0.826602,1222.313124,107.764802,False,False,False,0.0,False,0.0,False,0.0,False,0.0,0.0,False,linear,0.0,0.0,0.0,0.0,False,clear,1.0,0.0
EXP_CC2CE078,42,3072,51.2,1,1903.646458,868.764802,80.0,60.0,0.0,0.0,True,straight,2000,2000,10,0.0,0.0,0.0,0.0,5.631877,-0.820351,1223.646458,108.764802,False,False,False,0.0,False,0.0,False,0.0,False,0.0,0.0,False,linear,0.0,0.0,0.0,0.0,False,clear,1.0,0.0
EXP_CC2CE078,42,3073,51.216667,1,1904.979791,869.764802,80.0,60.0,0.0,0.0,True,straight,2000,2000,10,0.0,0.0,0.0,0.0,5.640133,-0.814101,1224.979791,109.764802,False,False,False,0.0,False,0.0,False,0.0,False,0.0,0.0,False,linear,0.0,0.0,0.0,0.0,False,clear,1.0,0.0
EXP_CC2CE078,42,3074,51.233333,1,1906.313124,870.764802,80.0,60.0,0.0,0.0,True,straight,2000,2000,10,0.0,0.0,0.0,0.0,5.648389,-0.807851,1226.313124,110.764802,False,False,False,0.0,False,0.0,False,0.0,False,0.0,0.0,False,linear,0.0,0.0,0.0,0.0,False,clear,1.0,0.0
EXP_CC2CE078,42,3075,51.25,1,1907.646458,871.764802,80.0,60.0,0.0,0.0,True,straight,2000,2000,10,0.0,0.0,0.0,0.0,5.656645,-0.801601,1227.646458,111.764802,False,False,False,0.0,False,0.0,False,0.0,False,0.0,0.0,False,linear,0.0,0.0,0.0,0.0,False,clear,1.0,0.0
EXP_CC2CE078,42,3076,51.266667,1,1908.979791,872.764802,80.0,60.0,0.0,0.0,True,straight,2000,2000,10,0.0,0.0,0.0,0.0,5.664901,-0.795351,1228.979791,112.764802,False,False,False,0.0,False,0.0,False,0.0,False,0.0,0.0,False,linear,0.0,0.0,0.0,0.0,False,clear,1.0,0.0
EXP_CC2CE078,42,3077,51.283333,1,1910.313124,873.764802,80.0,60.0,0.0,0.0,True,straight,2000,2000,10,0.0,0.0,0.0,0.0,5.673156,-0.7891,1230.313124,113.764802,False,False,False,0.0,False,0.0,False,0.0,False,0.0,0.0,False,linear,0.0,0.0,0.0,0.0,False,clear,1.0,0.0
EXP_CC2CE078,42,3078,51.3,1,1911.646458,874.764802,80.0,60.0,0.0,0.0,True,straight,2000,2000,10,0.0,0.0,0.0,0.0,5.681411,-0.78285,1231.646458,114.764802,False,False,False,0.0,False,0.0,False,0.0,False,0.0,0.0,False,linear,0.0,0.0,0.0,0.0,False,clear,1.0,0.0
EXP_CC2CE078,42,3079,51.316667,1,1912.979791,875.764802,80.0,60.0,0.0,0.0,True,straight,2000,2000,10,0.0,0.0,0.0,0.0,5.689666,-0.7766,1232.979791,115.764802,False,False,False,0.0,False,0.0,False,0.0,False,0.0,0.0,False,linear,0.0,0.0,0.0,0.0,False,clear,1.0,0.0
EXP_CC2CE078,42,3080,51.333333,1,1914.313124,876.764802,80.0,60.0,0.0,0.0,True,straight,2000,2000,10,0.0,0.0,0.0,0.0,5.697921,-0.77035,1234.313124,116.764802,False,False,False,0.0,False,0.0,False,0.0,False,0.0,0.0,False,linear,0.0,0.0,0.0,0.0,False,clear,1.0,0.0
EXP_CC2CE078,42,3081,51.35,1,1915.646458,877.764802,80.0,60.0,0.0,0.0,True,straight,2000,2000,10,0.0,0.0,0.0,0.0,5.706175,-0.764099,1235.646458,117.764802,False,False,False,0.0,False,0.0,False,0.0,False,0.0,0.0,False,linear,0.0,0.0,0.0,0.0,False,clear,1.0,0.0
EXP_CC2CE078,42,3082,51.366667,1,1916.979791,878.764802,80.0,60.0,0.0,0.0,True,straight,2000,2000,10,0.0,0.0,0.0,0.0,5.714429,-0.757849,1236.979791,118.764802,False,False,False,0.0,False,0.0,False,0.0,False,0.0,0.0,False,linear,0.0,0.0,0.0,0.0,False,clear,1.0,0.0
EXP_CC2CE078,42,3083,51.383333,1,1918.313124,879.764802,80.0,60.0,0.0,0.0,True,straight,2000,2000,10,0.0,0.0,0.0,0.0,5.722683,-0.751599,1238.313124,119.764802,False,False,False,0.0,False,0.0,False,0.0,False,0.0,0.0,False,linear,0.0,0.0,0.0,0.0,False,clear,1.0,0.0
EXP_CC2CE078,42,3084,51.4,1,1919.646458,880.764802,80.0,60.0,0.0,0.0,True,straight,2000,2000,10,0.0,0.0,0.0,0.0,5.730937,-0.745348,1239.646458,120.764802,False,False,False,0.0,False,0.0,False,0.0,False,0.0,0.0,False,linear,0.0,0.0,0.0,0.0,False,clear,1.0,0.0
EXP_CC2CE078,42,3085,51.416667,1,1920.979791,881.764802,80.0,60.0,0.0,0.0,True,straight,2000,2000,10,0.0,0.0,0.0,0.0,5.73919,-0.739098,1240.979791,121.764802,False,False,False,0.0,False,0.0,False,0.0,False,0.0,0.0,False,linear,0.0,0.0,0.0,0.0,False,clear,1.0,0.0
EXP_CC2CE078,42,3086,51.433333,1,1922.313124,882.764802,80.0,60.0,0.0,0.0,True,straight,2000,2000,10,0.0,0.0,0.0,0.0,5.747444,-0.732847,1242.313124,122.764802,False,False,False,0.0,False,0.0,False,0.0,False,0.0,0.0,False,linear,0.0,0.0,0.0,0.0,False,clear,1.0,0.0
EXP_CC2CE078,42,3087,51.45,1,1923.646458,883.764802,80.0,60.0,0.0,0.0,True,straight,2000,2000,10,0.0,0.0,0.0,0.0,5.755697,-0.726597,1243.646458,123.764802,False,False,False,0.0,False,0.0,False,0.0,False,0.0,0.0,False,linear,0.0,0.0,0.0,0.0,False,clear,1.0,0.0
EXP_CC2CE078,42,3088,51.466667,1,1924.979791,884.764802,80.0,60.0,0.0,0.0,True,straight,2000,2000,10,0.0,0.0,0.0,0.0,5.763949,-0.720347,1244.979791,124.764802,False,False,False,0.0,False,0.0,False,0.0,False,0.0,0.0,False,linear,0.0,0.0,0.0,0.0,False,clear,1.0,0.0
EXP_CC2CE078,42,3089,51.483333,1,1926.313124,885.764802,80.0,60.0,0.0,0.0,True,straight,2000,2000,10,0.0,0.0,0.0,0.0,5.772202,-0.714096,1246.313124,125.764802,False,False,False,0.0,False,0.0,False,0.0,False,0.0,0.0,False,linear,0.0,0.0,0.0,0.0,False,clear,1.0,0.0
EXP_CC2CE078,42,3090,51.5,1,1927.646458,886.764802,80.0,60.0,0.0,0.0,True,straight,2000,2000,10,0.0,0.0,0.0,0.0,5.780454,-0.707846,1247.646458,126.764802,False,False,False,0.0,False,0.0,False,0.0,False,0.0,0.0,False,linear,0.0,0.0,0.0,0.0,False,clear,1.0,0.0
EXP_CC2CE078,42,3091,51.516667,1,1928.979791,887.764802,80.0,60.0,0.0,0.0,True,straight,2000,2000,10,0.0,0.0,0.0,0.0,5.788706,-0.701595,1248.979791,127.764802,False,False,False,0.0,False,0.0,False,0.0,False,0.0,0.0,False,linear,0.0,0.0,0.0,0.0,False,clear,1.0,0.0
EXP_CC2CE078,42,3092,51.533333,1,1930.313124,888.764802,80.0,60.0,0.0,0.0,True,straight,2000,2000,10,0.0,0.0,0.0,0.0,5.796958,-0.695345,1250.313124,128.764802,False,False,False,0.0,False,0.0,False,0.0,False,0.0,0.0,False,linear,0.0,0.0,0.0,0.0,False,clear,1.0,0.0
EXP_CC2CE078,42,3093,51.55,1,1931.646458,889.764802,80.0,60.0,0.0,0.0,True,straight,2000,2000,10,0.0,0.0,0.0,0.0,5.80521,-0.689094,1251.646458,129.764802,False,False,False,0.0,False,0.0,False,0.0,False,0.0,0.0,False,linear,0.0,0.0,0.0,0.0,False,clear,1.0,0.0
EXP_CC2CE078,42,3094,51.566667,1,1932.979791,890.764802,80.0,60.0,0.0,0.0,True,straight,2000,2000,10,0.0,0.0,0.0,0.0,5.813461,-0.682844,1252.979791,130.764802,False,False,False,0.0,False,0.0,False,0.0,False,0.0,0.0,False,linear,0.0,0.0,0.0,0.0,False,clear,1.0,0.0
EXP_CC2CE078,42,3095,51.583333,1,1934.313124,891.764802,80.0,60.0,0.0,0.0,True,straight,2000,2000,10,0.0,0.0,0.0,0.0,5.821712,-0.676593,1254.313124,131.764802,False,False,False,0.0,False,0.0,False,0.0,False,0.0,0.0,False,linear,0.0,0.0,0.0,0.0,False,clear,1.0,0.0
EXP_CC2CE078,42,3096,51.6,1,1935.646458,892.764802,80.0,60.0,0.0,0.0,True,straight,2000,2000,10,0.0,0.0,0.0,0.0,5.829963,-0.670343,1255.646458,132.764802,False,False,False,0.0,False,0.0,False,0.0,False,0.0,0.0,False,linear,0.0,0.0,0.0,0.0,False,clear,1.0,0.0
EXP_CC2CE078,42,3097,51.616667,1,1936.979791,893.764802,80.0,60.0,0.0,0.0,True,straight,2000,2000,10,0.0,0.0,0.0,0.0,5.838213,-0.664092,1256.979791,133.764802,False,False,False,0.0,False,0.0,False,0.0,False,0.0,0.0,False,linear,0.0,0.0,0.0,0.0,False,clear,1.0,0.0
EXP_CC2CE078,42,3098,51.633333,1,1938.313124,894.764802,80.0,60.0,0.0,0.0,True,straight,2000,2000,10,0.0,0.0,0.0,0.0,5.846464,-0.657841,1258.313124,134.764802,False,False,False,0.0,False,0.0,False,0.0,False,0.0,0.0,False,linear,0.0,0.0,0.0,0.0,False,clear,1.0,0.0
EXP_CC2CE078,42,3099,51.65,1,1939.646458,895.764802,80.0,60.0,0.0,0.0,True,straight,2000,2000,10,0.0,0.0,0.0,0.0,5.854714,-0.651591,1259.646458,135.764802,False,False,False,0.0,False,0.0,False,0.0,False,0.0,0.0,False,linear,0.0,0.0,0.0,0.0,False,clear,1.0,0.0
EXP_CC2CE078,42,3100,51.666667,1,1940.979791,896.764802,80.0,60.0,0.0,0.0,True,straight,2000,2000,10,0.0,0.0,0.0,0.0,5.862964,-0.64534,1260.979791,136.764802,False,False,False,0.0,False,0.0,False,0.0,False,0.0,0.0,False,linear,0.0,0.0,0.0,0.0,False,clear,1.0,0.0
EXP_CC2CE078,42,3101,51.683333,1,1942.313124,897.764802,80.0,60.0,0.0,0.0,True,straight,2000,2000,10,0.0,0.0,0.0,0.0,5.871213,-0.63909,1262.313124,137.764802,False,False,False,0.0,False,0.0,False,0.0,False,0.0,0.0,False,linear,0.0,0.0,0.0,0.0,False,clear,1.0,0.0
EXP_CC2CE078,42,3102,51.7,1,1943.646458,898.764802,80.0,60.0,0.0,0.0,True,straight,2000,2000,10,0.0,0.0,0.0,0.0,5.879463,-0.632839,1263.646458,138.764802,False,False,False,0.0,False,0.0,False,0.0,False,0.0,0.0,False,linear,0.0,0.0,0.0,0.0,False,clear,1.0,0.0
EXP_CC2CE078,42,3103,51.716667,1,1944.979791,899.764802,80.0,60.0,0.0,0.0,True,straight,2000,2000,10,0.0,0.0,0.0,0.0,5.887712,-0.626588,1264.979791,139.764802,False,False,False,0.0,False,0.0,False,0.0,False,0.0,0.0,False,linear,0.0,0.0,0.0,0.0,False,clear,1.0,0.0
EXP_CC2CE078,42,3104,51.733333,1,1946.313124,900.764802,80.0,60.0,0.0,0.0,True,straight,2000,2000,10,0.0,0.0,0.0,0.0,5.895961,-0.620337,1266.313124,140.764802,False,False,False,0.0,False,0.0,False,0.0,False,0.0,0.0,False,linear,0.0,0.0,0.0,0.0,False,clear,1.0,0.0
EXP_CC2CE078,42,3105,51.75,1,1947.646458,901.764802,80.0,60.0,0.0,0.0,True,straight,2000,2000,10,0.0,0.0,0.0,0.0,5.904209,-0.614087,1267.646458,141.764802,False,False,False,0.0,False,0.0,False,0.0,False,0.0,0.0,False,linear,0.0,0.0,0.0,0.0,False,clear,1.0,0.0
EXP_CC2CE078,42,3106,51.766667,1,1948.979791,902.764802,80.0,60.0,0.0,0.0,True,straight,2000,2000,10,0.0,0.0,0.0,0.0,5.912458,-0.607836,1268.979791,142.764802,False,False,False,0.0,False,0.0,False,0.0,False,0.0,0.0,False,linear,0.0,0.0,0.0,0.0,False,clear,1.0,0.0
EXP_CC2CE078,42,3107,51.783333,1,1950.313124,903.764802,80.0,60.0,0.0,0.0,True,straight,2000,2000,10,0.0,0.0,0.0,0.0,5.920706,-0.601585,1270.313124,143.764802,False,False,False,0.0,False,0.0,False,0.0,False,0.0,0.0,False,linear,0.0,0.0,0.0,0.0,False,clear,1.0,0.0
EXP_CC2CE078,42,3108,51.8,1,1951.646458,904.764802,80.0,60.0,0.0,0.0,True,straight,2000,2000,10,0.0,0.0,0.0,0.0,5.928954,-0.595335,1271.646458,144.764802,False,False,False,0.0,False,0.0,False,0.0,False,0.0,0.0,False,linear,0.0,0.0,0.0,0.0,False,clear,1.0,0.0
EXP_CC2CE078,42,3109,51.816667,1,1952.979791,905.764802,80.0,60.0,0.0,0.0,True,straight,2000,2000,10,0.0,0.0,0.0,0.0,5.937201,-0.589084,1272.979791,145.764802,False,False,False,0.0,False,0.0,False,0.0,False,0.0,0.0,False,linear,0.0,0.0,0.0,0.0,False,clear,1.0,0.0
EXP_CC2CE078,42,3110,51.833333,1,1954.313124,906.764802,80.0,60.0,0.0,0.0,True,straight,2000,2000,10,0.0,0.0,0.0,0.0,5.945449,-0.582833,1274.313124,146.764802,False,False,False,0.0,False,0.0,False,0.0,False,0.0,0.0,False,linear,0.0,0.0,0.0,0.0,False,clear,1.0,0.0
EXP_CC2CE078,42,3111,51.85,1,1955.646458,907.764802,80.0,60.0,0.0,0.0,True,straight,2000,2000,10,0.0,0.0,0.0,0.0,5.953696,-0.576582,1275.646458,147.764802,False,False,False,0.0,False,0.0,False,0.0,False,0.0,0.0,False,linear,0.0,0.0,0.0,0.0,False,clear,1.0,0.0
EXP_CC2CE078,42,3112,51.866667,1,1956.979791,908.764802,80.0,60.0,0.0,0.0,True,straight,2000,2000,10,0.0,0.0,0.0,0.0,5.961943,-0.570331,1276.979791,148.764802,False,False,False,0.0,False,0.0,False,0.0,False,0.0,0.0,False,linear,0.0,0.0,0.0,0.0,False,clear,1.0,0.0
EXP_CC2CE078,42,3113,51.883333,1,1958.313124,909.764802,80.0,60.0,0.0,0.0,True,straight,2000,2000,10,0.0,0.0,0.0,0.0,5.970189,-0.564081,1278.313124,149.764802,False,False,False,0.0,False,0.0,False,0.0,False,0.0,0.0,False,linear,0.0,0.0,0.0,0.0,False,clear,1.0,0.0
EXP_CC2CE078,42,3114,51.9,1,1959.646458,910.764802,80.0,60.0,0.0,0.0,True,straight,2000,2000,10,0.0,0.0,0.0,0.0,5.978436,-0.55783,1279.646458,150.764802,False,False,False,0.0,False,0.0,False,0.0,False,0.0,0.0,False,linear,0.0,0.0,0.0,0.0,False,clear,1.0,0.0
EXP_CC2CE078,42,3115,51.916667,1,1960.979791,911.764802,80.0,60.0,0.0,0.0,True,straight,2000,2000,10,0.0,0.0,0.0,0.0,5.986682,-0.551579,1280.979791,151.764802,False,False,False,0.0,False,0.0,False,0.0,False,0.0,0.0,False,linear,0.0,0.0,0.0,0.0,False,clear,1.0,0.0
EXP_CC2CE078,42,3116,51.933333,1,1962.313124,912.764802,80.0,60.0,0.0,0.0,True,straight,2000,2000,10,0.0,0.0,0.0,0.0,5.994928,-0.545328,1282.313124,152.764802,False,False,False,0.0,False,0.0,False,0.0,False,0.0,0.0,False,linear,0.0,0.0,0.0,0.0,False,clear,1.0,0.0
EXP_CC2CE078,42,3117,51.95,1,1963.646458,913.764802,80.0,60.0,0.0,0.0,True,straight,2000,2000,10,0.0,0.0,0.0,0.0,6.003174,-0.539077,1283.646458,153.764802,False,False,False,0.0,False,0.0,False,0.0,False,0.0,0.0,False,linear,0.0,0.0,0.0,0.0,False,clear,1.0,0.0
EXP_CC2CE078,42,3118,51.966667,1,1964.979791,914.764802,80.0,60.0,0.0,0.0,True,straight,2000,2000,10,0.0,0.0,0.0,0.0,6.011419,-0.532826,1284.979791,154.764802,False,False,False,0.0,False,0.0,False,0.0,False,0.0,0.0,False,linear,0.0,0.0,0.0,0.0,False,clear,1.0,0.0
EXP_CC2CE078,42,3119,51.983333,1,1966.313124,915.764802,80.0,60.0,0.0,0.0,True,straight,2000,2000,10,0.0,0.0,0.0,0.0,6.019664,-0.526575,1286.313124,155.764802,False,False,False,0.0,False,0.0,False,0.0,False,0.0,0.0,False,linear,0.0,0.0,0.0,0.0,False,clear,1.0,0.0
EXP_CC2CE078,42,3120,52.0,1,1967.646458,916.764802,80.0,60.0,0.0,0.0,True,straight,2000,2000,10,0.0,0.0,0.0,0.0,6.027909,-0.520325,1287.646458,156.764802,False,False,False,0.0,False,0.0,False,0.0,False,0.0,0.0,False,linear,0.0,0.0,0.0,0.0,False,clear,1.0,0.0
EXP_CC2CE078,42,3121,52.016667,1,1968.979791,917.764802,80.0,60.0,0.0,0.0,True,straight,2000,2000,10,0.0,0.0,0.0,0.0,6.036154,-0.514074,1288.979791,157.764802,False,False,False,0.0,False,0.0,False,0.0,False,0.0,0.0,False,linear,0.0,0.0,0.0,0.0,False,clear,1.0,0.0
EXP_CC2CE078,42,3122,52.033333,1,1970.313124,918.764802,80.0,60.0,0.0,0.0,True,straight,2000,2000,10,0.0,0.0,0.0,0.0,6.044398,-0.507823,1290.313124,158.764802,False,False,False,0.0,False,0.0,False,0.0,False,0.0,0.0,False,linear,0.0,0.0,0.0,0.0,False,clear,1.0,0.0
EXP_CC2CE078,42,3123,52.05,1,1971.646458,919.764802,80.0,60.0,0.0,0.0,True,straight,2000,2000,10,0.0,0.0,0.0,0.0,6.052642,-0.501572,1291.646458,159.764802,False,False,False,0.0,False,0.0,False,0.0,False,0.0,0.0,False,linear,0.0,0.0,0.0,0.0,False,clear,1.0,0.0
EXP_CC2CE078,42,3124,52.066667,1,1972.979791,920.764802,80.0,60.0,0.0,0.0,True,straight,2000,2000,10,0.0,0.0,0.0,0.0,6.060886,-0.495321,1292.979791,160.764802,False,False,False,0.0,False,0.0,False,0.0,False,0.0,0.0,False,linear,0.0,0.0,0.0,0.0,False,clear,1.0,0.0
EXP_CC2CE078,42,3125,52.083333,1,1974.313124,921.764802,80.0,60.0,0.0,0.0,True,straight,2000,2000,10,0.0,0.0,0.0,0.0,6.06913,-0.48907,1294.313124,161.764802,False,False,False,0.0,False,0.0,False,0.0,False,0.0,0.0,False,linear,0.0,0.0,0.0,0.0,False,clear,1.0,0.0
EXP_CC2CE078,42,3126,52.1,1,1975.646458,922.764802,80.0,60.0,0.0,0.0,True,straight,2000,2000,10,0.0,0.0,0.0,0.0,6.077373,-0.482819,1295.646458,162.764802,False,False,False,0.0,False,0.0,False,0.0,False,0.0,0.0,False,linear,0.0,0.0,0.0,0.0,False,clear,1.0,0.0
EXP_CC2CE078,42,3127,52.116667,1,1976.979791,923.764802,80.0,60.0,0.0,0.0,True,straight,2000,2000,10,0.0,0.0,0.0,0.0,6.085616,-0.476568,1296.979791,163.764802,False,False,False,0.0,False,0.0,False,0.0,False,0.0,0.0,False,linear,0.0,0.0,0.0,0.0,False,clear,1.0,0.0
EXP_CC2CE078,42,3128,52.133333,1,1978.313124,924.764802,80.0,60.0,0.0,0.0,True,straight,2000,2000,10,0.0,0.0,0.0,0.0,6.093859,-0.470317,1298.313124,164.764802,False,False,False,0.0,False,0.0,False,0.0,False,0.0,0.0,False,linear,0.0,0.0,0.0,0.0,False,clear,1.0,0.0
EXP_CC2CE078,42,3129,52.15,1,1979.646458,925.764802,80.0,60.0,0.0,0.0,True,straight,2000,2000,10,0.0,0.0,0.0,0.0,6.102102,-0.464066,1299.646458,165.764802,False,False,False,0.0,False,0.0,False,0.0,False,0.0,0.0,False,linear,0.0,0.0,0.0,0.0,False,clear,1.0,0.0
EXP_CC2CE078,42,3130,52.166667,1,1980.979791,926.764802,80.0,60.0,0.0,0.0,True,straight,2000,2000,10,0.0,0.0,0.0,0.0,6.110344,-0.457815,1300.979791,166.764802,False,False,False,0.0,False,0.0,False,0.0,False,0.0,0.0,False,linear,0.0,0.0,0.0,0.0,False,clear,1.0,0.0
EXP_CC2CE078,42,3131,52.183333,1,1982.313124,927.764802,80.0,60.0,0.0,0.0,True,straight,2000,2000,10,0.0,0.0,0.0,0.0,6.118586,-0.451564,1302.313124,167.764802,False,False,False,0.0,False,0.0,False,0.0,False,0.0,0.0,False,linear,0.0,0.0,0.0,0.0,False,clear,1.0,0.0
EXP_CC2CE078,42,3132,52.2,1,1983.646458,928.764802,80.0,60.0,0.0,0.0,True,straight,2000,2000,10,0.0,0.0,0.0,0.0,6.126828,-0.445313,1303.646458,168.764802,False,False,False,0.0,False,0.0,False,0.0,False,0.0,0.0,False,linear,0.0,0.0,0.0,0.0,False,clear,1.0,0.0
EXP_CC2CE078,42,3133,52.216667,1,1984.979791,929.764802,80.0,60.0,0.0,0.0,True,straight,2000,2000,10,0.0,0.0,0.0,0.0,6.13507,-0.439062,1304.979791,169.764802,False,False,False,0.0,False,0.0,False,0.0,False,0.0,0.0,False,linear,0.0,0.0,0.0,0.0,False,clear,1.0,0.0
EXP_CC2CE078,42,3134,52.233333,1,1986.313124,930.764802,80.0,60.0,0.0,0.0,True,straight,2000,2000,10,0.0,0.0,0.0,0.0,6.143311,-0.432811,1306.313124,170.764802,False,False,False,0.0,False,0.0,False,0.0,False,0.0,0.0,False,linear,0.0,0.0,0.0,0.0,False,clear,1.0,0.0
EXP_CC2CE078,42,3135,52.25,1,1987.646458,931.764802,80.0,60.0,0.0,0.0,True,straight,2000,2000,10,0.0,0.0,0.0,0.0,6.151552,-0.42656,1307.646458,171.764802,False,False,False,0.0,False,0.0,False,0.0,False,0.0,0.0,False,linear,0.0,0.0,0.0,0.0,False,clear,1.0,0.0
EXP_CC2CE078,42,3136,52.266667,1,1988.979791,932.764802,80.0,60.0,0.0,0.0,True,straight,2000,2000,10,0.0,0.0,0.0,0.0,6.159793,-0.420308,1308.979791,172.764802,False,False,False,0.0,False,0.0,False,0.0,False,0.0,0.0,False,linear,0.0,0.0,0.0,0.0,False,clear,1.0,0.0
EXP_CC2CE078,42,3137,52.283333,1,1990.313124,933.764802,80.0,60.0,0.0,0.0,True,straight,2000,2000,10,0.0,0.0,0.0,0.0,6.168034,-0.414057,1310.313124,173.764802,False,False,False,0.0,False,0.0,False,0.0,False,0.0,0.0,False,linear,0.0,0.0,0.0,0.0,False,clear,1.0,0.0
EXP_CC2CE078,42,3138,52.3,1,1991.646458,934.764802,80.0,60.0,0.0,0.0,True,straight,2000,2000,10,0.0,0.0,0.0,0.0,6.176274,-0.407806,1311.646458,174.764802,False,False,False,0.0,False,0.0,False,0.0,False,0.0,0.0,False,linear,0.0,0.0,0.0,0.0,False,clear,1.0,0.0
EXP_CC2CE078,42,3139,52.316667,1,1992.979791,935.764802,80.0,60.0,0.0,0.0,True,straight,2000,2000,10,0.0,0.0,0.0,0.0,6.184514,-0.401555,1312.979791,175.764802,False,False,False,0.0,False,0.0,False,0.0,False,0.0,0.0,False,linear,0.0,0.0,0.0,0.0,False,clear,1.0,0.0
EXP_CC2CE078,42,3140,52.333333,1,1994.313124,936.764802,80.0,60.0,0.0,0.0,True,straight,2000,2000,10,0.0,0.0,0.0,0.0,6.192754,-0.395304,1314.313124,176.764802,False,False,False,0.0,False,0.0,False,0.0,False,0.0,0.0,False,linear,0.0,0.0,0.0,0.0,False,clear,1.0,0.0
EXP_CC2CE078,42,3141,52.35,1,1994.353542,937.764802,-80.0,60.0,0.0,0.0,True,straight,2000,2000,10,0.0,0.0,0.0,0.0,6.193004,-0.389053,1314.353542,177.764802,False,False,False,0.0,False,0.0,False,0.0,False,0.0,0.0,False,linear,0.0,0.0,0.0,0.0,False,clear,1.0,0.0
EXP_CC2CE078,42,3142,52.366667,1,1993.020209,938.764802,-80.0,60.0,0.0,0.0,True,straight,2000,2000,10,0.0,0.0,0.0,0.0,6.184764,-0.382802,1313.020209,178.764802,False,False,False,0.0,False,0.0,False,0.0,False,0.0,0.0,False,linear,0.0,0.0,0.0,0.0,False,clear,1.0,0.0
EXP_CC2CE078,42,3143,52.383333,1,1991.686876,939.764802,-80.0,60.0,0.0,0.0,True,straight,2000,2000,10,0.0,0.0,0.0,0.0,6.176524,-0.376551,1311.686876,179.764802,False,False,False,0.0,False,0.0,False,0.0,False,0.0,0.0,False,linear,0.0,0.0,0.0,0.0,False,clear,1.0,0.0
EXP_CC2CE078,42,3144,52.4,1,1990.353542,940.764802,-80.0,60.0,0.0,0.0,True,straight,2000,2000,10,0.0,0.0,0.0,0.0,6.168284,-0.370299,1310.353542,180.764802,False,False,False,0.0,False,0.0,False,0.0,False,0.0,0.0,False,linear,0.0,0.0,0.0,0.0,False,clear,1.0,0.0
EXP_CC2CE078,42,3145,52.416667,1,1989.020209,941.764802,-80.0,60.0,0.0,0.0,True,straight,2000,2000,10,0.0,0.0,0.0,0.0,6.160043,-0.364048,1309.020209,181.764802,False,False,False,0.0,False,0.0,False,0.0,False,0.0,0.0,False,linear,0.0,0.0,0.0,0.0,False,clear,1.0,0.0
EXP_CC2CE078,42,3146,52.433333,1,1987.686876,942.764802,-80.0,60.0,0.0,0.0,True,straight,2000,2000,10,0.0,0.0,0.0,0.0,6.151802,-0.357797,1307.686876,182.764802,False,False,False,0.0,False,0.0,False,0.0,False,0.0,0.0,False,linear,0.0,0.0,0.0,0.0,False,clear,1.0,0.0
EXP_CC2CE078,42,3147,52.45,1,1986.353542,943.764802,-80.0,60.0,0.0,0.0,True,straight,2000,2000,10,0.0,0.0,0.0,0.0,6.143561,-0.351546,1306.353542,183.764802,False,False,False,0.0,False,0.0,False,0.0,False,0.0,0.0,False,linear,0.0,0.0,0.0,0.0,False,clear,1.0,0.0
EXP_CC2CE078,42,3148,52.466667,1,1985.020209,944.764802,-80.0,60.0,0.0,0.0,True,straight,2000,2000,10,0.0,0.0,0.0,0.0,6.13532,-0.345295,1305.020209,184.764802,False,False,False,0.0,False,0.0,False,0.0,False,0.0,0.0,False,linear,0.0,0.0,0.0,0.0,False,clear,1.0,0.0
EXP_CC2CE078,42,3149,52.483333,1,1983.686876,945.764802,-80.0,60.0,0.0,0.0,True,straight,2000,2000,10,0.0,0.0,0.0,0.0,6.127078,-0.339043,1303.686876,185.764802,False,False,False,0.0,False,0.0,False,0.0,False,0.0,0.0,False,linear,0.0,0.0,0.0,0.0,False,clear,1.0,0.0
EXP_CC2CE078,42,3150,52.5,1,1982.353542,946.764802,-80.0,60.0,0.0,0.0,True,straight,2000,2000,10,0.0,0.0,0.0,0.0,6.118836,-0.332792,1302.353542,186.764802,False,False,False,0.0,False,0.0,False,0.0,False,0.0,0.0,False,linear,0.0,0.0,0.0,0.0,False,clear,1.0,0.0
EXP_CC2CE078,42,3151,52.516667,1,1981.020209,947.764802,-80.0,60.0,0.0,0.0,True,straight,2000,2000,10,0.0,0.0,0.0,0.0,6.110594,-0.326541,1301.020209,187.764802,False,False,False,0.0,False,0.0,False,0.0,False,0.0,0.0,False,linear,0.0,0.0,0.0,0.0,False,clear,1.0,0.0
EXP_CC2CE078,42,3152,52.533333,1,1979.686876,948.764802,-80.0,60.0,0.0,0.0,True,straight,2000,2000,10,0.0,0.0,0.0,0.0,6.102352,-0.32029,1299.686876,188.764802,False,False,False,0.0,False,0.0,False,0.0,False,0.0,0.0,False,linear,0.0,0.0,0.0,0.0,False,clear,1.0,0.0
EXP_CC2CE078,42,3153,52.55,1,1978.353542,949.764802,-80.0,60.0,0.0,0.0,True,straight,2000,2000,10,0.0,0.0,0.0,0.0,6.094109,-0.314039,1298.353542,189.764802,False,False,False,0.0,False,0.0,False,0.0,False,0.0,0.0,False,linear,0.0,0.0,0.0,0.0,False,clear,1.0,0.0
EXP_CC2CE078,42,3154,52.566667,1,1977.020209,950.764802,-80.0,60.0,0.0,0.0,True,straight,2000,2000,10,0.0,0.0,0.0,0.0,6.085866,-0.307787,1297.020209,190.764802,False,False,False,0.0,False,0.0,False,0.0,False,0.0,0.0,False,linear,0.0,0.0,0.0,0.0,False,clear,1.0,0.0
EXP_CC2CE078,42,3155,52.583333,1,1975.686876,951.764802,-80.0,60.0,0.0,0.0,True,straight,2000,2000,10,0.0,0.0,0.0,0.0,6.077623,-0.301536,1295.686876,191.764802,False,False,False,0.0,False,0.0,False,0.0,False,0.0,0.0,False,linear,0.0,0.0,0.0,0.0,False,clear,1.0,0.0
EXP_CC2CE078,42,3156,52.6,1,1974.353542,952.764802,-80.0,60.0,0.0,0.0,True,straight,2000,2000,10,0.0,0.0,0.0,0.0,6.06938,-0.295285,1294.353542,192.764802,False,False,False,0.0,False,0.0,False,0.0,False,0.0,0.0,False,linear,0.0,0.0,0.0,0.0,False,clear,1.0,0.0
EXP_CC2CE078,42,3157,52.616667,1,1973.020209,953.764802,-80.0,60.0,0.0,0.0,True,straight,2000,2000,10,0.0,0.0,0.0,0.0,6.061136,-0.289034,1293.020209,193.764802,False,False,False,0.0,False,0.0,False,0.0,False,0.0,0.0,False,linear,0.0,0.0,0.0,0.0,False,clear,1.0,0.0
EXP_CC2CE078,42,3158,52.633333,1,1971.686876,954.764802,-80.0,60.0,0.0,0.0,True,straight,2000,2000,10,0.0,0.0,0.0,0.0,6.052892,-0.282782,1291.686876,194.764802,False,False,False,0.0,False,0.0,False,0.0,False,0.0,0.0,False,linear,0.0,0.0,0.0,0.0,False,clear,1.0,0.0
EXP_CC2CE078,42,3159,52.65,1,1970.353542,955.764802,-80.0,60.0,0.0,0.0,True,straight,2000,2000,10,0.0,0.0,0.0,0.0,6.044648,-0.276531,1290.353542,195.764802,False,False,False,0.0,False,0.0,False,0.0,False,0.0,0.0,False,linear,0.0,0.0,0.0,0.0,False,clear,1.0,0.0
EXP_CC2CE078,42,3160,52.666667,1,1969.020209,956.764802,-80.0,60.0,0.0,0.0,True,straight,2000,2000,10,0.0,0.0,0.0,0.0,6.036404,-0.27028,1289.020209,196.764802,False,False,False,0.0,False,0.0,False,0.0,False,0.0,0.0,False,linear,0.0,0.0,0.0,0.0,False,clear,1.0,0.0
EXP_CC2CE078,42,3161,52.683333,1,1967.686876,957.764802,-80.0,60.0,0.0,0.0,True,straight,2000,2000,10,0.0,0.0,0.0,0.0,6.028159,-0.264028,1287.686876,197.764802,False,False,False,0.0,False,0.0,False,0.0,False,0.0,0.0,False,linear,0.0,0.0,0.0,0.0,False,clear,1.0,0.0
EXP_CC2CE078,42,3162,52.7,1,1966.353542,958.764802,-80.0,60.0,0.0,0.0,True,straight,2000,2000,10,0.0,0.0,0.0,0.0,6.019914,-0.257777,1286.353542,198.764802,False,False,False,0.0,False,0.0,False,0.0,False,0.0,0.0,False,linear,0.0,0.0,0.0,0.0,False,clear,1.0,0.0
EXP_CC2CE078,42,3163,52.716667,1,1965.020209,959.764802,-80.0,60.0,0.0,0.0,True,straight,2000,2000,10,0.0,0.0,0.0,0.0,6.011669,-0.251526,1285.020209,199.764802,False,False,False,0.0,False,0.0,False,0.0,False,0.0,0.0,False,linear,0.0,0.0,0.0,0.0,False,clear,1.0,0.0
EXP_CC2CE078,42,3164,52.733333,1,1963.686876,960.764802,-80.0,60.0,0.0,0.0,True,straight,2000,2000,10,0.0,0.0,0.0,0.0,6.003424,-0.245275,1283.686876,200.764802,False,False,False,0.0,False,0.0,False,0.0,False,0.0,0.0,False,linear,0.0,0.0,0.0,0.0,False,clear,1.0,0.0
EXP_CC2CE078,42,3165,52.75,1,1962.353542,961.764802,-80.0,60.0,0.0,0.0,True,straight,2000,2000,10,0.0,0.0,0.0,0.0,5.995178,-0.239023,1282.353542,201.764802,False,False,False,0.0,False,0.0,False,0.0,False,0.0,0.0,False,linear,0.0,0.0,0.0,0.0,False,clear,1.0,0.0
EXP_CC2CE078,42,3166,52.766667,1,1961.020209,962.764802,-80.0,60.0,0.0,0.0,True,straight,2000,2000,10,0.0,0.0,0.0,0.0,5.986932,-0.232772,1281.020209,202.764802,False,False,False,0.0,False,0.0,False,0.0,False,0.0,0.0,False,linear,0.0,0.0,0.0,0.0,False,clear,1.0,0.0
EXP_CC2CE078,42,3167,52.783333,1,1959.686876,963.764802,-80.0,60.0,0.0,0.0,True,straight,2000,2000,10,0.0,0.0,0.0,0.0,5.978686,-0.226521,1279.686876,203.764802,False,False,False,0.0,False,0.0,False,0.0,False,0.0,0.0,False,linear,0.0,0.0,0.0,0.0,False,clear,1.0,0.0
EXP_CC2CE078,42,3168,52.8,1,1958.353542,964.764802,-80.0,60.0,0.0,0.0,True,straight,2000,2000,10,0.0,0.0,0.0,0.0,5.970439,-0.220269,1278.353542,204.764802,False,False,False,0.0,False,0.0,False,0.0,False,0.0,0.0,False,linear,0.0,0.0,0.0,0.0,False,clear,1.0,0.0
EXP_CC2CE078,42,3169,52.816667,1,1957.020209,965.764802,-80.0,60.0,0.0,0.0,True,straight,2000,2000,10,0.0,0.0,0.0,0.0,5.962193,-0.214018,1277.020209,205.764802,False,False,False,0.0,False,0.0,False,0.0,False,0.0,0.0,False,linear,0.0,0.0,0.0,0.0,False,clear,1.0,0.0
EXP_CC2CE078,42,3170,52.833333,1,1955.686876,966.764802,-80.0,60.0,0.0,0.0,True,straight,2000,2000,10,0.0,0.0,0.0,0.0,5.953946,-0.207767,1275.686876,206.764802,False,False,False,0.0,False,0.0,False,0.0,False,0.0,0.0,False,linear,0.0,0.0,0.0,0.0,False,clear,1.0,0.0
EXP_CC2CE078,42,3171,52.85,1,1954.353542,967.764802,-80.0,60.0,0.0,0.0,True,straight,2000,2000,10,0.0,0.0,0.0,0.0,5.945699,-0.201515,1274.353542,207.764802,False,False,False,0.0,False,0.0,False,0.0,False,0.0,0.0,False,linear,0.0,0.0,0.0,0.0,False,clear,1.0,0.0
EXP_CC2CE078,42,3172,52.866667,1,1953.020209,968.764802,-80.0,60.0,0.0,0.0,True,straight,2000,2000,10,0.0,0.0,0.0,0.0,5.937451,-0.195264,1273.020209,208.764802,False,False,False,0.0,False,0.0,False,0.0,False,0.0,0.0,False,linear,0.0,0.0,0.0,0.0,False,clear,1.0,0.0
EXP_CC2CE078,42,3173,52.883333,1,1951.686876,969.764802,-80.0,60.0,0.0,0.0,True,straight,2000,2000,10,0.0,0.0,0.0,0.0,5.929204,-0.189012,1271.686876,209.764802,False,False,False,0.0,False,0.0,False,0.0,False,0.0,0.0,False,linear,0.0,0.0,0.0,0.0,False,clear,1.0,0.0
EXP_CC2CE078,42,3174,52.9,1,1950.353542,970.764802,-80.0,60.0,0.0,0.0,True,straight,2000,2000,10,0.0,0.0,0.0,0.0,5.920956,-0.182761,1270.353542,210.764802,False,False,False,0.0,False,0.0,False,0.0,False,0.0,0.0,False,linear,0.0,0.0,0.0,0.0,False,clear,1.0,0.0
EXP_CC2CE078,42,3175,52.916667,1,1949.020209,971.764802,-80.0,60.0,0.0,0.0,True,straight,2000,2000,10,0.0,0.0,0.0,0.0,5.912708,-0.17651,1269.020209,211.764802,False,False,False,0.0,False,0.0,False,0.0,False,0.0,0.0,False,linear,0.0,0.0,0.0,0.0,False,clear,1.0,0.0
EXP_CC2CE078,42,3176,52.933333,1,1947.686876,972.764802,-80.0,60.0,0.0,0.0,True,straight,2000,2000,10,0.0,0.0,0.0,0.0,5.904459,-0.170258,1267.686876,212.764802,False,False,False,0.0,False,0.0,False,0.0,False,0.0,0.0,False,linear,0.0,0.0,0.0,0.0,False,clear,1.0,0.0
EXP_CC2CE078,42,3177,52.95,1,1946.353542,973.764802,-80.0,60.0,0.0,0.0,True,straight,2000,2000,10,0.0,0.0,0.0,0.0,5.896211,-0.164007,1266.353542,213.764802,False,False,False,0.0,False,0.0,False,0.0,False,0.0,0.0,False,linear,0.0,0.0,0.0,0.0,False,clear,1.0,0.0
EXP_CC2CE078,42,3178,52.966667,1,1945.020209,974.764802,-80.0,60.0,0.0,0.0,True,straight,2000,2000,10,0.0,0.0,0.0,0.0,5.887962,-0.157756,1265.020209,214.764802,False,False,False,0.0,False,0.0,False,0.0,False,0.0,0.0,False,linear,0.0,0.0,0.0,0.0,False,clear,1.0,0.0
EXP_CC2CE078,42,3179,52.983333,1,1943.686876,975.764802,-80.0,60.0,0.0,0.0,True,straight,2000,2000,10,0.0,0.0,0.0,0.0,5.879713,-0.151504,1263.686876,215.764802,False,False,False,0.0,False,0.0,False,0.0,False,0.0,0.0,False,linear,0.0,0.0,0.0,0.0,False,clear,1.0,0.0
EXP_CC2CE078,42,3180,53.0,1,1942.353542,976.764802,-80.0,60.0,0.0,0.0,True,straight,2000,2000,10,0.0,0.0,0.0,0.0,5.871463,-0.145253,1262.353542,216.764802,False,False,False,0.0,False,0.0,False,0.0,False,0.0,0.0,False,linear,0.0,0.0,0.0,0.0,False,clear,1.0,0.0
EXP_CC2CE078,42,3181,53.016667,1,1941.020209,977.764802,-80.0,60.0,0.0,0.0,True,straight,2000,2000,10,0.0,0.0,0.0,0.0,5.863214,-0.139001,1261.020209,217.764802,False,False,False,0.0,False,0.0,False,0.0,False,0.0,0.0,False,linear,0.0,0.0,0.0,0.0,False,clear,1.0,0.0
EXP_CC2CE078,42,3182,53.033333,1,1939.686876,978.764802,-80.0,60.0,0.0,0.0,True,straight,2000,2000,10,0.0,0.0,0.0,0.0,5.854964,-0.13275,1259.686876,218.764802,False,False,False,0.0,False,0.0,False,0.0,False,0.0,0.0,False,linear,0.0,0.0,0.0,0.0,False,clear,1.0,0.0
EXP_CC2CE078,42,3183,53.05,1,1938.353542,979.764802,-80.0,60.0,0.0,0.0,True,straight,2000,2000,10,0.0,0.0,0.0,0.0,5.846714,-0.126499,1258.353542,219.764802,False,False,False,0.0,False,0.0,False,0.0,False,0.0,0.0,False,linear,0.0,0.0,0.0,0.0,False,clear,1.0,0.0
EXP_CC2CE078,42,3184,53.066667,1,1937.020209,980.764802,-80.0,60.0,0.0,0.0,True,straight,2000,2000,10,0.0,0.0,0.0,0.0,5.838464,-0.120247,1257.020209,220.764802,False,False,False,0.0,False,0.0,False,0.0,False,0.0,0.0,False,linear,0.0,0.0,0.0,0.0,False,clear,1.0,0.0
EXP_CC2CE078,42,3185,53.083333,1,1935.686876,981.764802,-80.0,60.0,0.0,0.0,True,straight,2000,2000,10,0.0,0.0,0.0,0.0,5.830213,-0.113996,1255.686876,221.764802,False,False,False,0.0,False,0.0,False,0.0,False,0.0,0.0,False,linear,0.0,0.0,0.0,0.0,False,clear,1.0,0.0
EXP_CC2CE078,42,3186,53.1,1,1934.353542,982.764802,-80.0,60.0,0.0,0.0,True,straight,2000,2000,10,0.0,0.0,0.0,0.0,5.821962,-0.107744,1254.353542,222.764802,False,False,False,0.0,False,0.0,False,0.0,False,0.0,0.0,False,linear,0.0,0.0,0.0,0.0,False,clear,1.0,0.0
EXP_CC2CE078,42,3187,53.116667,1,1933.020209,983.764802,-80.0,60.0,0.0,0.0,True,straight,2000,2000,10,0.0,0.0,0.0,0.0,5.813711,-0.101493,1253.020209,223.764802,False,False,False,0.0,False,0.0,False,0.0,False,0.0,0.0,False,linear,0.0,0.0,0.0,0.0,False,clear,1.0,0.0
EXP_CC2CE078,42,3188,53.133333,1,1931.686876,984.764802,-80.0,60.0,0.0,0.0,True,straight,2000,2000,10,0.0,0.0,0.0,0.0,5.80546,-0.095242,1251.686876,224.764802,False,False,False,0.0,False,0.0,False,0.0,False,0.0,0.0,False,linear,0.0,0.0,0.0,0.0,False,clear,1.0,0.0
EXP_CC2CE078,42,3189,53.15,1,1930.353542,985.764802,-80.0,60.0,0.0,0.0,True,straight,2000,2000,10,0.0,0.0,0.0,0.0,5.797208,-0.08899,1250.353542,225.764802,False,False,False,0.0,False,0.0,False,0.0,False,0.0,0.0,False,linear,0.0,0.0,0.0,0.0,False,clear,1.0,0.0
EXP_CC2CE078,42,3190,53.166667,1,1929.020209,986.764802,-80.0,60.0,0.0,0.0,True,straight,2000,2000,10,0.0,0.0,0.0,0.0,5.788956,-0.082739,1249.020209,226.764802,False,False,False,0.0,False,0.0,False,0.0,False,0.0,0.0,False,linear,0.0,0.0,0.0,0.0,False,clear,1.0,0.0
EXP_CC2CE078,42,3191,53.183333,1,1927.686876,987.764802,-80.0,60.0,0.0,0.0,True,straight,2000,2000,10,0.0,0.0,0.0,0.0,5.780704,-0.076487,1247.686876,227.764802,False,False,False,0.0,False,0.0,False,0.0,False,0.0,0.0,False,linear,0.0,0.0,0.0,0.0,False,clear,1.0,0.0
EXP_CC2CE078,42,3192,53.2,1,1926.353542,988.764802,-80.0,60.0,0.0,0.0,True,straight,2000,2000,10,0.0,0.0,0.0,0.0,5.772452,-0.070236,1246.353542,228.764802,False,False,False,0.0,False,0.0,False,0.0,False,0.0,0.0,False,linear,0.0,0.0,0.0,0.0,False,clear,1.0,0.0
EXP_CC2CE078,42,3193,53.216667,1,1925.020209,989.764802,-80.0,60.0,0.0,0.0,True,straight,2000,2000,10,0.0,0.0,0.0,0.0,5.7642,-0.063985,1245.020209,229.764802,False,False,False,0.0,False,0.0,False,0.0,False,0.0,0.0,False,linear,0.0,0.0,0.0,0.0,False,clear,1.0,0.0
EXP_CC2CE078,42,3194,53.233333,1,1923.686876,990.764802,-80.0,60.0,0.0,0.0,True,straight,2000,2000,10,0.0,0.0,0.0,0.0,5.755947,-0.057733,1243.686876,230.764802,False,False,False,0.0,False,0.0,False,0.0,False,0.0,0.0,False,linear,0.0,0.0,0.0,0.0,False,clear,1.0,0.0
EXP_CC2CE078,42,3195,53.25,1,1922.353542,991.764802,-80.0,60.0,0.0,0.0,True,straight,2000,2000,10,0.0,0.0,0.0,0.0,5.747694,-0.051482,1242.353542,231.764802,False,False,False,0.0,False,0.0,False,0.0,False,0.0,0.0,False,linear,0.0,0.0,0.0,0.0,False,clear,1.0,0.0
EXP_CC2CE078,42,3196,53.266667,1,1921.020209,992.764802,-80.0,60.0,0.0,0.0,True,straight,2000,2000,10,0.0,0.0,0.0,0.0,5.739441,-0.04523,1241.020209,232.764802,False,False,False,0.0,False,0.0,False,0.0,False,0.0,0.0,False,linear,0.0,0.0,0.0,0.0,False,clear,1.0,0.0
EXP_CC2CE078,42,3197,53.283333,1,1919.686876,993.764802,-80.0,60.0,0.0,0.0,True,straight,2000,2000,10,0.0,0.0,0.0,0.0,5.731187,-0.038979,1239.686876,233.764802,False,False,False,0.0,False,0.0,False,0.0,False,0.0,0.0,False,linear,0.0,0.0,0.0,0.0,False,clear,1.0,0.0
EXP_CC2CE078,42,3198,53.3,1,1918.353542,994.764802,-80.0,60.0,0.0,0.0,True,straight,2000,2000,10,0.0,0.0,0.0,0.0,5.722934,-0.032727,1238.353542,234.764802,False,False,False,0.0,False,0.0,False,0.0,False,0.0,0.0,False,linear,0.0,0.0,0.0,0.0,False,clear,1.0,0.0
EXP_CC2CE078,42,3199,53.316667,1,1917.020209,995.764802,-80.0,60.0,0.0,0.0,True,straight,2000,2000,10,0.0,0.0,0.0,0.0,5.71468,-0.026476,1237.020209,235.764802,False,False,False,0.0,False,0.0,False,0.0,False,0.0,0.0,False,linear,0.0,0.0,0.0,0.0,False,clear,1.0,0.0
EXP_CC2CE078,42,3200,53.333333,1,1915.686876,996.764802,-80.0,60.0,0.0,0.0,True,straight,2000,2000,10,0.0,0.0,0.0,0.0,5.706425,-0.020225,1235.686876,236.764802,False,False,False,0.0,False,0.0,False,0.0,False,0.0,0.0,False,linear,0.0,0.0,0.0,0.0,False,clear,1.0,0.0
EXP_CC2CE078,42,3201,53.35,1,1914.353542,997.764802,-80.0,60.0,0.0,0.0,True,straight,2000,2000,10,0.0,0.0,0.0,0.0,5.698171,-0.013973,1234.353542,237.764802,False,False,False,0.0,False,0.0,False,0.0,False,0.0,0.0,False,linear,0.0,0.0,0.0,0.0,False,clear,1.0,0.0
EXP_CC2CE078,42,3202,53.366667,1,1913.020209,998.764802,-80.0,60.0,0.0,0.0,True,straight,2000,2000,10,0.0,0.0,0.0,0.0,5.689916,-0.007722,1233.020209,238.764802,False,False,False,0.0,False,0.0,False,0.0,False,0.0,0.0,False,linear,0.0,0.0,0.0,0.0,False,clear,1.0,0.0
EXP_CC2CE078,42,3203,53.383333,1,1911.686876,999.764802,-80.0,60.0,0.0,0.0,True,straight,2000,2000,10,0.0,0.0,0.0,0.0,5.681661,-0.00147,1231.686876,239.764802,False,False,False,0.0,False,0.0,False,0.0,False,0.0,0.0,False,linear,0.0,0.0,0.0,0.0,False,clear,1.0,0.0
EXP_CC2CE078,42,3204,53.4,1,1910.353542,1000.764802,-80.0,60.0,0.0,0.0,True,straight,2000,2000,10,0.0,0.0,0.0,0.0,5.673406,0.004781,1230.353542,240.764802,False,False,False,0.0,False,0.0,False,0.0,False,0.0,0.0,False,linear,0.0,0.0,0.0,0.0,False,clear,1.0,0.0
EXP_CC2CE078,42,3205,53.416667,1,1909.020209,1001.764802,-80.0,60.0,0.0,0.0,True,straight,2000,2000,10,0.0,0.0,0.0,0.0,5.665151,0.011033,1229.020209,241.764802,False,False,False,0.0,False,0.0,False,0.0,False,0.0,0.0,False,linear,0.0,0.0,0.0,0.0,False,clear,1.0,0.0
EXP_CC2CE078,42,3206,53.433333,1,1907.686876,1002.764802,-80.0,60.0,0.0,0.0,True,straight,2000,2000,10,0.0,0.0,0.0,0.0,5.656895,0.017284,1227.686876,242.764802,False,False,False,0.0,False,0.0,False,0.0,False,0.0,0.0,False,linear,0.0,0.0,0.0,0.0,False,clear,1.0,0.0
EXP_CC2CE078,42,3207,53.45,1,1906.353542,1003.764802,-80.0,60.0,0.0,0.0,True,straight,2000,2000,10,0.0,0.0,0.0,0.0,5.64864,0.023535,1226.353542,243.764802,False,False,False,0.0,False,0.0,False,0.0,False,0.0,0.0,False,linear,0.0,0.0,0.0,0.0,False,clear,1.0,0.0
EXP_CC2CE078,42,3208,53.466667,1,1905.020209,1004.764802,-80.0,60.0,0.0,0.0,True,straight,2000,2000,10,0.0,0.0,0.0,0.0,5.640383,0.029787,1225.020209,244.764802,False,False,False,0.0,False,0.0,False,0.0,False,0.0,0.0,False,linear,0.0,0.0,0.0,0.0,False,clear,1.0,0.0
EXP_CC2CE078,42,3209,53.483333,1,1903.686876,1005.764802,-80.0,60.0,0.0,0.0,True,straight,2000,2000,10,0.0,0.0,0.0,0.0,5.632127,0.036038,1223.686876,245.764802,False,False,False,0.0,False,0.0,False,0.0,False,0.0,0.0,False,linear,0.0,0.0,0.0,0.0,False,clear,1.0,0.0
EXP_CC2CE078,42,3210,53.5,1,1902.353542,1006.764802,-80.0,60.0,0.0,0.0,True,straight,2000,2000,10,0.0,0.0,0.0,0.0,5.623871,0.04229,1222.353542,246.764802,False,False,False,0.0,False,0.0,False,0.0,False,0.0,0.0,False,linear,0.0,0.0,0.0,0.0,False,clear,1.0,0.0
EXP_CC2CE078,42,3211,53.516667,1,1901.020209,1007.764802,-80.0,60.0,0.0,0.0,True,straight,2000,2000,10,0.0,0.0,0.0,0.0,5.615614,0.048541,1221.020209,247.764802,False,False,False,0.0,False,0.0,False,0.0,False,0.0,0.0,False,linear,0.0,0.0,0.0,0.0,False,clear,1.0,0.0
EXP_CC2CE078,42,3212,53.533333,1,1899.686876,1008.764802,-80.0,60.0,0.0,0.0,True,straight,2000,2000,10,0.0,0.0,0.0,0.0,5.607357,0.054793,1219.686876,248.764802,False,False,False,0.0,False,0.0,False,0.0,False,0.0,0.0,False,linear,0.0,0.0,0.0,0.0,False,clear,1.0,0.0
EXP_CC2CE078,42,3213,53.55,1,1898.353542,1009.764802,-80.0,60.0,0.0,0.0,True,straight,2000,2000,10,0.0,0.0,0.0,0.0,5.5991,0.061044,1218.353542,249.764802,False,False,False,0.0,False,0.0,False,0.0,False,0.0,0.0,False,linear,0.0,0.0,0.0,0.0,False,clear,1.0,0.0
EXP_CC2CE078,42,3214,53.566667,1,1897.020209,1010.764802,-80.0,60.0,0.0,0.0,True,straight,2000,2000,10,0.0,0.0,0.0,0.0,5.590842,0.067295,1217.020209,250.764802,False,False,False,0.0,False,0.0,False,0.0,False,0.0,0.0,False,linear,0.0,0.0,0.0,0.0,False,clear,1.0,0.0
EXP_CC2CE078,42,3215,53.583333,1,1895.686876,1011.764802,-80.0,60.0,0.0,0.0,True,straight,2000,2000,10,0.0,0.0,0.0,0.0,5.582584,0.073547,1215.686876,251.764802,False,False,False,0.0,False,0.0,False,0.0,False,0.0,0.0,False,linear,0.0,0.0,0.0,0.0,False,clear,1.0,0.0
EXP_CC2CE078,42,3216,53.6,1,1894.353542,1012.764802,-80.0,60.0,0.0,0.0,True,straight,2000,2000,10,0.0,0.0,0.0,0.0,5.574326,0.079798,1214.353542,252.764802,False,False,False,0.0,False,0.0,False,0.0,False,0.0,0.0,False,linear,0.0,0.0,0.0,0.0,False,clear,1.0,0.0
EXP_CC2CE078,42,3217,53.616667,1,1893.020209,1013.764802,-80.0,60.0,0.0,0.0,True,straight,2000,2000,10,0.0,0.0,0.0,0.0,5.566068,0.08605,1213.020209,253.764802,False,False,False,0.0,False,0.0,False,0.0,False,0.0,0.0,False,linear,0.0,0.0,0.0,0.0,False,clear,1.0,0.0
EXP_CC2CE078,42,3218,53.633333,1,1891.686876,1014.764802,-80.0,60.0,0.0,0.0,True,straight,2000,2000,10,0.0,0.0,0.0,0.0,5.55781,0.092301,1211.686876,254.764802,False,False,False,0.0,False,0.0,False,0.0,False,0.0,0.0,False,linear,0.0,0.0,0.0,0.0,False,clear,1.0,0.0
EXP_CC2CE078,42,3219,53.65,1,1890.353542,1015.764802,-80.0,60.0,0.0,0.0,True,straight,2000,2000,10,0.0,0.0,0.0,0.0,5.549551,0.098552,1210.353542,255.764802,False,False,False,0.0,False,0.0,False,0.0,False,0.0,0.0,False,linear,0.0,0.0,0.0,0.0,False,clear,1.0,0.0
EXP_CC2CE078,42,3220,53.666667,1,1889.020209,1016.764802,-80.0,60.0,0.0,0.0,True,straight,2000,2000,10,0.0,0.0,0.0,0.0,5.541292,0.104804,1209.020209,256.764802,False,False,False,0.0,False,0.0,False,0.0,False,0.0,0.0,False,linear,0.0,0.0,0.0,0.0,False,clear,1.0,0.0
EXP_CC2CE078,42,3221,53.683333,1,1887.686876,1017.764802,-80.0,60.0,0.0,0.0,True,straight,2000,2000,10,0.0,0.0,0.0,0.0,5.533033,0.111055,1207.686876,257.764802,False,False,False,0.0,False,0.0,False,0.0,False,0.0,0.0,False,linear,0.0,0.0,0.0,0.0,False,clear,1.0,0.0
EXP_CC2CE078,42,3222,53.7,1,1886.353542,1018.764802,-80.0,60.0,0.0,0.0,True,straight,2000,2000,10,0.0,0.0,0.0,0.0,5.524774,0.117307,1206.353542,258.764802,False,False,False,0.0,False,0.0,False,0.0,False,0.0,0.0,False,linear,0.0,0.0,0.0,0.0,False,clear,1.0,0.0
EXP_CC2CE078,42,3223,53.716667,1,1885.020209,1019.764802,-80.0,60.0,0.0,0.0,True,straight,2000,2000,10,0.0,0.0,0.0,0.0,5.516514,0.123558,1205.020209,259.764802,False,False,False,0.0,False,0.0,False,0.0,False,0.0,0.0,False,linear,0.0,0.0,0.0,0.0,False,clear,1.0,0.0
EXP_CC2CE078,42,3224,53.733333,1,1883.686876,1020.764802,-80.0,60.0,0.0,0.0,True,straight,2000,2000,10,0.0,0.0,0.0,0.0,5.508255,0.129809,1203.686876,260.764802,False,False,False,0.0,False,0.0,False,0.0,False,0.0,0.0,False,linear,0.0,0.0,0.0,0.0,False,clear,1.0,0.0
EXP_CC2CE078,42,3225,53.75,1,1882.353542,1021.764802,-80.0,60.0,0.0,0.0,True,straight,2000,2000,10,0.0,0.0,0.0,0.0,5.499995,0.136061,1202.353542,261.764802,False,False,False,0.0,False,0.0,False,0.0,False,0.0,0.0,False,linear,0.0,0.0,0.0,0.0,False,clear,1.0,0.0
EXP_CC2CE078,42,3226,53.766667,1,1881.020209,1022.764802,-80.0,60.0,0.0,0.0,True,straight,2000,2000,10,0.0,0.0,0.0,0.0,5.491734,0.142312,1201.020209,262.764802,False,False,False,0.0,False,0.0,False,0.0,False,0.0,0.0,False,linear,0.0,0.0,0.0,0.0,False,clear,1.0,0.0
EXP_CC2CE078,42,3227,53.783333,1,1879.686876,1023.764802,-80.0,60.0,0.0,0.0,True,straight,2000,2000,10,0.0,0.0,0.0,0.0,5.483474,0.148564,1199.686876,263.764802,False,False,False,0.0,False,0.0,False,0.0,False,0.0,0.0,False,linear,0.0,0.0,0.0,0.0,False,clear,1.0,0.0
EXP_CC2CE078,42,3228,53.8,1,1878.353542,1024.764802,-80.0,60.0,0.0,0.0,True,straight,2000,2000,10,0.0,0.0,0.0,0.0,5.475213,0.154815,1198.353542,264.764802,False,False,False,0.0,False,0.0,False,0.0,False,0.0,0.0,False,linear,0.0,0.0,0.0,0.0,False,clear,1.0,0.0
EXP_CC2CE078,42,3229,53.816667,1,1877.020209,1025.764802,-80.0,60.0,0.0,0.0,True,straight,2000,2000,10,0.0,0.0,0.0,0.0,5.466952,0.161066,1197.020209,265.764802,False,False,False,0.0,False,0.0,False,0.0,False,0.0,0.0,False,linear,0.0,0.0,0.0,0.0,False,clear,1.0,0.0
EXP_CC2CE078,42,3230,53.833333,1,1875.686876,1026.764802,-80.0,60.0,0.0,0.0,True,straight,2000,2000,10,0.0,0.0,0.0,0.0,5.458691,0.167318,1195.686876,266.764802,False,False,False,0.0,False,0.0,False,0.0,False,0.0,0.0,False,linear,0.0,0.0,0.0,0.0,False,clear,1.0,0.0
EXP_CC2CE078,42,3231,53.85,1,1874.353542,1027.764802,-80.0,60.0,0.0,0.0,True,straight,2000,2000,10,0.0,0.0,0.0,0.0,5.45043,0.173569,1194.353542,267.764802,False,False,False,0.0,False,0.0,False,0.0,False,0.0,0.0,False,linear,0.0,0.0,0.0,0.0,False,clear,1.0,0.0
EXP_CC2CE078,42,3232,53.866667,1,1873.020209,1028.764802,-80.0,60.0,0.0,0.0,True,straight,2000,2000,10,0.0,0.0,0.0,0.0,5.442168,0.179821,1193.020209,268.764802,False,False,False,0.0,False,0.0,False,0.0,False,0.0,0.0,False,linear,0.0,0.0,0.0,0.0,False,clear,1.0,0.0
EXP_CC2CE078,42,3233,53.883333,1,1871.686876,1029.764802,-80.0,60.0,0.0,0.0,True,straight,2000,2000,10,0.0,0.0,0.0,0.0,5.433906,0.186072,1191.686876,269.764802,False,False,False,0.0,False,0.0,False,0.0,False,0.0,0.0,False,linear,0.0,0.0,0.0,0.0,False,clear,1.0,0.0
EXP_CC2CE078,42,3234,53.9,1,1870.353542,1030.764802,-80.0,60.0,0.0,0.0,True,straight,2000,2000,10,0.0,0.0,0.0,0.0,5.425644,0.192323,1190.353542,270.764802,False,False,False,0.0,False,0.0,False,0.0,False,0.0,0.0,False,linear,0.0,0.0,0.0,0.0,False,clear,1.0,0.0
EXP_CC2CE078,42,3235,53.916667,1,1869.020209,1031.764802,-80.0,60.0,0.0,0.0,True,straight,2000,2000,10,0.0,0.0,0.0,0.0,5.417382,0.198575,1189.020209,271.764802,False,False,False,0.0,False,0.0,False,0.0,False,0.0,0.0,False,linear,0.0,0.0,0.0,0.0,False,clear,1.0,0.0
EXP_CC2CE078,42,3236,53.933333,1,1867.686876,1032.764802,-80.0,60.0,0.0,0.0,True,straight,2000,2000,10,0.0,0.0,0.0,0.0,5.409119,0.204826,1187.686876,272.764802,False,False,False,0.0,False,0.0,False,0.0,False,0.0,0.0,False,linear,0.0,0.0,0.0,0.0,False,clear,1.0,0.0
EXP_CC2CE078,42,3237,53.95,1,1866.353542,1033.764802,-80.0,60.0,0.0,0.0,True,straight,2000,2000,10,0.0,0.0,0.0,0.0,5.400857,0.211077,1186.353542,273.764802,False,False,False,0.0,False,0.0,False,0.0,False,0.0,0.0,False,linear,0.0,0.0,0.0,0.0,False,clear,1.0,0.0
EXP_CC2CE078,42,3238,53.966667,1,1865.020209,1034.764802,-80.0,60.0,0.0,0.0,True,straight,2000,2000,10,0.0,0.0,0.0,0.0,5.392594,0.217329,1185.020209,274.764802,False,False,False,0.0,False,0.0,False,0.0,False,0.0,0.0,False,linear,0.0,0.0,0.0,0.0,False,clear,1.0,0.0
EXP_CC2CE078,42,3239,53.983333,1,1863.686876,1035.764802,-80.0,60.0,0.0,0.0,True,straight,2000,2000,10,0.0,0.0,0.0,0.0,5.38433,0.22358,1183.686876,275.764802,False,False,False,0.0,False,0.0,False,0.0,False,0.0,0.0,False,linear,0.0,0.0,0.0,0.0,False,clear,1.0,0.0
EXP_CC2CE078,42,3240,54.0,1,1862.353542,1036.764802,-80.0,60.0,0.0,0.0,True,straight,2000,2000,10,0.0,0.0,0.0,0.0,5.376067,0.229831,1182.353542,276.764802,False,False,False,0.0,False,0.0,False,0.0,False,0.0,0.0,False,linear,0.0,0.0,0.0,0.0,False,clear,1.0,0.0
EXP_CC2CE078,42,3241,54.016667,1,1861.020209,1037.764802,-80.0,60.0,0.0,0.0,True,straight,2000,2000,10,0.0,0.0,0.0,0.0,5.367803,0.236083,1181.020209,277.764802,False,False,False,0.0,False,0.0,False,0.0,False,0.0,0.0,False,linear,0.0,0.0,0.0,0.0,False,clear,1.0,0.0
EXP_CC2CE078,42,3242,54.033333,1,1859.686876,1038.764802,-80.0,60.0,0.0,0.0,True,straight,2000,2000,10,0.0,0.0,0.0,0.0,5.359539,0.242334,1179.686876,278.764802,False,False,False,0.0,False,0.0,False,0.0,False,0.0,0.0,False,linear,0.0,0.0,0.0,0.0,False,clear,1.0,0.0
EXP_CC2CE078,42,3243,54.05,1,1858.353542,1039.764802,-80.0,60.0,0.0,0.0,True,straight,2000,2000,10,0.0,0.0,0.0,0.0,5.351275,0.248585,1178.353542,279.764802,False,False,False,0.0,False,0.0,False,0.0,False,0.0,0.0,False,linear,0.0,0.0,0.0,0.0,False,clear,1.0,0.0
EXP_CC2CE078,42,3244,54.066667,1,1857.020209,1040.764802,-80.0,60.0,0.0,0.0,True,straight,2000,2000,10,0.0,0.0,0.0,0.0,5.343011,0.254837,1177.020209,280.764802,False,False,False,0.0,False,0.0,False,0.0,False,0.0,0.0,False,linear,0.0,0.0,0.0,0.0,False,clear,1.0,0.0
EXP_CC2CE078,42,3245,54.083333,1,1855.686876,1041.764802,-80.0,60.0,0.0,0.0,True,straight,2000,2000,10,0.0,0.0,0.0,0.0,5.334746,0.261088,1175.686876,281.764802,False,False,False,0.0,False,0.0,False,0.0,False,0.0,0.0,False,linear,0.0,0.0,0.0,0.0,False,clear,1.0,0.0
EXP_CC2CE078,42,3246,54.1,1,1854.353542,1042.764802,-80.0,60.0,0.0,0.0,True,straight,2000,2000,10,0.0,0.0,0.0,0.0,5.326482,0.267339,1174.353542,282.764802,False,False,False,0.0,False,0.0,False,0.0,False,0.0,0.0,False,linear,0.0,0.0,0.0,0.0,False,clear,1.0,0.0
EXP_CC2CE078,42,3247,54.116667,1,1853.020209,1043.764802,-80.0,60.0,0.0,0.0,True,straight,2000,2000,10,0.0,0.0,0.0,0.0,5.318217,0.27359,1173.020209,283.764802,False,False,False,0.0,False,0.0,False,0.0,False,0.0,0.0,False,linear,0.0,0.0,0.0,0.0,False,clear,1.0,0.0
EXP_CC2CE078,42,3248,54.133333,1,1851.686876,1044.764802,-80.0,60.0,0.0,0.0,True,straight,2000,2000,10,0.0,0.0,0.0,0.0,5.309951,0.279842,1171.686876,284.764802,False,False,False,0.0,False,0.0,False,0.0,False,0.0,0.0,False,linear,0.0,0.0,0.0,0.0,False,clear,1.0,0.0
EXP_CC2CE078,42,3249,54.15,1,1850.353542,1045.764802,-80.0,60.0,0.0,0.0,True,straight,2000,2000,10,0.0,0.0,0.0,0.0,5.301686,0.286093,1170.353542,285.764802,False,False,False,0.0,False,0.0,False,0.0,False,0.0,0.0,False,linear,0.0,0.0,0.0,0.0,False,clear,1.0,0.0
EXP_CC2CE078,42,3250,54.166667,1,1849.020209,1046.764802,-80.0,60.0,0.0,0.0,True,straight,2000,2000,10,0.0,0.0,0.0,0.0,5.29342,0.292344,1169.020209,286.764802,False,False,False,0.0,False,0.0,False,0.0,False,0.0,0.0,False,linear,0.0,0.0,0.0,0.0,False,clear,1.0,0.0
EXP_CC2CE078,42,3251,54.183333,1,1847.686876,1047.764802,-80.0,60.0,0.0,0.0,True,straight,2000,2000,10,0.0,0.0,0.0,0.0,5.285154,0.298596,1167.686876,287.764802,False,False,False,0.0,False,0.0,False,0.0,False,0.0,0.0,False,linear,0.0,0.0,0.0,0.0,False,clear,1.0,0.0
EXP_CC2CE078,42,3252,54.2,1,1846.353542,1048.764802,-80.0,60.0,0.0,0.0,True,straight,2000,2000,10,0.0,0.0,0.0,0.0,5.276888,0.304847,1166.353542,288.764802,False,False,False,0.0,False,0.0,False,0.0,False,0.0,0.0,False,linear,0.0,0.0,0.0,0.0,False,clear,1.0,0.0
EXP_CC2CE078,42,3253,54.216667,1,1845.020209,1049.764802,-80.0,60.0,0.0,0.0,True,straight,2000,2000,10,0.0,0.0,0.0,0.0,5.268622,0.311098,1165.020209,289.764802,False,False,False,0.0,False,0.0,False,0.0,False,0.0,0.0,False,linear,0.0,0.0,0.0,0.0,False,clear,1.0,0.0
EXP_CC2CE078,42,3254,54.233333,1,1843.686876,1050.764802,-80.0,60.0,0.0,0.0,True,straight,2000,2000,10,0.0,0.0,0.0,0.0,5.260356,0.317349,1163.686876,290.764802,False,False,False,0.0,False,0.0,False,0.0,False,0.0,0.0,False,linear,0.0,0.0,0.0,0.0,False,clear,1.0,0.0
EXP_CC2CE078,42,3255,54.25,1,1842.353542,1051.764802,-80.0,60.0,0.0,0.0,True,straight,2000,2000,10,0.0,0.0,0.0,0.0,5.252089,0.323601,1162.353542,291.764802,False,False,False,0.0,False,0.0,False,0.0,False,0.0,0.0,False,linear,0.0,0.0,0.0,0.0,False,clear,1.0,0.0
EXP_CC2CE078,42,3256,54.266667,1,1841.020209,1052.764802,-80.0,60.0,0.0,0.0,True,straight,2000,2000,10,0.0,0.0,0.0,0.0,5.243822,0.329852,1161.020209,292.764802,False,False,False,0.0,False,0.0,False,0.0,False,0.0,0.0,False,linear,0.0,0.0,0.0,0.0,False,clear,1.0,0.0
EXP_CC2CE078,42,3257,54.283333,1,1839.686876,1053.764802,-80.0,60.0,0.0,0.0,True,straight,2000,2000,10,0.0,0.0,0.0,0.0,5.235555,0.336103,1159.686876,293.764802,False,False,False,0.0,False,0.0,False,0.0,False,0.0,0.0,False,linear,0.0,0.0,0.0,0.0,False,clear,1.0,0.0
EXP_CC2CE078,42,3258,54.3,1,1838.353542,1054.764802,-80.0,60.0,0.0,0.0,True,straight,2000,2000,10,0.0,0.0,0.0,0.0,5.227287,0.342354,1158.353542,294.764802,False,False,False,0.0,False,0.0,False,0.0,False,0.0,0.0,False,linear,0.0,0.0,0.0,0.0,False,clear,1.0,0.0
EXP_CC2CE078,42,3259,54.316667,1,1837.020209,1055.764802,-80.0,60.0,0.0,0.0,True,straight,2000,2000,10,0.0,0.0,0.0,0.0,5.21902,0.348605,1157.020209,295.764802,False,False,False,0.0,False,0.0,False,0.0,False,0.0,0.0,False,linear,0.0,0.0,0.0,0.0,False,clear,1.0,0.0
EXP_CC2CE078,42,3260,54.333333,1,1835.686876,1056.764802,-80.0,60.0,0.0,0.0,True,straight,2000,2000,10,0.0,0.0,0.0,0.0,5.210752,0.354857,1155.686876,296.764802,False,False,False,0.0,False,0.0,False,0.0,False,0.0,0.0,False,linear,0.0,0.0,0.0,0.0,False,clear,1.0,0.0
EXP_CC2CE078,42,3261,54.35,1,1834.353542,1057.764802,-80.0,60.0,0.0,0.0,True,straight,2000,2000,10,0.0,0.0,0.0,0.0,5.202484,0.361108,1154.353542,297.764802,False,False,False,0.0,False,0.0,False,0.0,False,0.0,0.0,False,linear,0.0,0.0,0.0,0.0,False,clear,1.0,0.0
EXP_CC2CE078,42,3262,54.366667,1,1833.020209,1058.764802,-80.0,60.0,0.0,0.0,True,straight,2000,2000,10,0.0,0.0,0.0,0.0,5.194215,0.367359,1153.020209,298.764802,False,False,False,0.0,False,0.0,False,0.0,False,0.0,0.0,False,linear,0.0,0.0,0.0,0.0,False,clear,1.0,0.0
EXP_CC2CE078,42,3263,54.383333,1,1831.686876,1059.764802,-80.0,60.0,0.0,0.0,True,straight,2000,2000,10,0.0,0.0,0.0,0.0,5.185947,0.37361,1151.686876,299.764802,False,False,False,0.0,False,0.0,False,0.0,False,0.0,0.0,False,linear,0.0,0.0,0.0,0.0,False,clear,1.0,0.0
EXP_CC2CE078,42,3264,54.4,1,1830.353542,1060.764802,-80.0,60.0,0.0,0.0,True,straight,2000,2000,10,0.0,0.0,0.0,0.0,5.177678,0.379861,1150.353542,300.764802,False,False,False,0.0,False,0.0,False,0.0,False,0.0,0.0,False,linear,0.0,0.0,0.0,0.0,False,clear,1.0,0.0
EXP_CC2CE078,42,3265,54.416667,1,1829.020209,1061.764802,-80.0,60.0,0.0,0.0,True,straight,2000,2000,10,0.0,0.0,0.0,0.0,5.169409,0.386112,1149.020209,301.764802,False,False,False,0.0,False,0.0,False,0.0,False,0.0,0.0,False,linear,0.0,0.0,0.0,0.0,False,clear,1.0,0.0
EXP_CC2CE078,42,3266,54.433333,1,1827.686876,1062.764802,-80.0,60.0,0.0,0.0,True,straight,2000,2000,10,0.0,0.0,0.0,0.0,5.16114,0.392364,1147.686876,302.764802,False,False,False,0.0,False,0.0,False,0.0,False,0.0,0.0,False,linear,0.0,0.0,0.0,0.0,False,clear,1.0,0.0
EXP_CC2CE078,42,3267,54.45,1,1826.353542,1063.764802,-80.0,60.0,0.0,0.0,True,straight,2000,2000,10,0.0,0.0,0.0,0.0,5.152871,0.398615,1146.353542,303.764802,False,False,False,0.0,False,0.0,False,0.0,False,0.0,0.0,False,linear,0.0,0.0,0.0,0.0,False,clear,1.0,0.0
EXP_CC2CE078,42,3268,54.466667,1,1825.020209,1064.764802,-80.0,60.0,0.0,0.0,True,straight,2000,2000,10,0.0,0.0,0.0,0.0,5.144601,0.404866,1145.020209,304.764802,False,False,False,0.0,False,0.0,False,0.0,False,0.0,0.0,False,linear,0.0,0.0,0.0,0.0,False,clear,1.0,0.0
EXP_CC2CE078,42,3269,54.483333,1,1823.686876,1065.764802,-80.0,60.0,0.0,0.0,True,straight,2000,2000,10,0.0,0.0,0.0,0.0,5.136331,0.411117,1143.686876,305.764802,False,False,False,0.0,False,0.0,False,0.0,False,0.0,0.0,False,linear,0.0,0.0,0.0,0.0,False,clear,1.0,0.0
EXP_CC2CE078,42,3270,54.5,1,1822.353542,1066.764802,-80.0,60.0,0.0,0.0,True,straight,2000,2000,10,0.0,0.0,0.0,0.0,5.128061,0.417368,1142.353542,306.764802,False,False,False,0.0,False,0.0,False,0.0,False,0.0,0.0,False,linear,0.0,0.0,0.0,0.0,False,clear,1.0,0.0
EXP_CC2CE078,42,3271,54.516667,1,1821.020209,1067.764802,-80.0,60.0,0.0,0.0,True,straight,2000,2000,10,0.0,0.0,0.0,0.0,5.119791,0.423619,1141.020209,307.764802,False,False,False,0.0,False,0.0,False,0.0,False,0.0,0.0,False,linear,0.0,0.0,0.0,0.0,False,clear,1.0,0.0
EXP_CC2CE078,42,3272,54.533333,1,1819.686876,1068.764802,-80.0,60.0,0.0,0.0,True,straight,2000,2000,10,0.0,0.0,0.0,0.0,5.111521,0.42987,1139.686876,308.764802,False,False,False,0.0,False,0.0,False,0.0,False,0.0,0.0,False,linear,0.0,0.0,0.0,0.0,False,clear,1.0,0.0
EXP_CC2CE078,42,3273,54.55,1,1818.353542,1069.764802,-80.0,60.0,0.0,0.0,True,straight,2000,2000,10,0.0,0.0,0.0,0.0,5.10325,0.436121,1138.353542,309.764802,False,False,False,0.0,False,0.0,False,0.0,False,0.0,0.0,False,linear,0.0,0.0,0.0,0.0,False,clear,1.0,0.0
EXP_CC2CE078,42,3274,54.566667,1,1817.020209,1070.764802,-80.0,60.0,0.0,0.0,True,straight,2000,2000,10,0.0,0.0,0.0,0.0,5.094979,0.442372,1137.020209,310.764802,False,False,False,0.0,False,0.0,False,0.0,False,0.0,0.0,False,linear,0.0,0.0,0.0,0.0,False,clear,1.0,0.0
EXP_CC2CE078,42,3275,54.583333,1,1815.686876,1071.764802,-80.0,60.0,0.0,0.0,True,straight,2000,2000,10,0.0,0.0,0.0,0.0,5.086708,0.448623,1135.686876,311.764802,False,False,False,0.0,False,0.0,False,0.0,False,0.0,0.0,False,linear,0.0,0.0,0.0,0.0,False,clear,1.0,0.0
EXP_CC2CE078,42,3276,54.6,1,1814.353542,1072.764802,-80.0,60.0,0.0,0.0,True,straight,2000,2000,10,0.0,0.0,0.0,0.0,5.078437,0.454874,1134.353542,312.764802,False,False,False,0.0,False,0.0,False,0.0,False,0.0,0.0,False,linear,0.0,0.0,0.0,0.0,False,clear,1.0,0.0
EXP_CC2CE078,42,3277,54.616667,1,1813.020209,1073.764802,-80.0,60.0,0.0,0.0,True,straight,2000,2000,10,0.0,0.0,0.0,0.0,5.070165,0.461125,1133.020209,313.764802,False,False,False,0.0,False,0.0,False,0.0,False,0.0,0.0,False,linear,0.0,0.0,0.0,0.0,False,clear,1.0,0.0
EXP_CC2CE078,42,3278,54.633333,1,1811.686876,1074.764802,-80.0,60.0,0.0,0.0,True,straight,2000,2000,10,0.0,0.0,0.0,0.0,5.061894,0.467376,1131.686876,314.764802,False,False,False,0.0,False,0.0,False,0.0,False,0.0,0.0,False,linear,0.0,0.0,0.0,0.0,False,clear,1.0,0.0
EXP_CC2CE078,42,3279,54.65,1,1810.353542,1075.764802,-80.0,60.0,0.0,0.0,True,straight,2000,2000,10,0.0,0.0,0.0,0.0,5.053622,0.473627,1130.353542,315.764802,False,False,False,0.0,False,0.0,False,0.0,False,0.0,0.0,False,linear,0.0,0.0,0.0,0.0,False,clear,1.0,0.0
EXP_CC2CE078,42,3280,54.666667,1,1809.020209,1076.764802,-80.0,60.0,0.0,0.0,True,straight,2000,2000,10,0.0,0.0,0.0,0.0,5.04535,0.479878,1129.020209,316.764802,False,False,False,0.0,False,0.0,False,0.0,False,0.0,0.0,False,linear,0.0,0.0,0.0,0.0,False,clear,1.0,0.0
EXP_CC2CE078,42,3281,54.683333,1,1807.686876,1077.764802,-80.0,60.0,0.0,0.0,True,straight,2000,2000,10,0.0,0.0,0.0,0.0,5.037077,0.486129,1127.686876,317.764802,False,False,False,0.0,False,0.0,False,0.0,False,0.0,0.0,False,linear,0.0,0.0,0.0,0.0,False,clear,1.0,0.0
EXP_CC2CE078,42,3282,54.7,1,1806.353542,1078.764802,-80.0,60.0,0.0,0.0,True,straight,2000,2000,10,0.0,0.0,0.0,0.0,5.028805,0.49238,1126.353542,318.764802,False,False,False,0.0,False,0.0,False,0.0,False,0.0,0.0,False,linear,0.0,0.0,0.0,0.0,False,clear,1.0,0.0
EXP_CC2CE078,42,3283,54.716667,1,1805.020209,1079.764802,-80.0,60.0,0.0,0.0,True,straight,2000,2000,10,0.0,0.0,0.0,0.0,5.020532,0.498631,1125.020209,319.764802,False,False,False,0.0,False,0.0,False,0.0,False,0.0,0.0,False,linear,0.0,0.0,0.0,0.0,False,clear,1.0,0.0
EXP_CC2CE078,42,3284,54.733333,1,1803.686876,1080.764802,-80.0,60.0,0.0,0.0,True,straight,2000,2000,10,0.0,0.0,0.0,0.0,5.012259,0.504882,1123.686876,320.764802,False,False,False,0.0,False,0.0,False,0.0,False,0.0,0.0,False,linear,0.0,0.0,0.0,0.0,False,clear,1.0,0.0
EXP_CC2CE078,42,3285,54.75,1,1802.353542,1081.764802,-80.0,60.0,0.0,0.0,True,straight,2000,2000,10,0.0,0.0,0.0,0.0,5.003986,0.511133,1122.353542,321.764802,False,False,False,0.0,False,0.0,False,0.0,False,0.0,0.0,False,linear,0.0,0.0,0.0,0.0,False,clear,1.0,0.0
EXP_CC2CE078,42,3286,54.766667,1,1801.020209,1082.764802,-80.0,60.0,0.0,0.0,True,straight,2000,2000,10,0.0,0.0,0.0,0.0,4.995712,0.517384,1121.020209,322.764802,False,False,False,0.0,False,0.0,False,0.0,False,0.0,0.0,False,linear,0.0,0.0,0.0,0.0,False,clear,1.0,0.0
EXP_CC2CE078,42,3287,54.783333,1,1799.686876,1083.764802,-80.0,60.0,0.0,0.0,True,straight,2000,2000,10,0.0,0.0,0.0,0.0,4.987439,0.523635,1119.686876,323.764802,False,False,False,0.0,False,0.0,False,0.0,False,0.0,0.0,False,linear,0.0,0.0,0.0,0.0,False,clear,1.0,0.0
EXP_CC2CE078,42,3288,54.8,1,1798.353542,1084.764802,-80.0,60.0,0.0,0.0,True,straight,2000,2000,10,0.0,0.0,0.0,0.0,4.979165,0.529886,1118.353542,324.764802,False,False,False,0.0,False,0.0,False,0.0,False,0.0,0.0,False,linear,0.0,0.0,0.0,0.0,False,clear,1.0,0.0
EXP_CC2CE078,42,3289,54.816667,1,1797.020209,1085.764802,-80.0,60.0,0.0,0.0,True,straight,2000,2000,10,0.0,0.0,0.0,0.0,4.970891,0.536137,1117.020209,325.764802,False,False,False,0.0,False,0.0,False,0.0,False,0.0,0.0,False,linear,0.0,0.0,0.0,0.0,False,clear,1.0,0.0
EXP_CC2CE078,42,3290,54.833333,1,1795.686876,1086.764802,-80.0,60.0,0.0,0.0,True,straight,2000,2000,10,0.0,0.0,0.0,0.0,4.962617,0.542388,1115.686876,326.764802,False,False,False,0.0,False,0.0,False,0.0,False,0.0,0.0,False,linear,0.0,0.0,0.0,0.0,False,clear,1.0,0.0
EXP_CC2CE078,42,3291,54.85,1,1794.353542,1087.764802,-80.0,60.0,0.0,0.0,True,straight,2000,2000,10,0.0,0.0,0.0,0.0,4.954342,0.548639,1114.353542,327.764802,False,False,False,0.0,False,0.0,False,0.0,False,0.0,0.0,False,linear,0.0,0.0,0.0,0.0,False,clear,1.0,0.0
EXP_CC2CE078,42,3292,54.866667,1,1793.020209,1088.764802,-80.0,60.0,0.0,0.0,True,straight,2000,2000,10,0.0,0.0,0.0,0.0,4.946068,0.554889,1113.020209,328.764802,False,False,False,0.0,False,0.0,False,0.0,False,0.0,0.0,False,linear,0.0,0.0,0.0,0.0,False,clear,1.0,0.0
EXP_CC2CE078,42,3293,54.883333,1,1791.686876,1089.764802,-80.0,60.0,0.0,0.0,True,straight,2000,2000,10,0.0,0.0,0.0,0.0,4.937793,0.56114,1111.686876,329.764802,False,False,False,0.0,False,0.0,False,0.0,False,0.0,0.0,False,linear,0.0,0.0,0.0,0.0,False,clear,1.0,0.0
EXP_CC2CE078,42,3294,54.9,1,1790.353542,1090.764802,-80.0,60.0,0.0,0.0,True,straight,2000,2000,10,0.0,0.0,0.0,0.0,4.929518,0.567391,1110.353542,330.764802,False,False,False,0.0,False,0.0,False,0.0,False,0.0,0.0,False,linear,0.0,0.0,0.0,0.0,False,clear,1.0,0.0
EXP_CC2CE078,42,3295,54.916667,1,1789.020209,1091.764802,-80.0,60.0,0.0,0.0,True,straight,2000,2000,10,0.0,0.0,0.0,0.0,4.921242,0.573642,1109.020209,331.764802,False,False,False,0.0,False,0.0,False,0.0,False,0.0,0.0,False,linear,0.0,0.0,0.0,0.0,False,clear,1.0,0.0
EXP_CC2CE078,42,3296,54.933333,1,1787.686876,1092.764802,-80.0,60.0,0.0,0.0,True,straight,2000,2000,10,0.0,0.0,0.0,0.0,4.912967,0.579893,1107.686876,332.764802,False,False,False,0.0,False,0.0,False,0.0,False,0.0,0.0,False,linear,0.0,0.0,0.0,0.0,False,clear,1.0,0.0
EXP_CC2CE078,42,3297,54.95,1,1786.353542,1093.764802,-80.0,60.0,0.0,0.0,True,straight,2000,2000,10,0.0,0.0,0.0,0.0,4.904691,0.586143,1106.353542,333.764802,False,False,False,0.0,False,0.0,False,0.0,False,0.0,0.0,False,linear,0.0,0.0,0.0,0.0,False,clear,1.0,0.0
EXP_CC2CE078,42,3298,54.966667,1,1785.020209,1094.764802,-80.0,60.0,0.0,0.0,True,straight,2000,2000,10,0.0,0.0,0.0,0.0,4.896415,0.592394,1105.020209,334.764802,False,False,False,0.0,False,0.0,False,0.0,False,0.0,0.0,False,linear,0.0,0.0,0.0,0.0,False,clear,1.0,0.0
EXP_CC2CE078,42,3299,54.983333,1,1783.686876,1095.764802,-80.0,60.0,0.0,0.0,True,straight,2000,2000,10,0.0,0.0,0.0,0.0,4.888139,0.598645,1103.686876,335.764802,False,False,False,0.0,False,0.0,False,0.0,False,0.0,0.0,False,linear,0.0,0.0,0.0,0.0,False,clear,1.0,0.0
EXP_CC2CE078,42,3300,55.0,1,1782.353542,1096.764802,-80.0,60.0,0.0,0.0,True,straight,2000,2000,10,0.0,0.0,0.0,0.0,4.879863,0.604896,1102.353542,336.764802,False,False,False,0.0,False,0.0,False,0.0,False,0.0,0.0,False,linear,0.0,0.0,0.0,0.0,False,clear,1.0,0.0
EXP_CC2CE078,42,3301,55.016667,1,1781.020209,1097.764802,-80.0,60.0,0.0,0.0,True,straight,2000,2000,10,0.0,0.0,0.0,0.0,4.871586,0.611146,1101.020209,337.764802,False,False,False,0.0,False,0.0,False,0.0,False,0.0,0.0,False,linear,0.0,0.0,0.0,0.0,False,clear,1.0,0.0
EXP_CC2CE078,42,3302,55.033333,1,1779.686876,1098.764802,-80.0,60.0,0.0,0.0,True,straight,2000,2000,10,0.0,0.0,0.0,0.0,4.86331,0.617397,1099.686876,338.764802,False,False,False,0.0,False,0.0,False,0.0,False,0.0,0.0,False,linear,0.0,0.0,0.0,0.0,False,clear,1.0,0.0
EXP_CC2CE078,42,3303,55.05,1,1778.353542,1099.764802,-80.0,60.0,0.0,0.0,True,straight,2000,2000,10,0.0,0.0,0.0,0.0,4.855033,0.623648,1098.353542,339.764802,False,False,False,0.0,False,0.0,False,0.0,False,0.0,0.0,False,linear,0.0,0.0,0.0,0.0,False,clear,1.0,0.0
EXP_CC2CE078,42,3304,55.066667,1,1777.020209,1100.764802,-80.0,60.0,0.0,0.0,True,straight,2000,2000,10,0.0,0.0,0.0,0.0,4.846756,0.629899,1097.020209,340.764802,False,False,False,0.0,False,0.0,False,0.0,False,0.0,0.0,False,linear,0.0,0.0,0.0,0.0,False,clear,1.0,0.0
EXP_CC2CE078,42,3305,55.083333,1,1775.686876,1101.764802,-80.0,60.0,0.0,0.0,True,straight,2000,2000,10,0.0,0.0,0.0,0.0,4.838478,0.636149,1095.686876,341.764802,False,False,False,0.0,False,0.0,False,0.0,False,0.0,0.0,False,linear,0.0,0.0,0.0,0.0,False,clear,1.0,0.0
EXP_CC2CE078,42,3306,55.1,1,1774.353542,1102.764802,-80.0,60.0,0.0,0.0,True,straight,2000,2000,10,0.0,0.0,0.0,0.0,4.830201,0.6424,1094.353542,342.764802,False,False,False,0.0,False,0.0,False,0.0,False,0.0,0.0,False,linear,0.0,0.0,0.0,0.0,False,clear,1.0,0.0
EXP_CC2CE078,42,3307,55.116667,1,1773.020209,1103.764802,-80.0,60.0,0.0,0.0,True,straight,2000,2000,10,0.0,0.0,0.0,0.0,4.821923,0.648651,1093.020209,343.764802,False,False,False,0.0,False,0.0,False,0.0,False,0.0,0.0,False,linear,0.0,0.0,0.0,0.0,False,clear,1.0,0.0
EXP_CC2CE078,42,3308,55.133333,1,1771.686876,1104.764802,-80.0,60.0,0.0,0.0,True,straight,2000,2000,10,0.0,0.0,0.0,0.0,4.813645,0.654901,1091.686876,344.764802,False,False,False,0.0,False,0.0,False,0.0,False,0.0,0.0,False,linear,0.0,0.0,0.0,0.0,False,clear,1.0,0.0
EXP_CC2CE078,42,3309,55.15,1,1770.353542,1105.764802,-80.0,60.0,0.0,0.0,True,straight,2000,2000,10,0.0,0.0,0.0,0.0,4.805367,0.661152,1090.353542,345.764802,False,False,False,0.0,False,0.0,False,0.0,False,0.0,0.0,False,linear,0.0,0.0,0.0,0.0,False,clear,1.0,0.0
EXP_CC2CE078,42,3310,55.166667,1,1769.020209,1106.764802,-80.0,60.0,0.0,0.0,True,straight,2000,2000,10,0.0,0.0,0.0,0.0,4.797089,0.667402,1089.020209,346.764802,False,False,False,0.0,False,0.0,False,0.0,False,0.0,0.0,False,linear,0.0,0.0,0.0,0.0,False,clear,1.0,0.0
EXP_CC2CE078,42,3311,55.183333,1,1767.686876,1107.764802,-80.0,60.0,0.0,0.0,True,straight,2000,2000,10,0.0,0.0,0.0,0.0,4.78881,0.673653,1087.686876,347.764802,False,False,False,0.0,False,0.0,False,0.0,False,0.0,0.0,False,linear,0.0,0.0,0.0,0.0,False,clear,1.0,0.0
EXP_CC2CE078,42,3312,55.2,1,1766.353542,1108.764802,-80.0,60.0,0.0,0.0,True,straight,2000,2000,10,0.0,0.0,0.0,0.0,4.780532,0.679903,1086.353542,348.764802,False,False,False,0.0,False,0.0,False,0.0,False,0.0,0.0,False,linear,0.0,0.0,0.0,0.0,False,clear,1.0,0.0
EXP_CC2CE078,42,3313,55.216667,1,1765.020209,1109.764802,-80.0,60.0,0.0,0.0,True,straight,2000,2000,10,0.0,0.0,0.0,0.0,4.772253,0.686154,1085.020209,349.764802,False,False,False,0.0,False,0.0,False,0.0,False,0.0,0.0,False,linear,0.0,0.0,0.0,0.0,False,clear,1.0,0.0
EXP_CC2CE078,42,3314,55.233333,1,1763.686876,1110.764802,-80.0,60.0,0.0,0.0,True,straight,2000,2000,10,0.0,0.0,0.0,0.0,4.763974,0.692405,1083.686876,350.764802,False,False,False,0.0,False,0.0,False,0.0,False,0.0,0.0,False,linear,0.0,0.0,0.0,0.0,False,clear,1.0,0.0
EXP_CC2CE078,42,3315,55.25,1,1762.353542,1111.764802,-80.0,60.0,0.0,0.0,True,straight,2000,2000,10,0.0,0.0,0.0,0.0,4.755694,0.698655,1082.353542,351.764802,False,False,False,0.0,False,0.0,False,0.0,False,0.0,0.0,False,linear,0.0,0.0,0.0,0.0,False,clear,1.0,0.0
EXP_CC2CE078,42,3316,55.266667,1,1761.020209,1112.764802,-80.0,60.0,0.0,0.0,True,straight,2000,2000,10,0.0,0.0,0.0,0.0,4.747415,0.704906,1081.020209,352.764802,False,False,False,0.0,False,0.0,False,0.0,False,0.0,0.0,False,linear,0.0,0.0,0.0,0.0,False,clear,1.0,0.0
EXP_CC2CE078,42,3317,55.283333,1,1759.686876,1113.764802,-80.0,60.0,0.0,0.0,True,straight,2000,2000,10,0.0,0.0,0.0,0.0,4.739135,0.711156,1079.686876,353.764802,False,False,False,0.0,False,0.0,False,0.0,False,0.0,0.0,False,linear,0.0,0.0,0.0,0.0,False,clear,1.0,0.0
EXP_CC2CE078,42,3318,55.3,1,1758.353542,1114.764802,-80.0,60.0,0.0,0.0,True,straight,2000,2000,10,0.0,0.0,0.0,0.0,4.730855,0.717406,1078.353542,354.764802,False,False,False,0.0,False,0.0,False,0.0,False,0.0,0.0,False,linear,0.0,0.0,0.0,0.0,False,clear,1.0,0.0
EXP_CC2CE078,42,3319,55.316667,1,1757.020209,1115.764802,-80.0,60.0,0.0,0.0,True,straight,2000,2000,10,0.0,0.0,0.0,0.0,4.722575,0.723657,1077.020209,355.764802,False,False,False,0.0,False,0.0,False,0.0,False,0.0,0.0,False,linear,0.0,0.0,0.0,0.0,False,clear,1.0,0.0
EXP_CC2CE078,42,3320,55.333333,1,1755.686876,1116.764802,-80.0,60.0,0.0,0.0,True,straight,2000,2000,10,0.0,0.0,0.0,0.0,4.714295,0.729907,1075.686876,356.764802,False,False,False,0.0,False,0.0,False,0.0,False,0.0,0.0,False,linear,0.0,0.0,0.0,0.0,False,clear,1.0,0.0
EXP_CC2CE078,42,3321,55.35,1,1754.353542,1117.764802,-80.0,60.0,0.0,0.0,True,straight,2000,2000,10,0.0,0.0,0.0,0.0,4.706014,0.736158,1074.353542,357.764802,False,False,False,0.0,False,0.0,False,0.0,False,0.0,0.0,False,linear,0.0,0.0,0.0,0.0,False,clear,1.0,0.0
EXP_CC2CE078,42,3322,55.366667,1,1753.020209,1118.764802,-80.0,60.0,0.0,0.0,True,straight,2000,2000,10,0.0,0.0,0.0,0.0,4.697734,0.742408,1073.020209,358.764802,False,False,False,0.0,False,0.0,False,0.0,False,0.0,0.0,False,linear,0.0,0.0,0.0,0.0,False,clear,1.0,0.0
EXP_CC2CE078,42,3323,55.383333,1,1751.686876,1119.764802,-80.0,60.0,0.0,0.0,True,straight,2000,2000,10,0.0,0.0,0.0,0.0,4.689453,0.748658,1071.686876,359.764802,False,False,False,0.0,False,0.0,False,0.0,False,0.0,0.0,False,linear,0.0,0.0,0.0,0.0,False,clear,1.0,0.0
EXP_CC2CE078,42,3324,55.4,1,1750.353542,1120.764802,-80.0,60.0,0.0,0.0,True,straight,2000,2000,10,0.0,0.0,0.0,0.0,4.681172,0.754909,1070.353542,360.764802,False,False,False,0.0,False,0.0,False,0.0,False,0.0,0.0,False,linear,0.0,0.0,0.0,0.0,False,clear,1.0,0.0
EXP_CC2CE078,42,3325,55.416667,1,1749.020209,1121.764802,-80.0,60.0,0.0,0.0,True,straight,2000,2000,10,0.0,0.0,0.0,0.0,4.67289,0.761159,1069.020209,361.764802,False,False,False,0.0,False,0.0,False,0.0,False,0.0,0.0,False,linear,0.0,0.0,0.0,0.0,False,clear,1.0,0.0
EXP_CC2CE078,42,3326,55.433333,1,1747.686876,1122.764802,-80.0,60.0,0.0,0.0,True,straight,2000,2000,10,0.0,0.0,0.0,0.0,4.664609,0.767409,1067.686876,362.764802,False,False,False,0.0,False,0.0,False,0.0,False,0.0,0.0,False,linear,0.0,0.0,0.0,0.0,False,clear,1.0,0.0
EXP_CC2CE078,42,3327,55.45,1,1746.353542,1123.764802,-80.0,60.0,0.0,0.0,True,straight,2000,2000,10,0.0,0.0,0.0,0.0,4.656327,0.77366,1066.353542,363.764802,False,False,False,0.0,False,0.0,False,0.0,False,0.0,0.0,False,linear,0.0,0.0,0.0,0.0,False,clear,1.0,0.0
EXP_CC2CE078,42,3328,55.466667,1,1745.020209,1124.764802,-80.0,60.0,0.0,0.0,True,straight,2000,2000,10,0.0,0.0,0.0,0.0,4.648045,0.77991,1065.020209,364.764802,False,False,False,0.0,False,0.0,False,0.0,False,0.0,0.0,False,linear,0.0,0.0,0.0,0.0,False,clear,1.0,0.0
EXP_CC2CE078,42,3329,55.483333,1,1743.686876,1125.764802,-80.0,60.0,0.0,0.0,True,straight,2000,2000,10,0.0,0.0,0.0,0.0,4.639763,0.78616,1063.686876,365.764802,False,False,False,0.0,False,0.0,False,0.0,False,0.0,0.0,False,linear,0.0,0.0,0.0,0.0,False,clear,1.0,0.0
EXP_CC2CE078,42,3330,55.5,1,1742.353542,1126.764802,-80.0,60.0,0.0,0.0,True,straight,2000,2000,10,0.0,0.0,0.0,0.0,4.631481,0.792411,1062.353542,366.764802,False,False,False,0.0,False,0.0,False,0.0,False,0.0,0.0,False,linear,0.0,0.0,0.0,0.0,False,clear,1.0,0.0
EXP_CC2CE078,42,3331,55.516667,1,1741.020209,1127.764802,-80.0,60.0,0.0,0.0,True,straight,2000,2000,10,0.0,0.0,0.0,0.0,4.623198,0.798661,1061.020209,367.764802,False,False,False,0.0,False,0.0,False,0.0,False,0.0,0.0,False,linear,0.0,0.0,0.0,0.0,False,clear,1.0,0.0
EXP_CC2CE078,42,3332,55.533333,1,1739.686876,1128.764802,-80.0,60.0,0.0,0.0,True,straight,2000,2000,10,0.0,0.0,0.0,0.0,4.614916,0.804911,1059.686876,368.764802,False,False,False,0.0,False,0.0,False,0.0,False,0.0,0.0,False,linear,0.0,0.0,0.0,0.0,False,clear,1.0,0.0
EXP_CC2CE078,42,3333,55.55,1,1738.353542,1129.764802,-80.0,60.0,0.0,0.0,True,straight,2000,2000,10,0.0,0.0,0.0,0.0,4.606633,0.811161,1058.353542,369.764802,False,False,False,0.0,False,0.0,False,0.0,False,0.0,0.0,False,linear,0.0,0.0,0.0,0.0,False,clear,1.0,0.0
EXP_CC2CE078,42,3334,55.566667,1,1737.020209,1130.764802,-80.0,60.0,0.0,0.0,True,straight,2000,2000,10,0.0,0.0,0.0,0.0,4.59835,0.817411,1057.020209,370.764802,False,False,False,0.0,False,0.0,False,0.0,False,0.0,0.0,False,linear,0.0,0.0,0.0,0.0,False,clear,1.0,0.0
EXP_CC2CE078,42,3335,55.583333,1,1735.686876,1131.764802,-80.0,60.0,0.0,0.0,True,straight,2000,2000,10,0.0,0.0,0.0,0.0,4.590067,0.823661,1055.686876,371.764802,False,False,False,0.0,False,0.0,False,0.0,False,0.0,0.0,False,linear,0.0,0.0,0.0,0.0,False,clear,1.0,0.0
EXP_CC2CE078,42,3336,55.6,1,1734.353542,1132.764802,-80.0,60.0,0.0,0.0,True,straight,2000,2000,10,0.0,0.0,0.0,0.0,4.581783,0.829912,1054.353542,372.764802,False,False,False,0.0,False,0.0,False,0.0,False,0.0,0.0,False,linear,0.0,0.0,0.0,0.0,False,clear,1.0,0.0
EXP_CC2CE078,42,3337,55.616667,1,1733.020209,1133.764802,-80.0,60.0,0.0,0.0,True,straight,2000,2000,10,0.0,0.0,0.0,0.0,4.5735,0.836162,1053.020209,373.764802,False,False,False,0.0,False,0.0,False,0.0,False,0.0,0.0,False,linear,0.0,0.0,0.0,0.0,False,clear,1.0,0.0
EXP_CC2CE078,42,3338,55.633333,1,1731.686876,1134.764802,-80.0,60.0,0.0,0.0,True,straight,2000,2000,10,0.0,0.0,0.0,0.0,4.565216,0.842412,1051.686876,374.764802,False,False,False,0.0,False,0.0,False,0.0,False,0.0,0.0,False,linear,0.0,0.0,0.0,0.0,False,clear,1.0,0.0
EXP_CC2CE078,42,3339,55.65,1,1730.353542,1135.764802,-80.0,60.0,0.0,0.0,True,straight,2000,2000,10,0.0,0.0,0.0,0.0,4.556932,0.848662,1050.353542,375.764802,False,False,False,0.0,False,0.0,False,0.0,False,0.0,0.0,False,linear,0.0,0.0,0.0,0.0,False,clear,1.0,0.0
EXP_CC2CE078,42,3340,55.666667,1,1729.020209,1136.764802,-80.0,60.0,0.0,0.0,True,straight,2000,2000,10,0.0,0.0,0.0,0.0,4.548648,0.854912,1049.020209,376.764802,False,False,False,0.0,False,0.0,False,0.0,False,0.0,0.0,False,linear,0.0,0.0,0.0,0.0,False,clear,1.0,0.0
EXP_CC2CE078,42,3341,55.683333,1,1727.686876,1137.764802,-80.0,60.0,0.0,0.0,True,straight,2000,2000,10,0.0,0.0,0.0,0.0,4.540363,0.861162,1047.686876,377.764802,False,False,False,0.0,False,0.0,False,0.0,False,0.0,0.0,False,linear,0.0,0.0,0.0,0.0,False,clear,1.0,0.0
EXP_CC2CE078,42,3342,55.7,1,1726.353542,1138.764802,-80.0,60.0,0.0,0.0,True,straight,2000,2000,10,0.0,0.0,0.0,0.0,4.532079,0.867412,1046.353542,378.764802,False,False,False,0.0,False,0.0,False,0.0,False,0.0,0.0,False,linear,0.0,0.0,0.0,0.0,False,clear,1.0,0.0
EXP_CC2CE078,42,3343,55.716667,1,1725.020209,1139.764802,-80.0,60.0,0.0,0.0,True,straight,2000,2000,10,0.0,0.0,0.0,0.0,4.523794,0.873662,1045.020209,379.764802,False,False,False,0.0,False,0.0,False,0.0,False,0.0,0.0,False,linear,0.0,0.0,0.0,0.0,False,clear,1.0,0.0
EXP_CC2CE078,42,3344,55.733333,1,1723.686876,1140.764802,-80.0,60.0,0.0,0.0,True,straight,2000,2000,10,0.0,0.0,0.0,0.0,4.515509,0.879912,1043.686876,380.764802,False,False,False,0.0,False,0.0,False,0.0,False,0.0,0.0,False,linear,0.0,0.0,0.0,0.0,False,clear,1.0,0.0
EXP_CC2CE078,42,3345,55.75,1,1722.353542,1141.764802,-80.0,60.0,0.0,0.0,True,straight,2000,2000,10,0.0,0.0,0.0,0.0,4.507224,0.886162,1042.353542,381.764802,False,False,False,0.0,False,0.0,False,0.0,False,0.0,0.0,False,linear,0.0,0.0,0.0,0.0,False,clear,1.0,0.0
EXP_CC2CE078,42,3346,55.766667,1,1721.020209,1142.764802,-80.0,60.0,0.0,0.0,True,straight,2000,2000,10,0.0,0.0,0.0,0.0,4.498938,0.892412,1041.020209,382.764802,False,False,False,0.0,False,0.0,False,0.0,False,0.0,0.0,False,linear,0.0,0.0,0.0,0.0,False,clear,1.0,0.0
EXP_CC2CE078,42,3347,55.783333,1,1719.686876,1143.764802,-80.0,60.0,0.0,0.0,True,straight,2000,2000,10,0.0,0.0,0.0,0.0,4.490653,0.898662,1039.686876,383.764802,False,False,False,0.0,False,0.0,False,0.0,False,0.0,0.0,False,linear,0.0,0.0,0.0,0.0,False,clear,1.0,0.0
EXP_CC2CE078,42,3348,55.8,1,1718.353542,1144.764802,-80.0,60.0,0.0,0.0,True,straight,2000,2000,10,0.0,0.0,0.0,0.0,4.482367,0.904912,1038.353542,384.764802,False,False,False,0.0,False,0.0,False,0.0,False,0.0,0.0,False,linear,0.0,0.0,0.0,0.0,False,clear,1.0,0.0
EXP_CC2CE078,42,3349,55.816667,1,1717.020209,1145.764802,-80.0,60.0,0.0,0.0,True,straight,2000,2000,10,0.0,0.0,0.0,0.0,4.474081,0.911161,1037.020209,385.764802,False,False,False,0.0,False,0.0,False,0.0,False,0.0,0.0,False,linear,0.0,0.0,0.0,0.0,False,clear,1.0,0.0
EXP_CC2CE078,42,3350,55.833333,1,1715.686876,1146.764802,-80.0,60.0,0.0,0.0,True,straight,2000,2000,10,0.0,0.0,0.0,0.0,4.465795,0.917411,1035.686876,386.764802,False,False,False,0.0,False,0.0,False,0.0,False,0.0,0.0,False,linear,0.0,0.0,0.0,0.0,False,clear,1.0,0.0
EXP_CC2CE078,42,3351,55.85,1,1714.353542,1147.764802,-80.0,60.0,0.0,0.0,True,straight,2000,2000,10,0.0,0.0,0.0,0.0,4.457509,0.923661,1034.353542,387.764802,False,False,False,0.0,False,0.0,False,0.0,False,0.0,0.0,False,linear,0.0,0.0,0.0,0.0,False,clear,1.0,0.0
EXP_CC2CE078,42,3352,55.866667,1,1713.020209,1148.764802,-80.0,60.0,0.0,0.0,True,straight,2000,2000,10,0.0,0.0,0.0,0.0,4.449222,0.929911,1033.020209,388.764802,False,False,False,0.0,False,0.0,False,0.0,False,0.0,0.0,False,linear,0.0,0.0,0.0,0.0,False,clear,1.0,0.0
EXP_CC2CE078,42,3353,55.883333,1,1711.686876,1149.764802,-80.0,60.0,0.0,0.0,True,straight,2000,2000,10,0.0,0.0,0.0,0.0,4.440936,0.936161,1031.686876,389.764802,False,False,False,0.0,False,0.0,False,0.0,False,0.0,0.0,False,linear,0.0,0.0,0.0,0.0,False,clear,1.0,0.0
EXP_CC2CE078,42,3354,55.9,1,1710.353542,1150.764802,-80.0,60.0,0.0,0.0,True,straight,2000,2000,10,0.0,0.0,0.0,0.0,4.432649,0.94241,1030.353542,390.764802,False,False,False,0.0,False,0.0,False,0.0,False,0.0,0.0,False,linear,0.0,0.0,0.0,0.0,False,clear,1.0,0.0
EXP_CC2CE078,42,3355,55.916667,1,1709.020209,1151.764802,-80.0,60.0,0.0,0.0,True,straight,2000,2000,10,0.0,0.0,0.0,0.0,4.424362,0.94866,1029.020209,391.764802,False,False,False,0.0,False,0.0,False,0.0,False,0.0,0.0,False,linear,0.0,0.0,0.0,0.0,False,clear,1.0,0.0
EXP_CC2CE078,42,3356,55.933333,1,1707.686876,1152.764802,-80.0,60.0,0.0,0.0,True,straight,2000,2000,10,0.0,0.0,0.0,0.0,4.416075,0.95491,1027.686876,392.764802,False,False,False,0.0,False,0.0,False,0.0,False,0.0,0.0,False,linear,0.0,0.0,0.0,0.0,False,clear,1.0,0.0
EXP_CC2CE078,42,3357,55.95,1,1706.353542,1153.764802,-80.0,60.0,0.0,0.0,True,straight,2000,2000,10,0.0,0.0,0.0,0.0,4.407787,0.961159,1026.353542,393.764802,False,False,False,0.0,False,0.0,False,0.0,False,0.0,0.0,False,linear,0.0,0.0,0.0,0.0,False,clear,1.0,0.0
EXP_CC2CE078,42,3358,55.966667,1,1705.020209,1154.764802,-80.0,60.0,0.0,0.0,True,straight,2000,2000,10,0.0,0.0,0.0,0.0,4.3995,0.967409,1025.020209,394.764802,False,False,False,0.0,False,0.0,False,0.0,False,0.0,0.0,False,linear,0.0,0.0,0.0,0.0,False,clear,1.0,0.0
EXP_CC2CE078,42,3359,55.983333,1,1703.686876,1155.764802,-80.0,60.0,0.0,0.0,True,straight,2000,2000,10,0.0,0.0,0.0,0.0,4.391212,0.973659,1023.686876,395.764802,False,False,False,0.0,False,0.0,False,0.0,False,0.0,0.0,False,linear,0.0,0.0,0.0,0.0,False,clear,1.0,0.0
EXP_CC2CE078,42,3360,56.0,1,1702.353542,1156.764802,-80.0,60.0,0.0,0.0,True,straight,2000,2000,10,0.0,0.0,0.0,0.0,4.382924,0.979908,1022.353542,396.764802,False,False,False,0.0,False,0.0,False,0.0,False,0.0,0.0,False,linear,0.0,0.0,0.0,0.0,False,clear,1.0,0.0
EXP_CC2CE078,42,3361,56.016667,1,1701.020209,1157.764802,-80.0,60.0,0.0,0.0,True,straight,2000,2000,10,0.0,0.0,0.0,0.0,4.374636,0.986158,1021.020209,397.764802,False,False,False,0.0,False,0.0,False,0.0,False,0.0,0.0,False,linear,0.0,0.0,0.0,0.0,False,clear,1.0,0.0
EXP_CC2CE078,42,3362,56.033333,1,1699.686876,1158.764802,-80.0,60.0,0.0,0.0,True,straight,2000,2000,10,0.0,0.0,0.0,0.0,4.366348,0.992408,1019.686876,398.764802,False,False,False,0.0,False,0.0,False,0.0,False,0.0,0.0,False,linear,0.0,0.0,0.0,0.0,False,clear,1.0,0.0
EXP_CC2CE078,42,3363,56.05,1,1698.353542,1159.764802,-80.0,60.0,0.0,0.0,True,straight,2000,2000,10,0.0,0.0,0.0,0.0,4.358059,0.998657,1018.353542,399.764802,False,False,False,0.0,False,0.0,False,0.0,False,0.0,0.0,False,linear,0.0,0.0,0.0,0.0,False,clear,1.0,0.0
EXP_CC2CE078,42,3364,56.066667,1,1697.020209,1160.764802,-80.0,60.0,0.0,0.0,True,straight,2000,2000,10,0.0,0.0,0.0,0.0,4.349771,1.004907,1017.020209,400.764802,False,False,False,0.0,False,0.0,False,0.0,False,0.0,0.0,False,linear,0.0,0.0,0.0,0.0,False,clear,1.0,0.0
EXP_CC2CE078,42,3365,56.083333,1,1695.686876,1161.764802,-80.0,60.0,0.0,0.0,True,straight,2000,2000,10,0.0,0.0,0.0,0.0,4.341482,1.011156,1015.686876,401.764802,False,False,False,0.0,False,0.0,False,0.0,False,0.0,0.0,False,linear,0.0,0.0,0.0,0.0,False,clear,1.0,0.0
EXP_CC2CE078,42,3366,56.1,1,1694.353542,1162.764802,-80.0,60.0,0.0,0.0,True,straight,2000,2000,10,0.0,0.0,0.0,0.0,4.333193,1.017406,1014.353542,402.764802,False,False,False,0.0,False,0.0,False,0.0,False,0.0,0.0,False,linear,0.0,0.0,0.0,0.0,False,clear,1.0,0.0
EXP_CC2CE078,42,3367,56.116667,1,1693.020209,1163.764802,-80.0,60.0,0.0,0.0,True,straight,2000,2000,10,0.0,0.0,0.0,0.0,4.324903,1.023655,1013.020209,403.764802,False,False,False,0.0,False,0.0,False,0.0,False,0.0,0.0,False,linear,0.0,0.0,0.0,0.0,False,clear,1.0,0.0
EXP_CC2CE078,42,3368,56.133333,1,1691.686876,1164.764802,-80.0,60.0,0.0,0.0,True,straight,2000,2000,10,0.0,0.0,0.0,0.0,4.316614,1.029904,1011.686876,404.764802,False,False,False,0.0,False,0.0,False,0.0,False,0.0,0.0,False,linear,0.0,0.0,0.0,0.0,False,clear,1.0,0.0
EXP_CC2CE078,42,3369,56.15,1,1690.353542,1165.764802,-80.0,60.0,0.0,0.0,True,straight,2000,2000,10,0.0,0.0,0.0,0.0,4.308324,1.036154,1010.353542,405.764802,False,False,False,0.0,False,0.0,False,0.0,False,0.0,0.0,False,linear,0.0,0.0,0.0,0.0,False,clear,1.0,0.0
EXP_CC2CE078,42,3370,56.166667,1,1689.020209,1166.764802,-80.0,60.0,0.0,0.0,True,straight,2000,2000,10,0.0,0.0,0.0,0.0,4.300035,1.042403,1009.020209,406.764802,False,False,False,0.0,False,0.0,False,0.0,False,0.0,0.0,False,linear,0.0,0.0,0.0,0.0,False,clear,1.0,0.0
EXP_CC2CE078,42,3371,56.183333,1,1687.686876,1167.764802,-80.0,60.0,0.0,0.0,True,straight,2000,2000,10,0.0,0.0,0.0,0.0,4.291745,1.048653,1007.686876,407.764802,False,False,False,0.0,False,0.0,False,0.0,False,0.0,0.0,False,linear,0.0,0.0,0.0,0.0,False,clear,1.0,0.0
EXP_CC2CE078,42,3372,56.2,1,1686.353542,1168.764802,-80.0,60.0,0.0,0.0,True,straight,2000,2000,10,0.0,0.0,0.0,0.0,4.283455,1.054902,1006.353542,408.764802,False,False,False,0.0,False,0.0,False,0.0,False,0.0,0.0,False,linear,0.0,0.0,0.0,0.0,False,clear,1.0,0.0
EXP_CC2CE078,42,3373,56.216667,1,1685.020209,1169.764802,-80.0,60.0,0.0,0.0,True,straight,2000,2000,10,0.0,0.0,0.0,0.0,4.275164,1.061151,1005.020209,409.764802,False,False,False,0.0,False,0.0,False,0.0,False,0.0,0.0,False,linear,0.0,0.0,0.0,0.0,False,clear,1.0,0.0
EXP_CC2CE078,42,3374,56.233333,1,1683.686876,1170.764802,-80.0,60.0,0.0,0.0,True,straight,2000,2000,10,0.0,0.0,0.0,0.0,4.266874,1.0674,1003.686876,410.764802,False,False,False,0.0,False,0.0,False,0.0,False,0.0,0.0,False,linear,0.0,0.0,0.0,0.0,False,clear,1.0,0.0
EXP_CC2CE078,42,3375,56.25,1,1682.353542,1171.764802,-80.0,60.0,0.0,0.0,True,straight,2000,2000,10,0.0,0.0,0.0,0.0,4.258583,1.07365,1002.353542,411.764802,False,False,False,0.0,False,0.0,False,0.0,False,0.0,0.0,False,linear,0.0,0.0,0.0,0.0,False,clear,1.0,0.0
EXP_CC2CE078,42,3376,56.266667,1,1681.020209,1172.764802,-80.0,60.0,0.0,0.0,True,straight,2000,2000,10,0.0,0.0,0.0,0.0,4.250292,1.079899,1001.020209,412.764802,False,False,False,0.0,False,0.0,False,0.0,False,0.0,0.0,False,linear,0.0,0.0,0.0,0.0,False,clear,1.0,0.0
EXP_CC2CE078,42,3377,56.283333,1,1679.686876,1173.764802,-80.0,60.0,0.0,0.0,True,straight,2000,2000,10,0.0,0.0,0.0,0.0,4.242001,1.086148,999.686876,413.764802,False,False,False,0.0,False,0.0,False,0.0,False,0.0,0.0,False,linear,0.0,0.0,0.0,0.0,False,clear,1.0,0.0
EXP_CC2CE078,42,3378,56.3,1,1678.353542,1174.764802,-80.0,60.0,0.0,0.0,True,straight,2000,2000,10,0.0,0.0,0.0,0.0,4.23371,1.092397,998.353542,414.764802,False,False,False,0.0,False,0.0,False,0.0,False,0.0,0.0,False,linear,0.0,0.0,0.0,0.0,False,clear,1.0,0.0
EXP_CC2CE078,42,3379,56.316667,1,1677.020209,1175.764802,-80.0,60.0,0.0,0.0,True,straight,2000,2000,10,0.0,0.0,0.0,0.0,4.225419,1.098646,997.020209,415.764802,False,False,False,0.0,False,0.0,False,0.0,False,0.0,0.0,False,linear,0.0,0.0,0.0,0.0,False,clear,1.0,0.0
EXP_CC2CE078,42,3380,56.333333,1,1675.686876,1176.764802,-80.0,60.0,0.0,0.0,True,straight,2000,2000,10,0.0,0.0,0.0,0.0,4.217127,1.104896,995.686876,416.764802,False,False,False,0.0,False,0.0,False,0.0,False,0.0,0.0,False,linear,0.0,0.0,0.0,0.0,False,clear,1.0,0.0
EXP_CC2CE078,42,3381,56.35,1,1674.353542,1177.764802,-80.0,60.0,0.0,0.0,True,straight,2000,2000,10,0.0,0.0,0.0,0.0,4.208836,1.111145,994.353542,417.764802,False,False,False,0.0,False,0.0,False,0.0,False,0.0,0.0,False,linear,0.0,0.0,0.0,0.0,False,clear,1.0,0.0
EXP_CC2CE078,42,3382,56.366667,1,1673.020209,1178.764802,-80.0,60.0,0.0,0.0,True,straight,2000,2000,10,0.0,0.0,0.0,0.0,4.200544,1.117394,993.020209,418.764802,False,False,False,0.0,False,0.0,False,0.0,False,0.0,0.0,False,linear,0.0,0.0,0.0,0.0,False,clear,1.0,0.0
EXP_CC2CE078,42,3383,56.383333,1,1671.686876,1179.764802,-80.0,60.0,0.0,0.0,True,straight,2000,2000,10,0.0,0.0,0.0,0.0,4.192252,1.123643,991.686876,419.764802,False,False,False,0.0,False,0.0,False,0.0,False,0.0,0.0,False,linear,0.0,0.0,0.0,0.0,False,clear,1.0,0.0
EXP_CC2CE078,42,3384,56.4,1,1670.353542,1180.764802,-80.0,60.0,0.0,0.0,True,straight,2000,2000,10,0.0,0.0,0.0,0.0,4.183959,1.129892,990.353542,420.764802,False,False,False,0.0,False,0.0,False,0.0,False,0.0,0.0,False,linear,0.0,0.0,0.0,0.0,False,clear,1.0,0.0
EXP_CC2CE078,42,3385,56.416667,1,1669.020209,1181.764802,-80.0,60.0,0.0,0.0,True,straight,2000,2000,10,0.0,0.0,0.0,0.0,4.175667,1.136141,989.020209,421.764802,False,False,False,0.0,False,0.0,False,0.0,False,0.0,0.0,False,linear,0.0,0.0,0.0,0.0,False,clear,1.0,0.0
EXP_CC2CE078,42,3386,56.433333,1,1667.686876,1182.764802,-80.0,60.0,0.0,0.0,True,straight,2000,2000,10,0.0,0.0,0.0,0.0,4.167374,1.14239,987.686876,422.764802,False,False,False,0.0,False,0.0,False,0.0,False,0.0,0.0,False,linear,0.0,0.0,0.0,0.0,False,clear,1.0,0.0
EXP_CC2CE078,42,3387,56.45,1,1666.353542,1183.764802,-80.0,60.0,0.0,0.0,True,straight,2000,2000,10,0.0,0.0,0.0,0.0,4.159081,1.148639,986.353542,423.764802,False,False,False,0.0,False,0.0,False,0.0,False,0.0,0.0,False,linear,0.0,0.0,0.0,0.0,False,clear,1.0,0.0
EXP_CC2CE078,42,3388,56.466667,1,1665.020209,1184.764802,-80.0,60.0,0.0,0.0,True,straight,2000,2000,10,0.0,0.0,0.0,0.0,4.150789,1.154887,985.020209,424.764802,False,False,False,0.0,False,0.0,False,0.0,False,0.0,0.0,False,linear,0.0,0.0,0.0,0.0,False,clear,1.0,0.0
EXP_CC2CE078,42,3389,56.483333,1,1663.686876,1185.764802,-80.0,60.0,0.0,0.0,True,straight,2000,2000,10,0.0,0.0,0.0,0.0,4.142495,1.161136,983.686876,425.764802,False,False,False,0.0,False,0.0,False,0.0,False,0.0,0.0,False,linear,0.0,0.0,0.0,0.0,False,clear,1.0,0.0
EXP_CC2CE078,42,3390,56.5,1,1662.353542,1186.764802,-80.0,60.0,0.0,0.0,True,straight,2000,2000,10,0.0,0.0,0.0,0.0,4.134202,1.167385,982.353542,426.764802,False,False,False,0.0,False,0.0,False,0.0,False,0.0,0.0,False,linear,0.0,0.0,0.0,0.0,False,clear,1.0,0.0
EXP_CC2CE078,42,3391,56.516667,1,1661.020209,1187.764802,-80.0,60.0,0.0,0.0,True,straight,2000,2000,10,0.0,0.0,0.0,0.0,4.125909,1.173634,981.020209,427.764802,False,False,False,0.0,False,0.0,False,0.0,False,0.0,0.0,False,linear,0.0,0.0,0.0,0.0,False,clear,1.0,0.0
EXP_CC2CE078,42,3392,56.533333,1,1659.686876,1188.764802,-80.0,60.0,0.0,0.0,True,straight,2000,2000,10,0.0,0.0,0.0,0.0,4.117615,1.179883,979.686876,428.764802,False,False,False,0.0,False,0.0,False,0.0,False,0.0,0.0,False,linear,0.0,0.0,0.0,0.0,False,clear,1.0,0.0
EXP_CC2CE078,42,3393,56.55,1,1658.353542,1189.764802,-80.0,60.0,0.0,0.0,True,straight,2000,2000,10,0.0,0.0,0.0,0.0,4.109321,1.186132,978.353542,429.764802,False,False,False,0.0,False,0.0,False,0.0,False,0.0,0.0,False,linear,0.0,0.0,0.0,0.0,False,clear,1.0,0.0
EXP_CC2CE078,42,3394,56.566667,1,1657.020209,1190.764802,-80.0,60.0,0.0,0.0,True,straight,2000,2000,10,0.0,0.0,0.0,0.0,4.101027,1.19238,977.020209,430.764802,False,False,False,0.0,False,0.0,False,0.0,False,0.0,0.0,False,linear,0.0,0.0,0.0,0.0,False,clear,1.0,0.0
EXP_CC2CE078,42,3395,56.583333,1,1655.686876,1191.764802,-80.0,60.0,0.0,0.0,True,straight,2000,2000,10,0.0,0.0,0.0,0.0,4.092733,1.198629,975.686876,431.764802,False,False,False,0.0,False,0.0,False,0.0,False,0.0,0.0,False,linear,0.0,0.0,0.0,0.0,False,clear,1.0,0.0
EXP_CC2CE078,42,3396,56.6,1,1654.353542,1192.764802,-80.0,60.0,0.0,0.0,True,straight,2000,2000,10,0.0,0.0,0.0,0.0,4.084439,1.204878,974.353542,432.764802,False,False,False,0.0,False,0.0,False,0.0,False,0.0,0.0,False,linear,0.0,0.0,0.0,0.0,False,clear,1.0,0.0
EXP_CC2CE078,42,3397,56.616667,1,1653.020209,1193.764802,-80.0,60.0,0.0,0.0,True,straight,2000,2000,10,0.0,0.0,0.0,0.0,4.076144,1.211126,973.020209,433.764802,False,False,False,0.0,False,0.0,False,0.0,False,0.0,0.0,False,linear,0.0,0.0,0.0,0.0,False,clear,1.0,0.0
EXP_CC2CE078,42,3398,56.633333,1,1651.686876,1194.764802,-80.0,60.0,0.0,0.0,True,straight,2000,2000,10,0.0,0.0,0.0,0.0,4.067849,1.217375,971.686876,434.764802,False,False,False,0.0,False,0.0,False,0.0,False,0.0,0.0,False,linear,0.0,0.0,0.0,0.0,False,clear,1.0,0.0
EXP_CC2CE078,42,3399,56.65,1,1650.353542,1195.764802,-80.0,60.0,0.0,0.0,True,straight,2000,2000,10,0.0,0.0,0.0,0.0,4.059555,1.223624,970.353542,435.764802,False,False,False,0.0,False,0.0,False,0.0,False,0.0,0.0,False,linear,0.0,0.0,0.0,0.0,False,clear,1.0,0.0
EXP_CC2CE078,42,3400,56.666667,1,1649.020209,1196.764802,-80.0,60.0,0.0,0.0,True,straight,2000,2000,10,0.0,0.0,0.0,0.0,4.05126,1.229872,969.020209,436.764802,False,False,False,0.0,False,0.0,False,0.0,False,0.0,0.0,False,linear,0.0,0.0,0.0,0.0,False,clear,1.0,0.0
EXP_CC2CE078,42,3401,56.683333,1,1647.686876,1197.764802,-80.0,60.0,0.0,0.0,True,straight,2000,2000,10,0.0,0.0,0.0,0.0,4.042964,1.236121,967.686876,437.764802,False,False,False,0.0,False,0.0,False,0.0,False,0.0,0.0,False,linear,0.0,0.0,0.0,0.0,False,clear,1.0,0.0
EXP_CC2CE078,42,3402,56.7,1,1646.353542,1198.764802,-80.0,60.0,0.0,0.0,True,straight,2000,2000,10,0.0,0.0,0.0,0.0,4.034669,1.242369,966.353542,438.764802,False,False,False,0.0,False,0.0,False,0.0,False,0.0,0.0,False,linear,0.0,0.0,0.0,0.0,False,clear,1.0,0.0
EXP_CC2CE078,42,3403,56.716667,1,1645.020209,1199.764802,-80.0,60.0,0.0,0.0,True,straight,2000,2000,10,0.0,0.0,0.0,0.0,4.026373,1.248618,965.020209,439.764802,False,False,False,0.0,False,0.0,False,0.0,False,0.0,0.0,False,linear,0.0,0.0,0.0,0.0,False,clear,1.0,0.0
EXP_CC2CE078,42,3404,56.733333,1,1643.686876,1200.764802,-80.0,60.0,0.0,0.0,True,straight,2000,2000,10,0.0,0.0,0.0,0.0,4.018078,1.254866,963.686876,440.764802,False,False,False,0.0,False,0.0,False,0.0,False,0.0,0.0,False,linear,0.0,0.0,0.0,0.0,False,clear,1.0,0.0
EXP_CC2CE078,42,3405,56.75,1,1642.353542,1201.764802,-80.0,60.0,0.0,0.0,True,straight,2000,2000,10,0.0,0.0,0.0,0.0,4.009782,1.261114,962.353542,441.764802,False,False,False,0.0,False,0.0,False,0.0,False,0.0,0.0,False,linear,0.0,0.0,0.0,0.0,False,clear,1.0,0.0
EXP_CC2CE078,42,3406,56.766667,1,1641.020209,1202.764802,-80.0,60.0,0.0,0.0,True,straight,2000,2000,10,0.0,0.0,0.0,0.0,4.001486,1.267363,961.020209,442.764802,False,False,False,0.0,False,0.0,False,0.0,False,0.0,0.0,False,linear,0.0,0.0,0.0,0.0,False,clear,1.0,0.0
EXP_CC2CE078,42,3407,56.783333,1,1639.686876,1203.764802,-80.0,60.0,0.0,0.0,True,straight,2000,2000,10,0.0,0.0,0.0,0.0,3.99319,1.273611,959.686876,443.764802,False,False,False,0.0,False,0.0,False,0.0,False,0.0,0.0,False,linear,0.0,0.0,0.0,0.0,False,clear,1.0,0.0
EXP_CC2CE078,42,3408,56.8,1,1638.353542,1204.764802,-80.0,60.0,0.0,0.0,True,straight,2000,2000,10,0.0,0.0,0.0,0.0,3.984893,1.27986,958.353542,444.764802,False,False,False,0.0,False,0.0,False,0.0,False,0.0,0.0,False,linear,0.0,0.0,0.0,0.0,False,clear,1.0,0.0
EXP_CC2CE078,42,3409,56.816667,1,1637.020209,1205.764802,-80.0,60.0,0.0,0.0,True,straight,2000,2000,10,0.0,0.0,0.0,0.0,3.976597,1.286108,957.020209,445.764802,False,False,False,0.0,False,0.0,False,0.0,False,0.0,0.0,False,linear,0.0,0.0,0.0,0.0,False,clear,1.0,0.0
EXP_CC2CE078,42,3410,56.833333,1,1635.686876,1206.764802,-80.0,60.0,0.0,0.0,True,straight,2000,2000,10,0.0,0.0,0.0,0.0,3.9683,1.292356,955.686876,446.764802,False,False,False,0.0,False,0.0,False,0.0,False,0.0,0.0,False,linear,0.0,0.0,0.0,0.0,False,clear,1.0,0.0
EXP_CC2CE078,42,3411,56.85,1,1634.353542,1207.764802,-80.0,60.0,0.0,0.0,True,straight,2000,2000,10,0.0,0.0,0.0,0.0,3.960003,1.298604,954.353542,447.764802,False,False,False,0.0,False,0.0,False,0.0,False,0.0,0.0,False,linear,0.0,0.0,0.0,0.0,False,clear,1.0,0.0
EXP_CC2CE078,42,3412,56.866667,1,1633.020209,1208.764802,-80.0,60.0,0.0,0.0,True,straight,2000,2000,10,0.0,0.0,0.0,0.0,3.951706,1.304853,953.020209,448.764802,False,False,False,0.0,False,0.0,False,0.0,False,0.0,0.0,False,linear,0.0,0.0,0.0,0.0,False,clear,1.0,0.0
EXP_CC2CE078,42,3413,56.883333,1,1631.686876,1209.764802,-80.0,60.0,0.0,0.0,True,straight,2000,2000,10,0.0,0.0,0.0,0.0,3.943409,1.311101,951.686876,449.764802,False,False,False,0.0,False,0.0,False,0.0,False,0.0,0.0,False,linear,0.0,0.0,0.0,0.0,False,clear,1.0,0.0
EXP_CC2CE078,42,3414,56.9,1,1630.353542,1210.764802,-80.0,60.0,0.0,0.0,True,straight,2000,2000,10,0.0,0.0,0.0,0.0,3.935112,1.317349,950.353542,450.764802,False,False,False,0.0,False,0.0,False,0.0,False,0.0,0.0,False,linear,0.0,0.0,0.0,0.0,False,clear,1.0,0.0
EXP_CC2CE078,42,3415,56.916667,1,1629.020209,1211.764802,-80.0,60.0,0.0,0.0,True,straight,2000,2000,10,0.0,0.0,0.0,0.0,3.926814,1.323597,949.020209,451.764802,False,False,False,0.0,False,0.0,False,0.0,False,0.0,0.0,False,linear,0.0,0.0,0.0,0.0,False,clear,1.0,0.0
EXP_CC2CE078,42,3416,56.933333,1,1627.686876,1212.764802,-80.0,60.0,0.0,0.0,True,straight,2000,2000,10,0.0,0.0,0.0,0.0,3.918516,1.329845,947.686876,452.764802,False,False,False,0.0,False,0.0,False,0.0,False,0.0,0.0,False,linear,0.0,0.0,0.0,0.0,False,clear,1.0,0.0
EXP_CC2CE078,42,3417,56.95,1,1626.353542,1213.764802,-80.0,60.0,0.0,0.0,True,straight,2000,2000,10,0.0,0.0,0.0,0.0,3.910218,1.336093,946.353542,453.764802,False,False,False,0.0,False,0.0,False,0.0,False,0.0,0.0,False,linear,0.0,0.0,0.0,0.0,False,clear,1.0,0.0
EXP_CC2CE078,42,3418,56.966667,1,1625.020209,1214.764802,-80.0,60.0,0.0,0.0,True,straight,2000,2000,10,0.0,0.0,0.0,0.0,3.90192,1.342341,945.020209,454.764802,False,False,False,0.0,False,0.0,False,0.0,False,0.0,0.0,False,linear,0.0,0.0,0.0,0.0,False,clear,1.0,0.0
EXP_CC2CE078,42,3419,56.983333,1,1623.686876,1215.764802,-80.0,60.0,0.0,0.0,True,straight,2000,2000,10,0.0,0.0,0.0,0.0,3.893622,1.348589,943.686876,455.764802,False,False,False,0.0,False,0.0,False,0.0,False,0.0,0.0,False,linear,0.0,0.0,0.0,0.0,False,clear,1.0,0.0
EXP_CC2CE078,42,3420,57.0,1,1622.353542,1216.764802,-80.0,60.0,0.0,0.0,True,straight,2000,2000,10,0.0,0.0,0.0,0.0,3.885324,1.354837,942.353542,456.764802,False,False,False,0.0,False,0.0,False,0.0,False,0.0,0.0,False,linear,0.0,0.0,0.0,0.0,False,clear,1.0,0.0
EXP_CC2CE078,42,3421,57.016667,1,1621.020209,1217.764802,-80.0,60.0,0.0,0.0,True,straight,2000,2000,10,0.0,0.0,0.0,0.0,3.877025,1.361085,941.020209,457.764802,False,False,False,0.0,False,0.0,False,0.0,False,0.0,0.0,False,linear,0.0,0.0,0.0,0.0,False,clear,1.0,0.0
EXP_CC2CE078,42,3422,57.033333,1,1619.686876,1218.764802,-80.0,60.0,0.0,0.0,True,straight,2000,2000,10,0.0,0.0,0.0,0.0,3.868727,1.367333,939.686876,458.764802,False,False,False,0.0,False,0.0,False,0.0,False,0.0,0.0,False,linear,0.0,0.0,0.0,0.0,False,clear,1.0,0.0
EXP_CC2CE078,42,3423,57.05,1,1618.353542,1219.764802,-80.0,60.0,0.0,0.0,True,straight,2000,2000,10,0.0,0.0,0.0,0.0,3.860428,1.373581,938.353542,459.764802,False,False,False,0.0,False,0.0,False,0.0,False,0.0,0.0,False,linear,0.0,0.0,0.0,0.0,False,clear,1.0,0.0
EXP_CC2CE078,42,3424,57.066667,1,1617.020209,1220.764802,-80.0,60.0,0.0,0.0,True,straight,2000,2000,10,0.0,0.0,0.0,0.0,3.852129,1.379829,937.020209,460.764802,False,False,False,0.0,False,0.0,False,0.0,False,0.0,0.0,False,linear,0.0,0.0,0.0,0.0,False,clear,1.0,0.0
EXP_CC2CE078,42,3425,57.083333,1,1615.686876,1221.764802,-80.0,60.0,0.0,0.0,True,straight,2000,2000,10,0.0,0.0,0.0,0.0,3.84383,1.386076,935.686876,461.764802,False,False,False,0.0,False,0.0,False,0.0,False,0.0,0.0,False,linear,0.0,0.0,0.0,0.0,False,clear,1.0,0.0
EXP_CC2CE078,42,3426,57.1,1,1614.353542,1222.764802,-80.0,60.0,0.0,0.0,True,straight,2000,2000,10,0.0,0.0,0.0,0.0,3.83553,1.392324,934.353542,462.764802,False,False,False,0.0,False,0.0,False,0.0,False,0.0,0.0,False,linear,0.0,0.0,0.0,0.0,False,clear,1.0,0.0
EXP_CC2CE078,42,3427,57.116667,1,1613.020209,1223.764802,-80.0,60.0,0.0,0.0,True,straight,2000,2000,10,0.0,0.0,0.0,0.0,3.827231,1.398572,933.020209,463.764802,False,False,False,0.0,False,0.0,False,0.0,False,0.0,0.0,False,linear,0.0,0.0,0.0,0.0,False,clear,1.0,0.0
EXP_CC2CE078,42,3428,57.133333,1,1611.686876,1224.764802,-80.0,60.0,0.0,0.0,True,straight,2000,2000,10,0.0,0.0,0.0,0.0,3.818931,1.404819,931.686876,464.764802,False,False,False,0.0,False,0.0,False,0.0,False,0.0,0.0,False,linear,0.0,0.0,0.0,0.0,False,clear,1.0,0.0
EXP_CC2CE078,42,3429,57.15,1,1610.353542,1225.764802,-80.0,60.0,0.0,0.0,True,straight,2000,2000,10,0.0,0.0,0.0,0.0,3.810631,1.411067,930.353542,465.764802,False,False,False,0.0,False,0.0,False,0.0,False,0.0,0.0,False,linear,0.0,0.0,0.0,0.0,False,clear,1.0,0.0
EXP_CC2CE078,42,3430,57.166667,1,1609.020209,1226.764802,-80.0,60.0,0.0,0.0,True,straight,2000,2000,10,0.0,0.0,0.0,0.0,3.802331,1.417315,929.020209,466.764802,False,False,False,0.0,False,0.0,False,0.0,False,0.0,0.0,False,linear,0.0,0.0,0.0,0.0,False,clear,1.0,0.0
EXP_CC2CE078,42,3431,57.183333,1,1607.686876,1227.764802,-80.0,60.0,0.0,0.0,True,straight,2000,2000,10,0.0,0.0,0.0,0.0,3.794031,1.423562,927.686876,467.764802,False,False,False,0.0,False,0.0,False,0.0,False,0.0,0.0,False,linear,0.0,0.0,0.0,0.0,False,clear,1.0,0.0
EXP_CC2CE078,42,3432,57.2,1,1606.353542,1228.764802,-80.0,60.0,0.0,0.0,True,straight,2000,2000,10,0.0,0.0,0.0,0.0,3.785731,1.42981,926.353542,468.764802,False,False,False,0.0,False,0.0,False,0.0,False,0.0,0.0,False,linear,0.0,0.0,0.0,0.0,False,clear,1.0,0.0
EXP_CC2CE078,42,3433,57.216667,1,1605.020209,1229.764802,-80.0,60.0,0.0,0.0,True,straight,2000,2000,10,0.0,0.0,0.0,0.0,3.77743,1.436057,925.020209,469.764802,False,False,False,0.0,False,0.0,False,0.0,False,0.0,0.0,False,linear,0.0,0.0,0.0,0.0,False,clear,1.0,0.0
EXP_CC2CE078,42,3434,57.233333,1,1603.686876,1230.764802,-80.0,60.0,0.0,0.0,True,straight,2000,2000,10,0.0,0.0,0.0,0.0,3.76913,1.442305,923.686876,470.764802,False,False,False,0.0,False,0.0,False,0.0,False,0.0,0.0,False,linear,0.0,0.0,0.0,0.0,False,clear,1.0,0.0
EXP_CC2CE078,42,3435,57.25,1,1602.353542,1231.764802,-80.0,60.0,0.0,0.0,True,straight,2000,2000,10,0.0,0.0,0.0,0.0,3.760829,1.448552,922.353542,471.764802,False,False,False,0.0,False,0.0,False,0.0,False,0.0,0.0,False,linear,0.0,0.0,0.0,0.0,False,clear,1.0,0.0
EXP_CC2CE078,42,3436,57.266667,1,1601.020209,1232.764802,-80.0,60.0,0.0,0.0,True,straight,2000,2000,10,0.0,0.0,0.0,0.0,3.752528,1.4548,921.020209,472.764802,False,False,False,0.0,False,0.0,False,0.0,False,0.0,0.0,False,linear,0.0,0.0,0.0,0.0,False,clear,1.0,0.0
EXP_CC2CE078,42,3437,57.283333,1,1599.686876,1233.764802,-80.0,60.0,0.0,0.0,True,straight,2000,2000,10,0.0,0.0,0.0,0.0,3.744227,1.461047,919.686876,473.764802,False,False,False,0.0,False,0.0,False,0.0,False,0.0,0.0,False,linear,0.0,0.0,0.0,0.0,False,clear,1.0,0.0
EXP_CC2CE078,42,3438,57.3,1,1598.353542,1234.764802,-80.0,60.0,0.0,0.0,True,straight,2000,2000,10,0.0,0.0,0.0,0.0,3.735926,1.467294,918.353542,474.764802,False,False,False,0.0,False,0.0,False,0.0,False,0.0,0.0,False,linear,0.0,0.0,0.0,0.0,False,clear,1.0,0.0
EXP_CC2CE078,42,3439,57.316667,1,1597.020209,1235.764802,-80.0,60.0,0.0,0.0,True,straight,2000,2000,10,0.0,0.0,0.0,0.0,3.727624,1.473542,917.020209,475.764802,False,False,False,0.0,False,0.0,False,0.0,False,0.0,0.0,False,linear,0.0,0.0,0.0,0.0,False,clear,1.0,0.0
EXP_CC2CE078,42,3440,57.333333,1,1595.686876,1236.764802,-80.0,60.0,0.0,0.0,True,straight,2000,2000,10,0.0,0.0,0.0,0.0,3.719323,1.479789,915.686876,476.764802,False,False,False,0.0,False,0.0,False,0.0,False,0.0,0.0,False,linear,0.0,0.0,0.0,0.0,False,clear,1.0,0.0
EXP_CC2CE078,42,3441,57.35,1,1594.353542,1237.764802,-80.0,60.0,0.0,0.0,True,straight,2000,2000,10,0.0,0.0,0.0,0.0,3.711021,1.486036,914.353542,477.764802,False,False,False,0.0,False,0.0,False,0.0,False,0.0,0.0,False,linear,0.0,0.0,0.0,0.0,False,clear,1.0,0.0
EXP_CC2CE078,42,3442,57.366667,1,1593.020209,1238.764802,-80.0,60.0,0.0,0.0,True,straight,2000,2000,10,0.0,0.0,0.0,0.0,3.702719,1.492284,913.020209,478.764802,False,False,False,0.0,False,0.0,False,0.0,False,0.0,0.0,False,linear,0.0,0.0,0.0,0.0,False,clear,1.0,0.0
EXP_CC2CE078,42,3443,57.383333,1,1591.686876,1239.764802,-80.0,60.0,0.0,0.0,True,straight,2000,2000,10,0.0,0.0,0.0,0.0,3.694417,1.498531,911.686876,479.764802,False,False,False,0.0,False,0.0,False,0.0,False,0.0,0.0,False,linear,0.0,0.0,0.0,0.0,False,clear,1.0,0.0
EXP_CC2CE078,42,3444,57.4,1,1590.353542,1240.764802,-80.0,60.0,0.0,0.0,True,straight,2000,2000,10,0.0,0.0,0.0,0.0,3.686115,1.504778,910.353542,480.764802,False,False,False,0.0,False,0.0,False,0.0,False,0.0,0.0,False,linear,0.0,0.0,0.0,0.0,False,clear,1.0,0.0
EXP_CC2CE078,42,3445,57.416667,1,1589.020209,1241.764802,-80.0,60.0,0.0,0.0,True,straight,2000,2000,10,0.0,0.0,0.0,0.0,3.677813,1.511025,909.020209,481.764802,False,False,False,0.0,False,0.0,False,0.0,False,0.0,0.0,False,linear,0.0,0.0,0.0,0.0,False,clear,1.0,0.0
EXP_CC2CE078,42,3446,57.433333,1,1587.686876,1242.764802,-80.0,60.0,0.0,0.0,True,straight,2000,2000,10,0.0,0.0,0.0,0.0,3.66951,1.517272,907.686876,482.764802,False,False,False,0.0,False,0.0,False,0.0,False,0.0,0.0,False,linear,0.0,0.0,0.0,0.0,False,clear,1.0,0.0
EXP_CC2CE078,42,3447,57.45,1,1586.353542,1243.764802,-80.0,60.0,0.0,0.0,True,straight,2000,2000,10,0.0,0.0,0.0,0.0,3.661207,1.523519,906.353542,483.764802,False,False,False,0.0,False,0.0,False,0.0,False,0.0,0.0,False,linear,0.0,0.0,0.0,0.0,False,clear,1.0,0.0
EXP_CC2CE078,42,3448,57.466667,1,1585.020209,1244.764802,-80.0,60.0,0.0,0.0,True,straight,2000,2000,10,0.0,0.0,0.0,0.0,3.652905,1.529766,905.020209,484.764802,False,False,False,0.0,False,0.0,False,0.0,False,0.0,0.0,False,linear,0.0,0.0,0.0,0.0,False,clear,1.0,0.0
EXP_CC2CE078,42,3449,57.483333,1,1583.686876,1245.764802,-80.0,60.0,0.0,0.0,True,straight,2000,2000,10,0.0,0.0,0.0,0.0,3.644602,1.536013,903.686876,485.764802,False,False,False,0.0,False,0.0,False,0.0,False,0.0,0.0,False,linear,0.0,0.0,0.0,0.0,False,clear,1.0,0.0
EXP_CC2CE078,42,3450,57.5,1,1582.353542,1246.764802,-80.0,60.0,0.0,0.0,True,straight,2000,2000,10,0.0,0.0,0.0,0.0,3.636299,1.54226,902.353542,486.764802,False,False,False,0.0,False,0.0,False,0.0,False,0.0,0.0,False,linear,0.0,0.0,0.0,0.0,False,clear,1.0,0.0
EXP_CC2CE078,42,3451,57.516667,1,1581.020209,1247.764802,-80.0,60.0,0.0,0.0,True,straight,2000,2000,10,0.0,0.0,0.0,0.0,3.627995,1.548507,901.020209,487.764802,False,False,False,0.0,False,0.0,False,0.0,False,0.0,0.0,False,linear,0.0,0.0,0.0,0.0,False,clear,1.0,0.0
EXP_CC2CE078,42,3452,57.533333,1,1579.686876,1248.764802,-80.0,60.0,0.0,0.0,True,straight,2000,2000,10,0.0,0.0,0.0,0.0,3.619692,1.554754,899.686876,488.764802,False,False,False,0.0,False,0.0,False,0.0,False,0.0,0.0,False,linear,0.0,0.0,0.0,0.0,False,clear,1.0,0.0
EXP_CC2CE078,42,3453,57.55,1,1578.353542,1249.764802,-80.0,60.0,0.0,0.0,True,straight,2000,2000,10,0.0,0.0,0.0,0.0,3.611388,1.561,898.353542,489.764802,False,False,False,0.0,False,0.0,False,0.0,False,0.0,0.0,False,linear,0.0,0.0,0.0,0.0,False,clear,1.0,0.0
EXP_CC2CE078,42,3454,57.566667,1,1577.020209,1250.764802,-80.0,60.0,0.0,0.0,True,straight,2000,2000,10,0.0,0.0,0.0,0.0,3.603085,1.567247,897.020209,490.764802,False,False,False,0.0,False,0.0,False,0.0,False,0.0,0.0,False,linear,0.0,0.0,0.0,0.0,False,clear,1.0,0.0
EXP_CC2CE078,42,3455,57.583333,1,1575.686876,1251.764802,-80.0,60.0,0.0,0.0,True,straight,2000,2000,10,0.0,0.0,0.0,0.0,3.594781,1.573494,895.686876,491.764802,False,False,False,0.0,False,0.0,False,0.0,False,0.0,0.0,False,linear,0.0,0.0,0.0,0.0,False,clear,1.0,0.0
EXP_CC2CE078,42,3456,57.6,1,1574.353542,1252.764802,-80.0,60.0,0.0,0.0,True,straight,2000,2000,10,0.0,0.0,0.0,0.0,3.586477,1.579741,894.353542,492.764802,False,False,False,0.0,False,0.0,False,0.0,False,0.0,0.0,False,linear,0.0,0.0,0.0,0.0,False,clear,1.0,0.0
EXP_CC2CE078,42,3457,57.616667,1,1573.020209,1253.764802,-80.0,60.0,0.0,0.0,True,straight,2000,2000,10,0.0,0.0,0.0,0.0,3.578173,1.585987,893.020209,493.764802,False,False,False,0.0,False,0.0,False,0.0,False,0.0,0.0,False,linear,0.0,0.0,0.0,0.0,False,clear,1.0,0.0
EXP_CC2CE078,42,3458,57.633333,1,1571.686876,1254.764802,-80.0,60.0,0.0,0.0,True,straight,2000,2000,10,0.0,0.0,0.0,0.0,3.569868,1.592234,891.686876,494.764802,False,False,False,0.0,False,0.0,False,0.0,False,0.0,0.0,False,linear,0.0,0.0,0.0,0.0,False,clear,1.0,0.0
EXP_CC2CE078,42,3459,57.65,1,1570.353542,1255.764802,-80.0,60.0,0.0,0.0,True,straight,2000,2000,10,0.0,0.0,0.0,0.0,3.561564,1.59848,890.353542,495.764802,False,False,False,0.0,False,0.0,False,0.0,False,0.0,0.0,False,linear,0.0,0.0,0.0,0.0,False,clear,1.0,0.0
EXP_CC2CE078,42,3460,57.666667,1,1569.020209,1256.764802,-80.0,60.0,0.0,0.0,True,straight,2000,2000,10,0.0,0.0,0.0,0.0,3.553259,1.604727,889.020209,496.764802,False,False,False,0.0,False,0.0,False,0.0,False,0.0,0.0,False,linear,0.0,0.0,0.0,0.0,False,clear,1.0,0.0
EXP_CC2CE078,42,3461,57.683333,1,1567.686876,1257.764802,-80.0,60.0,0.0,0.0,True,straight,2000,2000,10,0.0,0.0,0.0,0.0,3.544954,1.610974,887.686876,497.764802,False,False,False,0.0,False,0.0,False,0.0,False,0.0,0.0,False,linear,0.0,0.0,0.0,0.0,False,clear,1.0,0.0
EXP_CC2CE078,42,3462,57.7,1,1566.353542,1258.764802,-80.0,60.0,0.0,0.0,True,straight,2000,2000,10,0.0,0.0,0.0,0.0,3.536649,1.61722,886.353542,498.764802,False,False,False,0.0,False,0.0,False,0.0,False,0.0,0.0,False,linear,0.0,0.0,0.0,0.0,False,clear,1.0,0.0
EXP_CC2CE078,42,3463,57.716667,1,1565.020209,1259.764802,-80.0,60.0,0.0,0.0,True,straight,2000,2000,10,0.0,0.0,0.0,0.0,3.528344,1.623466,885.020209,499.764802,False,False,False,0.0,False,0.0,False,0.0,False,0.0,0.0,False,linear,0.0,0.0,0.0,0.0,False,clear,1.0,0.0
EXP_CC2CE078,42,3464,57.733333,1,1563.686876,1260.764802,-80.0,60.0,0.0,0.0,True,straight,2000,2000,10,0.0,0.0,0.0,0.0,3.520039,1.629713,883.686876,500.764802,False,False,False,0.0,False,0.0,False,0.0,False,0.0,0.0,False,linear,0.0,0.0,0.0,0.0,False,clear,1.0,0.0
EXP_CC2CE078,42,3465,57.75,1,1562.353542,1261.764802,-80.0,60.0,0.0,0.0,True,straight,2000,2000,10,0.0,0.0,0.0,0.0,3.511734,1.635959,882.353542,501.764802,False,False,False,0.0,False,0.0,False,0.0,False,0.0,0.0,False,linear,0.0,0.0,0.0,0.0,False,clear,1.0,0.0
EXP_CC2CE078,42,3466,57.766667,1,1561.020209,1262.764802,-80.0,60.0,0.0,0.0,True,straight,2000,2000,10,0.0,0.0,0.0,0.0,3.503428,1.642205,881.020209,502.764802,False,False,False,0.0,False,0.0,False,0.0,False,0.0,0.0,False,linear,0.0,0.0,0.0,0.0,False,clear,1.0,0.0
EXP_CC2CE078,42,3467,57.783333,1,1559.686876,1263.764802,-80.0,60.0,0.0,0.0,True,straight,2000,2000,10,0.0,0.0,0.0,0.0,3.495123,1.648452,879.686876,503.764802,False,False,False,0.0,False,0.0,False,0.0,False,0.0,0.0,False,linear,0.0,0.0,0.0,0.0,False,clear,1.0,0.0
EXP_CC2CE078,42,3468,57.8,1,1558.353542,1264.764802,-80.0,60.0,0.0,0.0,True,straight,2000,2000,10,0.0,0.0,0.0,0.0,3.486817,1.654698,878.353542,504.764802,False,False,False,0.0,False,0.0,False,0.0,False,0.0,0.0,False,linear,0.0,0.0,0.0,0.0,False,clear,1.0,0.0
EXP_CC2CE078,42,3469,57.816667,1,1557.020209,1265.764802,-80.0,60.0,0.0,0.0,True,straight,2000,2000,10,0.0,0.0,0.0,0.0,3.478511,1.660944,877.020209,505.764802,False,False,False,0.0,False,0.0,False,0.0,False,0.0,0.0,False,linear,0.0,0.0,0.0,0.0,False,clear,1.0,0.0
EXP_CC2CE078,42,3470,57.833333,1,1555.686876,1266.764802,-80.0,60.0,0.0,0.0,True,straight,2000,2000,10,0.0,0.0,0.0,0.0,3.470205,1.66719,875.686876,506.764802,False,False,False,0.0,False,0.0,False,0.0,False,0.0,0.0,False,linear,0.0,0.0,0.0,0.0,False,clear,1.0,0.0
EXP_CC2CE078,42,3471,57.85,1,1554.353542,1267.764802,-80.0,60.0,0.0,0.0,True,straight,2000,2000,10,0.0,0.0,0.0,0.0,3.461899,1.673436,874.353542,507.764802,False,False,False,0.0,False,0.0,False,0.0,False,0.0,0.0,False,linear,0.0,0.0,0.0,0.0,False,clear,1.0,0.0
EXP_CC2CE078,42,3472,57.866667,1,1553.020209,1268.764802,-80.0,60.0,0.0,0.0,True,straight,2000,2000,10,0.0,0.0,0.0,0.0,3.453592,1.679683,873.020209,508.764802,False,False,False,0.0,False,0.0,False,0.0,False,0.0,0.0,False,linear,0.0,0.0,0.0,0.0,False,clear,1.0,0.0
EXP_CC2CE078,42,3473,57.883333,1,1551.686876,1269.764802,-80.0,60.0,0.0,0.0,True,straight,2000,2000,10,0.0,0.0,0.0,0.0,3.445286,1.685929,871.686876,509.764802,False,False,False,0.0,False,0.0,False,0.0,False,0.0,0.0,False,linear,0.0,0.0,0.0,0.0,False,clear,1.0,0.0
EXP_CC2CE078,42,3474,57.9,1,1550.353542,1270.764802,-80.0,60.0,0.0,0.0,True,straight,2000,2000,10,0.0,0.0,0.0,0.0,3.436979,1.692175,870.353542,510.764802,False,False,False,0.0,False,0.0,False,0.0,False,0.0,0.0,False,linear,0.0,0.0,0.0,0.0,False,clear,1.0,0.0
EXP_CC2CE078,42,3475,57.916667,1,1549.020209,1271.764802,-80.0,60.0,0.0,0.0,True,straight,2000,2000,10,0.0,0.0,0.0,0.0,3.428672,1.698421,869.020209,511.764802,False,False,False,0.0,False,0.0,False,0.0,False,0.0,0.0,False,linear,0.0,0.0,0.0,0.0,False,clear,1.0,0.0
EXP_CC2CE078,42,3476,57.933333,1,1547.686876,1272.764802,-80.0,60.0,0.0,0.0,True,straight,2000,2000,10,0.0,0.0,0.0,0.0,3.420365,1.704666,867.686876,512.764802,False,False,False,0.0,False,0.0,False,0.0,False,0.0,0.0,False,linear,0.0,0.0,0.0,0.0,False,clear,1.0,0.0
EXP_CC2CE078,42,3477,57.95,1,1546.353542,1273.764802,-80.0,60.0,0.0,0.0,True,straight,2000,2000,10,0.0,0.0,0.0,0.0,3.412058,1.710912,866.353542,513.764802,False,False,False,0.0,False,0.0,False,0.0,False,0.0,0.0,False,linear,0.0,0.0,0.0,0.0,False,clear,1.0,0.0
EXP_CC2CE078,42,3478,57.966667,1,1545.020209,1274.764802,-80.0,60.0,0.0,0.0,True,straight,2000,2000,10,0.0,0.0,0.0,0.0,3.403751,1.717158,865.020209,514.764802,False,False,False,0.0,False,0.0,False,0.0,False,0.0,0.0,False,linear,0.0,0.0,0.0,0.0,False,clear,1.0,0.0
EXP_CC2CE078,42,3479,57.983333,1,1543.686876,1275.764802,-80.0,60.0,0.0,0.0,True,straight,2000,2000,10,0.0,0.0,0.0,0.0,3.395443,1.723404,863.686876,515.764802,False,False,False,0.0,False,0.0,False,0.0,False,0.0,0.0,False,linear,0.0,0.0,0.0,0.0,False,clear,1.0,0.0
EXP_CC2CE078,42,3480,58.0,1,1542.353542,1276.764802,-80.0,60.0,0.0,0.0,True,straight,2000,2000,10,0.0,0.0,0.0,0.0,3.387136,1.72965,862.353542,516.764802,False,False,False,0.0,False,0.0,False,0.0,False,0.0,0.0,False,linear,0.0,0.0,0.0,0.0,False,clear,1.0,0.0
EXP_CC2CE078,42,3481,58.016667,1,1541.020209,1277.764802,-80.0,60.0,0.0,0.0,True,straight,2000,2000,10,0.0,0.0,0.0,0.0,3.378828,1.735895,861.020209,517.764802,False,False,False,0.0,False,0.0,False,0.0,False,0.0,0.0,False,linear,0.0,0.0,0.0,0.0,False,clear,1.0,0.0
EXP_CC2CE078,42,3482,58.033333,1,1539.686876,1278.764802,-80.0,60.0,0.0,0.0,True,straight,2000,2000,10,0.0,0.0,0.0,0.0,3.37052,1.742141,859.686876,518.764802,False,False,False,0.0,False,0.0,False,0.0,False,0.0,0.0,False,linear,0.0,0.0,0.0,0.0,False,clear,1.0,0.0
EXP_CC2CE078,42,3483,58.05,1,1538.353542,1279.764802,-80.0,60.0,0.0,0.0,True,straight,2000,2000,10,0.0,0.0,0.0,0.0,3.362212,1.748387,858.353542,519.764802,False,False,False,0.0,False,0.0,False,0.0,False,0.0,0.0,False,linear,0.0,0.0,0.0,0.0,False,clear,1.0,0.0
EXP_CC2CE078,42,3484,58.066667,1,1537.020209,1280.764802,-80.0,60.0,0.0,0.0,True,straight,2000,2000,10,0.0,0.0,0.0,0.0,3.353904,1.754632,857.020209,520.764802,False,False,False,0.0,False,0.0,False,0.0,False,0.0,0.0,False,linear,0.0,0.0,0.0,0.0,False,clear,1.0,0.0
EXP_CC2CE078,42,3485,58.083333,1,1535.686876,1281.764802,-80.0,60.0,0.0,0.0,True,straight,2000,2000,10,0.0,0.0,0.0,0.0,3.345596,1.760878,855.686876,521.764802,False,False,False,0.0,False,0.0,False,0.0,False,0.0,0.0,False,linear,0.0,0.0,0.0,0.0,False,clear,1.0,0.0
EXP_CC2CE078,42,3486,58.1,1,1534.353542,1282.764802,-80.0,60.0,0.0,0.0,True,straight,2000,2000,10,0.0,0.0,0.0,0.0,3.337288,1.767123,854.353542,522.764802,False,False,False,0.0,False,0.0,False,0.0,False,0.0,0.0,False,linear,0.0,0.0,0.0,0.0,False,clear,1.0,0.0
EXP_CC2CE078,42,3487,58.116667,1,1533.020209,1283.764802,-80.0,60.0,0.0,0.0,True,straight,2000,2000,10,0.0,0.0,0.0,0.0,3.328979,1.773369,853.020209,523.764802,False,False,False,0.0,False,0.0,False,0.0,False,0.0,0.0,False,linear,0.0,0.0,0.0,0.0,False,clear,1.0,0.0
EXP_CC2CE078,42,3488,58.133333,1,1531.686876,1284.764802,-80.0,60.0,0.0,0.0,True,straight,2000,2000,10,0.0,0.0,0.0,0.0,3.32067,1.779614,851.686876,524.764802,False,False,False,0.0,False,0.0,False,0.0,False,0.0,0.0,False,linear,0.0,0.0,0.0,0.0,False,clear,1.0,0.0
EXP_CC2CE078,42,3489,58.15,1,1530.353542,1285.764802,-80.0,60.0,0.0,0.0,True,straight,2000,2000,10,0.0,0.0,0.0,0.0,3.312361,1.78586,850.353542,525.764802,False,False,False,0.0,False,0.0,False,0.0,False,0.0,0.0,False,linear,0.0,0.0,0.0,0.0,False,clear,1.0,0.0
EXP_CC2CE078,42,3490,58.166667,1,1529.020209,1286.764802,-80.0,60.0,0.0,0.0,True,straight,2000,2000,10,0.0,0.0,0.0,0.0,3.304053,1.792105,849.020209,526.764802,False,False,False,0.0,False,0.0,False,0.0,False,0.0,0.0,False,linear,0.0,0.0,0.0,0.0,False,clear,1.0,0.0
EXP_CC2CE078,42,3491,58.183333,1,1527.686876,1287.764802,-80.0,60.0,0.0,0.0,True,straight,2000,2000,10,0.0,0.0,0.0,0.0,3.295743,1.79835,847.686876,527.764802,False,False,False,0.0,False,0.0,False,0.0,False,0.0,0.0,False,linear,0.0,0.0,0.0,0.0,False,clear,1.0,0.0
EXP_CC2CE078,42,3492,58.2,1,1526.353542,1288.764802,-80.0,60.0,0.0,0.0,True,straight,2000,2000,10,0.0,0.0,0.0,0.0,3.287434,1.804595,846.353542,528.764802,False,False,False,0.0,False,0.0,False,0.0,False,0.0,0.0,False,linear,0.0,0.0,0.0,0.0,False,clear,1.0,0.0
EXP_CC2CE078,42,3493,58.216667,1,1525.020209,1289.764802,-80.0,60.0,0.0,0.0,True,straight,2000,2000,10,0.0,0.0,0.0,0.0,3.279125,1.810841,845.020209,529.764802,False,False,False,0.0,False,0.0,False,0.0,False,0.0,0.0,False,linear,0.0,0.0,0.0,0.0,False,clear,1.0,0.0
EXP_CC2CE078,42,3494,58.233333,1,1523.686876,1290.764802,-80.0,60.0,0.0,0.0,True,straight,2000,2000,10,0.0,0.0,0.0,0.0,3.270815,1.817086,843.686876,530.764802,False,False,False,0.0,False,0.0,False,0.0,False,0.0,0.0,False,linear,0.0,0.0,0.0,0.0,False,clear,1.0,0.0
EXP_CC2CE078,42,3495,58.25,1,1522.353542,1291.764802,-80.0,60.0,0.0,0.0,True,straight,2000,2000,10,0.0,0.0,0.0,0.0,3.262506,1.823331,842.353542,531.764802,False,False,False,0.0,False,0.0,False,0.0,False,0.0,0.0,False,linear,0.0,0.0,0.0,0.0,False,clear,1.0,0.0
EXP_CC2CE078,42,3496,58.266667,1,1521.020209,1292.764802,-80.0,60.0,0.0,0.0,True,straight,2000,2000,10,0.0,0.0,0.0,0.0,3.254196,1.829576,841.020209,532.764802,False,False,False,0.0,False,0.0,False,0.0,False,0.0,0.0,False,linear,0.0,0.0,0.0,0.0,False,clear,1.0,0.0
EXP_CC2CE078,42,3497,58.283333,1,1519.686876,1293.764802,-80.0,60.0,0.0,0.0,True,straight,2000,2000,10,0.0,0.0,0.0,0.0,3.245886,1.835821,839.686876,533.764802,False,False,False,0.0,False,0.0,False,0.0,False,0.0,0.0,False,linear,0.0,0.0,0.0,0.0,False,clear,1.0,0.0
EXP_CC2CE078,42,3498,58.3,1,1518.353542,1294.764802,-80.0,60.0,0.0,0.0,True,straight,2000,2000,10,0.0,0.0,0.0,0.0,3.237576,1.842066,838.353542,534.764802,False,False,False,0.0,False,0.0,False,0.0,False,0.0,0.0,False,linear,0.0,0.0,0.0,0.0,False,clear,1.0,0.0
EXP_CC2CE078,42,3499,58.316667,1,1517.020209,1295.764802,-80.0,60.0,0.0,0.0,True,straight,2000,2000,10,0.0,0.0,0.0,0.0,3.229266,1.848311,837.020209,535.764802,False,False,False,0.0,False,0.0,False,0.0,False,0.0,0.0,False,linear,0.0,0.0,0.0,0.0,False,clear,1.0,0.0
EXP_CC2CE078,42,3500,58.333333,1,1515.686876,1296.764802,-80.0,60.0,0.0,0.0,True,straight,2000,2000,10,0.0,0.0,0.0,0.0,3.220955,1.854556,835.686876,536.764802,False,False,False,0.0,False,0.0,False,0.0,False,0.0,0.0,False,linear,0.0,0.0,0.0,0.0,False,clear,1.0,0.0
EXP_CC2CE078,42,3501,58.35,1,1514.353542,1297.764802,-80.0,60.0,0.0,0.0,True,straight,2000,2000,10,0.0,0.0,0.0,0.0,3.212645,1.860801,834.353542,537.764802,False,False,False,0.0,False,0.0,False,0.0,False,0.0,0.0,False,linear,0.0,0.0,0.0,0.0,False,clear,1.0,0.0
EXP_CC2CE078,42,3502,58.366667,1,1513.020209,1298.764802,-80.0,60.0,0.0,0.0,True,straight,2000,2000,10,0.0,0.0,0.0,0.0,3.204334,1.867046,833.020209,538.764802,False,False,False,0.0,False,0.0,False,0.0,False,0.0,0.0,False,linear,0.0,0.0,0.0,0.0,False,clear,1.0,0.0
EXP_CC2CE078,42,3503,58.383333,1,1511.686876,1299.764802,-80.0,60.0,0.0,0.0,True,straight,2000,2000,10,0.0,0.0,0.0,0.0,3.196024,1.87329,831.686876,539.764802,False,False,False,0.0,False,0.0,False,0.0,False,0.0,0.0,False,linear,0.0,0.0,0.0,0.0,False,clear,1.0,0.0
EXP_CC2CE078,42,3504,58.4,1,1510.353542,1300.764802,-80.0,60.0,0.0,0.0,True,straight,2000,2000,10,0.0,0.0,0.0,0.0,3.187713,1.879535,830.353542,540.764802,False,False,False,0.0,False,0.0,False,0.0,False,0.0,0.0,False,linear,0.0,0.0,0.0,0.0,False,clear,1.0,0.0
EXP_CC2CE078,42,3505,58.416667,1,1509.020209,1301.764802,-80.0,60.0,0.0,0.0,True,straight,2000,2000,10,0.0,0.0,0.0,0.0,3.179402,1.88578,829.020209,541.764802,False,False,False,0.0,False,0.0,False,0.0,False,0.0,0.0,False,linear,0.0,0.0,0.0,0.0,False,clear,1.0,0.0
EXP_CC2CE078,42,3506,58.433333,1,1507.686876,1302.764802,-80.0,60.0,0.0,0.0,True,straight,2000,2000,10,0.0,0.0,0.0,0.0,3.171091,1.892024,827.686876,542.764802,False,False,False,0.0,False,0.0,False,0.0,False,0.0,0.0,False,linear,0.0,0.0,0.0,0.0,False,clear,1.0,0.0
EXP_CC2CE078,42,3507,58.45,1,1506.353542,1303.764802,-80.0,60.0,0.0,0.0,True,straight,2000,2000,10,0.0,0.0,0.0,0.0,3.162779,1.898269,826.353542,543.764802,False,False,False,0.0,False,0.0,False,0.0,False,0.0,0.0,False,linear,0.0,0.0,0.0,0.0,False,clear,1.0,0.0
EXP_CC2CE078,42,3508,58.466667,1,1505.020209,1304.764802,-80.0,60.0,0.0,0.0,True,straight,2000,2000,10,0.0,0.0,0.0,0.0,3.154468,1.904514,825.020209,544.764802,False,False,False,0.0,False,0.0,False,0.0,False,0.0,0.0,False,linear,0.0,0.0,0.0,0.0,False,clear,1.0,0.0
EXP_CC2CE078,42,3509,58.483333,1,1503.686876,1305.764802,-80.0,60.0,0.0,0.0,True,straight,2000,2000,10,0.0,0.0,0.0,0.0,3.146156,1.910758,823.686876,545.764802,False,False,False,0.0,False,0.0,False,0.0,False,0.0,0.0,False,linear,0.0,0.0,0.0,0.0,False,clear,1.0,0.0
EXP_CC2CE078,42,3510,58.5,1,1502.353542,1306.764802,-80.0,60.0,0.0,0.0,True,straight,2000,2000,10,0.0,0.0,0.0,0.0,3.137845,1.917003,822.353542,546.764802,False,False,False,0.0,False,0.0,False,0.0,False,0.0,0.0,False,linear,0.0,0.0,0.0,0.0,False,clear,1.0,0.0
EXP_CC2CE078,42,3511,58.516667,1,1501.020209,1307.764802,-80.0,60.0,0.0,0.0,True,straight,2000,2000,10,0.0,0.0,0.0,0.0,3.129533,1.923247,821.020209,547.764802,False,False,False,0.0,False,0.0,False,0.0,False,0.0,0.0,False,linear,0.0,0.0,0.0,0.0,False,clear,1.0,0.0
EXP_CC2CE078,42,3512,58.533333,1,1499.686876,1308.764802,-80.0,60.0,0.0,0.0,True,straight,2000,2000,10,0.0,0.0,0.0,0.0,3.121221,1.929491,819.686876,548.764802,False,False,False,0.0,False,0.0,False,0.0,False,0.0,0.0,False,linear,0.0,0.0,0.0,0.0,False,clear,1.0,0.0
EXP_CC2CE078,42,3513,58.55,1,1498.353542,1309.764802,-80.0,60.0,0.0,0.0,True,straight,2000,2000,10,0.0,0.0,0.0,0.0,3.112909,1.935736,818.353542,549.764802,False,False,False,0.0,False,0.0,False,0.0,False,0.0,0.0,False,linear,0.0,0.0,0.0,0.0,False,clear,1.0,0.0
EXP_CC2CE078,42,3514,58.566667,1,1497.020209,1310.764802,-80.0,60.0,0.0,0.0,True,straight,2000,2000,10,0.0,0.0,0.0,0.0,3.104597,1.94198,817.020209,550.764802,False,False,False,0.0,False,0.0,False,0.0,False,0.0,0.0,False,linear,0.0,0.0,0.0,0.0,False,clear,1.0,0.0
EXP_CC2CE078,42,3515,58.583333,1,1495.686876,1311.764802,-80.0,60.0,0.0,0.0,True,straight,2000,2000,10,0.0,0.0,0.0,0.0,3.096284,1.948224,815.686876,551.764802,False,False,False,0.0,False,0.0,False,0.0,False,0.0,0.0,False,linear,0.0,0.0,0.0,0.0,False,clear,1.0,0.0
EXP_CC2CE078,42,3516,58.6,1,1494.353542,1312.764802,-80.0,60.0,0.0,0.0,True,straight,2000,2000,10,0.0,0.0,0.0,0.0,3.087972,1.954468,814.353542,552.764802,False,False,False,0.0,False,0.0,False,0.0,False,0.0,0.0,False,linear,0.0,0.0,0.0,0.0,False,clear,1.0,0.0
EXP_CC2CE078,42,3517,58.616667,1,1493.020209,1313.764802,-80.0,60.0,0.0,0.0,True,straight,2000,2000,10,0.0,0.0,0.0,0.0,3.079659,1.960712,813.020209,553.764802,False,False,False,0.0,False,0.0,False,0.0,False,0.0,0.0,False,linear,0.0,0.0,0.0,0.0,False,clear,1.0,0.0
EXP_CC2CE078,42,3518,58.633333,1,1491.686876,1314.764802,-80.0,60.0,0.0,0.0,True,straight,2000,2000,10,0.0,0.0,0.0,0.0,3.071346,1.966957,811.686876,554.764802,False,False,False,0.0,False,0.0,False,0.0,False,0.0,0.0,False,linear,0.0,0.0,0.0,0.0,False,clear,1.0,0.0
EXP_CC2CE078,42,3519,58.65,1,1490.353542,1315.764802,-80.0,60.0,0.0,0.0,True,straight,2000,2000,10,0.0,0.0,0.0,0.0,3.063034,1.973201,810.353542,555.764802,False,False,False,0.0,False,0.0,False,0.0,False,0.0,0.0,False,linear,0.0,0.0,0.0,0.0,False,clear,1.0,0.0
EXP_CC2CE078,42,3520,58.666667,1,1489.020209,1316.764802,-80.0,60.0,0.0,0.0,True,straight,2000,2000,10,0.0,0.0,0.0,0.0,3.054721,1.979445,809.020209,556.764802,False,False,False,0.0,False,0.0,False,0.0,False,0.0,0.0,False,linear,0.0,0.0,0.0,0.0,False,clear,1.0,0.0
EXP_CC2CE078,42,3521,58.683333,1,1487.686876,1317.764802,-80.0,60.0,0.0,0.0,True,straight,2000,2000,10,0.0,0.0,0.0,0.0,3.046408,1.985688,807.686876,557.764802,False,False,False,0.0,False,0.0,False,0.0,False,0.0,0.0,False,linear,0.0,0.0,0.0,0.0,False,clear,1.0,0.0
EXP_CC2CE078,42,3522,58.7,1,1486.353542,1318.764802,-80.0,60.0,0.0,0.0,True,straight,2000,2000,10,0.0,0.0,0.0,0.0,3.038094,1.991932,806.353542,558.764802,False,False,False,0.0,False,0.0,False,0.0,False,0.0,0.0,False,linear,0.0,0.0,0.0,0.0,False,clear,1.0,0.0
EXP_CC2CE078,42,3523,58.716667,1,1485.020209,1319.764802,-80.0,60.0,0.0,0.0,True,straight,2000,2000,10,0.0,0.0,0.0,0.0,3.029781,1.998176,805.020209,559.764802,False,False,False,0.0,False,0.0,False,0.0,False,0.0,0.0,False,linear,0.0,0.0,0.0,0.0,False,clear,1.0,0.0
EXP_CC2CE078,42,3524,58.733333,1,1483.686876,1320.764802,-80.0,60.0,0.0,0.0,True,straight,2000,2000,10,0.0,0.0,0.0,0.0,3.021467,2.00442,803.686876,560.764802,False,False,False,0.0,False,0.0,False,0.0,False,0.0,0.0,False,linear,0.0,0.0,0.0,0.0,False,clear,1.0,0.0
EXP_CC2CE078,42,3525,58.75,1,1482.353542,1321.764802,-80.0,60.0,0.0,0.0,True,straight,2000,2000,10,0.0,0.0,0.0,0.0,3.013154,2.010664,802.353542,561.764802,False,False,False,0.0,False,0.0,False,0.0,False,0.0,0.0,False,linear,0.0,0.0,0.0,0.0,False,clear,1.0,0.0
EXP_CC2CE078,42,3526,58.766667,1,1481.020209,1322.764802,-80.0,60.0,0.0,0.0,True,straight,2000,2000,10,0.0,0.0,0.0,0.0,3.00484,2.016908,801.020209,562.764802,False,False,False,0.0,False,0.0,False,0.0,False,0.0,0.0,False,linear,0.0,0.0,0.0,0.0,False,clear,1.0,0.0
EXP_CC2CE078,42,3527,58.783333,1,1479.686876,1323.764802,-80.0,60.0,0.0,0.0,True,straight,2000,2000,10,0.0,0.0,0.0,0.0,2.996526,2.023151,799.686876,563.764802,False,False,False,0.0,False,0.0,False,0.0,False,0.0,0.0,False,linear,0.0,0.0,0.0,0.0,False,clear,1.0,0.0
EXP_CC2CE078,42,3528,58.8,1,1478.353542,1324.764802,-80.0,60.0,0.0,0.0,True,straight,2000,2000,10,0.0,0.0,0.0,0.0,2.988212,2.029395,798.353542,564.764802,False,False,False,0.0,False,0.0,False,0.0,False,0.0,0.0,False,linear,0.0,0.0,0.0,0.0,False,clear,1.0,0.0
EXP_CC2CE078,42,3529,58.816667,1,1477.020209,1325.764802,-80.0,60.0,0.0,0.0,True,straight,2000,2000,10,0.0,0.0,0.0,0.0,2.979898,2.035638,797.020209,565.764802,False,False,False,0.0,False,0.0,False,0.0,False,0.0,0.0,False,linear,0.0,0.0,0.0,0.0,False,clear,1.0,0.0
EXP_CC2CE078,42,3530,58.833333,1,1475.686876,1326.764802,-80.0,60.0,0.0,0.0,True,straight,2000,2000,10,0.0,0.0,0.0,0.0,2.971584,2.041882,795.686876,566.764802,False,False,False,0.0,False,0.0,False,0.0,False,0.0,0.0,False,linear,0.0,0.0,0.0,0.0,False,clear,1.0,0.0
EXP_CC2CE078,42,3531,58.85,1,1474.353542,1327.764802,-80.0,60.0,0.0,0.0,True,straight,2000,2000,10,0.0,0.0,0.0,0.0,2.963269,2.048125,794.353542,567.764802,False,False,False,0.0,False,0.0,False,0.0,False,0.0,0.0,False,linear,0.0,0.0,0.0,0.0,False,clear,1.0,0.0
EXP_CC2CE078,42,3532,58.866667,1,1473.020209,1328.764802,-80.0,60.0,0.0,0.0,True,straight,2000,2000,10,0.0,0.0,0.0,0.0,2.954955,2.054369,793.020209,568.764802,False,False,False,0.0,False,0.0,False,0.0,False,0.0,0.0,False,linear,0.0,0.0,0.0,0.0,False,clear,1.0,0.0
EXP_CC2CE078,42,3533,58.883333,1,1471.686876,1329.764802,-80.0,60.0,0.0,0.0,True,straight,2000,2000,10,0.0,0.0,0.0,0.0,2.94664,2.060612,791.686876,569.764802,False,False,False,0.0,False,0.0,False,0.0,False,0.0,0.0,False,linear,0.0,0.0,0.0,0.0,False,clear,1.0,0.0
EXP_CC2CE078,42,3534,58.9,1,1470.353542,1330.764802,-80.0,60.0,0.0,0.0,True,straight,2000,2000,10,0.0,0.0,0.0,0.0,2.938326,2.066855,790.353542,570.764802,False,False,False,0.0,False,0.0,False,0.0,False,0.0,0.0,False,linear,0.0,0.0,0.0,0.0,False,clear,1.0,0.0
EXP_CC2CE078,42,3535,58.916667,1,1469.020209,1331.764802,-80.0,60.0,0.0,0.0,True,straight,2000,2000,10,0.0,0.0,0.0,0.0,2.930011,2.073099,789.020209,571.764802,False,False,False,0.0,False,0.0,False,0.0,False,0.0,0.0,False,linear,0.0,0.0,0.0,0.0,False,clear,1.0,0.0
EXP_CC2CE078,42,3536,58.933333,1,1467.686876,1332.764802,-80.0,60.0,0.0,0.0,True,straight,2000,2000,10,0.0,0.0,0.0,0.0,2.921696,2.079342,787.686876,572.764802,False,False,False,0.0,False,0.0,False,0.0,False,0.0,0.0,False,linear,0.0,0.0,0.0,0.0,False,clear,1.0,0.0
EXP_CC2CE078,42,3537,58.95,1,1466.353542,1333.764802,-80.0,60.0,0.0,0.0,True,straight,2000,2000,10,0.0,0.0,0.0,0.0,2.913381,2.085585,786.353542,573.764802,False,False,False,0.0,False,0.0,False,0.0,False,0.0,0.0,False,linear,0.0,0.0,0.0,0.0,False,clear,1.0,0.0
EXP_CC2CE078,42,3538,58.966667,1,1465.020209,1334.764802,-80.0,60.0,0.0,0.0,True,straight,2000,2000,10,0.0,0.0,0.0,0.0,2.905065,2.091828,785.020209,574.764802,False,False,False,0.0,False,0.0,False,0.0,False,0.0,0.0,False,linear,0.0,0.0,0.0,0.0,False,clear,1.0,0.0
EXP_CC2CE078,42,3539,58.983333,1,1463.686876,1335.764802,-80.0,60.0,0.0,0.0,True,straight,2000,2000,10,0.0,0.0,0.0,0.0,2.89675,2.098071,783.686876,575.764802,False,False,False,0.0,False,0.0,False,0.0,False,0.0,0.0,False,linear,0.0,0.0,0.0,0.0,False,clear,1.0,0.0
EXP_CC2CE078,42,3540,59.0,1,1462.353542,1336.764802,-80.0,60.0,0.0,0.0,True,straight,2000,2000,10,0.0,0.0,0.0,0.0,2.888434,2.104314,782.353542,576.764802,False,False,False,0.0,False,0.0,False,0.0,False,0.0,0.0,False,linear,0.0,0.0,0.0,0.0,False,clear,1.0,0.0
EXP_CC2CE078,42,3541,59.016667,1,1461.020209,1337.764802,-80.0,60.0,0.0,0.0,True,straight,2000,2000,10,0.0,0.0,0.0,0.0,2.880119,2.110557,781.020209,577.764802,False,False,False,0.0,False,0.0,False,0.0,False,0.0,0.0,False,linear,0.0,0.0,0.0,0.0,False,clear,1.0,0.0
EXP_CC2CE078,42,3542,59.033333,1,1459.686876,1338.764802,-80.0,60.0,0.0,0.0,True,straight,2000,2000,10,0.0,0.0,0.0,0.0,2.871803,2.1168,779.686876,578.764802,False,False,False,0.0,False,0.0,False,0.0,False,0.0,0.0,False,linear,0.0,0.0,0.0,0.0,False,clear,1.0,0.0
EXP_CC2CE078,42,3543,59.05,1,1458.353542,1339.764802,-80.0,60.0,0.0,0.0,True,straight,2000,2000,10,0.0,0.0,0.0,0.0,2.863487,2.123043,778.353542,579.764802,False,False,False,0.0,False,0.0,False,0.0,False,0.0,0.0,False,linear,0.0,0.0,0.0,0.0,False,clear,1.0,0.0
EXP_CC2CE078,42,3544,59.066667,1,1457.020209,1340.764802,-80.0,60.0,0.0,0.0,True,straight,2000,2000,10,0.0,0.0,0.0,0.0,2.855171,2.129286,777.020209,580.764802,False,False,False,0.0,False,0.0,False,0.0,False,0.0,0.0,False,linear,0.0,0.0,0.0,0.0,False,clear,1.0,0.0
EXP_CC2CE078,42,3545,59.083333,1,1455.686876,1341.764802,-80.0,60.0,0.0,0.0,True,straight,2000,2000,10,0.0,0.0,0.0,0.0,2.846855,2.135529,775.686876,581.764802,False,False,False,0.0,False,0.0,False,0.0,False,0.0,0.0,False,linear,0.0,0.0,0.0,0.0,False,clear,1.0,0.0
EXP_CC2CE078,42,3546,59.1,1,1454.353542,1342.764802,-80.0,60.0,0.0,0.0,True,straight,2000,2000,10,0.0,0.0,0.0,0.0,2.838539,2.141771,774.353542,582.764802,False,False,False,0.0,False,0.0,False,0.0,False,0.0,0.0,False,linear,0.0,0.0,0.0,0.0,False,clear,1.0,0.0
EXP_CC2CE078,42,3547,59.116667,1,1453.020209,1343.764802,-80.0,60.0,0.0,0.0,True,straight,2000,2000,10,0.0,0.0,0.0,0.0,2.830223,2.148014,773.020209,583.764802,False,False,False,0.0,False,0.0,False,0.0,False,0.0,0.0,False,linear,0.0,0.0,0.0,0.0,False,clear,1.0,0.0
EXP_CC2CE078,42,3548,59.133333,1,1451.686876,1344.764802,-80.0,60.0,0.0,0.0,True,straight,2000,2000,10,0.0,0.0,0.0,0.0,2.821906,2.154257,771.686876,584.764802,False,False,False,0.0,False,0.0,False,0.0,False,0.0,0.0,False,linear,0.0,0.0,0.0,0.0,False,clear,1.0,0.0
EXP_CC2CE078,42,3549,59.15,1,1450.353542,1345.764802,-80.0,60.0,0.0,0.0,True,straight,2000,2000,10,0.0,0.0,0.0,0.0,2.81359,2.160499,770.353542,585.764802,False,False,False,0.0,False,0.0,False,0.0,False,0.0,0.0,False,linear,0.0,0.0,0.0,0.0,False,clear,1.0,0.0
EXP_CC2CE078,42,3550,59.166667,1,1449.020209,1346.764802,-80.0,60.0,0.0,0.0,True,straight,2000,2000,10,0.0,0.0,0.0,0.0,2.805273,2.166742,769.020209,586.764802,False,False,False,0.0,False,0.0,False,0.0,False,0.0,0.0,False,linear,0.0,0.0,0.0,0.0,False,clear,1.0,0.0
EXP_CC2CE078,42,3551,59.183333,1,1447.686876,1347.764802,-80.0,60.0,0.0,0.0,True,straight,2000,2000,10,0.0,0.0,0.0,0.0,2.796956,2.172984,767.686876,587.764802,False,False,False,0.0,False,0.0,False,0.0,False,0.0,0.0,False,linear,0.0,0.0,0.0,0.0,False,clear,1.0,0.0
EXP_CC2CE078,42,3552,59.2,1,1446.353542,1348.764802,-80.0,60.0,0.0,0.0,True,straight,2000,2000,10,0.0,0.0,0.0,0.0,2.788639,2.179227,766.353542,588.764802,False,False,False,0.0,False,0.0,False,0.0,False,0.0,0.0,False,linear,0.0,0.0,0.0,0.0,False,clear,1.0,0.0
EXP_CC2CE078,42,3553,59.216667,1,1445.020209,1349.764802,-80.0,60.0,0.0,0.0,True,straight,2000,2000,10,0.0,0.0,0.0,0.0,2.780322,2.185469,765.020209,589.764802,False,False,False,0.0,False,0.0,False,0.0,False,0.0,0.0,False,linear,0.0,0.0,0.0,0.0,False,clear,1.0,0.0
EXP_CC2CE078,42,3554,59.233333,1,1443.686876,1350.764802,-80.0,60.0,0.0,0.0,True,straight,2000,2000,10,0.0,0.0,0.0,0.0,2.772005,2.191711,763.686876,590.764802,False,False,False,0.0,False,0.0,False,0.0,False,0.0,0.0,False,linear,0.0,0.0,0.0,0.0,False,clear,1.0,0.0
EXP_CC2CE078,42,3555,59.25,1,1442.353542,1351.764802,-80.0,60.0,0.0,0.0,True,straight,2000,2000,10,0.0,0.0,0.0,0.0,2.763688,2.197954,762.353542,591.764802,False,False,False,0.0,False,0.0,False,0.0,False,0.0,0.0,False,linear,0.0,0.0,0.0,0.0,False,clear,1.0,0.0
EXP_CC2CE078,42,3556,59.266667,1,1441.020209,1352.764802,-80.0,60.0,0.0,0.0,True,straight,2000,2000,10,0.0,0.0,0.0,0.0,2.75537,2.204196,761.020209,592.764802,False,False,False,0.0,False,0.0,False,0.0,False,0.0,0.0,False,linear,0.0,0.0,0.0,0.0,False,clear,1.0,0.0
EXP_CC2CE078,42,3557,59.283333,1,1439.686876,1353.764802,-80.0,60.0,0.0,0.0,True,straight,2000,2000,10,0.0,0.0,0.0,0.0,2.747053,2.210438,759.686876,593.764802,False,False,False,0.0,False,0.0,False,0.0,False,0.0,0.0,False,linear,0.0,0.0,0.0,0.0,False,clear,1.0,0.0
EXP_CC2CE078,42,3558,59.3,1,1438.353542,1354.764802,-80.0,60.0,0.0,0.0,True,straight,2000,2000,10,0.0,0.0,0.0,0.0,2.738735,2.21668,758.353542,594.764802,False,False,False,0.0,False,0.0,False,0.0,False,0.0,0.0,False,linear,0.0,0.0,0.0,0.0,False,clear,1.0,0.0
EXP_CC2CE078,42,3559,59.316667,1,1437.020209,1355.764802,-80.0,60.0,0.0,0.0,True,straight,2000,2000,10,0.0,0.0,0.0,0.0,2.730417,2.222922,757.020209,595.764802,False,False,False,0.0,False,0.0,False,0.0,False,0.0,0.0,False,linear,0.0,0.0,0.0,0.0,False,clear,1.0,0.0
EXP_CC2CE078,42,3560,59.333333,1,1435.686876,1356.764802,-80.0,60.0,0.0,0.0,True,straight,2000,2000,10,0.0,0.0,0.0,0.0,2.7221,2.229164,755.686876,596.764802,False,False,False,0.0,False,0.0,False,0.0,False,0.0,0.0,False,linear,0.0,0.0,0.0,0.0,False,clear,1.0,0.0
EXP_CC2CE078,42,3561,59.35,1,1434.353542,1357.764802,-80.0,60.0,0.0,0.0,True,straight,2000,2000,10,0.0,0.0,0.0,0.0,2.713782,2.235406,754.353542,597.764802,False,False,False,0.0,False,0.0,False,0.0,False,0.0,0.0,False,linear,0.0,0.0,0.0,0.0,False,clear,1.0,0.0
EXP_CC2CE078,42,3562,59.366667,1,1433.020209,1358.764802,-80.0,60.0,0.0,0.0,True,straight,2000,2000,10,0.0,0.0,0.0,0.0,2.705464,2.241648,753.020209,598.764802,False,False,False,0.0,False,0.0,False,0.0,False,0.0,0.0,False,linear,0.0,0.0,0.0,0.0,False,clear,1.0,0.0
EXP_CC2CE078,42,3563,59.383333,1,1431.686876,1359.764802,-80.0,60.0,0.0,0.0,True,straight,2000,2000,10,0.0,0.0,0.0,0.0,2.697145,2.24789,751.686876,599.764802,False,False,False,0.0,False,0.0,False,0.0,False,0.0,0.0,False,linear,0.0,0.0,0.0,0.0,False,clear,1.0,0.0
EXP_CC2CE078,42,3564,59.4,1,1430.353542,1360.764802,-80.0,60.0,0.0,0.0,True,straight,2000,2000,10,0.0,0.0,0.0,0.0,2.688827,2.254132,750.353542,600.764802,False,False,False,0.0,False,0.0,False,0.0,False,0.0,0.0,False,linear,0.0,0.0,0.0,0.0,False,clear,1.0,0.0
EXP_CC2CE078,42,3565,59.416667,1,1429.020209,1361.764802,-80.0,60.0,0.0,0.0,True,straight,2000,2000,10,0.0,0.0,0.0,0.0,2.680509,2.260373,749.020209,601.764802,False,False,False,0.0,False,0.0,False,0.0,False,0.0,0.0,False,linear,0.0,0.0,0.0,0.0,False,clear,1.0,0.0
EXP_CC2CE078,42,3566,59.433333,1,1427.686876,1362.764802,-80.0,60.0,0.0,0.0,True,straight,2000,2000,10,0.0,0.0,0.0,0.0,2.67219,2.266615,747.686876,602.764802,False,False,False,0.0,False,0.0,False,0.0,False,0.0,0.0,False,linear,0.0,0.0,0.0,0.0,False,clear,1.0,0.0
EXP_CC2CE078,42,3567,59.45,1,1426.353542,1363.764802,-80.0,60.0,0.0,0.0,True,straight,2000,2000,10,0.0,0.0,0.0,0.0,2.663871,2.272857,746.353542,603.764802,False,False,False,0.0,False,0.0,False,0.0,False,0.0,0.0,False,linear,0.0,0.0,0.0,0.0,False,clear,1.0,0.0
EXP_CC2CE078,42,3568,59.466667,1,1425.020209,1364.764802,-80.0,60.0,0.0,0.0,True,straight,2000,2000,10,0.0,0.0,0.0,0.0,2.655553,2.279098,745.020209,604.764802,False,False,False,0.0,False,0.0,False,0.0,False,0.0,0.0,False,linear,0.0,0.0,0.0,0.0,False,clear,1.0,0.0
EXP_CC2CE078,42,3569,59.483333,1,1423.686876,1365.764802,-80.0,60.0,0.0,0.0,True,straight,2000,2000,10,0.0,0.0,0.0,0.0,2.647234,2.28534,743.686876,605.764802,False,False,False,0.0,False,0.0,False,0.0,False,0.0,0.0,False,linear,0.0,0.0,0.0,0.0,False,clear,1.0,0.0
EXP_CC2CE078,42,3570,59.5,1,1422.353542,1366.764802,-80.0,60.0,0.0,0.0,True,straight,2000,2000,10,0.0,0.0,0.0,0.0,2.638915,2.291581,742.353542,606.764802,False,False,False,0.0,False,0.0,False,0.0,False,0.0,0.0,False,linear,0.0,0.0,0.0,0.0,False,clear,1.0,0.0
EXP_CC2CE078,42,3571,59.516667,1,1421.020209,1367.764802,-80.0,60.0,0.0,0.0,True,straight,2000,2000,10,0.0,0.0,0.0,0.0,2.630596,2.297823,741.020209,607.764802,False,False,False,0.0,False,0.0,False,0.0,False,0.0,0.0,False,linear,0.0,0.0,0.0,0.0,False,clear,1.0,0.0
EXP_CC2CE078,42,3572,59.533333,1,1419.686876,1368.764802,-80.0,60.0,0.0,0.0,True,straight,2000,2000,10,0.0,0.0,0.0,0.0,2.622276,2.304064,739.686876,608.764802,False,False,False,0.0,False,0.0,False,0.0,False,0.0,0.0,False,linear,0.0,0.0,0.0,0.0,False,clear,1.0,0.0
EXP_CC2CE078,42,3573,59.55,1,1418.353542,1369.764802,-80.0,60.0,0.0,0.0,True,straight,2000,2000,10,0.0,0.0,0.0,0.0,2.613957,2.310305,738.353542,609.764802,False,False,False,0.0,False,0.0,False,0.0,False,0.0,0.0,False,linear,0.0,0.0,0.0,0.0,False,clear,1.0,0.0
EXP_CC2CE078,42,3574,59.566667,1,1417.020209,1370.764802,-80.0,60.0,0.0,0.0,True,straight,2000,2000,10,0.0,0.0,0.0,0.0,2.605638,2.316546,737.020209,610.764802,False,False,False,0.0,False,0.0,False,0.0,False,0.0,0.0,False,linear,0.0,0.0,0.0,0.0,False,clear,1.0,0.0
EXP_CC2CE078,42,3575,59.583333,1,1415.686876,1371.764802,-80.0,60.0,0.0,0.0,True,straight,2000,2000,10,0.0,0.0,0.0,0.0,2.597318,2.322788,735.686876,611.764802,False,False,False,0.0,False,0.0,False,0.0,False,0.0,0.0,False,linear,0.0,0.0,0.0,0.0,False,clear,1.0,0.0
EXP_CC2CE078,42,3576,59.6,1,1414.353542,1372.764802,-80.0,60.0,0.0,0.0,True,straight,2000,2000,10,0.0,0.0,0.0,0.0,2.588998,2.329029,734.353542,612.764802,False,False,False,0.0,False,0.0,False,0.0,False,0.0,0.0,False,linear,0.0,0.0,0.0,0.0,False,clear,1.0,0.0
EXP_CC2CE078,42,3577,59.616667,1,1413.020209,1373.764802,-80.0,60.0,0.0,0.0,True,straight,2000,2000,10,0.0,0.0,0.0,0.0,2.580679,2.33527,733.020209,613.764802,False,False,False,0.0,False,0.0,False,0.0,False,0.0,0.0,False,linear,0.0,0.0,0.0,0.0,False,clear,1.0,0.0
EXP_CC2CE078,42,3578,59.633333,1,1411.686876,1374.764802,-80.0,60.0,0.0,0.0,True,straight,2000,2000,10,0.0,0.0,0.0,0.0,2.572359,2.341511,731.686876,614.764802,False,False,False,0.0,False,0.0,False,0.0,False,0.0,0.0,False,linear,0.0,0.0,0.0,0.0,False,clear,1.0,0.0
EXP_CC2CE078,42,3579,59.65,1,1410.353542,1375.764802,-80.0,60.0,0.0,0.0,True,straight,2000,2000,10,0.0,0.0,0.0,0.0,2.564039,2.347752,730.353542,615.764802,False,False,False,0.0,False,0.0,False,0.0,False,0.0,0.0,False,linear,0.0,0.0,0.0,0.0,False,clear,1.0,0.0
EXP_CC2CE078,42,3580,59.666667,1,1409.020209,1376.764802,-80.0,60.0,0.0,0.0,True,straight,2000,2000,10,0.0,0.0,0.0,0.0,2.555719,2.353993,729.020209,616.764802,False,False,False,0.0,False,0.0,False,0.0,False,0.0,0.0,False,linear,0.0,0.0,0.0,0.0,False,clear,1.0,0.0
EXP_CC2CE078,42,3581,59.683333,1,1407.686876,1377.764802,-80.0,60.0,0.0,0.0,True,straight,2000,2000,10,0.0,0.0,0.0,0.0,2.547399,2.360234,727.686876,617.764802,False,False,False,0.0,False,0.0,False,0.0,False,0.0,0.0,False,linear,0.0,0.0,0.0,0.0,False,clear,1.0,0.0
EXP_CC2CE078,42,3582,59.7,1,1406.353542,1378.764802,-80.0,60.0,0.0,0.0,True,straight,2000,2000,10,0.0,0.0,0.0,0.0,2.539078,2.366474,726.353542,618.764802,False,False,False,0.0,False,0.0,False,0.0,False,0.0,0.0,False,linear,0.0,0.0,0.0,0.0,False,clear,1.0,0.0
EXP_CC2CE078,42,3583,59.716667,1,1405.020209,1379.764802,-80.0,60.0,0.0,0.0,True,straight,2000,2000,10,0.0,0.0,0.0,0.0,2.530758,2.372715,725.020209,619.764802,False,False,False,0.0,False,0.0,False,0.0,False,0.0,0.0,False,linear,0.0,0.0,0.0,0.0,False,clear,1.0,0.0
EXP_CC2CE078,42,3584,59.733333,1,1403.686876,1380.764802,-80.0,60.0,0.0,0.0,True,straight,2000,2000,10,0.0,0.0,0.0,0.0,2.522437,2.378956,723.686876,620.764802,False,False,False,0.0,False,0.0,False,0.0,False,0.0,0.0,False,linear,0.0,0.0,0.0,0.0,False,clear,1.0,0.0
EXP_CC2CE078,42,3585,59.75,1,1402.353542,1381.764802,-80.0,60.0,0.0,0.0,True,straight,2000,2000,10,0.0,0.0,0.0,0.0,2.514117,2.385196,722.353542,621.764802,False,False,False,0.0,False,0.0,False,0.0,False,0.0,0.0,False,linear,0.0,0.0,0.0,0.0,False,clear,1.0,0.0
EXP_CC2CE078,42,3586,59.766667,1,1401.020209,1382.764802,-80.0,60.0,0.0,0.0,True,straight,2000,2000,10,0.0,0.0,0.0,0.0,2.505796,2.391437,721.020209,622.764802,False,False,False,0.0,False,0.0,False,0.0,False,0.0,0.0,False,linear,0.0,0.0,0.0,0.0,False,clear,1.0,0.0
EXP_CC2CE078,42,3587,59.783333,1,1399.686876,1383.764802,-80.0,60.0,0.0,0.0,True,straight,2000,2000,10,0.0,0.0,0.0,0.0,2.497475,2.397678,719.686876,623.764802,False,False,False,0.0,False,0.0,False,0.0,False,0.0,0.0,False,linear,0.0,0.0,0.0,0.0,False,clear,1.0,0.0
EXP_CC2CE078,42,3588,59.8,1,1398.353542,1384.764802,-80.0,60.0,0.0,0.0,True,straight,2000,2000,10,0.0,0.0,0.0,0.0,2.489154,2.403918,718.353542,624.764802,False,False,False,0.0,False,0.0,False,0.0,False,0.0,0.0,False,linear,0.0,0.0,0.0,0.0,False,clear,1.0,0.0
EXP_CC2CE078,42,3589,59.816667,1,1397.020209,1385.764802,-80.0,60.0,0.0,0.0,True,straight,2000,2000,10,0.0,0.0,0.0,0.0,2.480833,2.410158,717.020209,625.764802,False,False,False,0.0,False,0.0,False,0.0,False,0.0,0.0,False,linear,0.0,0.0,0.0,0.0,False,clear,1.0,0.0
EXP_CC2CE078,42,3590,59.833333,1,1395.686876,1386.764802,-80.0,60.0,0.0,0.0,True,straight,2000,2000,10,0.0,0.0,0.0,0.0,2.472512,2.416399,715.686876,626.764802,False,False,False,0.0,False,0.0,False,0.0,False,0.0,0.0,False,linear,0.0,0.0,0.0,0.0,False,clear,1.0,0.0
EXP_CC2CE078,42,3591,59.85,1,1394.353542,1387.764802,-80.0,60.0,0.0,0.0,True,straight,2000,2000,10,0.0,0.0,0.0,0.0,2.464191,2.422639,714.353542,627.764802,False,False,False,0.0,False,0.0,False,0.0,False,0.0,0.0,False,linear,0.0,0.0,0.0,0.0,False,clear,1.0,0.0
EXP_CC2CE078,42,3592,59.866667,1,1393.020209,1388.764802,-80.0,60.0,0.0,0.0,True,straight,2000,2000,10,0.0,0.0,0.0,0.0,2.455869,2.428879,713.020209,628.764802,False,False,False,0.0,False,0.0,False,0.0,False,0.0,0.0,False,linear,0.0,0.0,0.0,0.0,False,clear,1.0,0.0
EXP_CC2CE078,42,3593,59.883333,1,1391.686876,1389.764802,-80.0,60.0,0.0,0.0,True,straight,2000,2000,10,0.0,0.0,0.0,0.0,2.447548,2.435119,711.686876,629.764802,False,False,False,0.0,False,0.0,False,0.0,False,0.0,0.0,False,linear,0.0,0.0,0.0,0.0,False,clear,1.0,0.0
EXP_CC2CE078,42,3594,59.9,1,1390.353542,1390.764802,-80.0,60.0,0.0,0.0,True,straight,2000,2000,10,0.0,0.0,0.0,0.0,2.439226,2.44136,710.353542,630.764802,False,False,False,0.0,False,0.0,False,0.0,False,0.0,0.0,False,linear,0.0,0.0,0.0,0.0,False,clear,1.0,0.0
EXP_CC2CE078,42,3595,59.916667,1,1389.020209,1391.764802,-80.0,60.0,0.0,0.0,True,straight,2000,2000,10,0.0,0.0,0.0,0.0,2.430905,2.4476,709.020209,631.764802,False,False,False,0.0,False,0.0,False,0.0,False,0.0,0.0,False,linear,0.0,0.0,0.0,0.0,False,clear,1.0,0.0
EXP_CC2CE078,42,3596,59.933333,1,1387.686876,1392.764802,-80.0,60.0,0.0,0.0,True,straight,2000,2000,10,0.0,0.0,0.0,0.0,2.422583,2.45384,707.686876,632.764802,False,False,False,0.0,False,0.0,False,0.0,False,0.0,0.0,False,linear,0.0,0.0,0.0,0.0,False,clear,1.0,0.0
EXP_CC2CE078,42,3597,59.95,1,1386.353542,1393.764802,-80.0,60.0,0.0,0.0,True,straight,2000,2000,10,0.0,0.0,0.0,0.0,2.414261,2.46008,706.353542,633.764802,False,False,False,0.0,False,0.0,False,0.0,False,0.0,0.0,False,linear,0.0,0.0,0.0,0.0,False,clear,1.0,0.0
EXP_CC2CE078,42,3598,59.966667,1,1385.020209,1394.764802,-80.0,60.0,0.0,0.0,True,straight,2000,2000,10,0.0,0.0,0.0,0.0,2.405939,2.466319,705.020209,634.764802,False,False,False,0.0,False,0.0,False,0.0,False,0.0,0.0,False,linear,0.0,0.0,0.0,0.0,False,clear,1.0,0.0
EXP_CC2CE078,42,3599,59.983333,1,1383.686876,1395.764802,-80.0,60.0,0.0,0.0,True,straight,2000,2000,10,0.0,0.0,0.0,0.0,2.397617,2.472559,703.686876,635.764802,False,False,False,0.0,False,0.0,False,0.0,False,0.0,0.0,False,linear,0.0,0.0,0.0,0.0,False,clear,1.0,0.0
EXP_CC2CE078,42,3600,60.0,1,1382.353542,1396.764802,-80.0,60.0,0.0,0.0,True,straight,2000,2000,10,0.0,0.0,0.0,0.0,2.389295,2.478799,702.353542,636.764802,False,False,False,0.0,False,0.0,False,0.0,False,0.0,0.0,False,linear,0.0,0.0,0.0,0.0,False,clear,1.0,0.0
