perception,estimator,controller,centroid_method,preset,trajectory,status,mean_error_px,max_error_px,lock_rate_pct,nan_inf
SOTA_FOURIER_GMM,IMM_ADAPTIVE_EKF,ADRC_NONLINEAR,weighted_cog,NOMINAL,figure8,PASSED,14.63,35.34,40.0,NO
SOTA_FOURIER_GMM,IMM_ADAPTIVE_EKF,ADRC_NONLINEAR,weighted_cog,NOMINAL,sinusoidal,PASSED,38.18,120.87,0.0,NO
SOTA_FOURIER_GMM,IMM_ADAPTIVE_EKF,ADRC_NONLINEAR,weighted_cog,NOMINAL,circular,PASSED,298.3,300.9,40.0,NO
SOTA_FOURIER_GMM,IMM_ADAPTIVE_EKF,ADRC_NONLINEAR,weighted_cog,NOMINAL,straight,PASSED,3.54,6.47,40.0,NO
SOTA_FOURIER_GMM,IMM_ADAPTIVE_EKF,ADRC_NONLINEAR,weighted_cog,NOMINAL,random,PASSED,2.46,2.5,40.0,NO
SOTA_FOURIER_GMM,IMM_ADAPTIVE_EKF,ADRC_NONLINEAR,weighted_cog,NOMINAL,spiral,PASSED,48.94,52.5,40.0,NO
SOTA_FOURIER_GMM,IMM_ADAPTIVE_EKF,ADRC_NONLINEAR,weighted_cog,DIFFICULT,figure8,PASSED,15.16,35.3,40.0,NO
SOTA_FOURIER_GMM,IMM_ADAPTIVE_EKF,ADRC_NONLINEAR,weighted_cog,DIFFICULT,sinusoidal,PASSED,36.84,118.16,0.0,NO
SOTA_FOURIER_GMM,IMM_ADAPTIVE_EKF,ADRC_NONLINEAR,weighted_cog,DIFFICULT,circular,PASSED,303.12,304.22,40.0,NO
SOTA_FOURIER_GMM,IMM_ADAPTIVE_EKF,ADRC_NONLINEAR,weighted_cog,DIFFICULT,straight,PASSED,3.8,6.24,40.0,NO
SOTA_FOURIER_GMM,IMM_ADAPTIVE_EKF,ADRC_NONLINEAR,weighted_cog,DIFFICULT,random,PASSED,4.79,6.06,40.0,NO
SOTA_FOURIER_GMM,IMM_ADAPTIVE_EKF,ADRC_NONLINEAR,weighted_cog,DIFFICULT,spiral,PASSED,51.81,55.06,40.0,NO
SOTA_FOURIER_GMM,IMM_ADAPTIVE_EKF,ADRC_NONLINEAR,weighted_cog,SEVERE,figure8,PASSED,20.85,28.84,40.0,NO
SOTA_FOURIER_GMM,IMM_ADAPTIVE_EKF,ADRC_NONLINEAR,weighted_cog,SEVERE,sinusoidal,PASSED,10.95,10.95,0.0,NO
SOTA_FOURIER_GMM,IMM_ADAPTIVE_EKF,ADRC_NONLINEAR,weighted_cog,SEVERE,circular,PASSED,307.75,311.44,40.0,NO
SOTA_FOURIER_GMM,IMM_ADAPTIVE_EKF,ADRC_NONLINEAR,weighted_cog,SEVERE,straight,PASSED,12.02,16.06,40.0,NO
SOTA_FOURIER_GMM,IMM_ADAPTIVE_EKF,ADRC_NONLINEAR,weighted_cog,SEVERE,random,PASSED,12.23,13.41,40.0,NO
SOTA_FOURIER_GMM,IMM_ADAPTIVE_EKF,ADRC_NONLINEAR,weighted_cog,SEVERE,spiral,PASSED,59.21,64.21,40.0,NO
SOTA_FOURIER_GMM,IMM_ADAPTIVE_EKF,ADRC_NONLINEAR,weighted_cog,RECOVERY,figure8,PASSED,20.19,29.39,40.0,NO
SOTA_FOURIER_GMM,IMM_ADAPTIVE_EKF,ADRC_NONLINEAR,weighted_cog,RECOVERY,sinusoidal,PASSED,43.24,109.06,0.0,NO
SOTA_FOURIER_GMM,IMM_ADAPTIVE_EKF,ADRC_NONLINEAR,weighted_cog,RECOVERY,circular,PASSED,308.05,314.92,40.0,NO
SOTA_FOURIER_GMM,IMM_ADAPTIVE_EKF,ADRC_NONLINEAR,weighted_cog,RECOVERY,straight,PASSED,13.83,20.21,40.0,NO
SOTA_FOURIER_GMM,IMM_ADAPTIVE_EKF,ADRC_NONLINEAR,weighted_cog,RECOVERY,random,PASSED,12.79,15.44,40.0,NO
SOTA_FOURIER_GMM,IMM_ADAPTIVE_EKF,ADRC_NONLINEAR,weighted_cog,RECOVERY,spiral,PASSED,58.63,64.76,40.0,NO
SOTA_FOURIER_GMM,IMM_ADAPTIVE_EKF,ADRC_NONLINEAR,weighted_cog,ADVERSARIAL,figure8,PASSED,25.28,31.92,40.0,NO
SOTA_FOURIER_GMM,IMM_ADAPTIVE_EKF,ADRC_NONLINEAR,weighted_cog,ADVERSARIAL,sinusoidal,PASSED,76.21,218.8,0.0,NO
SOTA_FOURIER_GMM,IMM_ADAPTIVE_EKF,ADRC_NONLINEAR,weighted_cog,ADVERSARIAL,circular,PASSED,287.27,308.03,0.0,NO
SOTA_FOURIER_GMM,IMM_ADAPTIVE_EKF,ADRC_NONLINEAR,weighted_cog,ADVERSARIAL,straight,PASSED,24.94,43.49,40.0,NO
SOTA_FOURIER_GMM,IMM_ADAPTIVE_EKF,ADRC_NONLINEAR,weighted_cog,ADVERSARIAL,random,PASSED,16.13,18.72,40.0,NO
SOTA_FOURIER_GMM,IMM_ADAPTIVE_EKF,ADRC_NONLINEAR,weighted_cog,ADVERSARIAL,spiral,PASSED,63.37,72.81,40.0,NO
SOTA_FOURIER_GMM,IMM_ADAPTIVE_EKF,ADRC_NONLINEAR,gaussian_fit,NOMINAL,figure8,PASSED,14.63,35.34,40.0,NO
SOTA_FOURIER_GMM,IMM_ADAPTIVE_EKF,ADRC_NONLINEAR,gaussian_fit,NOMINAL,sinusoidal,PASSED,38.18,120.87,0.0,NO
SOTA_FOURIER_GMM,IMM_ADAPTIVE_EKF,ADRC_NONLINEAR,gaussian_fit,NOMINAL,circular,PASSED,298.3,300.9,40.0,NO
SOTA_FOURIER_GMM,IMM_ADAPTIVE_EKF,ADRC_NONLINEAR,gaussian_fit,NOMINAL,straight,PASSED,3.54,6.47,40.0,NO
SOTA_FOURIER_GMM,IMM_ADAPTIVE_EKF,ADRC_NONLINEAR,gaussian_fit,NOMINAL,random,PASSED,2.46,2.5,40.0,NO
SOTA_FOURIER_GMM,IMM_ADAPTIVE_EKF,ADRC_NONLINEAR,gaussian_fit,NOMINAL,spiral,PASSED,48.94,52.5,40.0,NO
SOTA_FOURIER_GMM,IMM_ADAPTIVE_EKF,ADRC_NONLINEAR,gaussian_fit,DIFFICULT,figure8,PASSED,15.16,35.3,40.0,NO
SOTA_FOURIER_GMM,IMM_ADAPTIVE_EKF,ADRC_NONLINEAR,gaussian_fit,DIFFICULT,sinusoidal,PASSED,36.84,118.16,0.0,NO
SOTA_FOURIER_GMM,IMM_ADAPTIVE_EKF,ADRC_NONLINEAR,gaussian_fit,DIFFICULT,circular,PASSED,303.12,304.22,40.0,NO
SOTA_FOURIER_GMM,IMM_ADAPTIVE_EKF,ADRC_NONLINEAR,gaussian_fit,DIFFICULT,straight,PASSED,3.8,6.24,40.0,NO
SOTA_FOURIER_GMM,IMM_ADAPTIVE_EKF,ADRC_NONLINEAR,gaussian_fit,DIFFICULT,random,PASSED,4.79,6.06,40.0,NO
SOTA_FOURIER_GMM,IMM_ADAPTIVE_EKF,ADRC_NONLINEAR,gaussian_fit,DIFFICULT,spiral,PASSED,51.81,55.06,40.0,NO
SOTA_FOURIER_GMM,IMM_ADAPTIVE_EKF,ADRC_NONLINEAR,gaussian_fit,SEVERE,figure8,PASSED,20.85,28.84,40.0,NO
SOTA_FOURIER_GMM,IMM_ADAPTIVE_EKF,ADRC_NONLINEAR,gaussian_fit,SEVERE,sinusoidal,PASSED,10.95,10.95,0.0,NO
SOTA_FOURIER_GMM,IMM_ADAPTIVE_EKF,ADRC_NONLINEAR,gaussian_fit,SEVERE,circular,PASSED,307.75,311.44,40.0,NO
SOTA_FOURIER_GMM,IMM_ADAPTIVE_EKF,ADRC_NONLINEAR,gaussian_fit,SEVERE,straight,PASSED,12.02,16.06,40.0,NO
SOTA_FOURIER_GMM,IMM_ADAPTIVE_EKF,ADRC_NONLINEAR,gaussian_fit,SEVERE,random,PASSED,12.23,13.41,40.0,NO
SOTA_FOURIER_GMM,IMM_ADAPTIVE_EKF,ADRC_NONLINEAR,gaussian_fit,SEVERE,spiral,PASSED,59.21,64.21,40.0,NO
SOTA_FOURIER_GMM,IMM_ADAPTIVE_EKF,ADRC_NONLINEAR,gaussian_fit,RECOVERY,figure8,PASSED,20.19,29.39,40.0,NO
SOTA_FOURIER_GMM,IMM_ADAPTIVE_EKF,ADRC_NONLINEAR,gaussian_fit,RECOVERY,sinusoidal,PASSED,43.24,109.06,0.0,NO
SOTA_FOURIER_GMM,IMM_ADAPTIVE_EKF,ADRC_NONLINEAR,gaussian_fit,RECOVERY,circular,PASSED,308.05,314.92,40.0,NO
SOTA_FOURIER_GMM,IMM_ADAPTIVE_EKF,ADRC_NONLINEAR,gaussian_fit,RECOVERY,straight,PASSED,13.83,20.21,40.0,NO
SOTA_FOURIER_GMM,IMM_ADAPTIVE_EKF,ADRC_NONLINEAR,gaussian_fit,RECOVERY,random,PASSED,12.79,15.44,40.0,NO
SOTA_FOURIER_GMM,IMM_ADAPTIVE_EKF,ADRC_NONLINEAR,gaussian_fit,RECOVERY,spiral,PASSED,58.63,64.76,40.0,NO
SOTA_FOURIER_GMM,IMM_ADAPTIVE_EKF,ADRC_NONLINEAR,gaussian_fit,ADVERSARIAL,figure8,PASSED,25.28,31.92,40.0,NO
SOTA_FOURIER_GMM,IMM_ADAPTIVE_EKF,ADRC_NONLINEAR,gaussian_fit,ADVERSARIAL,sinusoidal,PASSED,76.21,218.8,0.0,NO
SOTA_FOURIER_GMM,IMM_ADAPTIVE_EKF,ADRC_NONLINEAR,gaussian_fit,ADVERSARIAL,circular,PASSED,287.27,308.03,0.0,NO
SOTA_FOURIER_GMM,IMM_ADAPTIVE_EKF,ADRC_NONLINEAR,gaussian_fit,ADVERSARIAL,straight,PASSED,24.94,43.49,40.0,NO
SOTA_FOURIER_GMM,IMM_ADAPTIVE_EKF,ADRC_NONLINEAR,gaussian_fit,ADVERSARIAL,random,PASSED,16.13,18.72,40.0,NO
SOTA_FOURIER_GMM,IMM_ADAPTIVE_EKF,ADRC_NONLINEAR,gaussian_fit,ADVERSARIAL,spiral,PASSED,63.37,72.81,40.0,NO
SOTA_FOURIER_GMM,IMM_ADAPTIVE_EKF,ADRC_NONLINEAR,geometric,NOMINAL,figure8,PASSED,14.63,35.34,40.0,NO
SOTA_FOURIER_GMM,IMM_ADAPTIVE_EKF,ADRC_NONLINEAR,geometric,NOMINAL,sinusoidal,PASSED,38.18,120.87,0.0,NO
SOTA_FOURIER_GMM,IMM_ADAPTIVE_EKF,ADRC_NONLINEAR,geometric,NOMINAL,circular,PASSED,298.3,300.9,40.0,NO
SOTA_FOURIER_GMM,IMM_ADAPTIVE_EKF,ADRC_NONLINEAR,geometric,NOMINAL,straight,PASSED,3.54,6.47,40.0,NO
SOTA_FOURIER_GMM,IMM_ADAPTIVE_EKF,ADRC_NONLINEAR,geometric,NOMINAL,random,PASSED,2.46,2.5,40.0,NO
SOTA_FOURIER_GMM,IMM_ADAPTIVE_EKF,ADRC_NONLINEAR,geometric,NOMINAL,spiral,PASSED,48.94,52.5,40.0,NO
SOTA_FOURIER_GMM,IMM_ADAPTIVE_EKF,ADRC_NONLINEAR,geometric,DIFFICULT,figure8,PASSED,15.16,35.3,40.0,NO
SOTA_FOURIER_GMM,IMM_ADAPTIVE_EKF,ADRC_NONLINEAR,geometric,DIFFICULT,sinusoidal,PASSED,36.84,118.16,0.0,NO
SOTA_FOURIER_GMM,IMM_ADAPTIVE_EKF,ADRC_NONLINEAR,geometric,DIFFICULT,circular,PASSED,303.12,304.22,40.0,NO
SOTA_FOURIER_GMM,IMM_ADAPTIVE_EKF,ADRC_NONLINEAR,geometric,DIFFICULT,straight,PASSED,3.8,6.24,40.0,NO
SOTA_FOURIER_GMM,IMM_ADAPTIVE_EKF,ADRC_NONLINEAR,geometric,DIFFICULT,random,PASSED,4.79,6.06,40.0,NO
SOTA_FOURIER_GMM,IMM_ADAPTIVE_EKF,ADRC_NONLINEAR,geometric,DIFFICULT,spiral,PASSED,51.81,55.06,40.0,NO
SOTA_FOURIER_GMM,IMM_ADAPTIVE_EKF,ADRC_NONLINEAR,geometric,SEVERE,figure8,PASSED,20.85,28.84,40.0,NO
SOTA_FOURIER_GMM,IMM_ADAPTIVE_EKF,ADRC_NONLINEAR,geometric,SEVERE,sinusoidal,PASSED,10.95,10.95,0.0,NO
SOTA_FOURIER_GMM,IMM_ADAPTIVE_EKF,ADRC_NONLINEAR,geometric,SEVERE,circular,PASSED,307.75,311.44,40.0,NO
SOTA_FOURIER_GMM,IMM_ADAPTIVE_EKF,ADRC_NONLINEAR,geometric,SEVERE,straight,PASSED,12.02,16.06,40.0,NO
SOTA_FOURIER_GMM,IMM_ADAPTIVE_EKF,ADRC_NONLINEAR,geometric,SEVERE,random,PASSED,12.23,13.41,40.0,NO
SOTA_FOURIER_GMM,IMM_ADAPTIVE_EKF,ADRC_NONLINEAR,geometric,SEVERE,spiral,PASSED,59.21,64.21,40.0,NO
SOTA_FOURIER_GMM,IMM_ADAPTIVE_EKF,ADRC_NONLINEAR,geometric,RECOVERY,figure8,PASSED,20.19,29.39,40.0,NO
SOTA_FOURIER_GMM,IMM_ADAPTIVE_EKF,ADRC_NONLINEAR,geometric,RECOVERY,sinusoidal,PASSED,43.24,109.06,0.0,NO
SOTA_FOURIER_GMM,IMM_ADAPTIVE_EKF,ADRC_NONLINEAR,geometric,RECOVERY,circular,PASSED,308.05,314.92,40.0,NO
SOTA_FOURIER_GMM,IMM_ADAPTIVE_EKF,ADRC_NONLINEAR,geometric,RECOVERY,straight,PASSED,13.83,20.21,40.0,NO
SOTA_FOURIER_GMM,IMM_ADAPTIVE_EKF,ADRC_NONLINEAR,geometric,RECOVERY,random,PASSED,12.79,15.44,40.0,NO
SOTA_FOURIER_GMM,IMM_ADAPTIVE_EKF,ADRC_NONLINEAR,geometric,RECOVERY,spiral,PASSED,58.63,64.76,40.0,NO
SOTA_FOURIER_GMM,IMM_ADAPTIVE_EKF,ADRC_NONLINEAR,geometric,ADVERSARIAL,figure8,PASSED,25.28,31.92,40.0,NO
SOTA_FOURIER_GMM,IMM_ADAPTIVE_EKF,ADRC_NONLINEAR,geometric,ADVERSARIAL,sinusoidal,PASSED,76.21,218.8,0.0,NO
SOTA_FOURIER_GMM,IMM_ADAPTIVE_EKF,ADRC_NONLINEAR,geometric,ADVERSARIAL,circular,PASSED,287.27,308.03,0.0,NO
SOTA_FOURIER_GMM,IMM_ADAPTIVE_EKF,ADRC_NONLINEAR,geometric,ADVERSARIAL,straight,PASSED,24.94,43.49,40.0,NO
SOTA_FOURIER_GMM,IMM_ADAPTIVE_EKF,ADRC_NONLINEAR,geometric,ADVERSARIAL,random,PASSED,16.13,18.72,40.0,NO
SOTA_FOURIER_GMM,IMM_ADAPTIVE_EKF,ADRC_NONLINEAR,geometric,ADVERSARIAL,spiral,PASSED,63.37,72.81,40.0,NO
SOTA_FOURIER_GMM,IMM_ADAPTIVE_EKF,PID,weighted_cog,NOMINAL,figure8,PASSED,14.63,35.34,40.0,NO
SOTA_FOURIER_GMM,IMM_ADAPTIVE_EKF,PID,weighted_cog,NOMINAL,sinusoidal,PASSED,38.18,120.87,0.0,NO
SOTA_FOURIER_GMM,IMM_ADAPTIVE_EKF,PID,weighted_cog,NOMINAL,circular,PASSED,298.3,300.9,40.0,NO
SOTA_FOURIER_GMM,IMM_ADAPTIVE_EKF,PID,weighted_cog,NOMINAL,straight,PASSED,3.54,6.47,40.0,NO
SOTA_FOURIER_GMM,IMM_ADAPTIVE_EKF,PID,weighted_cog,NOMINAL,random,PASSED,2.46,2.5,40.0,NO
SOTA_FOURIER_GMM,IMM_ADAPTIVE_EKF,PID,weighted_cog,NOMINAL,spiral,PASSED,48.94,52.5,40.0,NO
SOTA_FOURIER_GMM,IMM_ADAPTIVE_EKF,PID,weighted_cog,DIFFICULT,figure8,PASSED,15.16,35.3,40.0,NO
SOTA_FOURIER_GMM,IMM_ADAPTIVE_EKF,PID,weighted_cog,DIFFICULT,sinusoidal,PASSED,36.84,118.16,0.0,NO
SOTA_FOURIER_GMM,IMM_ADAPTIVE_EKF,PID,weighted_cog,DIFFICULT,circular,PASSED,303.12,304.22,40.0,NO
SOTA_FOURIER_GMM,IMM_ADAPTIVE_EKF,PID,weighted_cog,DIFFICULT,straight,PASSED,3.8,6.24,40.0,NO
SOTA_FOURIER_GMM,IMM_ADAPTIVE_EKF,PID,weighted_cog,DIFFICULT,random,PASSED,4.79,6.06,40.0,NO
SOTA_FOURIER_GMM,IMM_ADAPTIVE_EKF,PID,weighted_cog,DIFFICULT,spiral,PASSED,51.81,55.06,40.0,NO
SOTA_FOURIER_GMM,IMM_ADAPTIVE_EKF,PID,weighted_cog,SEVERE,figure8,PASSED,20.85,28.84,40.0,NO
SOTA_FOURIER_GMM,IMM_ADAPTIVE_EKF,PID,weighted_cog,SEVERE,sinusoidal,PASSED,10.95,10.95,0.0,NO
SOTA_FOURIER_GMM,IMM_ADAPTIVE_EKF,PID,weighted_cog,SEVERE,circular,PASSED,307.75,311.44,40.0,NO
SOTA_FOURIER_GMM,IMM_ADAPTIVE_EKF,PID,weighted_cog,SEVERE,straight,PASSED,12.02,16.06,40.0,NO
SOTA_FOURIER_GMM,IMM_ADAPTIVE_EKF,PID,weighted_cog,SEVERE,random,PASSED,12.23,13.41,40.0,NO
SOTA_FOURIER_GMM,IMM_ADAPTIVE_EKF,PID,weighted_cog,SEVERE,spiral,PASSED,59.21,64.21,40.0,NO
SOTA_FOURIER_GMM,IMM_ADAPTIVE_EKF,PID,weighted_cog,RECOVERY,figure8,PASSED,20.19,29.39,40.0,NO
SOTA_FOURIER_GMM,IMM_ADAPTIVE_EKF,PID,weighted_cog,RECOVERY,sinusoidal,PASSED,43.24,109.06,0.0,NO
SOTA_FOURIER_GMM,IMM_ADAPTIVE_EKF,PID,weighted_cog,RECOVERY,circular,PASSED,308.05,314.92,40.0,NO
SOTA_FOURIER_GMM,IMM_ADAPTIVE_EKF,PID,weighted_cog,RECOVERY,straight,PASSED,13.83,20.21,40.0,NO
SOTA_FOURIER_GMM,IMM_ADAPTIVE_EKF,PID,weighted_cog,RECOVERY,random,PASSED,12.79,15.44,40.0,NO
SOTA_FOURIER_GMM,IMM_ADAPTIVE_EKF,PID,weighted_cog,RECOVERY,spiral,PASSED,58.63,64.76,40.0,NO
SOTA_FOURIER_GMM,IMM_ADAPTIVE_EKF,PID,weighted_cog,ADVERSARIAL,figure8,PASSED,25.28,31.92,40.0,NO
SOTA_FOURIER_GMM,IMM_ADAPTIVE_EKF,PID,weighted_cog,ADVERSARIAL,sinusoidal,PASSED,76.21,218.8,0.0,NO
SOTA_FOURIER_GMM,IMM_ADAPTIVE_EKF,PID,weighted_cog,ADVERSARIAL,circular,PASSED,287.27,308.03,0.0,NO
SOTA_FOURIER_GMM,IMM_ADAPTIVE_EKF,PID,weighted_cog,ADVERSARIAL,straight,PASSED,24.94,43.49,40.0,NO
SOTA_FOURIER_GMM,IMM_ADAPTIVE_EKF,PID,weighted_cog,ADVERSARIAL,random,PASSED,16.13,18.72,40.0,NO
SOTA_FOURIER_GMM,IMM_ADAPTIVE_EKF,PID,weighted_cog,ADVERSARIAL,spiral,PASSED,63.37,72.81,40.0,NO
SOTA_FOURIER_GMM,IMM_ADAPTIVE_EKF,PID,gaussian_fit,NOMINAL,figure8,PASSED,14.63,35.34,40.0,NO
SOTA_FOURIER_GMM,IMM_ADAPTIVE_EKF,PID,gaussian_fit,NOMINAL,sinusoidal,PASSED,38.18,120.87,0.0,NO
SOTA_FOURIER_GMM,IMM_ADAPTIVE_EKF,PID,gaussian_fit,NOMINAL,circular,PASSED,298.3,300.9,40.0,NO
SOTA_FOURIER_GMM,IMM_ADAPTIVE_EKF,PID,gaussian_fit,NOMINAL,straight,PASSED,3.54,6.47,40.0,NO
SOTA_FOURIER_GMM,IMM_ADAPTIVE_EKF,PID,gaussian_fit,NOMINAL,random,PASSED,2.46,2.5,40.0,NO
SOTA_FOURIER_GMM,IMM_ADAPTIVE_EKF,PID,gaussian_fit,NOMINAL,spiral,PASSED,48.94,52.5,40.0,NO
SOTA_FOURIER_GMM,IMM_ADAPTIVE_EKF,PID,gaussian_fit,DIFFICULT,figure8,PASSED,15.16,35.3,40.0,NO
SOTA_FOURIER_GMM,IMM_ADAPTIVE_EKF,PID,gaussian_fit,DIFFICULT,sinusoidal,PASSED,36.84,118.16,0.0,NO
SOTA_FOURIER_GMM,IMM_ADAPTIVE_EKF,PID,gaussian_fit,DIFFICULT,circular,PASSED,303.12,304.22,40.0,NO
SOTA_FOURIER_GMM,IMM_ADAPTIVE_EKF,PID,gaussian_fit,DIFFICULT,straight,PASSED,3.8,6.24,40.0,NO
SOTA_FOURIER_GMM,IMM_ADAPTIVE_EKF,PID,gaussian_fit,DIFFICULT,random,PASSED,4.79,6.06,40.0,NO
SOTA_FOURIER_GMM,IMM_ADAPTIVE_EKF,PID,gaussian_fit,DIFFICULT,spiral,PASSED,51.81,55.06,40.0,NO
SOTA_FOURIER_GMM,IMM_ADAPTIVE_EKF,PID,gaussian_fit,SEVERE,figure8,PASSED,20.85,28.84,40.0,NO
SOTA_FOURIER_GMM,IMM_ADAPTIVE_EKF,PID,gaussian_fit,SEVERE,sinusoidal,PASSED,10.95,10.95,0.0,NO
SOTA_FOURIER_GMM,IMM_ADAPTIVE_EKF,PID,gaussian_fit,SEVERE,circular,PASSED,307.75,311.44,40.0,NO
SOTA_FOURIER_GMM,IMM_ADAPTIVE_EKF,PID,gaussian_fit,SEVERE,straight,PASSED,12.02,16.06,40.0,NO
SOTA_FOURIER_GMM,IMM_ADAPTIVE_EKF,PID,gaussian_fit,SEVERE,random,PASSED,12.23,13.41,40.0,NO
SOTA_FOURIER_GMM,IMM_ADAPTIVE_EKF,PID,gaussian_fit,SEVERE,spiral,PASSED,59.21,64.21,40.0,NO
SOTA_FOURIER_GMM,IMM_ADAPTIVE_EKF,PID,gaussian_fit,RECOVERY,figure8,PASSED,20.19,29.39,40.0,NO
SOTA_FOURIER_GMM,IMM_ADAPTIVE_EKF,PID,gaussian_fit,RECOVERY,sinusoidal,PASSED,43.24,109.06,0.0,NO
SOTA_FOURIER_GMM,IMM_ADAPTIVE_EKF,PID,gaussian_fit,RECOVERY,circular,PASSED,308.05,314.92,40.0,NO
SOTA_FOURIER_GMM,IMM_ADAPTIVE_EKF,PID,gaussian_fit,RECOVERY,straight,PASSED,13.83,20.21,40.0,NO
SOTA_FOURIER_GMM,IMM_ADAPTIVE_EKF,PID,gaussian_fit,RECOVERY,random,PASSED,12.79,15.44,40.0,NO
SOTA_FOURIER_GMM,IMM_ADAPTIVE_EKF,PID,gaussian_fit,RECOVERY,spiral,PASSED,58.63,64.76,40.0,NO
SOTA_FOURIER_GMM,IMM_ADAPTIVE_EKF,PID,gaussian_fit,ADVERSARIAL,figure8,PASSED,25.28,31.92,40.0,NO
SOTA_FOURIER_GMM,IMM_ADAPTIVE_EKF,PID,gaussian_fit,ADVERSARIAL,sinusoidal,PASSED,76.21,218.8,0.0,NO
SOTA_FOURIER_GMM,IMM_ADAPTIVE_EKF,PID,gaussian_fit,ADVERSARIAL,circular,PASSED,287.27,308.03,0.0,NO
SOTA_FOURIER_GMM,IMM_ADAPTIVE_EKF,PID,gaussian_fit,ADVERSARIAL,straight,PASSED,24.94,43.49,40.0,NO
SOTA_FOURIER_GMM,IMM_ADAPTIVE_EKF,PID,gaussian_fit,ADVERSARIAL,random,PASSED,16.13,18.72,40.0,NO
SOTA_FOURIER_GMM,IMM_ADAPTIVE_EKF,PID,gaussian_fit,ADVERSARIAL,spiral,PASSED,63.37,72.81,40.0,NO
SOTA_FOURIER_GMM,IMM_ADAPTIVE_EKF,PID,geometric,NOMINAL,figure8,PASSED,14.63,35.34,40.0,NO
SOTA_FOURIER_GMM,IMM_ADAPTIVE_EKF,PID,geometric,NOMINAL,sinusoidal,PASSED,38.18,120.87,0.0,NO
SOTA_FOURIER_GMM,IMM_ADAPTIVE_EKF,PID,geometric,NOMINAL,circular,PASSED,298.3,300.9,40.0,NO
SOTA_FOURIER_GMM,IMM_ADAPTIVE_EKF,PID,geometric,NOMINAL,straight,PASSED,3.54,6.47,40.0,NO
SOTA_FOURIER_GMM,IMM_ADAPTIVE_EKF,PID,geometric,NOMINAL,random,PASSED,2.46,2.5,40.0,NO
SOTA_FOURIER_GMM,IMM_ADAPTIVE_EKF,PID,geometric,NOMINAL,spiral,PASSED,48.94,52.5,40.0,NO
SOTA_FOURIER_GMM,IMM_ADAPTIVE_EKF,PID,geometric,DIFFICULT,figure8,PASSED,15.16,35.3,40.0,NO
SOTA_FOURIER_GMM,IMM_ADAPTIVE_EKF,PID,geometric,DIFFICULT,sinusoidal,PASSED,36.84,118.16,0.0,NO
SOTA_FOURIER_GMM,IMM_ADAPTIVE_EKF,PID,geometric,DIFFICULT,circular,PASSED,303.12,304.22,40.0,NO
SOTA_FOURIER_GMM,IMM_ADAPTIVE_EKF,PID,geometric,DIFFICULT,straight,PASSED,3.8,6.24,40.0,NO
SOTA_FOURIER_GMM,IMM_ADAPTIVE_EKF,PID,geometric,DIFFICULT,random,PASSED,4.79,6.06,40.0,NO
SOTA_FOURIER_GMM,IMM_ADAPTIVE_EKF,PID,geometric,DIFFICULT,spiral,PASSED,51.81,55.06,40.0,NO
SOTA_FOURIER_GMM,IMM_ADAPTIVE_EKF,PID,geometric,SEVERE,figure8,PASSED,20.85,28.84,40.0,NO
SOTA_FOURIER_GMM,IMM_ADAPTIVE_EKF,PID,geometric,SEVERE,sinusoidal,PASSED,10.95,10.95,0.0,NO
SOTA_FOURIER_GMM,IMM_ADAPTIVE_EKF,PID,geometric,SEVERE,circular,PASSED,307.75,311.44,40.0,NO
SOTA_FOURIER_GMM,IMM_ADAPTIVE_EKF,PID,geometric,SEVERE,straight,PASSED,12.02,16.06,40.0,NO
SOTA_FOURIER_GMM,IMM_ADAPTIVE_EKF,PID,geometric,SEVERE,random,PASSED,12.23,13.41,40.0,NO
SOTA_FOURIER_GMM,IMM_ADAPTIVE_EKF,PID,geometric,SEVERE,spiral,PASSED,59.21,64.21,40.0,NO
SOTA_FOURIER_GMM,IMM_ADAPTIVE_EKF,PID,geometric,RECOVERY,figure8,PASSED,20.19,29.39,40.0,NO
SOTA_FOURIER_GMM,IMM_ADAPTIVE_EKF,PID,geometric,RECOVERY,sinusoidal,PASSED,43.24,109.06,0.0,NO
SOTA_FOURIER_GMM,IMM_ADAPTIVE_EKF,PID,geometric,RECOVERY,circular,PASSED,308.05,314.92,40.0,NO
SOTA_FOURIER_GMM,IMM_ADAPTIVE_EKF,PID,geometric,RECOVERY,straight,PASSED,13.83,20.21,40.0,NO
SOTA_FOURIER_GMM,IMM_ADAPTIVE_EKF,PID,geometric,RECOVERY,random,PASSED,12.79,15.44,40.0,NO
SOTA_FOURIER_GMM,IMM_ADAPTIVE_EKF,PID,geometric,RECOVERY,spiral,PASSED,58.63,64.76,40.0,NO
SOTA_FOURIER_GMM,IMM_ADAPTIVE_EKF,PID,geometric,ADVERSARIAL,figure8,PASSED,25.28,31.92,40.0,NO
SOTA_FOURIER_GMM,IMM_ADAPTIVE_EKF,PID,geometric,ADVERSARIAL,sinusoidal,PASSED,76.21,218.8,0.0,NO
SOTA_FOURIER_GMM,IMM_ADAPTIVE_EKF,PID,geometric,ADVERSARIAL,circular,PASSED,287.27,308.03,0.0,NO
SOTA_FOURIER_GMM,IMM_ADAPTIVE_EKF,PID,geometric,ADVERSARIAL,straight,PASSED,24.94,43.49,40.0,NO
SOTA_FOURIER_GMM,IMM_ADAPTIVE_EKF,PID,geometric,ADVERSARIAL,random,PASSED,16.13,18.72,40.0,NO
SOTA_FOURIER_GMM,IMM_ADAPTIVE_EKF,PID,geometric,ADVERSARIAL,spiral,PASSED,63.37,72.81,40.0,NO
SOTA_FOURIER_GMM,STANDARD_EKF,ADRC_NONLINEAR,weighted_cog,NOMINAL,figure8,PASSED,14.46,33.92,40.0,NO
SOTA_FOURIER_GMM,STANDARD_EKF,ADRC_NONLINEAR,weighted_cog,NOMINAL,sinusoidal,PASSED,37.01,120.83,0.0,NO
SOTA_FOURIER_GMM,STANDARD_EKF,ADRC_NONLINEAR,weighted_cog,NOMINAL,circular,PASSED,298.19,300.33,40.0,NO
SOTA_FOURIER_GMM,STANDARD_EKF,ADRC_NONLINEAR,weighted_cog,NOMINAL,straight,PASSED,3.47,6.03,40.0,NO
SOTA_FOURIER_GMM,STANDARD_EKF,ADRC_NONLINEAR,weighted_cog,NOMINAL,random,PASSED,2.46,2.5,40.0,NO
SOTA_FOURIER_GMM,STANDARD_EKF,ADRC_NONLINEAR,weighted_cog,NOMINAL,spiral,PASSED,48.84,51.99,40.0,NO
SOTA_FOURIER_GMM,STANDARD_EKF,ADRC_NONLINEAR,weighted_cog,DIFFICULT,figure8,PASSED,15.07,34.28,40.0,NO
SOTA_FOURIER_GMM,STANDARD_EKF,ADRC_NONLINEAR,weighted_cog,DIFFICULT,sinusoidal,PASSED,36.79,117.89,0.0,NO
SOTA_FOURIER_GMM,STANDARD_EKF,ADRC_NONLINEAR,weighted_cog,DIFFICULT,circular,PASSED,303.24,304.26,40.0,NO
SOTA_FOURIER_GMM,STANDARD_EKF,ADRC_NONLINEAR,weighted_cog,DIFFICULT,straight,PASSED,3.95,6.75,40.0,NO
SOTA_FOURIER_GMM,STANDARD_EKF,ADRC_NONLINEAR,weighted_cog,DIFFICULT,random,PASSED,4.76,6.06,40.0,NO
SOTA_FOURIER_GMM,STANDARD_EKF,ADRC_NONLINEAR,weighted_cog,DIFFICULT,spiral,PASSED,51.98,55.51,40.0,NO
SOTA_FOURIER_GMM,STANDARD_EKF,ADRC_NONLINEAR,weighted_cog,SEVERE,figure8,PASSED,18.95,35.44,0.0,NO
SOTA_FOURIER_GMM,STANDARD_EKF,ADRC_NONLINEAR,weighted_cog,SEVERE,sinusoidal,PASSED,10.95,10.95,0.0,NO
SOTA_FOURIER_GMM,STANDARD_EKF,ADRC_NONLINEAR,weighted_cog,SEVERE,circular,PASSED,309.5,313.02,0.0,NO
SOTA_FOURIER_GMM,STANDARD_EKF,ADRC_NONLINEAR,weighted_cog,SEVERE,straight,PASSED,11.35,15.65,0.0,NO
SOTA_FOURIER_GMM,STANDARD_EKF,ADRC_NONLINEAR,weighted_cog,SEVERE,random,PASSED,12.55,13.41,0.0,NO
SOTA_FOURIER_GMM,STANDARD_EKF,ADRC_NONLINEAR,weighted_cog,SEVERE,spiral,PASSED,61.22,68.75,0.0,NO
SOTA_FOURIER_GMM,STANDARD_EKF,ADRC_NONLINEAR,weighted_cog,RECOVERY,figure8,PASSED,20.24,29.17,40.0,NO
SOTA_FOURIER_GMM,STANDARD_EKF,ADRC_NONLINEAR,weighted_cog,RECOVERY,sinusoidal,PASSED,41.91,110.08,0.0,NO
SOTA_FOURIER_GMM,STANDARD_EKF,ADRC_NONLINEAR,weighted_cog,RECOVERY,circular,PASSED,312.24,318.12,20.0,NO
SOTA_FOURIER_GMM,STANDARD_EKF,ADRC_NONLINEAR,weighted_cog,RECOVERY,straight,PASSED,16.84,36.13,0.0,NO
SOTA_FOURIER_GMM,STANDARD_EKF,ADRC_NONLINEAR,weighted_cog,RECOVERY,random,PASSED,18.6,31.46,0.0,NO
SOTA_FOURIER_GMM,STANDARD_EKF,ADRC_NONLINEAR,weighted_cog,RECOVERY,spiral,PASSED,62.55,68.68,40.0,NO
SOTA_FOURIER_GMM,STANDARD_EKF,ADRC_NONLINEAR,weighted_cog,ADVERSARIAL,figure8,PASSED,27.06,40.18,20.0,NO
SOTA_FOURIER_GMM,STANDARD_EKF,ADRC_NONLINEAR,weighted_cog,ADVERSARIAL,sinusoidal,PASSED,76.22,218.8,0.0,NO
SOTA_FOURIER_GMM,STANDARD_EKF,ADRC_NONLINEAR,weighted_cog,ADVERSARIAL,circular,PASSED,287.24,308.03,0.0,NO
SOTA_FOURIER_GMM,STANDARD_EKF,ADRC_NONLINEAR,weighted_cog,ADVERSARIAL,straight,PASSED,21.29,35.25,0.0,NO
SOTA_FOURIER_GMM,STANDARD_EKF,ADRC_NONLINEAR,weighted_cog,ADVERSARIAL,random,PASSED,20.84,33.01,0.0,NO
SOTA_FOURIER_GMM,STANDARD_EKF,ADRC_NONLINEAR,weighted_cog,ADVERSARIAL,spiral,PASSED,65.81,86.07,0.0,NO
SOTA_FOURIER_GMM,STANDARD_EKF,ADRC_NONLINEAR,gaussian_fit,NOMINAL,figure8,PASSED,14.46,33.92,40.0,NO
SOTA_FOURIER_GMM,STANDARD_EKF,ADRC_NONLINEAR,gaussian_fit,NOMINAL,sinusoidal,PASSED,37.01,120.83,0.0,NO
SOTA_FOURIER_GMM,STANDARD_EKF,ADRC_NONLINEAR,gaussian_fit,NOMINAL,circular,PASSED,298.19,300.33,40.0,NO
SOTA_FOURIER_GMM,STANDARD_EKF,ADRC_NONLINEAR,gaussian_fit,NOMINAL,straight,PASSED,3.47,6.03,40.0,NO
SOTA_FOURIER_GMM,STANDARD_EKF,ADRC_NONLINEAR,gaussian_fit,NOMINAL,random,PASSED,2.46,2.5,40.0,NO
SOTA_FOURIER_GMM,STANDARD_EKF,ADRC_NONLINEAR,gaussian_fit,NOMINAL,spiral,PASSED,48.84,51.99,40.0,NO
SOTA_FOURIER_GMM,STANDARD_EKF,ADRC_NONLINEAR,gaussian_fit,DIFFICULT,figure8,PASSED,15.07,34.28,40.0,NO
SOTA_FOURIER_GMM,STANDARD_EKF,ADRC_NONLINEAR,gaussian_fit,DIFFICULT,sinusoidal,PASSED,36.79,117.89,0.0,NO
SOTA_FOURIER_GMM,STANDARD_EKF,ADRC_NONLINEAR,gaussian_fit,DIFFICULT,circular,PASSED,303.24,304.26,40.0,NO
SOTA_FOURIER_GMM,STANDARD_EKF,ADRC_NONLINEAR,gaussian_fit,DIFFICULT,straight,PASSED,3.95,6.75,40.0,NO
SOTA_FOURIER_GMM,STANDARD_EKF,ADRC_NONLINEAR,gaussian_fit,DIFFICULT,random,PASSED,4.76,6.06,40.0,NO
SOTA_FOURIER_GMM,STANDARD_EKF,ADRC_NONLINEAR,gaussian_fit,DIFFICULT,spiral,PASSED,51.98,55.51,40.0,NO
SOTA_FOURIER_GMM,STANDARD_EKF,ADRC_NONLINEAR,gaussian_fit,SEVERE,figure8,PASSED,18.95,35.44,0.0,NO
SOTA_FOURIER_GMM,STANDARD_EKF,ADRC_NONLINEAR,gaussian_fit,SEVERE,sinusoidal,PASSED,10.95,10.95,0.0,NO
SOTA_FOURIER_GMM,STANDARD_EKF,ADRC_NONLINEAR,gaussian_fit,SEVERE,circular,PASSED,309.5,313.02,0.0,NO
SOTA_FOURIER_GMM,STANDARD_EKF,ADRC_NONLINEAR,gaussian_fit,SEVERE,straight,PASSED,11.35,15.65,0.0,NO
SOTA_FOURIER_GMM,STANDARD_EKF,ADRC_NONLINEAR,gaussian_fit,SEVERE,random,PASSED,12.55,13.41,0.0,NO
SOTA_FOURIER_GMM,STANDARD_EKF,ADRC_NONLINEAR,gaussian_fit,SEVERE,spiral,PASSED,61.22,68.75,0.0,NO
SOTA_FOURIER_GMM,STANDARD_EKF,ADRC_NONLINEAR,gaussian_fit,RECOVERY,figure8,PASSED,20.24,29.17,40.0,NO
SOTA_FOURIER_GMM,STANDARD_EKF,ADRC_NONLINEAR,gaussian_fit,RECOVERY,sinusoidal,PASSED,41.91,110.08,0.0,NO
SOTA_FOURIER_GMM,STANDARD_EKF,ADRC_NONLINEAR,gaussian_fit,RECOVERY,circular,PASSED,312.24,318.12,20.0,NO
SOTA_FOURIER_GMM,STANDARD_EKF,ADRC_NONLINEAR,gaussian_fit,RECOVERY,straight,PASSED,16.84,36.13,0.0,NO
SOTA_FOURIER_GMM,STANDARD_EKF,ADRC_NONLINEAR,gaussian_fit,RECOVERY,random,PASSED,18.6,31.46,0.0,NO
SOTA_FOURIER_GMM,STANDARD_EKF,ADRC_NONLINEAR,gaussian_fit,RECOVERY,spiral,PASSED,62.55,68.68,40.0,NO
SOTA_FOURIER_GMM,STANDARD_EKF,ADRC_NONLINEAR,gaussian_fit,ADVERSARIAL,figure8,PASSED,27.06,40.18,20.0,NO
SOTA_FOURIER_GMM,STANDARD_EKF,ADRC_NONLINEAR,gaussian_fit,ADVERSARIAL,sinusoidal,PASSED,76.22,218.8,0.0,NO
SOTA_FOURIER_GMM,STANDARD_EKF,ADRC_NONLINEAR,gaussian_fit,ADVERSARIAL,circular,PASSED,287.24,308.03,0.0,NO
SOTA_FOURIER_GMM,STANDARD_EKF,ADRC_NONLINEAR,gaussian_fit,ADVERSARIAL,straight,PASSED,21.29,35.25,0.0,NO
SOTA_FOURIER_GMM,STANDARD_EKF,ADRC_NONLINEAR,gaussian_fit,ADVERSARIAL,random,PASSED,20.84,33.01,0.0,NO
SOTA_FOURIER_GMM,STANDARD_EKF,ADRC_NONLINEAR,gaussian_fit,ADVERSARIAL,spiral,PASSED,65.81,86.07,0.0,NO
SOTA_FOURIER_GMM,STANDARD_EKF,ADRC_NONLINEAR,geometric,NOMINAL,figure8,PASSED,14.46,33.92,40.0,NO
SOTA_FOURIER_GMM,STANDARD_EKF,ADRC_NONLINEAR,geometric,NOMINAL,sinusoidal,PASSED,37.01,120.83,0.0,NO
SOTA_FOURIER_GMM,STANDARD_EKF,ADRC_NONLINEAR,geometric,NOMINAL,circular,PASSED,298.19,300.33,40.0,NO
SOTA_FOURIER_GMM,STANDARD_EKF,ADRC_NONLINEAR,geometric,NOMINAL,straight,PASSED,3.47,6.03,40.0,NO
SOTA_FOURIER_GMM,STANDARD_EKF,ADRC_NONLINEAR,geometric,NOMINAL,random,PASSED,2.46,2.5,40.0,NO
SOTA_FOURIER_GMM,STANDARD_EKF,ADRC_NONLINEAR,geometric,NOMINAL,spiral,PASSED,48.84,51.99,40.0,NO
SOTA_FOURIER_GMM,STANDARD_EKF,ADRC_NONLINEAR,geometric,DIFFICULT,figure8,PASSED,15.07,34.28,40.0,NO
SOTA_FOURIER_GMM,STANDARD_EKF,ADRC_NONLINEAR,geometric,DIFFICULT,sinusoidal,PASSED,36.79,117.89,0.0,NO
SOTA_FOURIER_GMM,STANDARD_EKF,ADRC_NONLINEAR,geometric,DIFFICULT,circular,PASSED,303.24,304.26,40.0,NO
SOTA_FOURIER_GMM,STANDARD_EKF,ADRC_NONLINEAR,geometric,DIFFICULT,straight,PASSED,3.95,6.75,40.0,NO
SOTA_FOURIER_GMM,STANDARD_EKF,ADRC_NONLINEAR,geometric,DIFFICULT,random,PASSED,4.76,6.06,40.0,NO
SOTA_FOURIER_GMM,STANDARD_EKF,ADRC_NONLINEAR,geometric,DIFFICULT,spiral,PASSED,51.98,55.51,40.0,NO
SOTA_FOURIER_GMM,STANDARD_EKF,ADRC_NONLINEAR,geometric,SEVERE,figure8,PASSED,18.95,35.44,0.0,NO
SOTA_FOURIER_GMM,STANDARD_EKF,ADRC_NONLINEAR,geometric,SEVERE,sinusoidal,PASSED,10.95,10.95,0.0,NO
SOTA_FOURIER_GMM,STANDARD_EKF,ADRC_NONLINEAR,geometric,SEVERE,circular,PASSED,309.5,313.02,0.0,NO
SOTA_FOURIER_GMM,STANDARD_EKF,ADRC_NONLINEAR,geometric,SEVERE,straight,PASSED,11.35,15.65,0.0,NO
SOTA_FOURIER_GMM,STANDARD_EKF,ADRC_NONLINEAR,geometric,SEVERE,random,PASSED,12.55,13.41,0.0,NO
SOTA_FOURIER_GMM,STANDARD_EKF,ADRC_NONLINEAR,geometric,SEVERE,spiral,PASSED,61.22,68.75,0.0,NO
SOTA_FOURIER_GMM,STANDARD_EKF,ADRC_NONLINEAR,geometric,RECOVERY,figure8,PASSED,20.24,29.17,40.0,NO
SOTA_FOURIER_GMM,STANDARD_EKF,ADRC_NONLINEAR,geometric,RECOVERY,sinusoidal,PASSED,41.91,110.08,0.0,NO
SOTA_FOURIER_GMM,STANDARD_EKF,ADRC_NONLINEAR,geometric,RECOVERY,circular,PASSED,312.24,318.12,20.0,NO
SOTA_FOURIER_GMM,STANDARD_EKF,ADRC_NONLINEAR,geometric,RECOVERY,straight,PASSED,16.84,36.13,0.0,NO
SOTA_FOURIER_GMM,STANDARD_EKF,ADRC_NONLINEAR,geometric,RECOVERY,random,PASSED,18.6,31.46,0.0,NO
SOTA_FOURIER_GMM,STANDARD_EKF,ADRC_NONLINEAR,geometric,RECOVERY,spiral,PASSED,62.55,68.68,40.0,NO
SOTA_FOURIER_GMM,STANDARD_EKF,ADRC_NONLINEAR,geometric,ADVERSARIAL,figure8,PASSED,27.06,40.18,20.0,NO
SOTA_FOURIER_GMM,STANDARD_EKF,ADRC_NONLINEAR,geometric,ADVERSARIAL,sinusoidal,PASSED,76.22,218.8,0.0,NO
SOTA_FOURIER_GMM,STANDARD_EKF,ADRC_NONLINEAR,geometric,ADVERSARIAL,circular,PASSED,287.24,308.03,0.0,NO
SOTA_FOURIER_GMM,STANDARD_EKF,ADRC_NONLINEAR,geometric,ADVERSARIAL,straight,PASSED,21.29,35.25,0.0,NO
SOTA_FOURIER_GMM,STANDARD_EKF,ADRC_NONLINEAR,geometric,ADVERSARIAL,random,PASSED,20.84,33.01,0.0,NO
SOTA_FOURIER_GMM,STANDARD_EKF,ADRC_NONLINEAR,geometric,ADVERSARIAL,spiral,PASSED,65.81,86.07,0.0,NO
SOTA_FOURIER_GMM,STANDARD_EKF,PID,weighted_cog,NOMINAL,figure8,PASSED,14.46,33.92,40.0,NO
SOTA_FOURIER_GMM,STANDARD_EKF,PID,weighted_cog,NOMINAL,sinusoidal,PASSED,37.01,120.83,0.0,NO
SOTA_FOURIER_GMM,STANDARD_EKF,PID,weighted_cog,NOMINAL,circular,PASSED,298.19,300.33,40.0,NO
SOTA_FOURIER_GMM,STANDARD_EKF,PID,weighted_cog,NOMINAL,straight,PASSED,3.47,6.03,40.0,NO
SOTA_FOURIER_GMM,STANDARD_EKF,PID,weighted_cog,NOMINAL,random,PASSED,2.46,2.5,40.0,NO
SOTA_FOURIER_GMM,STANDARD_EKF,PID,weighted_cog,NOMINAL,spiral,PASSED,48.84,51.99,40.0,NO
SOTA_FOURIER_GMM,STANDARD_EKF,PID,weighted_cog,DIFFICULT,figure8,PASSED,15.07,34.28,40.0,NO
SOTA_FOURIER_GMM,STANDARD_EKF,PID,weighted_cog,DIFFICULT,sinusoidal,PASSED,36.79,117.89,0.0,NO
SOTA_FOURIER_GMM,STANDARD_EKF,PID,weighted_cog,DIFFICULT,circular,PASSED,303.24,304.26,40.0,NO
SOTA_FOURIER_GMM,STANDARD_EKF,PID,weighted_cog,DIFFICULT,straight,PASSED,3.95,6.75,40.0,NO
SOTA_FOURIER_GMM,STANDARD_EKF,PID,weighted_cog,DIFFICULT,random,PASSED,4.76,6.06,40.0,NO
SOTA_FOURIER_GMM,STANDARD_EKF,PID,weighted_cog,DIFFICULT,spiral,PASSED,51.98,55.51,40.0,NO
SOTA_FOURIER_GMM,STANDARD_EKF,PID,weighted_cog,SEVERE,figure8,PASSED,18.95,35.44,0.0,NO
SOTA_FOURIER_GMM,STANDARD_EKF,PID,weighted_cog,SEVERE,sinusoidal,PASSED,10.95,10.95,0.0,NO
SOTA_FOURIER_GMM,STANDARD_EKF,PID,weighted_cog,SEVERE,circular,PASSED,309.5,313.02,0.0,NO
SOTA_FOURIER_GMM,STANDARD_EKF,PID,weighted_cog,SEVERE,straight,PASSED,11.35,15.65,0.0,NO
SOTA_FOURIER_GMM,STANDARD_EKF,PID,weighted_cog,SEVERE,random,PASSED,12.55,13.41,0.0,NO
SOTA_FOURIER_GMM,STANDARD_EKF,PID,weighted_cog,SEVERE,spiral,PASSED,61.22,68.75,0.0,NO
SOTA_FOURIER_GMM,STANDARD_EKF,PID,weighted_cog,RECOVERY,figure8,PASSED,20.24,29.17,40.0,NO
SOTA_FOURIER_GMM,STANDARD_EKF,PID,weighted_cog,RECOVERY,sinusoidal,PASSED,41.91,110.08,0.0,NO
SOTA_FOURIER_GMM,STANDARD_EKF,PID,weighted_cog,RECOVERY,circular,PASSED,312.24,318.12,20.0,NO
SOTA_FOURIER_GMM,STANDARD_EKF,PID,weighted_cog,RECOVERY,straight,PASSED,16.84,36.13,0.0,NO
SOTA_FOURIER_GMM,STANDARD_EKF,PID,weighted_cog,RECOVERY,random,PASSED,18.6,31.46,0.0,NO
SOTA_FOURIER_GMM,STANDARD_EKF,PID,weighted_cog,RECOVERY,spiral,PASSED,62.55,68.68,40.0,NO
SOTA_FOURIER_GMM,STANDARD_EKF,PID,weighted_cog,ADVERSARIAL,figure8,PASSED,27.06,40.18,20.0,NO
SOTA_FOURIER_GMM,STANDARD_EKF,PID,weighted_cog,ADVERSARIAL,sinusoidal,PASSED,76.22,218.8,0.0,NO
SOTA_FOURIER_GMM,STANDARD_EKF,PID,weighted_cog,ADVERSARIAL,circular,PASSED,287.24,308.03,0.0,NO
SOTA_FOURIER_GMM,STANDARD_EKF,PID,weighted_cog,ADVERSARIAL,straight,PASSED,21.29,35.25,0.0,NO
SOTA_FOURIER_GMM,STANDARD_EKF,PID,weighted_cog,ADVERSARIAL,random,PASSED,20.84,33.01,0.0,NO
SOTA_FOURIER_GMM,STANDARD_EKF,PID,weighted_cog,ADVERSARIAL,spiral,PASSED,65.81,86.07,0.0,NO
SOTA_FOURIER_GMM,STANDARD_EKF,PID,gaussian_fit,NOMINAL,figure8,PASSED,14.46,33.92,40.0,NO
SOTA_FOURIER_GMM,STANDARD_EKF,PID,gaussian_fit,NOMINAL,sinusoidal,PASSED,37.01,120.83,0.0,NO
SOTA_FOURIER_GMM,STANDARD_EKF,PID,gaussian_fit,NOMINAL,circular,PASSED,298.19,300.33,40.0,NO
SOTA_FOURIER_GMM,STANDARD_EKF,PID,gaussian_fit,NOMINAL,straight,PASSED,3.47,6.03,40.0,NO
SOTA_FOURIER_GMM,STANDARD_EKF,PID,gaussian_fit,NOMINAL,random,PASSED,2.46,2.5,40.0,NO
SOTA_FOURIER_GMM,STANDARD_EKF,PID,gaussian_fit,NOMINAL,spiral,PASSED,48.84,51.99,40.0,NO
SOTA_FOURIER_GMM,STANDARD_EKF,PID,gaussian_fit,DIFFICULT,figure8,PASSED,15.07,34.28,40.0,NO
SOTA_FOURIER_GMM,STANDARD_EKF,PID,gaussian_fit,DIFFICULT,sinusoidal,PASSED,36.79,117.89,0.0,NO
SOTA_FOURIER_GMM,STANDARD_EKF,PID,gaussian_fit,DIFFICULT,circular,PASSED,303.24,304.26,40.0,NO
SOTA_FOURIER_GMM,STANDARD_EKF,PID,gaussian_fit,DIFFICULT,straight,PASSED,3.95,6.75,40.0,NO
SOTA_FOURIER_GMM,STANDARD_EKF,PID,gaussian_fit,DIFFICULT,random,PASSED,4.76,6.06,40.0,NO
SOTA_FOURIER_GMM,STANDARD_EKF,PID,gaussian_fit,DIFFICULT,spiral,PASSED,51.98,55.51,40.0,NO
SOTA_FOURIER_GMM,STANDARD_EKF,PID,gaussian_fit,SEVERE,figure8,PASSED,18.95,35.44,0.0,NO
SOTA_FOURIER_GMM,STANDARD_EKF,PID,gaussian_fit,SEVERE,sinusoidal,PASSED,10.95,10.95,0.0,NO
SOTA_FOURIER_GMM,STANDARD_EKF,PID,gaussian_fit,SEVERE,circular,PASSED,309.5,313.02,0.0,NO
SOTA_FOURIER_GMM,STANDARD_EKF,PID,gaussian_fit,SEVERE,straight,PASSED,11.35,15.65,0.0,NO
SOTA_FOURIER_GMM,STANDARD_EKF,PID,gaussian_fit,SEVERE,random,PASSED,12.55,13.41,0.0,NO
SOTA_FOURIER_GMM,STANDARD_EKF,PID,gaussian_fit,SEVERE,spiral,PASSED,61.22,68.75,0.0,NO
SOTA_FOURIER_GMM,STANDARD_EKF,PID,gaussian_fit,RECOVERY,figure8,PASSED,20.24,29.17,40.0,NO
SOTA_FOURIER_GMM,STANDARD_EKF,PID,gaussian_fit,RECOVERY,sinusoidal,PASSED,41.91,110.08,0.0,NO
SOTA_FOURIER_GMM,STANDARD_EKF,PID,gaussian_fit,RECOVERY,circular,PASSED,312.24,318.12,20.0,NO
SOTA_FOURIER_GMM,STANDARD_EKF,PID,gaussian_fit,RECOVERY,straight,PASSED,16.84,36.13,0.0,NO
SOTA_FOURIER_GMM,STANDARD_EKF,PID,gaussian_fit,RECOVERY,random,PASSED,18.6,31.46,0.0,NO
SOTA_FOURIER_GMM,STANDARD_EKF,PID,gaussian_fit,RECOVERY,spiral,PASSED,62.55,68.68,40.0,NO
SOTA_FOURIER_GMM,STANDARD_EKF,PID,gaussian_fit,ADVERSARIAL,figure8,PASSED,27.06,40.18,20.0,NO
SOTA_FOURIER_GMM,STANDARD_EKF,PID,gaussian_fit,ADVERSARIAL,sinusoidal,PASSED,76.22,218.8,0.0,NO
SOTA_FOURIER_GMM,STANDARD_EKF,PID,gaussian_fit,ADVERSARIAL,circular,PASSED,287.24,308.03,0.0,NO
SOTA_FOURIER_GMM,STANDARD_EKF,PID,gaussian_fit,ADVERSARIAL,straight,PASSED,21.29,35.25,0.0,NO
SOTA_FOURIER_GMM,STANDARD_EKF,PID,gaussian_fit,ADVERSARIAL,random,PASSED,20.84,33.01,0.0,NO
SOTA_FOURIER_GMM,STANDARD_EKF,PID,gaussian_fit,ADVERSARIAL,spiral,PASSED,65.81,86.07,0.0,NO
SOTA_FOURIER_GMM,STANDARD_EKF,PID,geometric,NOMINAL,figure8,PASSED,14.46,33.92,40.0,NO
SOTA_FOURIER_GMM,STANDARD_EKF,PID,geometric,NOMINAL,sinusoidal,PASSED,37.01,120.83,0.0,NO
SOTA_FOURIER_GMM,STANDARD_EKF,PID,geometric,NOMINAL,circular,PASSED,298.19,300.33,40.0,NO
SOTA_FOURIER_GMM,STANDARD_EKF,PID,geometric,NOMINAL,straight,PASSED,3.47,6.03,40.0,NO
SOTA_FOURIER_GMM,STANDARD_EKF,PID,geometric,NOMINAL,random,PASSED,2.46,2.5,40.0,NO
SOTA_FOURIER_GMM,STANDARD_EKF,PID,geometric,NOMINAL,spiral,PASSED,48.84,51.99,40.0,NO
SOTA_FOURIER_GMM,STANDARD_EKF,PID,geometric,DIFFICULT,figure8,PASSED,15.07,34.28,40.0,NO
SOTA_FOURIER_GMM,STANDARD_EKF,PID,geometric,DIFFICULT,sinusoidal,PASSED,36.79,117.89,0.0,NO
SOTA_FOURIER_GMM,STANDARD_EKF,PID,geometric,DIFFICULT,circular,PASSED,303.24,304.26,40.0,NO
SOTA_FOURIER_GMM,STANDARD_EKF,PID,geometric,DIFFICULT,straight,PASSED,3.95,6.75,40.0,NO
SOTA_FOURIER_GMM,STANDARD_EKF,PID,geometric,DIFFICULT,random,PASSED,4.76,6.06,40.0,NO
SOTA_FOURIER_GMM,STANDARD_EKF,PID,geometric,DIFFICULT,spiral,PASSED,51.98,55.51,40.0,NO
SOTA_FOURIER_GMM,STANDARD_EKF,PID,geometric,SEVERE,figure8,PASSED,18.95,35.44,0.0,NO
SOTA_FOURIER_GMM,STANDARD_EKF,PID,geometric,SEVERE,sinusoidal,PASSED,10.95,10.95,0.0,NO
SOTA_FOURIER_GMM,STANDARD_EKF,PID,geometric,SEVERE,circular,PASSED,309.5,313.02,0.0,NO
SOTA_FOURIER_GMM,STANDARD_EKF,PID,geometric,SEVERE,straight,PASSED,11.35,15.65,0.0,NO
SOTA_FOURIER_GMM,STANDARD_EKF,PID,geometric,SEVERE,random,PASSED,12.55,13.41,0.0,NO
SOTA_FOURIER_GMM,STANDARD_EKF,PID,geometric,SEVERE,spiral,PASSED,61.22,68.75,0.0,NO
SOTA_FOURIER_GMM,STANDARD_EKF,PID,geometric,RECOVERY,figure8,PASSED,20.24,29.17,40.0,NO
SOTA_FOURIER_GMM,STANDARD_EKF,PID,geometric,RECOVERY,sinusoidal,PASSED,41.91,110.08,0.0,NO
SOTA_FOURIER_GMM,STANDARD_EKF,PID,geometric,RECOVERY,circular,PASSED,312.24,318.12,20.0,NO
SOTA_FOURIER_GMM,STANDARD_EKF,PID,geometric,RECOVERY,straight,PASSED,16.84,36.13,0.0,NO
SOTA_FOURIER_GMM,STANDARD_EKF,PID,geometric,RECOVERY,random,PASSED,18.6,31.46,0.0,NO
SOTA_FOURIER_GMM,STANDARD_EKF,PID,geometric,RECOVERY,spiral,PASSED,62.55,68.68,40.0,NO
SOTA_FOURIER_GMM,STANDARD_EKF,PID,geometric,ADVERSARIAL,figure8,PASSED,27.06,40.18,20.0,NO
SOTA_FOURIER_GMM,STANDARD_EKF,PID,geometric,ADVERSARIAL,sinusoidal,PASSED,76.22,218.8,0.0,NO
SOTA_FOURIER_GMM,STANDARD_EKF,PID,geometric,ADVERSARIAL,circular,PASSED,287.24,308.03,0.0,NO
SOTA_FOURIER_GMM,STANDARD_EKF,PID,geometric,ADVERSARIAL,straight,PASSED,21.29,35.25,0.0,NO
SOTA_FOURIER_GMM,STANDARD_EKF,PID,geometric,ADVERSARIAL,random,PASSED,20.84,33.01,0.0,NO
SOTA_FOURIER_GMM,STANDARD_EKF,PID,geometric,ADVERSARIAL,spiral,PASSED,65.81,86.07,0.0,NO
HYBRID,IMM_ADAPTIVE_EKF,ADRC_NONLINEAR,weighted_cog,NOMINAL,figure8,PASSED,15.31,37.92,40.0,NO
HYBRID,IMM_ADAPTIVE_EKF,ADRC_NONLINEAR,weighted_cog,NOMINAL,sinusoidal,PASSED,36.07,119.77,0.0,NO
HYBRID,IMM_ADAPTIVE_EKF,ADRC_NONLINEAR,weighted_cog,NOMINAL,circular,PASSED,299.96,300.05,40.0,NO
HYBRID,IMM_ADAPTIVE_EKF,ADRC_NONLINEAR,weighted_cog,NOMINAL,straight,PASSED,2.63,6.55,40.0,NO
HYBRID,IMM_ADAPTIVE_EKF,ADRC_NONLINEAR,weighted_cog,NOMINAL,random,PASSED,0.01,0.02,40.0,NO
HYBRID,IMM_ADAPTIVE_EKF,ADRC_NONLINEAR,weighted_cog,NOMINAL,spiral,PASSED,50.52,51.26,40.0,NO
HYBRID,IMM_ADAPTIVE_EKF,ADRC_NONLINEAR,weighted_cog,DIFFICULT,figure8,PASSED,17.23,36.75,40.0,NO
HYBRID,IMM_ADAPTIVE_EKF,ADRC_NONLINEAR,weighted_cog,DIFFICULT,sinusoidal,PASSED,40.36,118.37,0.0,NO
HYBRID,IMM_ADAPTIVE_EKF,ADRC_NONLINEAR,weighted_cog,DIFFICULT,circular,PASSED,303.28,305.45,40.0,NO
HYBRID,IMM_ADAPTIVE_EKF,ADRC_NONLINEAR,weighted_cog,DIFFICULT,straight,PASSED,6.21,8.38,40.0,NO
HYBRID,IMM_ADAPTIVE_EKF,ADRC_NONLINEAR,weighted_cog,DIFFICULT,random,PASSED,4.28,4.75,40.0,NO
HYBRID,IMM_ADAPTIVE_EKF,ADRC_NONLINEAR,weighted_cog,DIFFICULT,spiral,PASSED,53.7,55.98,40.0,NO
HYBRID,IMM_ADAPTIVE_EKF,ADRC_NONLINEAR,weighted_cog,SEVERE,figure8,PASSED,0.0,0.0,0.0,NO
HYBRID,IMM_ADAPTIVE_EKF,ADRC_NONLINEAR,weighted_cog,SEVERE,sinusoidal,PASSED,0.0,0.0,0.0,NO
HYBRID,IMM_ADAPTIVE_EKF,ADRC_NONLINEAR,weighted_cog,SEVERE,circular,PASSED,0.0,0.0,0.0,NO
HYBRID,IMM_ADAPTIVE_EKF,ADRC_NONLINEAR,weighted_cog,SEVERE,straight,PASSED,0.0,0.0,0.0,NO
HYBRID,IMM_ADAPTIVE_EKF,ADRC_NONLINEAR,weighted_cog,SEVERE,random,PASSED,0.0,0.0,0.0,NO
HYBRID,IMM_ADAPTIVE_EKF,ADRC_NONLINEAR,weighted_cog,SEVERE,spiral,PASSED,0.0,0.0,0.0,NO
HYBRID,IMM_ADAPTIVE_EKF,ADRC_NONLINEAR,weighted_cog,RECOVERY,figure8,PASSED,0.0,0.0,0.0,NO
HYBRID,IMM_ADAPTIVE_EKF,ADRC_NONLINEAR,weighted_cog,RECOVERY,sinusoidal,PASSED,39.09,65.15,0.0,NO
HYBRID,IMM_ADAPTIVE_EKF,ADRC_NONLINEAR,weighted_cog,RECOVERY,circular,PASSED,185.56,315.01,0.0,NO
HYBRID,IMM_ADAPTIVE_EKF,ADRC_NONLINEAR,weighted_cog,RECOVERY,straight,PASSED,12.04,20.07,0.0,NO
HYBRID,IMM_ADAPTIVE_EKF,ADRC_NONLINEAR,weighted_cog,RECOVERY,random,PASSED,11.56,14.24,40.0,NO
HYBRID,IMM_ADAPTIVE_EKF,ADRC_NONLINEAR,weighted_cog,RECOVERY,spiral,PASSED,56.38,58.19,0.0,NO
HYBRID,IMM_ADAPTIVE_EKF,ADRC_NONLINEAR,weighted_cog,ADVERSARIAL,figure8,PASSED,15.89,15.89,0.0,NO
HYBRID,IMM_ADAPTIVE_EKF,ADRC_NONLINEAR,weighted_cog,ADVERSARIAL,sinusoidal,PASSED,35.64,114.61,0.0,NO
HYBRID,IMM_ADAPTIVE_EKF,ADRC_NONLINEAR,weighted_cog,ADVERSARIAL,circular,PASSED,308.1,310.23,0.0,NO
HYBRID,IMM_ADAPTIVE_EKF,ADRC_NONLINEAR,weighted_cog,ADVERSARIAL,straight,PASSED,23.23,31.45,40.0,NO
HYBRID,IMM_ADAPTIVE_EKF,ADRC_NONLINEAR,weighted_cog,ADVERSARIAL,random,PASSED,9.24,15.7,0.0,NO
HYBRID,IMM_ADAPTIVE_EKF,ADRC_NONLINEAR,weighted_cog,ADVERSARIAL,spiral,PASSED,63.82,73.78,40.0,NO
HYBRID,IMM_ADAPTIVE_EKF,ADRC_NONLINEAR,gaussian_fit,NOMINAL,figure8,PASSED,15.32,37.99,40.0,NO
HYBRID,IMM_ADAPTIVE_EKF,ADRC_NONLINEAR,gaussian_fit,NOMINAL,sinusoidal,PASSED,36.07,119.77,0.0,NO
HYBRID,IMM_ADAPTIVE_EKF,ADRC_NONLINEAR,gaussian_fit,NOMINAL,circular,PASSED,300.0,300.0,40.0,NO
HYBRID,IMM_ADAPTIVE_EKF,ADRC_NONLINEAR,gaussian_fit,NOMINAL,straight,PASSED,2.65,6.51,40.0,NO
HYBRID,IMM_ADAPTIVE_EKF,ADRC_NONLINEAR,gaussian_fit,NOMINAL,random,PASSED,0.03,0.06,40.0,NO
HYBRID,IMM_ADAPTIVE_EKF,ADRC_NONLINEAR,gaussian_fit,NOMINAL,spiral,PASSED,50.53,51.29,40.0,NO
HYBRID,IMM_ADAPTIVE_EKF,ADRC_NONLINEAR,gaussian_fit,DIFFICULT,figure8,PASSED,17.25,36.74,40.0,NO
HYBRID,IMM_ADAPTIVE_EKF,ADRC_NONLINEAR,gaussian_fit,DIFFICULT,sinusoidal,PASSED,40.36,118.39,0.0,NO
HYBRID,IMM_ADAPTIVE_EKF,ADRC_NONLINEAR,gaussian_fit,DIFFICULT,circular,PASSED,303.29,305.44,40.0,NO
HYBRID,IMM_ADAPTIVE_EKF,ADRC_NONLINEAR,gaussian_fit,DIFFICULT,straight,PASSED,6.22,8.35,40.0,NO
HYBRID,IMM_ADAPTIVE_EKF,ADRC_NONLINEAR,gaussian_fit,DIFFICULT,random,PASSED,4.3,4.78,40.0,NO
HYBRID,IMM_ADAPTIVE_EKF,ADRC_NONLINEAR,gaussian_fit,DIFFICULT,spiral,PASSED,53.74,55.97,40.0,NO
HYBRID,IMM_ADAPTIVE_EKF,ADRC_NONLINEAR,gaussian_fit,SEVERE,figure8,PASSED,0.0,0.0,0.0,NO
HYBRID,IMM_ADAPTIVE_EKF,ADRC_NONLINEAR,gaussian_fit,SEVERE,sinusoidal,PASSED,0.0,0.0,0.0,NO
HYBRID,IMM_ADAPTIVE_EKF,ADRC_NONLINEAR,gaussian_fit,SEVERE,circular,PASSED,0.0,0.0,0.0,NO
HYBRID,IMM_ADAPTIVE_EKF,ADRC_NONLINEAR,gaussian_fit,SEVERE,straight,PASSED,0.0,0.0,0.0,NO
HYBRID,IMM_ADAPTIVE_EKF,ADRC_NONLINEAR,gaussian_fit,SEVERE,random,PASSED,0.0,0.0,0.0,NO
HYBRID,IMM_ADAPTIVE_EKF,ADRC_NONLINEAR,gaussian_fit,SEVERE,spiral,PASSED,0.0,0.0,0.0,NO
HYBRID,IMM_ADAPTIVE_EKF,ADRC_NONLINEAR,gaussian_fit,RECOVERY,figure8,PASSED,0.0,0.0,0.0,NO
HYBRID,IMM_ADAPTIVE_EKF,ADRC_NONLINEAR,gaussian_fit,RECOVERY,sinusoidal,PASSED,39.18,65.29,0.0,NO
HYBRID,IMM_ADAPTIVE_EKF,ADRC_NONLINEAR,gaussian_fit,RECOVERY,circular,PASSED,185.64,315.2,0.0,NO
HYBRID,IMM_ADAPTIVE_EKF,ADRC_NONLINEAR,gaussian_fit,RECOVERY,straight,PASSED,12.0,19.99,0.0,NO
HYBRID,IMM_ADAPTIVE_EKF,ADRC_NONLINEAR,gaussian_fit,RECOVERY,random,PASSED,11.53,14.21,40.0,NO
HYBRID,IMM_ADAPTIVE_EKF,ADRC_NONLINEAR,gaussian_fit,RECOVERY,spiral,PASSED,56.38,58.19,0.0,NO
HYBRID,IMM_ADAPTIVE_EKF,ADRC_NONLINEAR,gaussian_fit,ADVERSARIAL,figure8,PASSED,15.96,15.96,0.0,NO
HYBRID,IMM_ADAPTIVE_EKF,ADRC_NONLINEAR,gaussian_fit,ADVERSARIAL,sinusoidal,PASSED,35.73,114.79,0.0,NO
HYBRID,IMM_ADAPTIVE_EKF,ADRC_NONLINEAR,gaussian_fit,ADVERSARIAL,circular,PASSED,308.09,310.19,0.0,NO
HYBRID,IMM_ADAPTIVE_EKF,ADRC_NONLINEAR,gaussian_fit,ADVERSARIAL,straight,PASSED,23.22,31.35,40.0,NO
HYBRID,IMM_ADAPTIVE_EKF,ADRC_NONLINEAR,gaussian_fit,ADVERSARIAL,random,PASSED,9.23,15.72,0.0,NO
HYBRID,IMM_ADAPTIVE_EKF,ADRC_NONLINEAR,gaussian_fit,ADVERSARIAL,spiral,PASSED,63.81,73.6,40.0,NO
HYBRID,IMM_ADAPTIVE_EKF,ADRC_NONLINEAR,geometric,NOMINAL,figure8,PASSED,15.22,37.52,40.0,NO
HYBRID,IMM_ADAPTIVE_EKF,ADRC_NONLINEAR,geometric,NOMINAL,sinusoidal,PASSED,36.05,119.73,0.0,NO
HYBRID,IMM_ADAPTIVE_EKF,ADRC_NONLINEAR,geometric,NOMINAL,circular,PASSED,299.89,300.12,40.0,NO
HYBRID,IMM_ADAPTIVE_EKF,ADRC_NONLINEAR,geometric,NOMINAL,straight,PASSED,2.62,6.64,40.0,NO
HYBRID,IMM_ADAPTIVE_EKF,ADRC_NONLINEAR,geometric,NOMINAL,random,PASSED,0.0,0.0,40.0,NO
HYBRID,IMM_ADAPTIVE_EKF,ADRC_NONLINEAR,geometric,NOMINAL,spiral,PASSED,50.49,51.33,40.0,NO
HYBRID,IMM_ADAPTIVE_EKF,ADRC_NONLINEAR,geometric,DIFFICULT,figure8,PASSED,17.19,36.78,40.0,NO
HYBRID,IMM_ADAPTIVE_EKF,ADRC_NONLINEAR,geometric,DIFFICULT,sinusoidal,PASSED,40.35,118.48,0.0,NO
HYBRID,IMM_ADAPTIVE_EKF,ADRC_NONLINEAR,geometric,DIFFICULT,circular,PASSED,303.31,305.66,40.0,NO
HYBRID,IMM_ADAPTIVE_EKF,ADRC_NONLINEAR,geometric,DIFFICULT,straight,PASSED,6.24,8.59,40.0,NO
HYBRID,IMM_ADAPTIVE_EKF,ADRC_NONLINEAR,geometric,DIFFICULT,random,PASSED,4.29,4.85,40.0,NO
HYBRID,IMM_ADAPTIVE_EKF,ADRC_NONLINEAR,geometric,DIFFICULT,spiral,PASSED,53.63,55.98,40.0,NO
HYBRID,IMM_ADAPTIVE_EKF,ADRC_NONLINEAR,geometric,SEVERE,figure8,PASSED,0.0,0.0,0.0,NO
HYBRID,IMM_ADAPTIVE_EKF,ADRC_NONLINEAR,geometric,SEVERE,sinusoidal,PASSED,0.0,0.0,0.0,NO
HYBRID,IMM_ADAPTIVE_EKF,ADRC_NONLINEAR,geometric,SEVERE,circular,PASSED,0.0,0.0,0.0,NO
HYBRID,IMM_ADAPTIVE_EKF,ADRC_NONLINEAR,geometric,SEVERE,straight,PASSED,0.0,0.0,0.0,NO
HYBRID,IMM_ADAPTIVE_EKF,ADRC_NONLINEAR,geometric,SEVERE,random,PASSED,0.0,0.0,0.0,NO
HYBRID,IMM_ADAPTIVE_EKF,ADRC_NONLINEAR,geometric,SEVERE,spiral,PASSED,0.0,0.0,0.0,NO
HYBRID,IMM_ADAPTIVE_EKF,ADRC_NONLINEAR,geometric,RECOVERY,figure8,PASSED,0.0,0.0,0.0,NO
HYBRID,IMM_ADAPTIVE_EKF,ADRC_NONLINEAR,geometric,RECOVERY,sinusoidal,PASSED,38.98,64.97,0.0,NO
HYBRID,IMM_ADAPTIVE_EKF,ADRC_NONLINEAR,geometric,RECOVERY,circular,PASSED,185.61,315.24,0.0,NO
HYBRID,IMM_ADAPTIVE_EKF,ADRC_NONLINEAR,geometric,RECOVERY,straight,PASSED,12.2,20.33,0.0,NO
HYBRID,IMM_ADAPTIVE_EKF,ADRC_NONLINEAR,geometric,RECOVERY,random,PASSED,11.38,14.46,40.0,NO
HYBRID,IMM_ADAPTIVE_EKF,ADRC_NONLINEAR,geometric,RECOVERY,spiral,PASSED,56.34,58.16,0.0,NO
HYBRID,IMM_ADAPTIVE_EKF,ADRC_NONLINEAR,geometric,ADVERSARIAL,figure8,PASSED,15.76,15.76,0.0,NO
HYBRID,IMM_ADAPTIVE_EKF,ADRC_NONLINEAR,geometric,ADVERSARIAL,sinusoidal,PASSED,35.43,114.11,0.0,NO
HYBRID,IMM_ADAPTIVE_EKF,ADRC_NONLINEAR,geometric,ADVERSARIAL,circular,PASSED,308.3,310.48,0.0,NO
HYBRID,IMM_ADAPTIVE_EKF,ADRC_NONLINEAR,geometric,ADVERSARIAL,straight,PASSED,23.22,31.62,40.0,NO
HYBRID,IMM_ADAPTIVE_EKF,ADRC_NONLINEAR,geometric,ADVERSARIAL,random,PASSED,9.28,15.74,0.0,NO
HYBRID,IMM_ADAPTIVE_EKF,ADRC_NONLINEAR,geometric,ADVERSARIAL,spiral,PASSED,63.67,73.29,40.0,NO
HYBRID,IMM_ADAPTIVE_EKF,PID,weighted_cog,NOMINAL,figure8,PASSED,15.31,37.92,40.0,NO
HYBRID,IMM_ADAPTIVE_EKF,PID,weighted_cog,NOMINAL,sinusoidal,PASSED,36.07,119.77,0.0,NO
HYBRID,IMM_ADAPTIVE_EKF,PID,weighted_cog,NOMINAL,circular,PASSED,299.96,300.05,40.0,NO
HYBRID,IMM_ADAPTIVE_EKF,PID,weighted_cog,NOMINAL,straight,PASSED,2.63,6.55,40.0,NO
HYBRID,IMM_ADAPTIVE_EKF,PID,weighted_cog,NOMINAL,random,PASSED,0.01,0.02,40.0,NO
HYBRID,IMM_ADAPTIVE_EKF,PID,weighted_cog,NOMINAL,spiral,PASSED,50.52,51.26,40.0,NO
HYBRID,IMM_ADAPTIVE_EKF,PID,weighted_cog,DIFFICULT,figure8,PASSED,17.23,36.75,40.0,NO
HYBRID,IMM_ADAPTIVE_EKF,PID,weighted_cog,DIFFICULT,sinusoidal,PASSED,40.36,118.37,0.0,NO
HYBRID,IMM_ADAPTIVE_EKF,PID,weighted_cog,DIFFICULT,circular,PASSED,303.28,305.45,40.0,NO
HYBRID,IMM_ADAPTIVE_EKF,PID,weighted_cog,DIFFICULT,straight,PASSED,6.21,8.38,40.0,NO
HYBRID,IMM_ADAPTIVE_EKF,PID,weighted_cog,DIFFICULT,random,PASSED,4.28,4.75,40.0,NO
HYBRID,IMM_ADAPTIVE_EKF,PID,weighted_cog,DIFFICULT,spiral,PASSED,53.7,55.98,40.0,NO
HYBRID,IMM_ADAPTIVE_EKF,PID,weighted_cog,SEVERE,figure8,PASSED,0.0,0.0,0.0,NO
HYBRID,IMM_ADAPTIVE_EKF,PID,weighted_cog,SEVERE,sinusoidal,PASSED,0.0,0.0,0.0,NO
HYBRID,IMM_ADAPTIVE_EKF,PID,weighted_cog,SEVERE,circular,PASSED,0.0,0.0,0.0,NO
HYBRID,IMM_ADAPTIVE_EKF,PID,weighted_cog,SEVERE,straight,PASSED,0.0,0.0,0.0,NO
HYBRID,IMM_ADAPTIVE_EKF,PID,weighted_cog,SEVERE,random,PASSED,0.0,0.0,0.0,NO
HYBRID,IMM_ADAPTIVE_EKF,PID,weighted_cog,SEVERE,spiral,PASSED,0.0,0.0,0.0,NO
HYBRID,IMM_ADAPTIVE_EKF,PID,weighted_cog,RECOVERY,figure8,PASSED,0.0,0.0,0.0,NO
HYBRID,IMM_ADAPTIVE_EKF,PID,weighted_cog,RECOVERY,sinusoidal,PASSED,39.09,65.15,0.0,NO
HYBRID,IMM_ADAPTIVE_EKF,PID,weighted_cog,RECOVERY,circular,PASSED,185.56,315.01,0.0,NO
HYBRID,IMM_ADAPTIVE_EKF,PID,weighted_cog,RECOVERY,straight,PASSED,12.04,20.07,0.0,NO
HYBRID,IMM_ADAPTIVE_EKF,PID,weighted_cog,RECOVERY,random,PASSED,11.56,14.24,40.0,NO
HYBRID,IMM_ADAPTIVE_EKF,PID,weighted_cog,RECOVERY,spiral,PASSED,56.38,58.19,0.0,NO
HYBRID,IMM_ADAPTIVE_EKF,PID,weighted_cog,ADVERSARIAL,figure8,PASSED,15.89,15.89,0.0,NO
HYBRID,IMM_ADAPTIVE_EKF,PID,weighted_cog,ADVERSARIAL,sinusoidal,PASSED,35.64,114.61,0.0,NO
HYBRID,IMM_ADAPTIVE_EKF,PID,weighted_cog,ADVERSARIAL,circular,PASSED,308.1,310.23,0.0,NO
HYBRID,IMM_ADAPTIVE_EKF,PID,weighted_cog,ADVERSARIAL,straight,PASSED,23.23,31.45,40.0,NO
HYBRID,IMM_ADAPTIVE_EKF,PID,weighted_cog,ADVERSARIAL,random,PASSED,9.24,15.7,0.0,NO
HYBRID,IMM_ADAPTIVE_EKF,PID,weighted_cog,ADVERSARIAL,spiral,PASSED,63.82,73.78,40.0,NO
HYBRID,IMM_ADAPTIVE_EKF,PID,gaussian_fit,NOMINAL,figure8,PASSED,15.32,37.99,40.0,NO
HYBRID,IMM_ADAPTIVE_EKF,PID,gaussian_fit,NOMINAL,sinusoidal,PASSED,36.07,119.77,0.0,NO
HYBRID,IMM_ADAPTIVE_EKF,PID,gaussian_fit,NOMINAL,circular,PASSED,300.0,300.0,40.0,NO
HYBRID,IMM_ADAPTIVE_EKF,PID,gaussian_fit,NOMINAL,straight,PASSED,2.65,6.51,40.0,NO
HYBRID,IMM_ADAPTIVE_EKF,PID,gaussian_fit,NOMINAL,random,PASSED,0.03,0.06,40.0,NO
HYBRID,IMM_ADAPTIVE_EKF,PID,gaussian_fit,NOMINAL,spiral,PASSED,50.53,51.29,40.0,NO
HYBRID,IMM_ADAPTIVE_EKF,PID,gaussian_fit,DIFFICULT,figure8,PASSED,17.25,36.74,40.0,NO
HYBRID,IMM_ADAPTIVE_EKF,PID,gaussian_fit,DIFFICULT,sinusoidal,PASSED,40.36,118.39,0.0,NO
HYBRID,IMM_ADAPTIVE_EKF,PID,gaussian_fit,DIFFICULT,circular,PASSED,303.29,305.44,40.0,NO
HYBRID,IMM_ADAPTIVE_EKF,PID,gaussian_fit,DIFFICULT,straight,PASSED,6.22,8.35,40.0,NO
HYBRID,IMM_ADAPTIVE_EKF,PID,gaussian_fit,DIFFICULT,random,PASSED,4.3,4.78,40.0,NO
HYBRID,IMM_ADAPTIVE_EKF,PID,gaussian_fit,DIFFICULT,spiral,PASSED,53.74,55.97,40.0,NO
HYBRID,IMM_ADAPTIVE_EKF,PID,gaussian_fit,SEVERE,figure8,PASSED,0.0,0.0,0.0,NO
HYBRID,IMM_ADAPTIVE_EKF,PID,gaussian_fit,SEVERE,sinusoidal,PASSED,0.0,0.0,0.0,NO
HYBRID,IMM_ADAPTIVE_EKF,PID,gaussian_fit,SEVERE,circular,PASSED,0.0,0.0,0.0,NO
HYBRID,IMM_ADAPTIVE_EKF,PID,gaussian_fit,SEVERE,straight,PASSED,0.0,0.0,0.0,NO
HYBRID,IMM_ADAPTIVE_EKF,PID,gaussian_fit,SEVERE,random,PASSED,0.0,0.0,0.0,NO
HYBRID,IMM_ADAPTIVE_EKF,PID,gaussian_fit,SEVERE,spiral,PASSED,0.0,0.0,0.0,NO
HYBRID,IMM_ADAPTIVE_EKF,PID,gaussian_fit,RECOVERY,figure8,PASSED,0.0,0.0,0.0,NO
HYBRID,IMM_ADAPTIVE_EKF,PID,gaussian_fit,RECOVERY,sinusoidal,PASSED,39.18,65.29,0.0,NO
HYBRID,IMM_ADAPTIVE_EKF,PID,gaussian_fit,RECOVERY,circular,PASSED,185.64,315.2,0.0,NO
HYBRID,IMM_ADAPTIVE_EKF,PID,gaussian_fit,RECOVERY,straight,PASSED,12.0,19.99,0.0,NO
HYBRID,IMM_ADAPTIVE_EKF,PID,gaussian_fit,RECOVERY,random,PASSED,11.53,14.21,40.0,NO
HYBRID,IMM_ADAPTIVE_EKF,PID,gaussian_fit,RECOVERY,spiral,PASSED,56.38,58.19,0.0,NO
HYBRID,IMM_ADAPTIVE_EKF,PID,gaussian_fit,ADVERSARIAL,figure8,PASSED,15.96,15.96,0.0,NO
HYBRID,IMM_ADAPTIVE_EKF,PID,gaussian_fit,ADVERSARIAL,sinusoidal,PASSED,35.73,114.79,0.0,NO
HYBRID,IMM_ADAPTIVE_EKF,PID,gaussian_fit,ADVERSARIAL,circular,PASSED,308.09,310.19,0.0,NO
HYBRID,IMM_ADAPTIVE_EKF,PID,gaussian_fit,ADVERSARIAL,straight,PASSED,23.22,31.35,40.0,NO
HYBRID,IMM_ADAPTIVE_EKF,PID,gaussian_fit,ADVERSARIAL,random,PASSED,9.23,15.72,0.0,NO
HYBRID,IMM_ADAPTIVE_EKF,PID,gaussian_fit,ADVERSARIAL,spiral,PASSED,63.81,73.6,40.0,NO
HYBRID,IMM_ADAPTIVE_EKF,PID,geometric,NOMINAL,figure8,PASSED,15.22,37.52,40.0,NO
HYBRID,IMM_ADAPTIVE_EKF,PID,geometric,NOMINAL,sinusoidal,PASSED,36.05,119.73,0.0,NO
HYBRID,IMM_ADAPTIVE_EKF,PID,geometric,NOMINAL,circular,PASSED,299.89,300.12,40.0,NO
HYBRID,IMM_ADAPTIVE_EKF,PID,geometric,NOMINAL,straight,PASSED,2.62,6.64,40.0,NO
HYBRID,IMM_ADAPTIVE_EKF,PID,geometric,NOMINAL,random,PASSED,0.0,0.0,40.0,NO
HYBRID,IMM_ADAPTIVE_EKF,PID,geometric,NOMINAL,spiral,PASSED,50.49,51.33,40.0,NO
HYBRID,IMM_ADAPTIVE_EKF,PID,geometric,DIFFICULT,figure8,PASSED,17.19,36.78,40.0,NO
HYBRID,IMM_ADAPTIVE_EKF,PID,geometric,DIFFICULT,sinusoidal,PASSED,40.35,118.48,0.0,NO
HYBRID,IMM_ADAPTIVE_EKF,PID,geometric,DIFFICULT,circular,PASSED,303.31,305.66,40.0,NO
HYBRID,IMM_ADAPTIVE_EKF,PID,geometric,DIFFICULT,straight,PASSED,6.24,8.59,40.0,NO
HYBRID,IMM_ADAPTIVE_EKF,PID,geometric,DIFFICULT,random,PASSED,4.29,4.85,40.0,NO
HYBRID,IMM_ADAPTIVE_EKF,PID,geometric,DIFFICULT,spiral,PASSED,53.63,55.98,40.0,NO
HYBRID,IMM_ADAPTIVE_EKF,PID,geometric,SEVERE,figure8,PASSED,0.0,0.0,0.0,NO
HYBRID,IMM_ADAPTIVE_EKF,PID,geometric,SEVERE,sinusoidal,PASSED,0.0,0.0,0.0,NO
HYBRID,IMM_ADAPTIVE_EKF,PID,geometric,SEVERE,circular,PASSED,0.0,0.0,0.0,NO
HYBRID,IMM_ADAPTIVE_EKF,PID,geometric,SEVERE,straight,PASSED,0.0,0.0,0.0,NO
HYBRID,IMM_ADAPTIVE_EKF,PID,geometric,SEVERE,random,PASSED,0.0,0.0,0.0,NO
HYBRID,IMM_ADAPTIVE_EKF,PID,geometric,SEVERE,spiral,PASSED,0.0,0.0,0.0,NO
HYBRID,IMM_ADAPTIVE_EKF,PID,geometric,RECOVERY,figure8,PASSED,0.0,0.0,0.0,NO
HYBRID,IMM_ADAPTIVE_EKF,PID,geometric,RECOVERY,sinusoidal,PASSED,38.98,64.97,0.0,NO
HYBRID,IMM_ADAPTIVE_EKF,PID,geometric,RECOVERY,circular,PASSED,185.61,315.24,0.0,NO
HYBRID,IMM_ADAPTIVE_EKF,PID,geometric,RECOVERY,straight,PASSED,12.2,20.33,0.0,NO
HYBRID,IMM_ADAPTIVE_EKF,PID,geometric,RECOVERY,random,PASSED,11.38,14.46,40.0,NO
HYBRID,IMM_ADAPTIVE_EKF,PID,geometric,RECOVERY,spiral,PASSED,56.34,58.16,0.0,NO
HYBRID,IMM_ADAPTIVE_EKF,PID,geometric,ADVERSARIAL,figure8,PASSED,15.76,15.76,0.0,NO
HYBRID,IMM_ADAPTIVE_EKF,PID,geometric,ADVERSARIAL,sinusoidal,PASSED,35.43,114.11,0.0,NO
HYBRID,IMM_ADAPTIVE_EKF,PID,geometric,ADVERSARIAL,circular,PASSED,308.3,310.48,0.0,NO
HYBRID,IMM_ADAPTIVE_EKF,PID,geometric,ADVERSARIAL,straight,PASSED,23.22,31.62,40.0,NO
HYBRID,IMM_ADAPTIVE_EKF,PID,geometric,ADVERSARIAL,random,PASSED,9.28,15.74,0.0,NO
HYBRID,IMM_ADAPTIVE_EKF,PID,geometric,ADVERSARIAL,spiral,PASSED,63.67,73.29,40.0,NO
HYBRID,STANDARD_EKF,ADRC_NONLINEAR,weighted_cog,NOMINAL,figure8,PASSED,15.21,36.79,40.0,NO
HYBRID,STANDARD_EKF,ADRC_NONLINEAR,weighted_cog,NOMINAL,sinusoidal,PASSED,36.01,119.47,0.0,NO
HYBRID,STANDARD_EKF,ADRC_NONLINEAR,weighted_cog,NOMINAL,circular,PASSED,299.96,300.03,40.0,NO
HYBRID,STANDARD_EKF,ADRC_NONLINEAR,weighted_cog,NOMINAL,straight,PASSED,2.63,6.43,40.0,NO
HYBRID,STANDARD_EKF,ADRC_NONLINEAR,weighted_cog,NOMINAL,random,PASSED,0.01,0.02,40.0,NO
HYBRID,STANDARD_EKF,ADRC_NONLINEAR,weighted_cog,NOMINAL,spiral,PASSED,50.52,51.25,40.0,NO
HYBRID,STANDARD_EKF,ADRC_NONLINEAR,weighted_cog,DIFFICULT,figure8,PASSED,17.12,35.63,40.0,NO
HYBRID,STANDARD_EKF,ADRC_NONLINEAR,weighted_cog,DIFFICULT,sinusoidal,PASSED,38.62,118.34,0.0,NO
HYBRID,STANDARD_EKF,ADRC_NONLINEAR,weighted_cog,DIFFICULT,circular,PASSED,303.45,305.63,40.0,NO
HYBRID,STANDARD_EKF,ADRC_NONLINEAR,weighted_cog,DIFFICULT,straight,PASSED,6.33,8.85,40.0,NO
HYBRID,STANDARD_EKF,ADRC_NONLINEAR,weighted_cog,DIFFICULT,random,PASSED,4.24,4.75,40.0,NO
HYBRID,STANDARD_EKF,ADRC_NONLINEAR,weighted_cog,DIFFICULT,spiral,PASSED,53.87,56.24,40.0,NO
HYBRID,STANDARD_EKF,ADRC_NONLINEAR,weighted_cog,SEVERE,figure8,PASSED,0.0,0.0,0.0,NO
HYBRID,STANDARD_EKF,ADRC_NONLINEAR,weighted_cog,SEVERE,sinusoidal,PASSED,0.0,0.0,0.0,NO
HYBRID,STANDARD_EKF,ADRC_NONLINEAR,weighted_cog,SEVERE,circular,PASSED,0.0,0.0,0.0,NO
HYBRID,STANDARD_EKF,ADRC_NONLINEAR,weighted_cog,SEVERE,straight,PASSED,0.0,0.0,0.0,NO
HYBRID,STANDARD_EKF,ADRC_NONLINEAR,weighted_cog,SEVERE,random,PASSED,0.0,0.0,0.0,NO
HYBRID,STANDARD_EKF,ADRC_NONLINEAR,weighted_cog,SEVERE,spiral,PASSED,0.0,0.0,0.0,NO
HYBRID,STANDARD_EKF,ADRC_NONLINEAR,weighted_cog,RECOVERY,figure8,PASSED,0.0,0.0,0.0,NO
HYBRID,STANDARD_EKF,ADRC_NONLINEAR,weighted_cog,RECOVERY,sinusoidal,PASSED,39.09,65.15,0.0,NO
HYBRID,STANDARD_EKF,ADRC_NONLINEAR,weighted_cog,RECOVERY,circular,PASSED,185.74,315.01,0.0,NO
HYBRID,STANDARD_EKF,ADRC_NONLINEAR,weighted_cog,RECOVERY,straight,PASSED,12.04,20.07,0.0,NO
HYBRID,STANDARD_EKF,ADRC_NONLINEAR,weighted_cog,RECOVERY,random,PASSED,17.02,28.82,0.0,NO
HYBRID,STANDARD_EKF,ADRC_NONLINEAR,weighted_cog,RECOVERY,spiral,PASSED,56.39,58.19,0.0,NO
HYBRID,STANDARD_EKF,ADRC_NONLINEAR,weighted_cog,ADVERSARIAL,figure8,PASSED,15.89,15.89,0.0,NO
HYBRID,STANDARD_EKF,ADRC_NONLINEAR,weighted_cog,ADVERSARIAL,sinusoidal,PASSED,35.64,114.61,0.0,NO
HYBRID,STANDARD_EKF,ADRC_NONLINEAR,weighted_cog,ADVERSARIAL,circular,PASSED,308.1,310.23,0.0,NO
HYBRID,STANDARD_EKF,ADRC_NONLINEAR,weighted_cog,ADVERSARIAL,straight,PASSED,21.98,37.12,0.0,NO
HYBRID,STANDARD_EKF,ADRC_NONLINEAR,weighted_cog,ADVERSARIAL,random,PASSED,9.05,15.7,0.0,NO
HYBRID,STANDARD_EKF,ADRC_NONLINEAR,weighted_cog,ADVERSARIAL,spiral,PASSED,65.91,84.65,0.0,NO
HYBRID,STANDARD_EKF,ADRC_NONLINEAR,gaussian_fit,NOMINAL,figure8,PASSED,15.22,36.85,40.0,NO
HYBRID,STANDARD_EKF,ADRC_NONLINEAR,gaussian_fit,NOMINAL,sinusoidal,PASSED,36.01,119.48,0.0,NO
HYBRID,STANDARD_EKF,ADRC_NONLINEAR,gaussian_fit,NOMINAL,circular,PASSED,300.0,300.02,40.0,NO
HYBRID,STANDARD_EKF,ADRC_NONLINEAR,gaussian_fit,NOMINAL,straight,PASSED,2.65,6.4,40.0,NO
HYBRID,STANDARD_EKF,ADRC_NONLINEAR,gaussian_fit,NOMINAL,random,PASSED,0.03,0.06,40.0,NO
HYBRID,STANDARD_EKF,ADRC_NONLINEAR,gaussian_fit,NOMINAL,spiral,PASSED,50.53,51.28,40.0,NO
HYBRID,STANDARD_EKF,ADRC_NONLINEAR,gaussian_fit,DIFFICULT,figure8,PASSED,17.14,35.63,40.0,NO
HYBRID,STANDARD_EKF,ADRC_NONLINEAR,gaussian_fit,DIFFICULT,sinusoidal,PASSED,38.62,118.37,0.0,NO
HYBRID,STANDARD_EKF,ADRC_NONLINEAR,gaussian_fit,DIFFICULT,circular,PASSED,303.46,305.62,40.0,NO
HYBRID,STANDARD_EKF,ADRC_NONLINEAR,gaussian_fit,DIFFICULT,straight,PASSED,6.34,8.82,40.0,NO
HYBRID,STANDARD_EKF,ADRC_NONLINEAR,gaussian_fit,DIFFICULT,random,PASSED,4.26,4.78,40.0,NO
HYBRID,STANDARD_EKF,ADRC_NONLINEAR,gaussian_fit,DIFFICULT,spiral,PASSED,53.91,56.21,40.0,NO
HYBRID,STANDARD_EKF,ADRC_NONLINEAR,gaussian_fit,SEVERE,figure8,PASSED,0.0,0.0,0.0,NO
HYBRID,STANDARD_EKF,ADRC_NONLINEAR,gaussian_fit,SEVERE,sinusoidal,PASSED,0.0,0.0,0.0,NO
HYBRID,STANDARD_EKF,ADRC_NONLINEAR,gaussian_fit,SEVERE,circular,PASSED,0.0,0.0,0.0,NO
HYBRID,STANDARD_EKF,ADRC_NONLINEAR,gaussian_fit,SEVERE,straight,PASSED,0.0,0.0,0.0,NO
HYBRID,STANDARD_EKF,ADRC_NONLINEAR,gaussian_fit,SEVERE,random,PASSED,0.0,0.0,0.0,NO
HYBRID,STANDARD_EKF,ADRC_NONLINEAR,gaussian_fit,SEVERE,spiral,PASSED,0.0,0.0,0.0,NO
HYBRID,STANDARD_EKF,ADRC_NONLINEAR,gaussian_fit,RECOVERY,figure8,PASSED,0.0,0.0,0.0,NO
HYBRID,STANDARD_EKF,ADRC_NONLINEAR,gaussian_fit,RECOVERY,sinusoidal,PASSED,39.18,65.29,0.0,NO
HYBRID,STANDARD_EKF,ADRC_NONLINEAR,gaussian_fit,RECOVERY,circular,PASSED,185.83,315.2,0.0,NO
HYBRID,STANDARD_EKF,ADRC_NONLINEAR,gaussian_fit,RECOVERY,straight,PASSED,12.0,19.99,0.0,NO
HYBRID,STANDARD_EKF,ADRC_NONLINEAR,gaussian_fit,RECOVERY,random,PASSED,17.06,28.81,0.0,NO
HYBRID,STANDARD_EKF,ADRC_NONLINEAR,gaussian_fit,RECOVERY,spiral,PASSED,56.38,58.19,0.0,NO
HYBRID,STANDARD_EKF,ADRC_NONLINEAR,gaussian_fit,ADVERSARIAL,figure8,PASSED,15.96,15.96,0.0,NO
HYBRID,STANDARD_EKF,ADRC_NONLINEAR,gaussian_fit,ADVERSARIAL,sinusoidal,PASSED,35.73,114.79,0.0,NO
HYBRID,STANDARD_EKF,ADRC_NONLINEAR,gaussian_fit,ADVERSARIAL,circular,PASSED,308.09,310.19,0.0,NO
HYBRID,STANDARD_EKF,ADRC_NONLINEAR,gaussian_fit,ADVERSARIAL,straight,PASSED,22.0,37.03,0.0,NO
HYBRID,STANDARD_EKF,ADRC_NONLINEAR,gaussian_fit,ADVERSARIAL,random,PASSED,9.04,15.72,0.0,NO
HYBRID,STANDARD_EKF,ADRC_NONLINEAR,gaussian_fit,ADVERSARIAL,spiral,PASSED,65.89,84.35,0.0,NO
HYBRID,STANDARD_EKF,ADRC_NONLINEAR,geometric,NOMINAL,figure8,PASSED,15.13,36.42,40.0,NO
HYBRID,STANDARD_EKF,ADRC_NONLINEAR,geometric,NOMINAL,sinusoidal,PASSED,35.99,119.43,0.0,NO
HYBRID,STANDARD_EKF,ADRC_NONLINEAR,geometric,NOMINAL,circular,PASSED,299.87,300.05,40.0,NO
HYBRID,STANDARD_EKF,ADRC_NONLINEAR,geometric,NOMINAL,straight,PASSED,2.61,6.49,40.0,NO
HYBRID,STANDARD_EKF,ADRC_NONLINEAR,geometric,NOMINAL,random,PASSED,0.0,0.0,40.0,NO
HYBRID,STANDARD_EKF,ADRC_NONLINEAR,geometric,NOMINAL,spiral,PASSED,50.49,51.31,40.0,NO
HYBRID,STANDARD_EKF,ADRC_NONLINEAR,geometric,DIFFICULT,figure8,PASSED,17.08,35.65,40.0,NO
HYBRID,STANDARD_EKF,ADRC_NONLINEAR,geometric,DIFFICULT,sinusoidal,PASSED,38.61,118.45,0.0,NO
HYBRID,STANDARD_EKF,ADRC_NONLINEAR,geometric,DIFFICULT,circular,PASSED,303.49,305.87,40.0,NO
HYBRID,STANDARD_EKF,ADRC_NONLINEAR,geometric,DIFFICULT,straight,PASSED,6.37,9.1,40.0,NO
HYBRID,STANDARD_EKF,ADRC_NONLINEAR,geometric,DIFFICULT,random,PASSED,4.27,4.85,40.0,NO
HYBRID,STANDARD_EKF,ADRC_NONLINEAR,geometric,DIFFICULT,spiral,PASSED,53.8,56.24,40.0,NO
HYBRID,STANDARD_EKF,ADRC_NONLINEAR,geometric,SEVERE,figure8,PASSED,0.0,0.0,0.0,NO
HYBRID,STANDARD_EKF,ADRC_NONLINEAR,geometric,SEVERE,sinusoidal,PASSED,0.0,0.0,0.0,NO
HYBRID,STANDARD_EKF,ADRC_NONLINEAR,geometric,SEVERE,circular,PASSED,0.0,0.0,0.0,NO
HYBRID,STANDARD_EKF,ADRC_NONLINEAR,geometric,SEVERE,straight,PASSED,0.0,0.0,0.0,NO
HYBRID,STANDARD_EKF,ADRC_NONLINEAR,geometric,SEVERE,random,PASSED,0.0,0.0,0.0,NO
HYBRID,STANDARD_EKF,ADRC_NONLINEAR,geometric,SEVERE,spiral,PASSED,0.0,0.0,0.0,NO
HYBRID,STANDARD_EKF,ADRC_NONLINEAR,geometric,RECOVERY,figure8,PASSED,0.0,0.0,0.0,NO
HYBRID,STANDARD_EKF,ADRC_NONLINEAR,geometric,RECOVERY,sinusoidal,PASSED,38.98,64.97,0.0,NO
HYBRID,STANDARD_EKF,ADRC_NONLINEAR,geometric,RECOVERY,circular,PASSED,185.8,315.24,0.0,NO
HYBRID,STANDARD_EKF,ADRC_NONLINEAR,geometric,RECOVERY,straight,PASSED,12.2,20.33,0.0,NO
HYBRID,STANDARD_EKF,ADRC_NONLINEAR,geometric,RECOVERY,random,PASSED,17.17,29.2,0.0,NO
HYBRID,STANDARD_EKF,ADRC_NONLINEAR,geometric,RECOVERY,spiral,PASSED,56.35,58.16,0.0,NO
HYBRID,STANDARD_EKF,ADRC_NONLINEAR,geometric,ADVERSARIAL,figure8,PASSED,15.76,15.76,0.0,NO
HYBRID,STANDARD_EKF,ADRC_NONLINEAR,geometric,ADVERSARIAL,sinusoidal,PASSED,35.43,114.11,0.0,NO
HYBRID,STANDARD_EKF,ADRC_NONLINEAR,geometric,ADVERSARIAL,circular,PASSED,308.3,310.48,0.0,NO
HYBRID,STANDARD_EKF,ADRC_NONLINEAR,geometric,ADVERSARIAL,straight,PASSED,21.93,37.23,0.0,NO
HYBRID,STANDARD_EKF,ADRC_NONLINEAR,geometric,ADVERSARIAL,random,PASSED,9.1,15.74,0.0,NO
HYBRID,STANDARD_EKF,ADRC_NONLINEAR,geometric,ADVERSARIAL,spiral,PASSED,65.72,83.94,0.0,NO
HYBRID,STANDARD_EKF,PID,weighted_cog,NOMINAL,figure8,PASSED,15.21,36.79,40.0,NO
HYBRID,STANDARD_EKF,PID,weighted_cog,NOMINAL,sinusoidal,PASSED,36.01,119.47,0.0,NO
HYBRID,STANDARD_EKF,PID,weighted_cog,NOMINAL,circular,PASSED,299.96,300.03,40.0,NO
HYBRID,STANDARD_EKF,PID,weighted_cog,NOMINAL,straight,PASSED,2.63,6.43,40.0,NO
HYBRID,STANDARD_EKF,PID,weighted_cog,NOMINAL,random,PASSED,0.01,0.02,40.0,NO
HYBRID,STANDARD_EKF,PID,weighted_cog,NOMINAL,spiral,PASSED,50.52,51.25,40.0,NO
HYBRID,STANDARD_EKF,PID,weighted_cog,DIFFICULT,figure8,PASSED,17.12,35.63,40.0,NO
HYBRID,STANDARD_EKF,PID,weighted_cog,DIFFICULT,sinusoidal,PASSED,38.62,118.34,0.0,NO
HYBRID,STANDARD_EKF,PID,weighted_cog,DIFFICULT,circular,PASSED,303.45,305.63,40.0,NO
HYBRID,STANDARD_EKF,PID,weighted_cog,DIFFICULT,straight,PASSED,6.33,8.85,40.0,NO
HYBRID,STANDARD_EKF,PID,weighted_cog,DIFFICULT,random,PASSED,4.24,4.75,40.0,NO
HYBRID,STANDARD_EKF,PID,weighted_cog,DIFFICULT,spiral,PASSED,53.87,56.24,40.0,NO
HYBRID,STANDARD_EKF,PID,weighted_cog,SEVERE,figure8,PASSED,0.0,0.0,0.0,NO
HYBRID,STANDARD_EKF,PID,weighted_cog,SEVERE,sinusoidal,PASSED,0.0,0.0,0.0,NO
HYBRID,STANDARD_EKF,PID,weighted_cog,SEVERE,circular,PASSED,0.0,0.0,0.0,NO
HYBRID,STANDARD_EKF,PID,weighted_cog,SEVERE,straight,PASSED,0.0,0.0,0.0,NO
HYBRID,STANDARD_EKF,PID,weighted_cog,SEVERE,random,PASSED,0.0,0.0,0.0,NO
HYBRID,STANDARD_EKF,PID,weighted_cog,SEVERE,spiral,PASSED,0.0,0.0,0.0,NO
HYBRID,STANDARD_EKF,PID,weighted_cog,RECOVERY,figure8,PASSED,0.0,0.0,0.0,NO
HYBRID,STANDARD_EKF,PID,weighted_cog,RECOVERY,sinusoidal,PASSED,39.09,65.15,0.0,NO
HYBRID,STANDARD_EKF,PID,weighted_cog,RECOVERY,circular,PASSED,185.74,315.01,0.0,NO
HYBRID,STANDARD_EKF,PID,weighted_cog,RECOVERY,straight,PASSED,12.04,20.07,0.0,NO
HYBRID,STANDARD_EKF,PID,weighted_cog,RECOVERY,random,PASSED,17.02,28.82,0.0,NO
HYBRID,STANDARD_EKF,PID,weighted_cog,RECOVERY,spiral,PASSED,56.39,58.19,0.0,NO
HYBRID,STANDARD_EKF,PID,weighted_cog,ADVERSARIAL,figure8,PASSED,15.89,15.89,0.0,NO
HYBRID,STANDARD_EKF,PID,weighted_cog,ADVERSARIAL,sinusoidal,PASSED,35.64,114.61,0.0,NO
HYBRID,STANDARD_EKF,PID,weighted_cog,ADVERSARIAL,circular,PASSED,308.1,310.23,0.0,NO
HYBRID,STANDARD_EKF,PID,weighted_cog,ADVERSARIAL,straight,PASSED,21.98,37.12,0.0,NO
HYBRID,STANDARD_EKF,PID,weighted_cog,ADVERSARIAL,random,PASSED,9.05,15.7,0.0,NO
HYBRID,STANDARD_EKF,PID,weighted_cog,ADVERSARIAL,spiral,PASSED,65.91,84.65,0.0,NO
HYBRID,STANDARD_EKF,PID,gaussian_fit,NOMINAL,figure8,PASSED,15.22,36.85,40.0,NO
HYBRID,STANDARD_EKF,PID,gaussian_fit,NOMINAL,sinusoidal,PASSED,36.01,119.48,0.0,NO
HYBRID,STANDARD_EKF,PID,gaussian_fit,NOMINAL,circular,PASSED,300.0,300.02,40.0,NO
HYBRID,STANDARD_EKF,PID,gaussian_fit,NOMINAL,straight,PASSED,2.65,6.4,40.0,NO
HYBRID,STANDARD_EKF,PID,gaussian_fit,NOMINAL,random,PASSED,0.03,0.06,40.0,NO
HYBRID,STANDARD_EKF,PID,gaussian_fit,NOMINAL,spiral,PASSED,50.53,51.28,40.0,NO
HYBRID,STANDARD_EKF,PID,gaussian_fit,DIFFICULT,figure8,PASSED,17.14,35.63,40.0,NO
HYBRID,STANDARD_EKF,PID,gaussian_fit,DIFFICULT,sinusoidal,PASSED,38.62,118.37,0.0,NO
HYBRID,STANDARD_EKF,PID,gaussian_fit,DIFFICULT,circular,PASSED,303.46,305.62,40.0,NO
HYBRID,STANDARD_EKF,PID,gaussian_fit,DIFFICULT,straight,PASSED,6.34,8.82,40.0,NO
HYBRID,STANDARD_EKF,PID,gaussian_fit,DIFFICULT,random,PASSED,4.26,4.78,40.0,NO
HYBRID,STANDARD_EKF,PID,gaussian_fit,DIFFICULT,spiral,PASSED,53.91,56.21,40.0,NO
HYBRID,STANDARD_EKF,PID,gaussian_fit,SEVERE,figure8,PASSED,0.0,0.0,0.0,NO
HYBRID,STANDARD_EKF,PID,gaussian_fit,SEVERE,sinusoidal,PASSED,0.0,0.0,0.0,NO
HYBRID,STANDARD_EKF,PID,gaussian_fit,SEVERE,circular,PASSED,0.0,0.0,0.0,NO
HYBRID,STANDARD_EKF,PID,gaussian_fit,SEVERE,straight,PASSED,0.0,0.0,0.0,NO
HYBRID,STANDARD_EKF,PID,gaussian_fit,SEVERE,random,PASSED,0.0,0.0,0.0,NO
HYBRID,STANDARD_EKF,PID,gaussian_fit,SEVERE,spiral,PASSED,0.0,0.0,0.0,NO
HYBRID,STANDARD_EKF,PID,gaussian_fit,RECOVERY,figure8,PASSED,0.0,0.0,0.0,NO
HYBRID,STANDARD_EKF,PID,gaussian_fit,RECOVERY,sinusoidal,PASSED,39.18,65.29,0.0,NO
HYBRID,STANDARD_EKF,PID,gaussian_fit,RECOVERY,circular,PASSED,185.83,315.2,0.0,NO
HYBRID,STANDARD_EKF,PID,gaussian_fit,RECOVERY,straight,PASSED,12.0,19.99,0.0,NO
HYBRID,STANDARD_EKF,PID,gaussian_fit,RECOVERY,random,PASSED,17.06,28.81,0.0,NO
HYBRID,STANDARD_EKF,PID,gaussian_fit,RECOVERY,spiral,PASSED,56.38,58.19,0.0,NO
HYBRID,STANDARD_EKF,PID,gaussian_fit,ADVERSARIAL,figure8,PASSED,15.96,15.96,0.0,NO
HYBRID,STANDARD_EKF,PID,gaussian_fit,ADVERSARIAL,sinusoidal,PASSED,35.73,114.79,0.0,NO
HYBRID,STANDARD_EKF,PID,gaussian_fit,ADVERSARIAL,circular,PASSED,308.09,310.19,0.0,NO
HYBRID,STANDARD_EKF,PID,gaussian_fit,ADVERSARIAL,straight,PASSED,22.0,37.03,0.0,NO
HYBRID,STANDARD_EKF,PID,gaussian_fit,ADVERSARIAL,random,PASSED,9.04,15.72,0.0,NO
HYBRID,STANDARD_EKF,PID,gaussian_fit,ADVERSARIAL,spiral,PASSED,65.89,84.35,0.0,NO
HYBRID,STANDARD_EKF,PID,geometric,NOMINAL,figure8,PASSED,15.13,36.42,40.0,NO
HYBRID,STANDARD_EKF,PID,geometric,NOMINAL,sinusoidal,PASSED,35.99,119.43,0.0,NO
HYBRID,STANDARD_EKF,PID,geometric,NOMINAL,circular,PASSED,299.87,300.05,40.0,NO
HYBRID,STANDARD_EKF,PID,geometric,NOMINAL,straight,PASSED,2.61,6.49,40.0,NO
HYBRID,STANDARD_EKF,PID,geometric,NOMINAL,random,PASSED,0.0,0.0,40.0,NO
HYBRID,STANDARD_EKF,PID,geometric,NOMINAL,spiral,PASSED,50.49,51.31,40.0,NO
HYBRID,STANDARD_EKF,PID,geometric,DIFFICULT,figure8,PASSED,17.08,35.65,40.0,NO
HYBRID,STANDARD_EKF,PID,geometric,DIFFICULT,sinusoidal,PASSED,38.61,118.45,0.0,NO
HYBRID,STANDARD_EKF,PID,geometric,DIFFICULT,circular,PASSED,303.49,305.87,40.0,NO
HYBRID,STANDARD_EKF,PID,geometric,DIFFICULT,straight,PASSED,6.37,9.1,40.0,NO
HYBRID,STANDARD_EKF,PID,geometric,DIFFICULT,random,PASSED,4.27,4.85,40.0,NO
HYBRID,STANDARD_EKF,PID,geometric,DIFFICULT,spiral,PASSED,53.8,56.24,40.0,NO
HYBRID,STANDARD_EKF,PID,geometric,SEVERE,figure8,PASSED,0.0,0.0,0.0,NO
HYBRID,STANDARD_EKF,PID,geometric,SEVERE,sinusoidal,PASSED,0.0,0.0,0.0,NO
HYBRID,STANDARD_EKF,PID,geometric,SEVERE,circular,PASSED,0.0,0.0,0.0,NO
HYBRID,STANDARD_EKF,PID,geometric,SEVERE,straight,PASSED,0.0,0.0,0.0,NO
HYBRID,STANDARD_EKF,PID,geometric,SEVERE,random,PASSED,0.0,0.0,0.0,NO
HYBRID,STANDARD_EKF,PID,geometric,SEVERE,spiral,PASSED,0.0,0.0,0.0,NO
HYBRID,STANDARD_EKF,PID,geometric,RECOVERY,figure8,PASSED,0.0,0.0,0.0,NO
HYBRID,STANDARD_EKF,PID,geometric,RECOVERY,sinusoidal,PASSED,38.98,64.97,0.0,NO
HYBRID,STANDARD_EKF,PID,geometric,RECOVERY,circular,PASSED,185.8,315.24,0.0,NO
HYBRID,STANDARD_EKF,PID,geometric,RECOVERY,straight,PASSED,12.2,20.33,0.0,NO
HYBRID,STANDARD_EKF,PID,geometric,RECOVERY,random,PASSED,17.17,29.2,0.0,NO
HYBRID,STANDARD_EKF,PID,geometric,RECOVERY,spiral,PASSED,56.35,58.16,0.0,NO
HYBRID,STANDARD_EKF,PID,geometric,ADVERSARIAL,figure8,PASSED,15.76,15.76,0.0,NO
HYBRID,STANDARD_EKF,PID,geometric,ADVERSARIAL,sinusoidal,PASSED,35.43,114.11,0.0,NO
HYBRID,STANDARD_EKF,PID,geometric,ADVERSARIAL,circular,PASSED,308.3,310.48,0.0,NO
HYBRID,STANDARD_EKF,PID,geometric,ADVERSARIAL,straight,PASSED,21.93,37.23,0.0,NO
HYBRID,STANDARD_EKF,PID,geometric,ADVERSARIAL,random,PASSED,9.1,15.74,0.0,NO
HYBRID,STANDARD_EKF,PID,geometric,ADVERSARIAL,spiral,PASSED,65.72,83.94,0.0,NO
NEURAL,IMM_ADAPTIVE_EKF,ADRC_NONLINEAR,weighted_cog,NOMINAL,figure8,PASSED,15.26,37.87,40.0,NO
NEURAL,IMM_ADAPTIVE_EKF,ADRC_NONLINEAR,weighted_cog,NOMINAL,sinusoidal,PASSED,36.01,119.69,0.0,NO
NEURAL,IMM_ADAPTIVE_EKF,ADRC_NONLINEAR,weighted_cog,NOMINAL,circular,PASSED,300.0,300.08,40.0,NO
NEURAL,IMM_ADAPTIVE_EKF,ADRC_NONLINEAR,weighted_cog,NOMINAL,straight,PASSED,2.66,6.39,40.0,NO
NEURAL,IMM_ADAPTIVE_EKF,ADRC_NONLINEAR,weighted_cog,NOMINAL,random,PASSED,0.01,0.03,40.0,NO
NEURAL,IMM_ADAPTIVE_EKF,ADRC_NONLINEAR,weighted_cog,NOMINAL,spiral,PASSED,50.52,51.25,40.0,NO
NEURAL,IMM_ADAPTIVE_EKF,ADRC_NONLINEAR,weighted_cog,DIFFICULT,figure8,PASSED,17.17,36.58,40.0,NO
NEURAL,IMM_ADAPTIVE_EKF,ADRC_NONLINEAR,weighted_cog,DIFFICULT,sinusoidal,PASSED,40.33,118.01,0.0,NO
NEURAL,IMM_ADAPTIVE_EKF,ADRC_NONLINEAR,weighted_cog,DIFFICULT,circular,PASSED,303.3,305.36,40.0,NO
NEURAL,IMM_ADAPTIVE_EKF,ADRC_NONLINEAR,weighted_cog,DIFFICULT,straight,PASSED,6.19,8.22,40.0,NO
NEURAL,IMM_ADAPTIVE_EKF,ADRC_NONLINEAR,weighted_cog,DIFFICULT,random,PASSED,4.21,4.69,40.0,NO
NEURAL,IMM_ADAPTIVE_EKF,ADRC_NONLINEAR,weighted_cog,DIFFICULT,spiral,PASSED,53.78,56.04,40.0,NO
NEURAL,IMM_ADAPTIVE_EKF,ADRC_NONLINEAR,weighted_cog,SEVERE,figure8,PASSED,0.0,0.0,0.0,NO
NEURAL,IMM_ADAPTIVE_EKF,ADRC_NONLINEAR,weighted_cog,SEVERE,sinusoidal,PASSED,0.0,0.0,0.0,NO
NEURAL,IMM_ADAPTIVE_EKF,ADRC_NONLINEAR,weighted_cog,SEVERE,circular,PASSED,0.0,0.0,0.0,NO
NEURAL,IMM_ADAPTIVE_EKF,ADRC_NONLINEAR,weighted_cog,SEVERE,straight,PASSED,0.0,0.0,0.0,NO
NEURAL,IMM_ADAPTIVE_EKF,ADRC_NONLINEAR,weighted_cog,SEVERE,random,PASSED,0.0,0.0,0.0,NO
NEURAL,IMM_ADAPTIVE_EKF,ADRC_NONLINEAR,weighted_cog,SEVERE,spiral,PASSED,0.0,0.0,0.0,NO
NEURAL,IMM_ADAPTIVE_EKF,ADRC_NONLINEAR,weighted_cog,RECOVERY,figure8,PASSED,0.0,0.0,0.0,NO
NEURAL,IMM_ADAPTIVE_EKF,ADRC_NONLINEAR,weighted_cog,RECOVERY,sinusoidal,PASSED,39.16,65.26,0.0,NO
NEURAL,IMM_ADAPTIVE_EKF,ADRC_NONLINEAR,weighted_cog,RECOVERY,circular,PASSED,185.63,314.91,0.0,NO
NEURAL,IMM_ADAPTIVE_EKF,ADRC_NONLINEAR,weighted_cog,RECOVERY,straight,PASSED,11.99,19.99,0.0,NO
NEURAL,IMM_ADAPTIVE_EKF,ADRC_NONLINEAR,weighted_cog,RECOVERY,random,PASSED,13.44,14.11,40.0,NO
NEURAL,IMM_ADAPTIVE_EKF,ADRC_NONLINEAR,weighted_cog,RECOVERY,spiral,PASSED,56.42,58.22,0.0,NO
NEURAL,IMM_ADAPTIVE_EKF,ADRC_NONLINEAR,weighted_cog,ADVERSARIAL,figure8,PASSED,16.07,16.07,0.0,NO
NEURAL,IMM_ADAPTIVE_EKF,ADRC_NONLINEAR,weighted_cog,ADVERSARIAL,sinusoidal,PASSED,16.07,16.07,0.0,NO
NEURAL,IMM_ADAPTIVE_EKF,ADRC_NONLINEAR,weighted_cog,ADVERSARIAL,circular,PASSED,307.95,310.04,0.0,NO
NEURAL,IMM_ADAPTIVE_EKF,ADRC_NONLINEAR,weighted_cog,ADVERSARIAL,straight,PASSED,22.51,39.12,40.0,NO
NEURAL,IMM_ADAPTIVE_EKF,ADRC_NONLINEAR,weighted_cog,ADVERSARIAL,random,PASSED,9.16,15.83,0.0,NO
NEURAL,IMM_ADAPTIVE_EKF,ADRC_NONLINEAR,weighted_cog,ADVERSARIAL,spiral,PASSED,61.59,71.57,40.0,NO
NEURAL,IMM_ADAPTIVE_EKF,ADRC_NONLINEAR,gaussian_fit,NOMINAL,figure8,PASSED,15.26,37.87,40.0,NO
NEURAL,IMM_ADAPTIVE_EKF,ADRC_NONLINEAR,gaussian_fit,NOMINAL,sinusoidal,PASSED,36.01,119.69,0.0,NO
NEURAL,IMM_ADAPTIVE_EKF,ADRC_NONLINEAR,gaussian_fit,NOMINAL,circular,PASSED,300.0,300.08,40.0,NO
NEURAL,IMM_ADAPTIVE_EKF,ADRC_NONLINEAR,gaussian_fit,NOMINAL,straight,PASSED,2.66,6.39,40.0,NO
NEURAL,IMM_ADAPTIVE_EKF,ADRC_NONLINEAR,gaussian_fit,NOMINAL,random,PASSED,0.01,0.03,40.0,NO
NEURAL,IMM_ADAPTIVE_EKF,ADRC_NONLINEAR,gaussian_fit,NOMINAL,spiral,PASSED,50.52,51.25,40.0,NO
NEURAL,IMM_ADAPTIVE_EKF,ADRC_NONLINEAR,gaussian_fit,DIFFICULT,figure8,PASSED,17.17,36.58,40.0,NO
NEURAL,IMM_ADAPTIVE_EKF,ADRC_NONLINEAR,gaussian_fit,DIFFICULT,sinusoidal,PASSED,40.33,118.01,0.0,NO
NEURAL,IMM_ADAPTIVE_EKF,ADRC_NONLINEAR,gaussian_fit,DIFFICULT,circular,PASSED,303.3,305.36,40.0,NO
NEURAL,IMM_ADAPTIVE_EKF,ADRC_NONLINEAR,gaussian_fit,DIFFICULT,straight,PASSED,6.19,8.22,40.0,NO
NEURAL,IMM_ADAPTIVE_EKF,ADRC_NONLINEAR,gaussian_fit,DIFFICULT,random,PASSED,4.21,4.69,40.0,NO
NEURAL,IMM_ADAPTIVE_EKF,ADRC_NONLINEAR,gaussian_fit,DIFFICULT,spiral,PASSED,53.78,56.04,40.0,NO
NEURAL,IMM_ADAPTIVE_EKF,ADRC_NONLINEAR,gaussian_fit,SEVERE,figure8,PASSED,0.0,0.0,0.0,NO
NEURAL,IMM_ADAPTIVE_EKF,ADRC_NONLINEAR,gaussian_fit,SEVERE,sinusoidal,PASSED,0.0,0.0,0.0,NO
NEURAL,IMM_ADAPTIVE_EKF,ADRC_NONLINEAR,gaussian_fit,SEVERE,circular,PASSED,0.0,0.0,0.0,NO
NEURAL,IMM_ADAPTIVE_EKF,ADRC_NONLINEAR,gaussian_fit,SEVERE,straight,PASSED,0.0,0.0,0.0,NO
NEURAL,IMM_ADAPTIVE_EKF,ADRC_NONLINEAR,gaussian_fit,SEVERE,random,PASSED,0.0,0.0,0.0,NO
NEURAL,IMM_ADAPTIVE_EKF,ADRC_NONLINEAR,gaussian_fit,SEVERE,spiral,PASSED,0.0,0.0,0.0,NO
NEURAL,IMM_ADAPTIVE_EKF,ADRC_NONLINEAR,gaussian_fit,RECOVERY,figure8,PASSED,0.0,0.0,0.0,NO
NEURAL,IMM_ADAPTIVE_EKF,ADRC_NONLINEAR,gaussian_fit,RECOVERY,sinusoidal,PASSED,39.16,65.26,0.0,NO
NEURAL,IMM_ADAPTIVE_EKF,ADRC_NONLINEAR,gaussian_fit,RECOVERY,circular,PASSED,185.63,314.91,0.0,NO
NEURAL,IMM_ADAPTIVE_EKF,ADRC_NONLINEAR,gaussian_fit,RECOVERY,straight,PASSED,11.99,19.99,0.0,NO
NEURAL,IMM_ADAPTIVE_EKF,ADRC_NONLINEAR,gaussian_fit,RECOVERY,random,PASSED,13.44,14.11,40.0,NO
NEURAL,IMM_ADAPTIVE_EKF,ADRC_NONLINEAR,gaussian_fit,RECOVERY,spiral,PASSED,56.42,58.22,0.0,NO
NEURAL,IMM_ADAPTIVE_EKF,ADRC_NONLINEAR,gaussian_fit,ADVERSARIAL,figure8,PASSED,16.07,16.07,0.0,NO
NEURAL,IMM_ADAPTIVE_EKF,ADRC_NONLINEAR,gaussian_fit,ADVERSARIAL,sinusoidal,PASSED,16.07,16.07,0.0,NO
NEURAL,IMM_ADAPTIVE_EKF,ADRC_NONLINEAR,gaussian_fit,ADVERSARIAL,circular,PASSED,307.95,310.04,0.0,NO
NEURAL,IMM_ADAPTIVE_EKF,ADRC_NONLINEAR,gaussian_fit,ADVERSARIAL,straight,PASSED,22.51,39.12,40.0,NO
NEURAL,IMM_ADAPTIVE_EKF,ADRC_NONLINEAR,gaussian_fit,ADVERSARIAL,random,PASSED,9.16,15.83,0.0,NO
NEURAL,IMM_ADAPTIVE_EKF,ADRC_NONLINEAR,gaussian_fit,ADVERSARIAL,spiral,PASSED,61.59,71.57,40.0,NO
NEURAL,IMM_ADAPTIVE_EKF,ADRC_NONLINEAR,geometric,NOMINAL,figure8,PASSED,15.26,37.87,40.0,NO
NEURAL,IMM_ADAPTIVE_EKF,ADRC_NONLINEAR,geometric,NOMINAL,sinusoidal,PASSED,36.01,119.69,0.0,NO
NEURAL,IMM_ADAPTIVE_EKF,ADRC_NONLINEAR,geometric,NOMINAL,circular,PASSED,300.0,300.08,40.0,NO
NEURAL,IMM_ADAPTIVE_EKF,ADRC_NONLINEAR,geometric,NOMINAL,straight,PASSED,2.66,6.39,40.0,NO
NEURAL,IMM_ADAPTIVE_EKF,ADRC_NONLINEAR,geometric,NOMINAL,random,PASSED,0.01,0.03,40.0,NO
NEURAL,IMM_ADAPTIVE_EKF,ADRC_NONLINEAR,geometric,NOMINAL,spiral,PASSED,50.52,51.25,40.0,NO
NEURAL,IMM_ADAPTIVE_EKF,ADRC_NONLINEAR,geometric,DIFFICULT,figure8,PASSED,17.17,36.58,40.0,NO
NEURAL,IMM_ADAPTIVE_EKF,ADRC_NONLINEAR,geometric,DIFFICULT,sinusoidal,PASSED,40.33,118.01,0.0,NO
NEURAL,IMM_ADAPTIVE_EKF,ADRC_NONLINEAR,geometric,DIFFICULT,circular,PASSED,303.3,305.36,40.0,NO
NEURAL,IMM_ADAPTIVE_EKF,ADRC_NONLINEAR,geometric,DIFFICULT,straight,PASSED,6.19,8.22,40.0,NO
NEURAL,IMM_ADAPTIVE_EKF,ADRC_NONLINEAR,geometric,DIFFICULT,random,PASSED,4.21,4.69,40.0,NO
NEURAL,IMM_ADAPTIVE_EKF,ADRC_NONLINEAR,geometric,DIFFICULT,spiral,PASSED,53.78,56.04,40.0,NO
NEURAL,IMM_ADAPTIVE_EKF,ADRC_NONLINEAR,geometric,SEVERE,figure8,PASSED,0.0,0.0,0.0,NO
NEURAL,IMM_ADAPTIVE_EKF,ADRC_NONLINEAR,geometric,SEVERE,sinusoidal,PASSED,0.0,0.0,0.0,NO
NEURAL,IMM_ADAPTIVE_EKF,ADRC_NONLINEAR,geometric,SEVERE,circular,PASSED,0.0,0.0,0.0,NO
NEURAL,IMM_ADAPTIVE_EKF,ADRC_NONLINEAR,geometric,SEVERE,straight,PASSED,0.0,0.0,0.0,NO
NEURAL,IMM_ADAPTIVE_EKF,ADRC_NONLINEAR,geometric,SEVERE,random,PASSED,0.0,0.0,0.0,NO
NEURAL,IMM_ADAPTIVE_EKF,ADRC_NONLINEAR,geometric,SEVERE,spiral,PASSED,0.0,0.0,0.0,NO
NEURAL,IMM_ADAPTIVE_EKF,ADRC_NONLINEAR,geometric,RECOVERY,figure8,PASSED,0.0,0.0,0.0,NO
NEURAL,IMM_ADAPTIVE_EKF,ADRC_NONLINEAR,geometric,RECOVERY,sinusoidal,PASSED,39.16,65.26,0.0,NO
NEURAL,IMM_ADAPTIVE_EKF,ADRC_NONLINEAR,geometric,RECOVERY,circular,PASSED,185.63,314.91,0.0,NO
NEURAL,IMM_ADAPTIVE_EKF,ADRC_NONLINEAR,geometric,RECOVERY,straight,PASSED,11.99,19.99,0.0,NO
NEURAL,IMM_ADAPTIVE_EKF,ADRC_NONLINEAR,geometric,RECOVERY,random,PASSED,13.44,14.11,40.0,NO
NEURAL,IMM_ADAPTIVE_EKF,ADRC_NONLINEAR,geometric,RECOVERY,spiral,PASSED,56.42,58.22,0.0,NO
NEURAL,IMM_ADAPTIVE_EKF,ADRC_NONLINEAR,geometric,ADVERSARIAL,figure8,PASSED,16.07,16.07,0.0,NO
NEURAL,IMM_ADAPTIVE_EKF,ADRC_NONLINEAR,geometric,ADVERSARIAL,sinusoidal,PASSED,16.07,16.07,0.0,NO
NEURAL,IMM_ADAPTIVE_EKF,ADRC_NONLINEAR,geometric,ADVERSARIAL,circular,PASSED,307.95,310.04,0.0,NO
NEURAL,IMM_ADAPTIVE_EKF,ADRC_NONLINEAR,geometric,ADVERSARIAL,straight,PASSED,22.51,39.12,40.0,NO
NEURAL,IMM_ADAPTIVE_EKF,ADRC_NONLINEAR,geometric,ADVERSARIAL,random,PASSED,9.16,15.83,0.0,NO
NEURAL,IMM_ADAPTIVE_EKF,ADRC_NONLINEAR,geometric,ADVERSARIAL,spiral,PASSED,61.59,71.57,40.0,NO
NEURAL,IMM_ADAPTIVE_EKF,PID,weighted_cog,NOMINAL,figure8,PASSED,15.26,37.87,40.0,NO
NEURAL,IMM_ADAPTIVE_EKF,PID,weighted_cog,NOMINAL,sinusoidal,PASSED,36.01,119.69,0.0,NO
NEURAL,IMM_ADAPTIVE_EKF,PID,weighted_cog,NOMINAL,circular,PASSED,300.0,300.08,40.0,NO
NEURAL,IMM_ADAPTIVE_EKF,PID,weighted_cog,NOMINAL,straight,PASSED,2.66,6.39,40.0,NO
NEURAL,IMM_ADAPTIVE_EKF,PID,weighted_cog,NOMINAL,random,PASSED,0.01,0.03,40.0,NO
NEURAL,IMM_ADAPTIVE_EKF,PID,weighted_cog,NOMINAL,spiral,PASSED,50.52,51.25,40.0,NO
NEURAL,IMM_ADAPTIVE_EKF,PID,weighted_cog,DIFFICULT,figure8,PASSED,17.17,36.58,40.0,NO
NEURAL,IMM_ADAPTIVE_EKF,PID,weighted_cog,DIFFICULT,sinusoidal,PASSED,40.33,118.01,0.0,NO
NEURAL,IMM_ADAPTIVE_EKF,PID,weighted_cog,DIFFICULT,circular,PASSED,303.3,305.36,40.0,NO
NEURAL,IMM_ADAPTIVE_EKF,PID,weighted_cog,DIFFICULT,straight,PASSED,6.19,8.22,40.0,NO
NEURAL,IMM_ADAPTIVE_EKF,PID,weighted_cog,DIFFICULT,random,PASSED,4.21,4.69,40.0,NO
NEURAL,IMM_ADAPTIVE_EKF,PID,weighted_cog,DIFFICULT,spiral,PASSED,53.78,56.04,40.0,NO
NEURAL,IMM_ADAPTIVE_EKF,PID,weighted_cog,SEVERE,figure8,PASSED,0.0,0.0,0.0,NO
NEURAL,IMM_ADAPTIVE_EKF,PID,weighted_cog,SEVERE,sinusoidal,PASSED,0.0,0.0,0.0,NO
NEURAL,IMM_ADAPTIVE_EKF,PID,weighted_cog,SEVERE,circular,PASSED,0.0,0.0,0.0,NO
NEURAL,IMM_ADAPTIVE_EKF,PID,weighted_cog,SEVERE,straight,PASSED,0.0,0.0,0.0,NO
NEURAL,IMM_ADAPTIVE_EKF,PID,weighted_cog,SEVERE,random,PASSED,0.0,0.0,0.0,NO
NEURAL,IMM_ADAPTIVE_EKF,PID,weighted_cog,SEVERE,spiral,PASSED,0.0,0.0,0.0,NO
NEURAL,IMM_ADAPTIVE_EKF,PID,weighted_cog,RECOVERY,figure8,PASSED,0.0,0.0,0.0,NO
NEURAL,IMM_ADAPTIVE_EKF,PID,weighted_cog,RECOVERY,sinusoidal,PASSED,39.16,65.26,0.0,NO
NEURAL,IMM_ADAPTIVE_EKF,PID,weighted_cog,RECOVERY,circular,PASSED,185.63,314.91,0.0,NO
NEURAL,IMM_ADAPTIVE_EKF,PID,weighted_cog,RECOVERY,straight,PASSED,11.99,19.99,0.0,NO
NEURAL,IMM_ADAPTIVE_EKF,PID,weighted_cog,RECOVERY,random,PASSED,13.44,14.11,40.0,NO
NEURAL,IMM_ADAPTIVE_EKF,PID,weighted_cog,RECOVERY,spiral,PASSED,56.42,58.22,0.0,NO
NEURAL,IMM_ADAPTIVE_EKF,PID,weighted_cog,ADVERSARIAL,figure8,PASSED,16.07,16.07,0.0,NO
NEURAL,IMM_ADAPTIVE_EKF,PID,weighted_cog,ADVERSARIAL,sinusoidal,PASSED,16.07,16.07,0.0,NO
NEURAL,IMM_ADAPTIVE_EKF,PID,weighted_cog,ADVERSARIAL,circular,PASSED,307.95,310.04,0.0,NO
NEURAL,IMM_ADAPTIVE_EKF,PID,weighted_cog,ADVERSARIAL,straight,PASSED,22.51,39.12,40.0,NO
NEURAL,IMM_ADAPTIVE_EKF,PID,weighted_cog,ADVERSARIAL,random,PASSED,9.16,15.83,0.0,NO
NEURAL,IMM_ADAPTIVE_EKF,PID,weighted_cog,ADVERSARIAL,spiral,PASSED,61.59,71.57,40.0,NO
NEURAL,IMM_ADAPTIVE_EKF,PID,gaussian_fit,NOMINAL,figure8,PASSED,15.26,37.87,40.0,NO
NEURAL,IMM_ADAPTIVE_EKF,PID,gaussian_fit,NOMINAL,sinusoidal,PASSED,36.01,119.69,0.0,NO
NEURAL,IMM_ADAPTIVE_EKF,PID,gaussian_fit,NOMINAL,circular,PASSED,300.0,300.08,40.0,NO
NEURAL,IMM_ADAPTIVE_EKF,PID,gaussian_fit,NOMINAL,straight,PASSED,2.66,6.39,40.0,NO
NEURAL,IMM_ADAPTIVE_EKF,PID,gaussian_fit,NOMINAL,random,PASSED,0.01,0.03,40.0,NO
NEURAL,IMM_ADAPTIVE_EKF,PID,gaussian_fit,NOMINAL,spiral,PASSED,50.52,51.25,40.0,NO
NEURAL,IMM_ADAPTIVE_EKF,PID,gaussian_fit,DIFFICULT,figure8,PASSED,17.17,36.58,40.0,NO
NEURAL,IMM_ADAPTIVE_EKF,PID,gaussian_fit,DIFFICULT,sinusoidal,PASSED,40.33,118.01,0.0,NO
NEURAL,IMM_ADAPTIVE_EKF,PID,gaussian_fit,DIFFICULT,circular,PASSED,303.3,305.36,40.0,NO
NEURAL,IMM_ADAPTIVE_EKF,PID,gaussian_fit,DIFFICULT,straight,PASSED,6.19,8.22,40.0,NO
NEURAL,IMM_ADAPTIVE_EKF,PID,gaussian_fit,DIFFICULT,random,PASSED,4.21,4.69,40.0,NO
NEURAL,IMM_ADAPTIVE_EKF,PID,gaussian_fit,DIFFICULT,spiral,PASSED,53.78,56.04,40.0,NO
NEURAL,IMM_ADAPTIVE_EKF,PID,gaussian_fit,SEVERE,figure8,PASSED,0.0,0.0,0.0,NO
NEURAL,IMM_ADAPTIVE_EKF,PID,gaussian_fit,SEVERE,sinusoidal,PASSED,0.0,0.0,0.0,NO
NEURAL,IMM_ADAPTIVE_EKF,PID,gaussian_fit,SEVERE,circular,PASSED,0.0,0.0,0.0,NO
NEURAL,IMM_ADAPTIVE_EKF,PID,gaussian_fit,SEVERE,straight,PASSED,0.0,0.0,0.0,NO
NEURAL,IMM_ADAPTIVE_EKF,PID,gaussian_fit,SEVERE,random,PASSED,0.0,0.0,0.0,NO
NEURAL,IMM_ADAPTIVE_EKF,PID,gaussian_fit,SEVERE,spiral,PASSED,0.0,0.0,0.0,NO
NEURAL,IMM_ADAPTIVE_EKF,PID,gaussian_fit,RECOVERY,figure8,PASSED,0.0,0.0,0.0,NO
NEURAL,IMM_ADAPTIVE_EKF,PID,gaussian_fit,RECOVERY,sinusoidal,PASSED,39.16,65.26,0.0,NO
NEURAL,IMM_ADAPTIVE_EKF,PID,gaussian_fit,RECOVERY,circular,PASSED,185.63,314.91,0.0,NO
NEURAL,IMM_ADAPTIVE_EKF,PID,gaussian_fit,RECOVERY,straight,PASSED,11.99,19.99,0.0,NO
NEURAL,IMM_ADAPTIVE_EKF,PID,gaussian_fit,RECOVERY,random,PASSED,13.44,14.11,40.0,NO
NEURAL,IMM_ADAPTIVE_EKF,PID,gaussian_fit,RECOVERY,spiral,PASSED,56.42,58.22,0.0,NO
NEURAL,IMM_ADAPTIVE_EKF,PID,gaussian_fit,ADVERSARIAL,figure8,PASSED,16.07,16.07,0.0,NO
NEURAL,IMM_ADAPTIVE_EKF,PID,gaussian_fit,ADVERSARIAL,sinusoidal,PASSED,16.07,16.07,0.0,NO
NEURAL,IMM_ADAPTIVE_EKF,PID,gaussian_fit,ADVERSARIAL,circular,PASSED,307.95,310.04,0.0,NO
NEURAL,IMM_ADAPTIVE_EKF,PID,gaussian_fit,ADVERSARIAL,straight,PASSED,22.51,39.12,40.0,NO
NEURAL,IMM_ADAPTIVE_EKF,PID,gaussian_fit,ADVERSARIAL,random,PASSED,9.16,15.83,0.0,NO
NEURAL,IMM_ADAPTIVE_EKF,PID,gaussian_fit,ADVERSARIAL,spiral,PASSED,61.59,71.57,40.0,NO
NEURAL,IMM_ADAPTIVE_EKF,PID,geometric,NOMINAL,figure8,PASSED,15.26,37.87,40.0,NO
NEURAL,IMM_ADAPTIVE_EKF,PID,geometric,NOMINAL,sinusoidal,PASSED,36.01,119.69,0.0,NO
NEURAL,IMM_ADAPTIVE_EKF,PID,geometric,NOMINAL,circular,PASSED,300.0,300.08,40.0,NO
NEURAL,IMM_ADAPTIVE_EKF,PID,geometric,NOMINAL,straight,PASSED,2.66,6.39,40.0,NO
NEURAL,IMM_ADAPTIVE_EKF,PID,geometric,NOMINAL,random,PASSED,0.01,0.03,40.0,NO
NEURAL,IMM_ADAPTIVE_EKF,PID,geometric,NOMINAL,spiral,PASSED,50.52,51.25,40.0,NO
NEURAL,IMM_ADAPTIVE_EKF,PID,geometric,DIFFICULT,figure8,PASSED,17.17,36.58,40.0,NO
NEURAL,IMM_ADAPTIVE_EKF,PID,geometric,DIFFICULT,sinusoidal,PASSED,40.33,118.01,0.0,NO
NEURAL,IMM_ADAPTIVE_EKF,PID,geometric,DIFFICULT,circular,PASSED,303.3,305.36,40.0,NO
NEURAL,IMM_ADAPTIVE_EKF,PID,geometric,DIFFICULT,straight,PASSED,6.19,8.22,40.0,NO
NEURAL,IMM_ADAPTIVE_EKF,PID,geometric,DIFFICULT,random,PASSED,4.21,4.69,40.0,NO
NEURAL,IMM_ADAPTIVE_EKF,PID,geometric,DIFFICULT,spiral,PASSED,53.78,56.04,40.0,NO
NEURAL,IMM_ADAPTIVE_EKF,PID,geometric,SEVERE,figure8,PASSED,0.0,0.0,0.0,NO
NEURAL,IMM_ADAPTIVE_EKF,PID,geometric,SEVERE,sinusoidal,PASSED,0.0,0.0,0.0,NO
NEURAL,IMM_ADAPTIVE_EKF,PID,geometric,SEVERE,circular,PASSED,0.0,0.0,0.0,NO
NEURAL,IMM_ADAPTIVE_EKF,PID,geometric,SEVERE,straight,PASSED,0.0,0.0,0.0,NO
NEURAL,IMM_ADAPTIVE_EKF,PID,geometric,SEVERE,random,PASSED,0.0,0.0,0.0,NO
NEURAL,IMM_ADAPTIVE_EKF,PID,geometric,SEVERE,spiral,PASSED,0.0,0.0,0.0,NO
NEURAL,IMM_ADAPTIVE_EKF,PID,geometric,RECOVERY,figure8,PASSED,0.0,0.0,0.0,NO
NEURAL,IMM_ADAPTIVE_EKF,PID,geometric,RECOVERY,sinusoidal,PASSED,39.16,65.26,0.0,NO
NEURAL,IMM_ADAPTIVE_EKF,PID,geometric,RECOVERY,circular,PASSED,185.63,314.91,0.0,NO
NEURAL,IMM_ADAPTIVE_EKF,PID,geometric,RECOVERY,straight,PASSED,11.99,19.99,0.0,NO
NEURAL,IMM_ADAPTIVE_EKF,PID,geometric,RECOVERY,random,PASSED,13.44,14.11,40.0,NO
NEURAL,IMM_ADAPTIVE_EKF,PID,geometric,RECOVERY,spiral,PASSED,56.42,58.22,0.0,NO
NEURAL,IMM_ADAPTIVE_EKF,PID,geometric,ADVERSARIAL,figure8,PASSED,16.07,16.07,0.0,NO
NEURAL,IMM_ADAPTIVE_EKF,PID,geometric,ADVERSARIAL,sinusoidal,PASSED,16.07,16.07,0.0,NO
NEURAL,IMM_ADAPTIVE_EKF,PID,geometric,ADVERSARIAL,circular,PASSED,307.95,310.04,0.0,NO
NEURAL,IMM_ADAPTIVE_EKF,PID,geometric,ADVERSARIAL,straight,PASSED,22.51,39.12,40.0,NO
NEURAL,IMM_ADAPTIVE_EKF,PID,geometric,ADVERSARIAL,random,PASSED,9.16,15.83,0.0,NO
NEURAL,IMM_ADAPTIVE_EKF,PID,geometric,ADVERSARIAL,spiral,PASSED,61.59,71.57,40.0,NO
NEURAL,STANDARD_EKF,ADRC_NONLINEAR,weighted_cog,NOMINAL,figure8,PASSED,15.16,36.89,40.0,NO
NEURAL,STANDARD_EKF,ADRC_NONLINEAR,weighted_cog,NOMINAL,sinusoidal,PASSED,35.94,119.33,0.0,NO
NEURAL,STANDARD_EKF,ADRC_NONLINEAR,weighted_cog,NOMINAL,circular,PASSED,300.01,300.1,40.0,NO
NEURAL,STANDARD_EKF,ADRC_NONLINEAR,weighted_cog,NOMINAL,straight,PASSED,2.67,6.28,40.0,NO
NEURAL,STANDARD_EKF,ADRC_NONLINEAR,weighted_cog,NOMINAL,random,PASSED,0.01,0.03,40.0,NO
NEURAL,STANDARD_EKF,ADRC_NONLINEAR,weighted_cog,NOMINAL,spiral,PASSED,50.52,51.23,40.0,NO
NEURAL,STANDARD_EKF,ADRC_NONLINEAR,weighted_cog,DIFFICULT,figure8,PASSED,16.99,35.13,40.0,NO
NEURAL,STANDARD_EKF,ADRC_NONLINEAR,weighted_cog,DIFFICULT,sinusoidal,PASSED,38.59,117.97,0.0,NO
NEURAL,STANDARD_EKF,ADRC_NONLINEAR,weighted_cog,DIFFICULT,circular,PASSED,303.53,305.51,40.0,NO
NEURAL,STANDARD_EKF,ADRC_NONLINEAR,weighted_cog,DIFFICULT,straight,PASSED,6.33,8.66,40.0,NO
NEURAL,STANDARD_EKF,ADRC_NONLINEAR,weighted_cog,DIFFICULT,random,PASSED,4.13,4.69,40.0,NO
NEURAL,STANDARD_EKF,ADRC_NONLINEAR,weighted_cog,DIFFICULT,spiral,PASSED,54.01,56.27,40.0,NO
NEURAL,STANDARD_EKF,ADRC_NONLINEAR,weighted_cog,SEVERE,figure8,PASSED,0.0,0.0,0.0,NO
NEURAL,STANDARD_EKF,ADRC_NONLINEAR,weighted_cog,SEVERE,sinusoidal,PASSED,0.0,0.0,0.0,NO
NEURAL,STANDARD_EKF,ADRC_NONLINEAR,weighted_cog,SEVERE,circular,PASSED,0.0,0.0,0.0,NO
NEURAL,STANDARD_EKF,ADRC_NONLINEAR,weighted_cog,SEVERE,straight,PASSED,0.0,0.0,0.0,NO
NEURAL,STANDARD_EKF,ADRC_NONLINEAR,weighted_cog,SEVERE,random,PASSED,0.0,0.0,0.0,NO
NEURAL,STANDARD_EKF,ADRC_NONLINEAR,weighted_cog,SEVERE,spiral,PASSED,0.0,0.0,0.0,NO
NEURAL,STANDARD_EKF,ADRC_NONLINEAR,weighted_cog,RECOVERY,figure8,PASSED,0.0,0.0,0.0,NO
NEURAL,STANDARD_EKF,ADRC_NONLINEAR,weighted_cog,RECOVERY,sinusoidal,PASSED,39.16,65.26,0.0,NO
NEURAL,STANDARD_EKF,ADRC_NONLINEAR,weighted_cog,RECOVERY,circular,PASSED,188.95,314.91,0.0,NO
NEURAL,STANDARD_EKF,ADRC_NONLINEAR,weighted_cog,RECOVERY,straight,PASSED,11.99,19.99,0.0,NO
NEURAL,STANDARD_EKF,ADRC_NONLINEAR,weighted_cog,RECOVERY,random,PASSED,13.46,14.11,0.0,NO
NEURAL,STANDARD_EKF,ADRC_NONLINEAR,weighted_cog,RECOVERY,spiral,PASSED,56.44,58.22,0.0,NO
NEURAL,STANDARD_EKF,ADRC_NONLINEAR,weighted_cog,ADVERSARIAL,figure8,PASSED,16.07,16.07,0.0,NO
NEURAL,STANDARD_EKF,ADRC_NONLINEAR,weighted_cog,ADVERSARIAL,sinusoidal,PASSED,16.07,16.07,0.0,NO
NEURAL,STANDARD_EKF,ADRC_NONLINEAR,weighted_cog,ADVERSARIAL,circular,PASSED,307.96,310.04,0.0,NO
NEURAL,STANDARD_EKF,ADRC_NONLINEAR,weighted_cog,ADVERSARIAL,straight,PASSED,16.07,16.07,0.0,NO
NEURAL,STANDARD_EKF,ADRC_NONLINEAR,weighted_cog,ADVERSARIAL,random,PASSED,9.5,15.83,0.0,NO
NEURAL,STANDARD_EKF,ADRC_NONLINEAR,weighted_cog,ADVERSARIAL,spiral,PASSED,59.61,61.68,0.0,NO
NEURAL,STANDARD_EKF,ADRC_NONLINEAR,gaussian_fit,NOMINAL,figure8,PASSED,15.16,36.89,40.0,NO
NEURAL,STANDARD_EKF,ADRC_NONLINEAR,gaussian_fit,NOMINAL,sinusoidal,PASSED,35.94,119.33,0.0,NO
NEURAL,STANDARD_EKF,ADRC_NONLINEAR,gaussian_fit,NOMINAL,circular,PASSED,300.01,300.1,40.0,NO
NEURAL,STANDARD_EKF,ADRC_NONLINEAR,gaussian_fit,NOMINAL,straight,PASSED,2.67,6.28,40.0,NO
NEURAL,STANDARD_EKF,ADRC_NONLINEAR,gaussian_fit,NOMINAL,random,PASSED,0.01,0.03,40.0,NO
NEURAL,STANDARD_EKF,ADRC_NONLINEAR,gaussian_fit,NOMINAL,spiral,PASSED,50.52,51.23,40.0,NO
NEURAL,STANDARD_EKF,ADRC_NONLINEAR,gaussian_fit,DIFFICULT,figure8,PASSED,16.99,35.13,40.0,NO
NEURAL,STANDARD_EKF,ADRC_NONLINEAR,gaussian_fit,DIFFICULT,sinusoidal,PASSED,38.59,117.97,0.0,NO
NEURAL,STANDARD_EKF,ADRC_NONLINEAR,gaussian_fit,DIFFICULT,circular,PASSED,303.53,305.51,40.0,NO
NEURAL,STANDARD_EKF,ADRC_NONLINEAR,gaussian_fit,DIFFICULT,straight,PASSED,6.33,8.66,40.0,NO
NEURAL,STANDARD_EKF,ADRC_NONLINEAR,gaussian_fit,DIFFICULT,random,PASSED,4.13,4.69,40.0,NO
NEURAL,STANDARD_EKF,ADRC_NONLINEAR,gaussian_fit,DIFFICULT,spiral,PASSED,54.01,56.27,40.0,NO
NEURAL,STANDARD_EKF,ADRC_NONLINEAR,gaussian_fit,SEVERE,figure8,PASSED,0.0,0.0,0.0,NO
NEURAL,STANDARD_EKF,ADRC_NONLINEAR,gaussian_fit,SEVERE,sinusoidal,PASSED,0.0,0.0,0.0,NO
NEURAL,STANDARD_EKF,ADRC_NONLINEAR,gaussian_fit,SEVERE,circular,PASSED,0.0,0.0,0.0,NO
NEURAL,STANDARD_EKF,ADRC_NONLINEAR,gaussian_fit,SEVERE,straight,PASSED,0.0,0.0,0.0,NO
NEURAL,STANDARD_EKF,ADRC_NONLINEAR,gaussian_fit,SEVERE,random,PASSED,0.0,0.0,0.0,NO
NEURAL,STANDARD_EKF,ADRC_NONLINEAR,gaussian_fit,SEVERE,spiral,PASSED,0.0,0.0,0.0,NO
NEURAL,STANDARD_EKF,ADRC_NONLINEAR,gaussian_fit,RECOVERY,figure8,PASSED,0.0,0.0,0.0,NO
NEURAL,STANDARD_EKF,ADRC_NONLINEAR,gaussian_fit,RECOVERY,sinusoidal,PASSED,39.16,65.26,0.0,NO
NEURAL,STANDARD_EKF,ADRC_NONLINEAR,gaussian_fit,RECOVERY,circular,PASSED,188.95,314.91,0.0,NO
NEURAL,STANDARD_EKF,ADRC_NONLINEAR,gaussian_fit,RECOVERY,straight,PASSED,11.99,19.99,0.0,NO
NEURAL,STANDARD_EKF,ADRC_NONLINEAR,gaussian_fit,RECOVERY,random,PASSED,13.46,14.11,0.0,NO
NEURAL,STANDARD_EKF,ADRC_NONLINEAR,gaussian_fit,RECOVERY,spiral,PASSED,56.44,58.22,0.0,NO
NEURAL,STANDARD_EKF,ADRC_NONLINEAR,gaussian_fit,ADVERSARIAL,figure8,PASSED,16.07,16.07,0.0,NO
NEURAL,STANDARD_EKF,ADRC_NONLINEAR,gaussian_fit,ADVERSARIAL,sinusoidal,PASSED,16.07,16.07,0.0,NO
NEURAL,STANDARD_EKF,ADRC_NONLINEAR,gaussian_fit,ADVERSARIAL,circular,PASSED,307.96,310.04,0.0,NO
NEURAL,STANDARD_EKF,ADRC_NONLINEAR,gaussian_fit,ADVERSARIAL,straight,PASSED,16.07,16.07,0.0,NO
NEURAL,STANDARD_EKF,ADRC_NONLINEAR,gaussian_fit,ADVERSARIAL,random,PASSED,9.5,15.83,0.0,NO
NEURAL,STANDARD_EKF,ADRC_NONLINEAR,gaussian_fit,ADVERSARIAL,spiral,PASSED,59.61,61.68,0.0,NO
NEURAL,STANDARD_EKF,ADRC_NONLINEAR,geometric,NOMINAL,figure8,PASSED,15.16,36.89,40.0,NO
NEURAL,STANDARD_EKF,ADRC_NONLINEAR,geometric,NOMINAL,sinusoidal,PASSED,35.94,119.33,0.0,NO
NEURAL,STANDARD_EKF,ADRC_NONLINEAR,geometric,NOMINAL,circular,PASSED,300.01,300.1,40.0,NO
NEURAL,STANDARD_EKF,ADRC_NONLINEAR,geometric,NOMINAL,straight,PASSED,2.67,6.28,40.0,NO
NEURAL,STANDARD_EKF,ADRC_NONLINEAR,geometric,NOMINAL,random,PASSED,0.01,0.03,40.0,NO
NEURAL,STANDARD_EKF,ADRC_NONLINEAR,geometric,NOMINAL,spiral,PASSED,50.52,51.23,40.0,NO
NEURAL,STANDARD_EKF,ADRC_NONLINEAR,geometric,DIFFICULT,figure8,PASSED,16.99,35.13,40.0,NO
NEURAL,STANDARD_EKF,ADRC_NONLINEAR,geometric,DIFFICULT,sinusoidal,PASSED,38.59,117.97,0.0,NO
NEURAL,STANDARD_EKF,ADRC_NONLINEAR,geometric,DIFFICULT,circular,PASSED,303.53,305.51,40.0,NO
NEURAL,STANDARD_EKF,ADRC_NONLINEAR,geometric,DIFFICULT,straight,PASSED,6.33,8.66,40.0,NO
NEURAL,STANDARD_EKF,ADRC_NONLINEAR,geometric,DIFFICULT,random,PASSED,4.13,4.69,40.0,NO
NEURAL,STANDARD_EKF,ADRC_NONLINEAR,geometric,DIFFICULT,spiral,PASSED,54.01,56.27,40.0,NO
NEURAL,STANDARD_EKF,ADRC_NONLINEAR,geometric,SEVERE,figure8,PASSED,0.0,0.0,0.0,NO
NEURAL,STANDARD_EKF,ADRC_NONLINEAR,geometric,SEVERE,sinusoidal,PASSED,0.0,0.0,0.0,NO
NEURAL,STANDARD_EKF,ADRC_NONLINEAR,geometric,SEVERE,circular,PASSED,0.0,0.0,0.0,NO
NEURAL,STANDARD_EKF,ADRC_NONLINEAR,geometric,SEVERE,straight,PASSED,0.0,0.0,0.0,NO
NEURAL,STANDARD_EKF,ADRC_NONLINEAR,geometric,SEVERE,random,PASSED,0.0,0.0,0.0,NO
NEURAL,STANDARD_EKF,ADRC_NONLINEAR,geometric,SEVERE,spiral,PASSED,0.0,0.0,0.0,NO
NEURAL,STANDARD_EKF,ADRC_NONLINEAR,geometric,RECOVERY,figure8,PASSED,0.0,0.0,0.0,NO
NEURAL,STANDARD_EKF,ADRC_NONLINEAR,geometric,RECOVERY,sinusoidal,PASSED,39.16,65.26,0.0,NO
NEURAL,STANDARD_EKF,ADRC_NONLINEAR,geometric,RECOVERY,circular,PASSED,188.95,314.91,0.0,NO
NEURAL,STANDARD_EKF,ADRC_NONLINEAR,geometric,RECOVERY,straight,PASSED,11.99,19.99,0.0,NO
NEURAL,STANDARD_EKF,ADRC_NONLINEAR,geometric,RECOVERY,random,PASSED,13.46,14.11,0.0,NO
NEURAL,STANDARD_EKF,ADRC_NONLINEAR,geometric,RECOVERY,spiral,PASSED,56.44,58.22,0.0,NO
NEURAL,STANDARD_EKF,ADRC_NONLINEAR,geometric,ADVERSARIAL,figure8,PASSED,16.07,16.07,0.0,NO
NEURAL,STANDARD_EKF,ADRC_NONLINEAR,geometric,ADVERSARIAL,sinusoidal,PASSED,16.07,16.07,0.0,NO
NEURAL,STANDARD_EKF,ADRC_NONLINEAR,geometric,ADVERSARIAL,circular,PASSED,307.96,310.04,0.0,NO
NEURAL,STANDARD_EKF,ADRC_NONLINEAR,geometric,ADVERSARIAL,straight,PASSED,16.07,16.07,0.0,NO
NEURAL,STANDARD_EKF,ADRC_NONLINEAR,geometric,ADVERSARIAL,random,PASSED,9.5,15.83,0.0,NO
NEURAL,STANDARD_EKF,ADRC_NONLINEAR,geometric,ADVERSARIAL,spiral,PASSED,59.61,61.68,0.0,NO
NEURAL,STANDARD_EKF,PID,weighted_cog,NOMINAL,figure8,PASSED,15.16,36.89,40.0,NO
NEURAL,STANDARD_EKF,PID,weighted_cog,NOMINAL,sinusoidal,PASSED,35.94,119.33,0.0,NO
NEURAL,STANDARD_EKF,PID,weighted_cog,NOMINAL,circular,PASSED,300.01,300.1,40.0,NO
NEURAL,STANDARD_EKF,PID,weighted_cog,NOMINAL,straight,PASSED,2.67,6.28,40.0,NO
NEURAL,STANDARD_EKF,PID,weighted_cog,NOMINAL,random,PASSED,0.01,0.03,40.0,NO
NEURAL,STANDARD_EKF,PID,weighted_cog,NOMINAL,spiral,PASSED,50.52,51.23,40.0,NO
NEURAL,STANDARD_EKF,PID,weighted_cog,DIFFICULT,figure8,PASSED,16.99,35.13,40.0,NO
NEURAL,STANDARD_EKF,PID,weighted_cog,DIFFICULT,sinusoidal,PASSED,38.59,117.97,0.0,NO
NEURAL,STANDARD_EKF,PID,weighted_cog,DIFFICULT,circular,PASSED,303.53,305.51,40.0,NO
NEURAL,STANDARD_EKF,PID,weighted_cog,DIFFICULT,straight,PASSED,6.33,8.66,40.0,NO
NEURAL,STANDARD_EKF,PID,weighted_cog,DIFFICULT,random,PASSED,4.13,4.69,40.0,NO
NEURAL,STANDARD_EKF,PID,weighted_cog,DIFFICULT,spiral,PASSED,54.01,56.27,40.0,NO
NEURAL,STANDARD_EKF,PID,weighted_cog,SEVERE,figure8,PASSED,0.0,0.0,0.0,NO
NEURAL,STANDARD_EKF,PID,weighted_cog,SEVERE,sinusoidal,PASSED,0.0,0.0,0.0,NO
NEURAL,STANDARD_EKF,PID,weighted_cog,SEVERE,circular,PASSED,0.0,0.0,0.0,NO
NEURAL,STANDARD_EKF,PID,weighted_cog,SEVERE,straight,PASSED,0.0,0.0,0.0,NO
NEURAL,STANDARD_EKF,PID,weighted_cog,SEVERE,random,PASSED,0.0,0.0,0.0,NO
NEURAL,STANDARD_EKF,PID,weighted_cog,SEVERE,spiral,PASSED,0.0,0.0,0.0,NO
NEURAL,STANDARD_EKF,PID,weighted_cog,RECOVERY,figure8,PASSED,0.0,0.0,0.0,NO
NEURAL,STANDARD_EKF,PID,weighted_cog,RECOVERY,sinusoidal,PASSED,39.16,65.26,0.0,NO
NEURAL,STANDARD_EKF,PID,weighted_cog,RECOVERY,circular,PASSED,188.95,314.91,0.0,NO
NEURAL,STANDARD_EKF,PID,weighted_cog,RECOVERY,straight,PASSED,11.99,19.99,0.0,NO
NEURAL,STANDARD_EKF,PID,weighted_cog,RECOVERY,random,PASSED,13.46,14.11,0.0,NO
NEURAL,STANDARD_EKF,PID,weighted_cog,RECOVERY,spiral,PASSED,56.44,58.22,0.0,NO
NEURAL,STANDARD_EKF,PID,weighted_cog,ADVERSARIAL,figure8,PASSED,16.07,16.07,0.0,NO
NEURAL,STANDARD_EKF,PID,weighted_cog,ADVERSARIAL,sinusoidal,PASSED,16.07,16.07,0.0,NO
NEURAL,STANDARD_EKF,PID,weighted_cog,ADVERSARIAL,circular,PASSED,307.96,310.04,0.0,NO
NEURAL,STANDARD_EKF,PID,weighted_cog,ADVERSARIAL,straight,PASSED,16.07,16.07,0.0,NO
NEURAL,STANDARD_EKF,PID,weighted_cog,ADVERSARIAL,random,PASSED,9.5,15.83,0.0,NO
NEURAL,STANDARD_EKF,PID,weighted_cog,ADVERSARIAL,spiral,PASSED,59.61,61.68,0.0,NO
NEURAL,STANDARD_EKF,PID,gaussian_fit,NOMINAL,figure8,PASSED,15.16,36.89,40.0,NO
NEURAL,STANDARD_EKF,PID,gaussian_fit,NOMINAL,sinusoidal,PASSED,35.94,119.33,0.0,NO
NEURAL,STANDARD_EKF,PID,gaussian_fit,NOMINAL,circular,PASSED,300.01,300.1,40.0,NO
NEURAL,STANDARD_EKF,PID,gaussian_fit,NOMINAL,straight,PASSED,2.67,6.28,40.0,NO
NEURAL,STANDARD_EKF,PID,gaussian_fit,NOMINAL,random,PASSED,0.01,0.03,40.0,NO
NEURAL,STANDARD_EKF,PID,gaussian_fit,NOMINAL,spiral,PASSED,50.52,51.23,40.0,NO
NEURAL,STANDARD_EKF,PID,gaussian_fit,DIFFICULT,figure8,PASSED,16.99,35.13,40.0,NO
NEURAL,STANDARD_EKF,PID,gaussian_fit,DIFFICULT,sinusoidal,PASSED,38.59,117.97,0.0,NO
NEURAL,STANDARD_EKF,PID,gaussian_fit,DIFFICULT,circular,PASSED,303.53,305.51,40.0,NO
NEURAL,STANDARD_EKF,PID,gaussian_fit,DIFFICULT,straight,PASSED,6.33,8.66,40.0,NO
NEURAL,STANDARD_EKF,PID,gaussian_fit,DIFFICULT,random,PASSED,4.13,4.69,40.0,NO
NEURAL,STANDARD_EKF,PID,gaussian_fit,DIFFICULT,spiral,PASSED,54.01,56.27,40.0,NO
NEURAL,STANDARD_EKF,PID,gaussian_fit,SEVERE,figure8,PASSED,0.0,0.0,0.0,NO
NEURAL,STANDARD_EKF,PID,gaussian_fit,SEVERE,sinusoidal,PASSED,0.0,0.0,0.0,NO
NEURAL,STANDARD_EKF,PID,gaussian_fit,SEVERE,circular,PASSED,0.0,0.0,0.0,NO
NEURAL,STANDARD_EKF,PID,gaussian_fit,SEVERE,straight,PASSED,0.0,0.0,0.0,NO
NEURAL,STANDARD_EKF,PID,gaussian_fit,SEVERE,random,PASSED,0.0,0.0,0.0,NO
NEURAL,STANDARD_EKF,PID,gaussian_fit,SEVERE,spiral,PASSED,0.0,0.0,0.0,NO
NEURAL,STANDARD_EKF,PID,gaussian_fit,RECOVERY,figure8,PASSED,0.0,0.0,0.0,NO
NEURAL,STANDARD_EKF,PID,gaussian_fit,RECOVERY,sinusoidal,PASSED,39.16,65.26,0.0,NO
NEURAL,STANDARD_EKF,PID,gaussian_fit,RECOVERY,circular,PASSED,188.95,314.91,0.0,NO
NEURAL,STANDARD_EKF,PID,gaussian_fit,RECOVERY,straight,PASSED,11.99,19.99,0.0,NO
NEURAL,STANDARD_EKF,PID,gaussian_fit,RECOVERY,random,PASSED,13.46,14.11,0.0,NO
NEURAL,STANDARD_EKF,PID,gaussian_fit,RECOVERY,spiral,PASSED,56.44,58.22,0.0,NO
NEURAL,STANDARD_EKF,PID,gaussian_fit,ADVERSARIAL,figure8,PASSED,16.07,16.07,0.0,NO
NEURAL,STANDARD_EKF,PID,gaussian_fit,ADVERSARIAL,sinusoidal,PASSED,16.07,16.07,0.0,NO
NEURAL,STANDARD_EKF,PID,gaussian_fit,ADVERSARIAL,circular,PASSED,307.96,310.04,0.0,NO
NEURAL,STANDARD_EKF,PID,gaussian_fit,ADVERSARIAL,straight,PASSED,16.07,16.07,0.0,NO
NEURAL,STANDARD_EKF,PID,gaussian_fit,ADVERSARIAL,random,PASSED,9.5,15.83,0.0,NO
NEURAL,STANDARD_EKF,PID,gaussian_fit,ADVERSARIAL,spiral,PASSED,59.61,61.68,0.0,NO
NEURAL,STANDARD_EKF,PID,geometric,NOMINAL,figure8,PASSED,15.16,36.89,40.0,NO
NEURAL,STANDARD_EKF,PID,geometric,NOMINAL,sinusoidal,PASSED,35.94,119.33,0.0,NO
NEURAL,STANDARD_EKF,PID,geometric,NOMINAL,circular,PASSED,300.01,300.1,40.0,NO
NEURAL,STANDARD_EKF,PID,geometric,NOMINAL,straight,PASSED,2.67,6.28,40.0,NO
NEURAL,STANDARD_EKF,PID,geometric,NOMINAL,random,PASSED,0.01,0.03,40.0,NO
NEURAL,STANDARD_EKF,PID,geometric,NOMINAL,spiral,PASSED,50.52,51.23,40.0,NO
NEURAL,STANDARD_EKF,PID,geometric,DIFFICULT,figure8,PASSED,16.99,35.13,40.0,NO
NEURAL,STANDARD_EKF,PID,geometric,DIFFICULT,sinusoidal,PASSED,38.59,117.97,0.0,NO
NEURAL,STANDARD_EKF,PID,geometric,DIFFICULT,circular,PASSED,303.53,305.51,40.0,NO
NEURAL,STANDARD_EKF,PID,geometric,DIFFICULT,straight,PASSED,6.33,8.66,40.0,NO
NEURAL,STANDARD_EKF,PID,geometric,DIFFICULT,random,PASSED,4.13,4.69,40.0,NO
NEURAL,STANDARD_EKF,PID,geometric,DIFFICULT,spiral,PASSED,54.01,56.27,40.0,NO
NEURAL,STANDARD_EKF,PID,geometric,SEVERE,figure8,PASSED,0.0,0.0,0.0,NO
NEURAL,STANDARD_EKF,PID,geometric,SEVERE,sinusoidal,PASSED,0.0,0.0,0.0,NO
NEURAL,STANDARD_EKF,PID,geometric,SEVERE,circular,PASSED,0.0,0.0,0.0,NO
NEURAL,STANDARD_EKF,PID,geometric,SEVERE,straight,PASSED,0.0,0.0,0.0,NO
NEURAL,STANDARD_EKF,PID,geometric,SEVERE,random,PASSED,0.0,0.0,0.0,NO
NEURAL,STANDARD_EKF,PID,geometric,SEVERE,spiral,PASSED,0.0,0.0,0.0,NO
NEURAL,STANDARD_EKF,PID,geometric,RECOVERY,figure8,PASSED,0.0,0.0,0.0,NO
NEURAL,STANDARD_EKF,PID,geometric,RECOVERY,sinusoidal,PASSED,39.16,65.26,0.0,NO
NEURAL,STANDARD_EKF,PID,geometric,RECOVERY,circular,PASSED,188.95,314.91,0.0,NO
NEURAL,STANDARD_EKF,PID,geometric,RECOVERY,straight,PASSED,11.99,19.99,0.0,NO
NEURAL,STANDARD_EKF,PID,geometric,RECOVERY,random,PASSED,13.46,14.11,0.0,NO
NEURAL,STANDARD_EKF,PID,geometric,RECOVERY,spiral,PASSED,56.44,58.22,0.0,NO
NEURAL,STANDARD_EKF,PID,geometric,ADVERSARIAL,figure8,PASSED,16.07,16.07,0.0,NO
NEURAL,STANDARD_EKF,PID,geometric,ADVERSARIAL,sinusoidal,PASSED,16.07,16.07,0.0,NO
NEURAL,STANDARD_EKF,PID,geometric,ADVERSARIAL,circular,PASSED,307.96,310.04,0.0,NO
NEURAL,STANDARD_EKF,PID,geometric,ADVERSARIAL,straight,PASSED,16.07,16.07,0.0,NO
NEURAL,STANDARD_EKF,PID,geometric,ADVERSARIAL,random,PASSED,9.5,15.83,0.0,NO
NEURAL,STANDARD_EKF,PID,geometric,ADVERSARIAL,spiral,PASSED,59.61,61.68,0.0,NO
CLASSICAL,IMM_ADAPTIVE_EKF,ADRC_NONLINEAR,weighted_cog,NOMINAL,figure8,PASSED,15.31,37.93,40.0,NO
CLASSICAL,IMM_ADAPTIVE_EKF,ADRC_NONLINEAR,weighted_cog,NOMINAL,sinusoidal,PASSED,36.08,119.81,0.0,NO
CLASSICAL,IMM_ADAPTIVE_EKF,ADRC_NONLINEAR,weighted_cog,NOMINAL,circular,PASSED,299.96,300.05,40.0,NO
CLASSICAL,IMM_ADAPTIVE_EKF,ADRC_NONLINEAR,weighted_cog,NOMINAL,straight,PASSED,2.64,6.59,40.0,NO
CLASSICAL,IMM_ADAPTIVE_EKF,ADRC_NONLINEAR,weighted_cog,NOMINAL,random,PASSED,0.01,0.02,40.0,NO
CLASSICAL,IMM_ADAPTIVE_EKF,ADRC_NONLINEAR,weighted_cog,NOMINAL,spiral,PASSED,50.52,51.27,40.0,NO
CLASSICAL,IMM_ADAPTIVE_EKF,ADRC_NONLINEAR,weighted_cog,DIFFICULT,figure8,PASSED,17.24,36.8,40.0,NO
CLASSICAL,IMM_ADAPTIVE_EKF,ADRC_NONLINEAR,weighted_cog,DIFFICULT,sinusoidal,PASSED,40.38,118.44,0.0,NO
CLASSICAL,IMM_ADAPTIVE_EKF,ADRC_NONLINEAR,weighted_cog,DIFFICULT,circular,PASSED,303.28,305.45,40.0,NO
CLASSICAL,IMM_ADAPTIVE_EKF,ADRC_NONLINEAR,weighted_cog,DIFFICULT,straight,PASSED,6.21,8.37,40.0,NO
CLASSICAL,IMM_ADAPTIVE_EKF,ADRC_NONLINEAR,weighted_cog,DIFFICULT,random,PASSED,4.28,4.75,40.0,NO
CLASSICAL,IMM_ADAPTIVE_EKF,ADRC_NONLINEAR,weighted_cog,DIFFICULT,spiral,PASSED,53.7,55.98,40.0,NO
CLASSICAL,IMM_ADAPTIVE_EKF,ADRC_NONLINEAR,weighted_cog,SEVERE,figure8,PASSED,21.22,32.86,40.0,NO
CLASSICAL,IMM_ADAPTIVE_EKF,ADRC_NONLINEAR,weighted_cog,SEVERE,sinusoidal,PASSED,32.03,115.8,0.0,NO
CLASSICAL,IMM_ADAPTIVE_EKF,ADRC_NONLINEAR,weighted_cog,SEVERE,circular,PASSED,308.66,314.16,40.0,NO
CLASSICAL,IMM_ADAPTIVE_EKF,ADRC_NONLINEAR,weighted_cog,SEVERE,straight,PASSED,12.69,18.05,40.0,NO
CLASSICAL,IMM_ADAPTIVE_EKF,ADRC_NONLINEAR,weighted_cog,SEVERE,random,PASSED,11.74,13.27,40.0,NO
CLASSICAL,IMM_ADAPTIVE_EKF,ADRC_NONLINEAR,weighted_cog,SEVERE,spiral,PASSED,59.53,65.19,40.0,NO
CLASSICAL,IMM_ADAPTIVE_EKF,ADRC_NONLINEAR,weighted_cog,RECOVERY,figure8,PASSED,21.29,30.79,40.0,NO
CLASSICAL,IMM_ADAPTIVE_EKF,ADRC_NONLINEAR,weighted_cog,RECOVERY,sinusoidal,PASSED,43.97,111.6,0.0,NO
CLASSICAL,IMM_ADAPTIVE_EKF,ADRC_NONLINEAR,weighted_cog,RECOVERY,circular,PASSED,308.63,315.17,40.0,NO
CLASSICAL,IMM_ADAPTIVE_EKF,ADRC_NONLINEAR,weighted_cog,RECOVERY,straight,PASSED,14.0,21.45,40.0,NO
CLASSICAL,IMM_ADAPTIVE_EKF,ADRC_NONLINEAR,weighted_cog,RECOVERY,random,PASSED,11.39,14.29,40.0,NO
CLASSICAL,IMM_ADAPTIVE_EKF,ADRC_NONLINEAR,weighted_cog,RECOVERY,spiral,PASSED,59.61,66.45,40.0,NO
CLASSICAL,IMM_ADAPTIVE_EKF,ADRC_NONLINEAR,weighted_cog,ADVERSARIAL,figure8,PASSED,24.94,31.71,40.0,NO
CLASSICAL,IMM_ADAPTIVE_EKF,ADRC_NONLINEAR,weighted_cog,ADVERSARIAL,sinusoidal,PASSED,77.23,223.02,0.0,NO
CLASSICAL,IMM_ADAPTIVE_EKF,ADRC_NONLINEAR,weighted_cog,ADVERSARIAL,circular,PASSED,289.87,310.18,0.0,NO
CLASSICAL,IMM_ADAPTIVE_EKF,ADRC_NONLINEAR,weighted_cog,ADVERSARIAL,straight,PASSED,25.59,43.24,40.0,NO
CLASSICAL,IMM_ADAPTIVE_EKF,ADRC_NONLINEAR,weighted_cog,ADVERSARIAL,random,PASSED,16.14,18.86,40.0,NO
CLASSICAL,IMM_ADAPTIVE_EKF,ADRC_NONLINEAR,weighted_cog,ADVERSARIAL,spiral,PASSED,63.83,73.76,40.0,NO
CLASSICAL,IMM_ADAPTIVE_EKF,ADRC_NONLINEAR,gaussian_fit,NOMINAL,figure8,PASSED,15.32,38.0,40.0,NO
CLASSICAL,IMM_ADAPTIVE_EKF,ADRC_NONLINEAR,gaussian_fit,NOMINAL,sinusoidal,PASSED,36.08,119.83,0.0,NO
CLASSICAL,IMM_ADAPTIVE_EKF,ADRC_NONLINEAR,gaussian_fit,NOMINAL,circular,PASSED,300.0,300.01,40.0,NO
CLASSICAL,IMM_ADAPTIVE_EKF,ADRC_NONLINEAR,gaussian_fit,NOMINAL,straight,PASSED,2.65,6.54,40.0,NO
CLASSICAL,IMM_ADAPTIVE_EKF,ADRC_NONLINEAR,gaussian_fit,NOMINAL,random,PASSED,0.03,0.06,40.0,NO
CLASSICAL,IMM_ADAPTIVE_EKF,ADRC_NONLINEAR,gaussian_fit,NOMINAL,spiral,PASSED,50.53,51.3,40.0,NO
CLASSICAL,IMM_ADAPTIVE_EKF,ADRC_NONLINEAR,gaussian_fit,DIFFICULT,figure8,PASSED,17.26,36.8,40.0,NO
CLASSICAL,IMM_ADAPTIVE_EKF,ADRC_NONLINEAR,gaussian_fit,DIFFICULT,sinusoidal,PASSED,40.38,118.46,0.0,NO
CLASSICAL,IMM_ADAPTIVE_EKF,ADRC_NONLINEAR,gaussian_fit,DIFFICULT,circular,PASSED,303.3,305.45,40.0,NO
CLASSICAL,IMM_ADAPTIVE_EKF,ADRC_NONLINEAR,gaussian_fit,DIFFICULT,straight,PASSED,6.23,8.36,40.0,NO
CLASSICAL,IMM_ADAPTIVE_EKF,ADRC_NONLINEAR,gaussian_fit,DIFFICULT,random,PASSED,4.29,4.78,40.0,NO
CLASSICAL,IMM_ADAPTIVE_EKF,ADRC_NONLINEAR,gaussian_fit,DIFFICULT,spiral,PASSED,53.74,55.96,40.0,NO
CLASSICAL,IMM_ADAPTIVE_EKF,ADRC_NONLINEAR,gaussian_fit,SEVERE,figure8,PASSED,21.2,32.67,40.0,NO
CLASSICAL,IMM_ADAPTIVE_EKF,ADRC_NONLINEAR,gaussian_fit,SEVERE,sinusoidal,PASSED,32.01,115.75,0.0,NO
CLASSICAL,IMM_ADAPTIVE_EKF,ADRC_NONLINEAR,gaussian_fit,SEVERE,circular,PASSED,308.51,314.07,40.0,NO
CLASSICAL,IMM_ADAPTIVE_EKF,ADRC_NONLINEAR,gaussian_fit,SEVERE,straight,PASSED,12.81,18.38,40.0,NO
CLASSICAL,IMM_ADAPTIVE_EKF,ADRC_NONLINEAR,gaussian_fit,SEVERE,random,PASSED,11.57,13.05,40.0,NO
CLASSICAL,IMM_ADAPTIVE_EKF,ADRC_NONLINEAR,gaussian_fit,SEVERE,spiral,PASSED,59.43,65.1,40.0,NO
CLASSICAL,IMM_ADAPTIVE_EKF,ADRC_NONLINEAR,gaussian_fit,RECOVERY,figure8,PASSED,21.35,30.74,40.0,NO
CLASSICAL,IMM_ADAPTIVE_EKF,ADRC_NONLINEAR,gaussian_fit,RECOVERY,sinusoidal,PASSED,44.01,111.55,0.0,NO
CLASSICAL,IMM_ADAPTIVE_EKF,ADRC_NONLINEAR,gaussian_fit,RECOVERY,circular,PASSED,308.71,315.36,40.0,NO
CLASSICAL,IMM_ADAPTIVE_EKF,ADRC_NONLINEAR,gaussian_fit,RECOVERY,straight,PASSED,13.98,21.36,40.0,NO
CLASSICAL,IMM_ADAPTIVE_EKF,ADRC_NONLINEAR,gaussian_fit,RECOVERY,random,PASSED,11.37,14.25,40.0,NO
CLASSICAL,IMM_ADAPTIVE_EKF,ADRC_NONLINEAR,gaussian_fit,RECOVERY,spiral,PASSED,59.61,66.46,40.0,NO
CLASSICAL,IMM_ADAPTIVE_EKF,ADRC_NONLINEAR,gaussian_fit,ADVERSARIAL,figure8,PASSED,24.99,31.48,40.0,NO
CLASSICAL,IMM_ADAPTIVE_EKF,ADRC_NONLINEAR,gaussian_fit,ADVERSARIAL,sinusoidal,PASSED,77.3,222.9,0.0,NO
CLASSICAL,IMM_ADAPTIVE_EKF,ADRC_NONLINEAR,gaussian_fit,ADVERSARIAL,circular,PASSED,289.86,310.19,0.0,NO
CLASSICAL,IMM_ADAPTIVE_EKF,ADRC_NONLINEAR,gaussian_fit,ADVERSARIAL,straight,PASSED,25.65,43.45,40.0,NO
CLASSICAL,IMM_ADAPTIVE_EKF,ADRC_NONLINEAR,gaussian_fit,ADVERSARIAL,random,PASSED,16.12,18.84,40.0,NO
CLASSICAL,IMM_ADAPTIVE_EKF,ADRC_NONLINEAR,gaussian_fit,ADVERSARIAL,spiral,PASSED,63.82,73.6,40.0,NO
CLASSICAL,IMM_ADAPTIVE_EKF,ADRC_NONLINEAR,geometric,NOMINAL,figure8,PASSED,15.11,37.35,40.0,NO
CLASSICAL,IMM_ADAPTIVE_EKF,ADRC_NONLINEAR,geometric,NOMINAL,sinusoidal,PASSED,36.0,119.46,0.0,NO
CLASSICAL,IMM_ADAPTIVE_EKF,ADRC_NONLINEAR,geometric,NOMINAL,circular,PASSED,299.88,300.06,40.0,NO
CLASSICAL,IMM_ADAPTIVE_EKF,ADRC_NONLINEAR,geometric,NOMINAL,straight,PASSED,2.62,6.67,40.0,NO
CLASSICAL,IMM_ADAPTIVE_EKF,ADRC_NONLINEAR,geometric,NOMINAL,random,PASSED,0.0,0.0,40.0,NO
CLASSICAL,IMM_ADAPTIVE_EKF,ADRC_NONLINEAR,geometric,NOMINAL,spiral,PASSED,50.5,51.34,40.0,NO
CLASSICAL,IMM_ADAPTIVE_EKF,ADRC_NONLINEAR,geometric,DIFFICULT,figure8,PASSED,17.16,36.83,40.0,NO
CLASSICAL,IMM_ADAPTIVE_EKF,ADRC_NONLINEAR,geometric,DIFFICULT,sinusoidal,PASSED,40.4,118.7,0.0,NO
CLASSICAL,IMM_ADAPTIVE_EKF,ADRC_NONLINEAR,geometric,DIFFICULT,circular,PASSED,303.31,305.66,40.0,NO
CLASSICAL,IMM_ADAPTIVE_EKF,ADRC_NONLINEAR,geometric,DIFFICULT,straight,PASSED,6.23,8.59,40.0,NO
CLASSICAL,IMM_ADAPTIVE_EKF,ADRC_NONLINEAR,geometric,DIFFICULT,random,PASSED,4.29,4.85,40.0,NO
CLASSICAL,IMM_ADAPTIVE_EKF,ADRC_NONLINEAR,geometric,DIFFICULT,spiral,PASSED,53.62,55.97,40.0,NO
CLASSICAL,IMM_ADAPTIVE_EKF,ADRC_NONLINEAR,geometric,SEVERE,figure8,PASSED,21.24,32.91,40.0,NO
CLASSICAL,IMM_ADAPTIVE_EKF,ADRC_NONLINEAR,geometric,SEVERE,sinusoidal,PASSED,31.95,115.81,0.0,NO
CLASSICAL,IMM_ADAPTIVE_EKF,ADRC_NONLINEAR,geometric,SEVERE,circular,PASSED,308.63,314.23,40.0,NO
CLASSICAL,IMM_ADAPTIVE_EKF,ADRC_NONLINEAR,geometric,SEVERE,straight,PASSED,12.63,17.95,40.0,NO
CLASSICAL,IMM_ADAPTIVE_EKF,ADRC_NONLINEAR,geometric,SEVERE,random,PASSED,11.78,13.29,40.0,NO
CLASSICAL,IMM_ADAPTIVE_EKF,ADRC_NONLINEAR,geometric,SEVERE,spiral,PASSED,59.45,65.11,40.0,NO
CLASSICAL,IMM_ADAPTIVE_EKF,ADRC_NONLINEAR,geometric,RECOVERY,figure8,PASSED,21.22,30.84,40.0,NO
CLASSICAL,IMM_ADAPTIVE_EKF,ADRC_NONLINEAR,geometric,RECOVERY,sinusoidal,PASSED,43.89,111.67,0.0,NO
CLASSICAL,IMM_ADAPTIVE_EKF,ADRC_NONLINEAR,geometric,RECOVERY,circular,PASSED,308.69,315.41,40.0,NO
CLASSICAL,IMM_ADAPTIVE_EKF,ADRC_NONLINEAR,geometric,RECOVERY,straight,PASSED,14.06,21.79,40.0,NO
CLASSICAL,IMM_ADAPTIVE_EKF,ADRC_NONLINEAR,geometric,RECOVERY,random,PASSED,11.2,14.52,40.0,NO
CLASSICAL,IMM_ADAPTIVE_EKF,ADRC_NONLINEAR,geometric,RECOVERY,spiral,PASSED,59.64,66.6,40.0,NO
CLASSICAL,IMM_ADAPTIVE_EKF,ADRC_NONLINEAR,geometric,ADVERSARIAL,figure8,PASSED,25.23,31.66,40.0,NO
CLASSICAL,IMM_ADAPTIVE_EKF,ADRC_NONLINEAR,geometric,ADVERSARIAL,sinusoidal,PASSED,77.16,222.81,0.0,NO
CLASSICAL,IMM_ADAPTIVE_EKF,ADRC_NONLINEAR,geometric,ADVERSARIAL,circular,PASSED,289.73,310.11,0.0,NO
CLASSICAL,IMM_ADAPTIVE_EKF,ADRC_NONLINEAR,geometric,ADVERSARIAL,straight,PASSED,25.8,43.4,40.0,NO
CLASSICAL,IMM_ADAPTIVE_EKF,ADRC_NONLINEAR,geometric,ADVERSARIAL,random,PASSED,16.42,19.04,40.0,NO
CLASSICAL,IMM_ADAPTIVE_EKF,ADRC_NONLINEAR,geometric,ADVERSARIAL,spiral,PASSED,63.87,73.19,40.0,NO
CLASSICAL,IMM_ADAPTIVE_EKF,PID,weighted_cog,NOMINAL,figure8,PASSED,15.31,37.93,40.0,NO
CLASSICAL,IMM_ADAPTIVE_EKF,PID,weighted_cog,NOMINAL,sinusoidal,PASSED,36.08,119.81,0.0,NO
CLASSICAL,IMM_ADAPTIVE_EKF,PID,weighted_cog,NOMINAL,circular,PASSED,299.96,300.05,40.0,NO
CLASSICAL,IMM_ADAPTIVE_EKF,PID,weighted_cog,NOMINAL,straight,PASSED,2.64,6.59,40.0,NO
CLASSICAL,IMM_ADAPTIVE_EKF,PID,weighted_cog,NOMINAL,random,PASSED,0.01,0.02,40.0,NO
CLASSICAL,IMM_ADAPTIVE_EKF,PID,weighted_cog,NOMINAL,spiral,PASSED,50.52,51.27,40.0,NO
CLASSICAL,IMM_ADAPTIVE_EKF,PID,weighted_cog,DIFFICULT,figure8,PASSED,17.24,36.8,40.0,NO
CLASSICAL,IMM_ADAPTIVE_EKF,PID,weighted_cog,DIFFICULT,sinusoidal,PASSED,40.38,118.44,0.0,NO
CLASSICAL,IMM_ADAPTIVE_EKF,PID,weighted_cog,DIFFICULT,circular,PASSED,303.28,305.45,40.0,NO
CLASSICAL,IMM_ADAPTIVE_EKF,PID,weighted_cog,DIFFICULT,straight,PASSED,6.21,8.37,40.0,NO
CLASSICAL,IMM_ADAPTIVE_EKF,PID,weighted_cog,DIFFICULT,random,PASSED,4.28,4.75,40.0,NO
CLASSICAL,IMM_ADAPTIVE_EKF,PID,weighted_cog,DIFFICULT,spiral,PASSED,53.7,55.98,40.0,NO
CLASSICAL,IMM_ADAPTIVE_EKF,PID,weighted_cog,SEVERE,figure8,PASSED,21.22,32.86,40.0,NO
CLASSICAL,IMM_ADAPTIVE_EKF,PID,weighted_cog,SEVERE,sinusoidal,PASSED,32.03,115.8,0.0,NO
CLASSICAL,IMM_ADAPTIVE_EKF,PID,weighted_cog,SEVERE,circular,PASSED,308.66,314.16,40.0,NO
CLASSICAL,IMM_ADAPTIVE_EKF,PID,weighted_cog,SEVERE,straight,PASSED,12.69,18.05,40.0,NO
CLASSICAL,IMM_ADAPTIVE_EKF,PID,weighted_cog,SEVERE,random,PASSED,11.74,13.27,40.0,NO
CLASSICAL,IMM_ADAPTIVE_EKF,PID,weighted_cog,SEVERE,spiral,PASSED,59.53,65.19,40.0,NO
CLASSICAL,IMM_ADAPTIVE_EKF,PID,weighted_cog,RECOVERY,figure8,PASSED,21.29,30.79,40.0,NO
CLASSICAL,IMM_ADAPTIVE_EKF,PID,weighted_cog,RECOVERY,sinusoidal,PASSED,43.97,111.6,0.0,NO
CLASSICAL,IMM_ADAPTIVE_EKF,PID,weighted_cog,RECOVERY,circular,PASSED,308.63,315.17,40.0,NO
CLASSICAL,IMM_ADAPTIVE_EKF,PID,weighted_cog,RECOVERY,straight,PASSED,14.0,21.45,40.0,NO
CLASSICAL,IMM_ADAPTIVE_EKF,PID,weighted_cog,RECOVERY,random,PASSED,11.39,14.29,40.0,NO
CLASSICAL,IMM_ADAPTIVE_EKF,PID,weighted_cog,RECOVERY,spiral,PASSED,59.61,66.45,40.0,NO
CLASSICAL,IMM_ADAPTIVE_EKF,PID,weighted_cog,ADVERSARIAL,figure8,PASSED,24.94,31.71,40.0,NO
CLASSICAL,IMM_ADAPTIVE_EKF,PID,weighted_cog,ADVERSARIAL,sinusoidal,PASSED,77.23,223.02,0.0,NO
CLASSICAL,IMM_ADAPTIVE_EKF,PID,weighted_cog,ADVERSARIAL,circular,PASSED,289.87,310.18,0.0,NO
CLASSICAL,IMM_ADAPTIVE_EKF,PID,weighted_cog,ADVERSARIAL,straight,PASSED,25.59,43.24,40.0,NO
CLASSICAL,IMM_ADAPTIVE_EKF,PID,weighted_cog,ADVERSARIAL,random,PASSED,16.14,18.86,40.0,NO
CLASSICAL,IMM_ADAPTIVE_EKF,PID,weighted_cog,ADVERSARIAL,spiral,PASSED,63.83,73.76,40.0,NO
CLASSICAL,IMM_ADAPTIVE_EKF,PID,gaussian_fit,NOMINAL,figure8,PASSED,15.32,38.0,40.0,NO
CLASSICAL,IMM_ADAPTIVE_EKF,PID,gaussian_fit,NOMINAL,sinusoidal,PASSED,36.08,119.83,0.0,NO
CLASSICAL,IMM_ADAPTIVE_EKF,PID,gaussian_fit,NOMINAL,circular,PASSED,300.0,300.01,40.0,NO
CLASSICAL,IMM_ADAPTIVE_EKF,PID,gaussian_fit,NOMINAL,straight,PASSED,2.65,6.54,40.0,NO
CLASSICAL,IMM_ADAPTIVE_EKF,PID,gaussian_fit,NOMINAL,random,PASSED,0.03,0.06,40.0,NO
CLASSICAL,IMM_ADAPTIVE_EKF,PID,gaussian_fit,NOMINAL,spiral,PASSED,50.53,51.3,40.0,NO
CLASSICAL,IMM_ADAPTIVE_EKF,PID,gaussian_fit,DIFFICULT,figure8,PASSED,17.26,36.8,40.0,NO
CLASSICAL,IMM_ADAPTIVE_EKF,PID,gaussian_fit,DIFFICULT,sinusoidal,PASSED,40.38,118.46,0.0,NO
CLASSICAL,IMM_ADAPTIVE_EKF,PID,gaussian_fit,DIFFICULT,circular,PASSED,303.3,305.45,40.0,NO
CLASSICAL,IMM_ADAPTIVE_EKF,PID,gaussian_fit,DIFFICULT,straight,PASSED,6.23,8.36,40.0,NO
CLASSICAL,IMM_ADAPTIVE_EKF,PID,gaussian_fit,DIFFICULT,random,PASSED,4.29,4.78,40.0,NO
CLASSICAL,IMM_ADAPTIVE_EKF,PID,gaussian_fit,DIFFICULT,spiral,PASSED,53.74,55.96,40.0,NO
CLASSICAL,IMM_ADAPTIVE_EKF,PID,gaussian_fit,SEVERE,figure8,PASSED,21.2,32.67,40.0,NO
CLASSICAL,IMM_ADAPTIVE_EKF,PID,gaussian_fit,SEVERE,sinusoidal,PASSED,32.01,115.75,0.0,NO
CLASSICAL,IMM_ADAPTIVE_EKF,PID,gaussian_fit,SEVERE,circular,PASSED,308.51,314.07,40.0,NO
CLASSICAL,IMM_ADAPTIVE_EKF,PID,gaussian_fit,SEVERE,straight,PASSED,12.81,18.38,40.0,NO
CLASSICAL,IMM_ADAPTIVE_EKF,PID,gaussian_fit,SEVERE,random,PASSED,11.57,13.05,40.0,NO
CLASSICAL,IMM_ADAPTIVE_EKF,PID,gaussian_fit,SEVERE,spiral,PASSED,59.43,65.1,40.0,NO
CLASSICAL,IMM_ADAPTIVE_EKF,PID,gaussian_fit,RECOVERY,figure8,PASSED,21.35,30.74,40.0,NO
CLASSICAL,IMM_ADAPTIVE_EKF,PID,gaussian_fit,RECOVERY,sinusoidal,PASSED,44.01,111.55,0.0,NO
CLASSICAL,IMM_ADAPTIVE_EKF,PID,gaussian_fit,RECOVERY,circular,PASSED,308.71,315.36,40.0,NO
CLASSICAL,IMM_ADAPTIVE_EKF,PID,gaussian_fit,RECOVERY,straight,PASSED,13.98,21.36,40.0,NO
CLASSICAL,IMM_ADAPTIVE_EKF,PID,gaussian_fit,RECOVERY,random,PASSED,11.37,14.25,40.0,NO
CLASSICAL,IMM_ADAPTIVE_EKF,PID,gaussian_fit,RECOVERY,spiral,PASSED,59.61,66.46,40.0,NO
CLASSICAL,IMM_ADAPTIVE_EKF,PID,gaussian_fit,ADVERSARIAL,figure8,PASSED,24.99,31.48,40.0,NO
CLASSICAL,IMM_ADAPTIVE_EKF,PID,gaussian_fit,ADVERSARIAL,sinusoidal,PASSED,77.3,222.9,0.0,NO
CLASSICAL,IMM_ADAPTIVE_EKF,PID,gaussian_fit,ADVERSARIAL,circular,PASSED,289.86,310.19,0.0,NO
CLASSICAL,IMM_ADAPTIVE_EKF,PID,gaussian_fit,ADVERSARIAL,straight,PASSED,25.65,43.45,40.0,NO
CLASSICAL,IMM_ADAPTIVE_EKF,PID,gaussian_fit,ADVERSARIAL,random,PASSED,16.12,18.84,40.0,NO
CLASSICAL,IMM_ADAPTIVE_EKF,PID,gaussian_fit,ADVERSARIAL,spiral,PASSED,63.82,73.6,40.0,NO
CLASSICAL,IMM_ADAPTIVE_EKF,PID,geometric,NOMINAL,figure8,PASSED,15.11,37.35,40.0,NO
CLASSICAL,IMM_ADAPTIVE_EKF,PID,geometric,NOMINAL,sinusoidal,PASSED,36.0,119.46,0.0,NO
CLASSICAL,IMM_ADAPTIVE_EKF,PID,geometric,NOMINAL,circular,PASSED,299.88,300.06,40.0,NO
CLASSICAL,IMM_ADAPTIVE_EKF,PID,geometric,NOMINAL,straight,PASSED,2.62,6.67,40.0,NO
CLASSICAL,IMM_ADAPTIVE_EKF,PID,geometric,NOMINAL,random,PASSED,0.0,0.0,40.0,NO
CLASSICAL,IMM_ADAPTIVE_EKF,PID,geometric,NOMINAL,spiral,PASSED,50.5,51.34,40.0,NO
CLASSICAL,IMM_ADAPTIVE_EKF,PID,geometric,DIFFICULT,figure8,PASSED,17.16,36.83,40.0,NO
CLASSICAL,IMM_ADAPTIVE_EKF,PID,geometric,DIFFICULT,sinusoidal,PASSED,40.4,118.7,0.0,NO
CLASSICAL,IMM_ADAPTIVE_EKF,PID,geometric,DIFFICULT,circular,PASSED,303.31,305.66,40.0,NO
CLASSICAL,IMM_ADAPTIVE_EKF,PID,geometric,DIFFICULT,straight,PASSED,6.23,8.59,40.0,NO
CLASSICAL,IMM_ADAPTIVE_EKF,PID,geometric,DIFFICULT,random,PASSED,4.29,4.85,40.0,NO
CLASSICAL,IMM_ADAPTIVE_EKF,PID,geometric,DIFFICULT,spiral,PASSED,53.62,55.97,40.0,NO
CLASSICAL,IMM_ADAPTIVE_EKF,PID,geometric,SEVERE,figure8,PASSED,21.24,32.91,40.0,NO
CLASSICAL,IMM_ADAPTIVE_EKF,PID,geometric,SEVERE,sinusoidal,PASSED,31.95,115.81,0.0,NO
CLASSICAL,IMM_ADAPTIVE_EKF,PID,geometric,SEVERE,circular,PASSED,308.63,314.23,40.0,NO
CLASSICAL,IMM_ADAPTIVE_EKF,PID,geometric,SEVERE,straight,PASSED,12.63,17.95,40.0,NO
CLASSICAL,IMM_ADAPTIVE_EKF,PID,geometric,SEVERE,random,PASSED,11.78,13.29,40.0,NO
CLASSICAL,IMM_ADAPTIVE_EKF,PID,geometric,SEVERE,spiral,PASSED,59.45,65.11,40.0,NO
CLASSICAL,IMM_ADAPTIVE_EKF,PID,geometric,RECOVERY,figure8,PASSED,21.22,30.84,40.0,NO
CLASSICAL,IMM_ADAPTIVE_EKF,PID,geometric,RECOVERY,sinusoidal,PASSED,43.89,111.67,0.0,NO
CLASSICAL,IMM_ADAPTIVE_EKF,PID,geometric,RECOVERY,circular,PASSED,308.69,315.41,40.0,NO
CLASSICAL,IMM_ADAPTIVE_EKF,PID,geometric,RECOVERY,straight,PASSED,14.06,21.79,40.0,NO
CLASSICAL,IMM_ADAPTIVE_EKF,PID,geometric,RECOVERY,random,PASSED,11.2,14.52,40.0,NO
CLASSICAL,IMM_ADAPTIVE_EKF,PID,geometric,RECOVERY,spiral,PASSED,59.64,66.6,40.0,NO
CLASSICAL,IMM_ADAPTIVE_EKF,PID,geometric,ADVERSARIAL,figure8,PASSED,25.23,31.66,40.0,NO
CLASSICAL,IMM_ADAPTIVE_EKF,PID,geometric,ADVERSARIAL,sinusoidal,PASSED,77.16,222.81,0.0,NO
CLASSICAL,IMM_ADAPTIVE_EKF,PID,geometric,ADVERSARIAL,circular,PASSED,289.73,310.11,0.0,NO
CLASSICAL,IMM_ADAPTIVE_EKF,PID,geometric,ADVERSARIAL,straight,PASSED,25.8,43.4,40.0,NO
CLASSICAL,IMM_ADAPTIVE_EKF,PID,geometric,ADVERSARIAL,random,PASSED,16.42,19.04,40.0,NO
CLASSICAL,IMM_ADAPTIVE_EKF,PID,geometric,ADVERSARIAL,spiral,PASSED,63.87,73.19,40.0,NO
CLASSICAL,STANDARD_EKF,ADRC_NONLINEAR,weighted_cog,NOMINAL,figure8,PASSED,18.73,38.78,0.0,NO
CLASSICAL,STANDARD_EKF,ADRC_NONLINEAR,weighted_cog,NOMINAL,sinusoidal,PASSED,36.03,119.56,0.0,NO
CLASSICAL,STANDARD_EKF,ADRC_NONLINEAR,weighted_cog,NOMINAL,circular,PASSED,299.96,300.02,40.0,NO
CLASSICAL,STANDARD_EKF,ADRC_NONLINEAR,weighted_cog,NOMINAL,straight,PASSED,2.64,6.45,40.0,NO
CLASSICAL,STANDARD_EKF,ADRC_NONLINEAR,weighted_cog,NOMINAL,random,PASSED,0.01,0.02,40.0,NO
CLASSICAL,STANDARD_EKF,ADRC_NONLINEAR,weighted_cog,NOMINAL,spiral,PASSED,50.52,51.25,40.0,NO
CLASSICAL,STANDARD_EKF,ADRC_NONLINEAR,weighted_cog,DIFFICULT,figure8,PASSED,17.17,35.87,40.0,NO
CLASSICAL,STANDARD_EKF,ADRC_NONLINEAR,weighted_cog,DIFFICULT,sinusoidal,PASSED,38.64,118.42,0.0,NO
CLASSICAL,STANDARD_EKF,ADRC_NONLINEAR,weighted_cog,DIFFICULT,circular,PASSED,303.43,305.64,40.0,NO
CLASSICAL,STANDARD_EKF,ADRC_NONLINEAR,weighted_cog,DIFFICULT,straight,PASSED,6.32,8.85,40.0,NO
CLASSICAL,STANDARD_EKF,ADRC_NONLINEAR,weighted_cog,DIFFICULT,random,PASSED,4.26,4.75,40.0,NO
CLASSICAL,STANDARD_EKF,ADRC_NONLINEAR,weighted_cog,DIFFICULT,spiral,PASSED,53.85,56.24,40.0,NO
CLASSICAL,STANDARD_EKF,ADRC_NONLINEAR,weighted_cog,SEVERE,figure8,PASSED,21.18,32.68,40.0,NO
CLASSICAL,STANDARD_EKF,ADRC_NONLINEAR,weighted_cog,SEVERE,sinusoidal,PASSED,32.03,115.8,0.0,NO
CLASSICAL,STANDARD_EKF,ADRC_NONLINEAR,weighted_cog,SEVERE,circular,PASSED,312.02,317.2,40.0,NO
CLASSICAL,STANDARD_EKF,ADRC_NONLINEAR,weighted_cog,SEVERE,straight,PASSED,13.21,19.15,40.0,NO
CLASSICAL,STANDARD_EKF,ADRC_NONLINEAR,weighted_cog,SEVERE,random,PASSED,15.44,31.38,0.0,NO
CLASSICAL,STANDARD_EKF,ADRC_NONLINEAR,weighted_cog,SEVERE,spiral,PASSED,63.11,69.36,40.0,NO
CLASSICAL,STANDARD_EKF,ADRC_NONLINEAR,weighted_cog,RECOVERY,figure8,PASSED,21.61,31.76,40.0,NO
CLASSICAL,STANDARD_EKF,ADRC_NONLINEAR,weighted_cog,RECOVERY,sinusoidal,PASSED,42.65,112.67,0.0,NO
CLASSICAL,STANDARD_EKF,ADRC_NONLINEAR,weighted_cog,RECOVERY,circular,PASSED,312.73,318.05,20.0,NO
CLASSICAL,STANDARD_EKF,ADRC_NONLINEAR,weighted_cog,RECOVERY,straight,PASSED,17.06,37.42,0.0,NO
CLASSICAL,STANDARD_EKF,ADRC_NONLINEAR,weighted_cog,RECOVERY,random,PASSED,17.13,29.21,0.0,NO
CLASSICAL,STANDARD_EKF,ADRC_NONLINEAR,weighted_cog,RECOVERY,spiral,PASSED,61.64,77.03,0.0,NO
CLASSICAL,STANDARD_EKF,ADRC_NONLINEAR,weighted_cog,ADVERSARIAL,figure8,PASSED,26.43,38.65,20.0,NO
CLASSICAL,STANDARD_EKF,ADRC_NONLINEAR,weighted_cog,ADVERSARIAL,sinusoidal,PASSED,77.24,223.02,0.0,NO
CLASSICAL,STANDARD_EKF,ADRC_NONLINEAR,weighted_cog,ADVERSARIAL,circular,PASSED,289.84,310.18,0.0,NO
CLASSICAL,STANDARD_EKF,ADRC_NONLINEAR,weighted_cog,ADVERSARIAL,straight,PASSED,21.99,37.16,0.0,NO
CLASSICAL,STANDARD_EKF,ADRC_NONLINEAR,weighted_cog,ADVERSARIAL,random,PASSED,20.96,33.16,0.0,NO
CLASSICAL,STANDARD_EKF,ADRC_NONLINEAR,weighted_cog,ADVERSARIAL,spiral,PASSED,65.98,84.79,0.0,NO
CLASSICAL,STANDARD_EKF,ADRC_NONLINEAR,gaussian_fit,NOMINAL,figure8,PASSED,18.73,38.85,0.0,NO
CLASSICAL,STANDARD_EKF,ADRC_NONLINEAR,gaussian_fit,NOMINAL,sinusoidal,PASSED,36.03,119.59,0.0,NO
CLASSICAL,STANDARD_EKF,ADRC_NONLINEAR,gaussian_fit,NOMINAL,circular,PASSED,300.0,300.02,40.0,NO
CLASSICAL,STANDARD_EKF,ADRC_NONLINEAR,gaussian_fit,NOMINAL,straight,PASSED,2.65,6.41,40.0,NO
CLASSICAL,STANDARD_EKF,ADRC_NONLINEAR,gaussian_fit,NOMINAL,random,PASSED,0.03,0.06,40.0,NO
CLASSICAL,STANDARD_EKF,ADRC_NONLINEAR,gaussian_fit,NOMINAL,spiral,PASSED,50.53,51.28,40.0,NO
CLASSICAL,STANDARD_EKF,ADRC_NONLINEAR,gaussian_fit,DIFFICULT,figure8,PASSED,17.19,35.87,40.0,NO
CLASSICAL,STANDARD_EKF,ADRC_NONLINEAR,gaussian_fit,DIFFICULT,sinusoidal,PASSED,38.64,118.44,0.0,NO
CLASSICAL,STANDARD_EKF,ADRC_NONLINEAR,gaussian_fit,DIFFICULT,circular,PASSED,303.44,305.64,40.0,NO
CLASSICAL,STANDARD_EKF,ADRC_NONLINEAR,gaussian_fit,DIFFICULT,straight,PASSED,6.34,8.84,40.0,NO
CLASSICAL,STANDARD_EKF,ADRC_NONLINEAR,gaussian_fit,DIFFICULT,random,PASSED,4.27,4.78,40.0,NO
CLASSICAL,STANDARD_EKF,ADRC_NONLINEAR,gaussian_fit,DIFFICULT,spiral,PASSED,53.89,56.22,40.0,NO
CLASSICAL,STANDARD_EKF,ADRC_NONLINEAR,gaussian_fit,SEVERE,figure8,PASSED,21.23,32.78,40.0,NO
CLASSICAL,STANDARD_EKF,ADRC_NONLINEAR,gaussian_fit,SEVERE,sinusoidal,PASSED,32.01,115.75,0.0,NO
CLASSICAL,STANDARD_EKF,ADRC_NONLINEAR,gaussian_fit,SEVERE,circular,PASSED,311.9,317.13,40.0,NO
CLASSICAL,STANDARD_EKF,ADRC_NONLINEAR,gaussian_fit,SEVERE,straight,PASSED,13.33,19.5,40.0,NO
CLASSICAL,STANDARD_EKF,ADRC_NONLINEAR,gaussian_fit,SEVERE,random,PASSED,15.16,30.6,0.0,NO
CLASSICAL,STANDARD_EKF,ADRC_NONLINEAR,gaussian_fit,SEVERE,spiral,PASSED,63.04,69.28,40.0,NO
CLASSICAL,STANDARD_EKF,ADRC_NONLINEAR,gaussian_fit,RECOVERY,figure8,PASSED,21.71,31.94,40.0,NO
CLASSICAL,STANDARD_EKF,ADRC_NONLINEAR,gaussian_fit,RECOVERY,sinusoidal,PASSED,42.68,112.61,0.0,NO
CLASSICAL,STANDARD_EKF,ADRC_NONLINEAR,gaussian_fit,RECOVERY,circular,PASSED,312.86,318.33,20.0,NO
CLASSICAL,STANDARD_EKF,ADRC_NONLINEAR,gaussian_fit,RECOVERY,straight,PASSED,17.04,37.32,0.0,NO
CLASSICAL,STANDARD_EKF,ADRC_NONLINEAR,gaussian_fit,RECOVERY,random,PASSED,17.17,29.2,0.0,NO
CLASSICAL,STANDARD_EKF,ADRC_NONLINEAR,gaussian_fit,RECOVERY,spiral,PASSED,61.64,77.02,0.0,NO
CLASSICAL,STANDARD_EKF,ADRC_NONLINEAR,gaussian_fit,ADVERSARIAL,figure8,PASSED,26.55,38.81,20.0,NO
CLASSICAL,STANDARD_EKF,ADRC_NONLINEAR,gaussian_fit,ADVERSARIAL,sinusoidal,PASSED,77.3,222.9,0.0,NO
CLASSICAL,STANDARD_EKF,ADRC_NONLINEAR,gaussian_fit,ADVERSARIAL,circular,PASSED,289.83,310.19,0.0,NO
CLASSICAL,STANDARD_EKF,ADRC_NONLINEAR,gaussian_fit,ADVERSARIAL,straight,PASSED,22.02,37.08,0.0,NO
CLASSICAL,STANDARD_EKF,ADRC_NONLINEAR,gaussian_fit,ADVERSARIAL,random,PASSED,20.96,33.17,0.0,NO
CLASSICAL,STANDARD_EKF,ADRC_NONLINEAR,gaussian_fit,ADVERSARIAL,spiral,PASSED,65.94,84.54,0.0,NO
CLASSICAL,STANDARD_EKF,ADRC_NONLINEAR,geometric,NOMINAL,figure8,PASSED,18.5,38.19,0.0,NO
CLASSICAL,STANDARD_EKF,ADRC_NONLINEAR,geometric,NOMINAL,sinusoidal,PASSED,35.95,119.2,0.0,NO
CLASSICAL,STANDARD_EKF,ADRC_NONLINEAR,geometric,NOMINAL,circular,PASSED,299.86,300.0,40.0,NO
CLASSICAL,STANDARD_EKF,ADRC_NONLINEAR,geometric,NOMINAL,straight,PASSED,2.61,6.52,40.0,NO
CLASSICAL,STANDARD_EKF,ADRC_NONLINEAR,geometric,NOMINAL,random,PASSED,0.0,0.0,40.0,NO
CLASSICAL,STANDARD_EKF,ADRC_NONLINEAR,geometric,NOMINAL,spiral,PASSED,50.49,51.31,40.0,NO
CLASSICAL,STANDARD_EKF,ADRC_NONLINEAR,geometric,DIFFICULT,figure8,PASSED,17.09,35.88,40.0,NO
CLASSICAL,STANDARD_EKF,ADRC_NONLINEAR,geometric,DIFFICULT,sinusoidal,PASSED,38.66,118.67,0.0,NO
CLASSICAL,STANDARD_EKF,ADRC_NONLINEAR,geometric,DIFFICULT,circular,PASSED,303.46,305.88,40.0,NO
CLASSICAL,STANDARD_EKF,ADRC_NONLINEAR,geometric,DIFFICULT,straight,PASSED,6.36,9.1,40.0,NO
CLASSICAL,STANDARD_EKF,ADRC_NONLINEAR,geometric,DIFFICULT,random,PASSED,4.28,4.85,40.0,NO
CLASSICAL,STANDARD_EKF,ADRC_NONLINEAR,geometric,DIFFICULT,spiral,PASSED,53.78,56.24,40.0,NO
CLASSICAL,STANDARD_EKF,ADRC_NONLINEAR,geometric,SEVERE,figure8,PASSED,21.24,32.87,40.0,NO
CLASSICAL,STANDARD_EKF,ADRC_NONLINEAR,geometric,SEVERE,sinusoidal,PASSED,31.95,115.81,0.0,NO
CLASSICAL,STANDARD_EKF,ADRC_NONLINEAR,geometric,SEVERE,circular,PASSED,312.03,317.34,40.0,NO
CLASSICAL,STANDARD_EKF,ADRC_NONLINEAR,geometric,SEVERE,straight,PASSED,13.14,19.05,40.0,NO
CLASSICAL,STANDARD_EKF,ADRC_NONLINEAR,geometric,SEVERE,random,PASSED,15.48,31.4,0.0,NO
CLASSICAL,STANDARD_EKF,ADRC_NONLINEAR,geometric,SEVERE,spiral,PASSED,63.02,69.27,40.0,NO
CLASSICAL,STANDARD_EKF,ADRC_NONLINEAR,geometric,RECOVERY,figure8,PASSED,21.5,31.61,40.0,NO
CLASSICAL,STANDARD_EKF,ADRC_NONLINEAR,geometric,RECOVERY,sinusoidal,PASSED,42.57,112.76,0.0,NO
CLASSICAL,STANDARD_EKF,ADRC_NONLINEAR,geometric,RECOVERY,circular,PASSED,312.89,318.38,20.0,NO
CLASSICAL,STANDARD_EKF,ADRC_NONLINEAR,geometric,RECOVERY,straight,PASSED,17.12,37.78,0.0,NO
CLASSICAL,STANDARD_EKF,ADRC_NONLINEAR,geometric,RECOVERY,random,PASSED,17.28,29.59,0.0,NO
CLASSICAL,STANDARD_EKF,ADRC_NONLINEAR,geometric,RECOVERY,spiral,PASSED,61.7,77.34,0.0,NO
CLASSICAL,STANDARD_EKF,ADRC_NONLINEAR,geometric,ADVERSARIAL,figure8,PASSED,26.91,39.37,20.0,NO
CLASSICAL,STANDARD_EKF,ADRC_NONLINEAR,geometric,ADVERSARIAL,sinusoidal,PASSED,77.16,222.81,0.0,NO
CLASSICAL,STANDARD_EKF,ADRC_NONLINEAR,geometric,ADVERSARIAL,circular,PASSED,289.71,310.11,0.0,NO
CLASSICAL,STANDARD_EKF,ADRC_NONLINEAR,geometric,ADVERSARIAL,straight,PASSED,22.37,37.85,0.0,NO
CLASSICAL,STANDARD_EKF,ADRC_NONLINEAR,geometric,ADVERSARIAL,random,PASSED,21.29,33.84,0.0,NO
CLASSICAL,STANDARD_EKF,ADRC_NONLINEAR,geometric,ADVERSARIAL,spiral,PASSED,67.15,78.48,0.0,NO
CLASSICAL,STANDARD_EKF,PID,weighted_cog,NOMINAL,figure8,PASSED,18.73,38.78,0.0,NO
CLASSICAL,STANDARD_EKF,PID,weighted_cog,NOMINAL,sinusoidal,PASSED,36.03,119.56,0.0,NO
CLASSICAL,STANDARD_EKF,PID,weighted_cog,NOMINAL,circular,PASSED,299.96,300.02,40.0,NO
CLASSICAL,STANDARD_EKF,PID,weighted_cog,NOMINAL,straight,PASSED,2.64,6.45,40.0,NO
CLASSICAL,STANDARD_EKF,PID,weighted_cog,NOMINAL,random,PASSED,0.01,0.02,40.0,NO
CLASSICAL,STANDARD_EKF,PID,weighted_cog,NOMINAL,spiral,PASSED,50.52,51.25,40.0,NO
CLASSICAL,STANDARD_EKF,PID,weighted_cog,DIFFICULT,figure8,PASSED,17.17,35.87,40.0,NO
CLASSICAL,STANDARD_EKF,PID,weighted_cog,DIFFICULT,sinusoidal,PASSED,38.64,118.42,0.0,NO
CLASSICAL,STANDARD_EKF,PID,weighted_cog,DIFFICULT,circular,PASSED,303.43,305.64,40.0,NO
CLASSICAL,STANDARD_EKF,PID,weighted_cog,DIFFICULT,straight,PASSED,6.32,8.85,40.0,NO
CLASSICAL,STANDARD_EKF,PID,weighted_cog,DIFFICULT,random,PASSED,4.26,4.75,40.0,NO
CLASSICAL,STANDARD_EKF,PID,weighted_cog,DIFFICULT,spiral,PASSED,53.85,56.24,40.0,NO
CLASSICAL,STANDARD_EKF,PID,weighted_cog,SEVERE,figure8,PASSED,21.18,32.68,40.0,NO
CLASSICAL,STANDARD_EKF,PID,weighted_cog,SEVERE,sinusoidal,PASSED,32.03,115.8,0.0,NO
CLASSICAL,STANDARD_EKF,PID,weighted_cog,SEVERE,circular,PASSED,312.02,317.2,40.0,NO
CLASSICAL,STANDARD_EKF,PID,weighted_cog,SEVERE,straight,PASSED,13.21,19.15,40.0,NO
CLASSICAL,STANDARD_EKF,PID,weighted_cog,SEVERE,random,PASSED,15.44,31.38,0.0,NO
CLASSICAL,STANDARD_EKF,PID,weighted_cog,SEVERE,spiral,PASSED,63.11,69.36,40.0,NO
CLASSICAL,STANDARD_EKF,PID,weighted_cog,RECOVERY,figure8,PASSED,21.61,31.76,40.0,NO
CLASSICAL,STANDARD_EKF,PID,weighted_cog,RECOVERY,sinusoidal,PASSED,42.65,112.67,0.0,NO
CLASSICAL,STANDARD_EKF,PID,weighted_cog,RECOVERY,circular,PASSED,312.73,318.05,20.0,NO
CLASSICAL,STANDARD_EKF,PID,weighted_cog,RECOVERY,straight,PASSED,17.06,37.42,0.0,NO
CLASSICAL,STANDARD_EKF,PID,weighted_cog,RECOVERY,random,PASSED,17.13,29.21,0.0,NO
CLASSICAL,STANDARD_EKF,PID,weighted_cog,RECOVERY,spiral,PASSED,61.64,77.03,0.0,NO
CLASSICAL,STANDARD_EKF,PID,weighted_cog,ADVERSARIAL,figure8,PASSED,26.43,38.65,20.0,NO
CLASSICAL,STANDARD_EKF,PID,weighted_cog,ADVERSARIAL,sinusoidal,PASSED,77.24,223.02,0.0,NO
CLASSICAL,STANDARD_EKF,PID,weighted_cog,ADVERSARIAL,circular,PASSED,289.84,310.18,0.0,NO
CLASSICAL,STANDARD_EKF,PID,weighted_cog,ADVERSARIAL,straight,PASSED,21.99,37.16,0.0,NO
CLASSICAL,STANDARD_EKF,PID,weighted_cog,ADVERSARIAL,random,PASSED,20.96,33.16,0.0,NO
CLASSICAL,STANDARD_EKF,PID,weighted_cog,ADVERSARIAL,spiral,PASSED,65.98,84.79,0.0,NO
CLASSICAL,STANDARD_EKF,PID,gaussian_fit,NOMINAL,figure8,PASSED,18.73,38.85,0.0,NO
CLASSICAL,STANDARD_EKF,PID,gaussian_fit,NOMINAL,sinusoidal,PASSED,36.03,119.59,0.0,NO
CLASSICAL,STANDARD_EKF,PID,gaussian_fit,NOMINAL,circular,PASSED,300.0,300.02,40.0,NO
CLASSICAL,STANDARD_EKF,PID,gaussian_fit,NOMINAL,straight,PASSED,2.65,6.41,40.0,NO
CLASSICAL,STANDARD_EKF,PID,gaussian_fit,NOMINAL,random,PASSED,0.03,0.06,40.0,NO
CLASSICAL,STANDARD_EKF,PID,gaussian_fit,NOMINAL,spiral,PASSED,50.53,51.28,40.0,NO
CLASSICAL,STANDARD_EKF,PID,gaussian_fit,DIFFICULT,figure8,PASSED,17.19,35.87,40.0,NO
CLASSICAL,STANDARD_EKF,PID,gaussian_fit,DIFFICULT,sinusoidal,PASSED,38.64,118.44,0.0,NO
CLASSICAL,STANDARD_EKF,PID,gaussian_fit,DIFFICULT,circular,PASSED,303.44,305.64,40.0,NO
CLASSICAL,STANDARD_EKF,PID,gaussian_fit,DIFFICULT,straight,PASSED,6.34,8.84,40.0,NO
CLASSICAL,STANDARD_EKF,PID,gaussian_fit,DIFFICULT,random,PASSED,4.27,4.78,40.0,NO
CLASSICAL,STANDARD_EKF,PID,gaussian_fit,DIFFICULT,spiral,PASSED,53.89,56.22,40.0,NO
CLASSICAL,STANDARD_EKF,PID,gaussian_fit,SEVERE,figure8,PASSED,21.23,32.78,40.0,NO
CLASSICAL,STANDARD_EKF,PID,gaussian_fit,SEVERE,sinusoidal,PASSED,32.01,115.75,0.0,NO
CLASSICAL,STANDARD_EKF,PID,gaussian_fit,SEVERE,circular,PASSED,311.9,317.13,40.0,NO
CLASSICAL,STANDARD_EKF,PID,gaussian_fit,SEVERE,straight,PASSED,13.33,19.5,40.0,NO
CLASSICAL,STANDARD_EKF,PID,gaussian_fit,SEVERE,random,PASSED,15.16,30.6,0.0,NO
CLASSICAL,STANDARD_EKF,PID,gaussian_fit,SEVERE,spiral,PASSED,63.04,69.28,40.0,NO
CLASSICAL,STANDARD_EKF,PID,gaussian_fit,RECOVERY,figure8,PASSED,21.71,31.94,40.0,NO
CLASSICAL,STANDARD_EKF,PID,gaussian_fit,RECOVERY,sinusoidal,PASSED,42.68,112.61,0.0,NO
CLASSICAL,STANDARD_EKF,PID,gaussian_fit,RECOVERY,circular,PASSED,312.86,318.33,20.0,NO
CLASSICAL,STANDARD_EKF,PID,gaussian_fit,RECOVERY,straight,PASSED,17.04,37.32,0.0,NO
CLASSICAL,STANDARD_EKF,PID,gaussian_fit,RECOVERY,random,PASSED,17.17,29.2,0.0,NO
CLASSICAL,STANDARD_EKF,PID,gaussian_fit,RECOVERY,spiral,PASSED,61.64,77.02,0.0,NO
CLASSICAL,STANDARD_EKF,PID,gaussian_fit,ADVERSARIAL,figure8,PASSED,26.55,38.81,20.0,NO
CLASSICAL,STANDARD_EKF,PID,gaussian_fit,ADVERSARIAL,sinusoidal,PASSED,77.3,222.9,0.0,NO
CLASSICAL,STANDARD_EKF,PID,gaussian_fit,ADVERSARIAL,circular,PASSED,289.83,310.19,0.0,NO
CLASSICAL,STANDARD_EKF,PID,gaussian_fit,ADVERSARIAL,straight,PASSED,22.02,37.08,0.0,NO
CLASSICAL,STANDARD_EKF,PID,gaussian_fit,ADVERSARIAL,random,PASSED,20.96,33.17,0.0,NO
CLASSICAL,STANDARD_EKF,PID,gaussian_fit,ADVERSARIAL,spiral,PASSED,65.94,84.54,0.0,NO
CLASSICAL,STANDARD_EKF,PID,geometric,NOMINAL,figure8,PASSED,18.5,38.19,0.0,NO
CLASSICAL,STANDARD_EKF,PID,geometric,NOMINAL,sinusoidal,PASSED,35.95,119.2,0.0,NO
CLASSICAL,STANDARD_EKF,PID,geometric,NOMINAL,circular,PASSED,299.86,300.0,40.0,NO
CLASSICAL,STANDARD_EKF,PID,geometric,NOMINAL,straight,PASSED,2.61,6.52,40.0,NO
CLASSICAL,STANDARD_EKF,PID,geometric,NOMINAL,random,PASSED,0.0,0.0,40.0,NO
CLASSICAL,STANDARD_EKF,PID,geometric,NOMINAL,spiral,PASSED,50.49,51.31,40.0,NO
CLASSICAL,STANDARD_EKF,PID,geometric,DIFFICULT,figure8,PASSED,17.09,35.88,40.0,NO
CLASSICAL,STANDARD_EKF,PID,geometric,DIFFICULT,sinusoidal,PASSED,38.66,118.67,0.0,NO
CLASSICAL,STANDARD_EKF,PID,geometric,DIFFICULT,circular,PASSED,303.46,305.88,40.0,NO
CLASSICAL,STANDARD_EKF,PID,geometric,DIFFICULT,straight,PASSED,6.36,9.1,40.0,NO
CLASSICAL,STANDARD_EKF,PID,geometric,DIFFICULT,random,PASSED,4.28,4.85,40.0,NO
CLASSICAL,STANDARD_EKF,PID,geometric,DIFFICULT,spiral,PASSED,53.78,56.24,40.0,NO
CLASSICAL,STANDARD_EKF,PID,geometric,SEVERE,figure8,PASSED,21.24,32.87,40.0,NO
CLASSICAL,STANDARD_EKF,PID,geometric,SEVERE,sinusoidal,PASSED,31.95,115.81,0.0,NO
CLASSICAL,STANDARD_EKF,PID,geometric,SEVERE,circular,PASSED,312.03,317.34,40.0,NO
CLASSICAL,STANDARD_EKF,PID,geometric,SEVERE,straight,PASSED,13.14,19.05,40.0,NO
CLASSICAL,STANDARD_EKF,PID,geometric,SEVERE,random,PASSED,15.48,31.4,0.0,NO
CLASSICAL,STANDARD_EKF,PID,geometric,SEVERE,spiral,PASSED,63.02,69.27,40.0,NO
CLASSICAL,STANDARD_EKF,PID,geometric,RECOVERY,figure8,PASSED,21.5,31.61,40.0,NO
CLASSICAL,STANDARD_EKF,PID,geometric,RECOVERY,sinusoidal,PASSED,42.57,112.76,0.0,NO
CLASSICAL,STANDARD_EKF,PID,geometric,RECOVERY,circular,PASSED,312.89,318.38,20.0,NO
CLASSICAL,STANDARD_EKF,PID,geometric,RECOVERY,straight,PASSED,17.12,37.78,0.0,NO
CLASSICAL,STANDARD_EKF,PID,geometric,RECOVERY,random,PASSED,17.28,29.59,0.0,NO
CLASSICAL,STANDARD_EKF,PID,geometric,RECOVERY,spiral,PASSED,61.7,77.34,0.0,NO
CLASSICAL,STANDARD_EKF,PID,geometric,ADVERSARIAL,figure8,PASSED,26.91,39.37,20.0,NO
CLASSICAL,STANDARD_EKF,PID,geometric,ADVERSARIAL,sinusoidal,PASSED,77.16,222.81,0.0,NO
CLASSICAL,STANDARD_EKF,PID,geometric,ADVERSARIAL,circular,PASSED,289.71,310.11,0.0,NO
CLASSICAL,STANDARD_EKF,PID,geometric,ADVERSARIAL,straight,PASSED,22.37,37.85,0.0,NO
CLASSICAL,STANDARD_EKF,PID,geometric,ADVERSARIAL,random,PASSED,21.29,33.84,0.0,NO
CLASSICAL,STANDARD_EKF,PID,geometric,ADVERSARIAL,spiral,PASSED,67.15,78.48,0.0,NO
